image_id,image_path,group_id,category,category_id,split,source
DS1_IMG_000001,train/Bracelet/IMG_0424-1-_ee300501_JPG.rf.08f7d4da4a9f7c669a971bfb3256f7e3.jpg,IMG_0424-1-_ee300501,Bracelet,0,train,dataset1
DS1_IMG_000002,train/Bracelet/IMG_0424-1-_ee300501_JPG.rf.38da83cd76ca06aabfae82d7305bd62f.jpg,IMG_0424-1-_ee300501,Bracelet,0,train,dataset1
DS1_IMG_000003,train/Bracelet/IMG_0424-1-_ee300501_JPG.rf.b3b5ef8156c1bcbdf0f952662f401ddf.jpg,IMG_0424-1-_ee300501,Bracelet,0,train,dataset1
DS1_IMG_000004,train/Bracelet/IMG_0425-1-_0d7c9614_JPG.rf.6a407050233dde4005cd6ca9a9fa1a79.jpg,IMG_0425-1-_0d7c9614,Bracelet,0,train,dataset1
DS1_IMG_000005,train/Bracelet/IMG_0425-1-_0d7c9614_JPG.rf.aa35bfabb80e1c5e21f3b39a0ead6b8b.jpg,IMG_0425-1-_0d7c9614,Bracelet,0,train,dataset1
DS1_IMG_000006,train/Bracelet/IMG_0425-1-_0d7c9614_JPG.rf.c42d5d7d59a537db056379d5ee4475cb.jpg,IMG_0425-1-_0d7c9614,Bracelet,0,train,dataset1
DS1_IMG_000007,train/Bracelet/IMG_0425-1-_ffe4ecb4_jpg.rf.987ca7b20eae679ecb793051cc526901.jpg,IMG_0425-1-_ffe4ecb4,Bracelet,0,train,dataset1
DS1_IMG_000008,train/Bracelet/IMG_0425-1-_ffe4ecb4_jpg.rf.acb35e2641593efcc4dcfc865a6aee31.jpg,IMG_0425-1-_ffe4ecb4,Bracelet,0,train,dataset1
DS1_IMG_000009,train/Bracelet/IMG_0425-1-_ffe4ecb4_jpg.rf.add52a4ac72acd18e32af3291f5eaf01.jpg,IMG_0425-1-_ffe4ecb4,Bracelet,0,train,dataset1
DS1_IMG_000010,train/Bracelet/IMG_0428_18d789de_jpg.rf.2a608aecffea3d5b3b18ebf13d8a180d.jpg,IMG_0428_18d789de,Bracelet,0,train,dataset1
DS1_IMG_000011,train/Bracelet/IMG_0428_18d789de_jpg.rf.369513e7af3cd83464131c3bf67e8e31.jpg,IMG_0428_18d789de,Bracelet,0,train,dataset1
DS1_IMG_000012,train/Bracelet/IMG_0428_18d789de_jpg.rf.b50e2be19c7436ab779c41b96c46fe8c.jpg,IMG_0428_18d789de,Bracelet,0,train,dataset1
DS1_IMG_000013,train/Bracelet/IMG_0429_94ddbe5a_jpg.rf.272ad34b9d70a18faa4b383dbe7d5d1c.jpg,IMG_0429_94ddbe5a,Bracelet,0,train,dataset1
DS1_IMG_000014,train/Bracelet/IMG_0429_94ddbe5a_jpg.rf.a9f73cf414c4ace93f0788387163f8c0.jpg,IMG_0429_94ddbe5a,Bracelet,0,train,dataset1
DS1_IMG_000015,train/Bracelet/IMG_0429_94ddbe5a_jpg.rf.e866ff81c544e2a1651ae4cd612a6aab.jpg,IMG_0429_94ddbe5a,Bracelet,0,train,dataset1
DS1_IMG_000016,train/Bracelet/IMG_0430-1-_046d20ce_jpg.rf.5976306cfa14afd75c0d202f0f2a3792.jpg,IMG_0430-1-_046d20ce,Bracelet,0,train,dataset1
DS1_IMG_000017,train/Bracelet/IMG_0430-1-_046d20ce_jpg.rf.65196e132838a82691a30142f5b9d457.jpg,IMG_0430-1-_046d20ce,Bracelet,0,train,dataset1
DS1_IMG_000018,train/Bracelet/IMG_0430-1-_046d20ce_jpg.rf.c1d8c1ab08a6b7a6dad6ec54cb44b831.jpg,IMG_0430-1-_046d20ce,Bracelet,0,train,dataset1
DS1_IMG_000019,train/Bracelet/IMG_0430-1-_e8eb3b89_JPG.rf.40d5f7a178e2ded6bb7573d80a5ed78b.jpg,IMG_0430-1-_e8eb3b89,Bracelet,0,train,dataset1
DS1_IMG_000020,train/Bracelet/IMG_0430-1-_e8eb3b89_JPG.rf.62b80097d93c6ac7ad7e225a9fe7f598.jpg,IMG_0430-1-_e8eb3b89,Bracelet,0,train,dataset1
DS1_IMG_000021,train/Bracelet/IMG_0430-1-_e8eb3b89_JPG.rf.b97c9cf9690748e15eb4e59fd0777e25.jpg,IMG_0430-1-_e8eb3b89,Bracelet,0,train,dataset1
DS1_IMG_000022,train/Bracelet/IMG_0431_69caa589_jpg.rf.72edeb77a51ed38e6044ab62a9f15302.jpg,IMG_0431_69caa589,Bracelet,0,train,dataset1
DS1_IMG_000023,train/Bracelet/IMG_0431_69caa589_jpg.rf.938bef2bdcf2e1e7427ab89d85c545e4.jpg,IMG_0431_69caa589,Bracelet,0,train,dataset1
DS1_IMG_000024,train/Bracelet/IMG_0431_69caa589_jpg.rf.d7b281c2c210291e77f60828464b4af0.jpg,IMG_0431_69caa589,Bracelet,0,train,dataset1
DS1_IMG_000025,train/Bracelet/IMG_0432_ebfd19c6_jpg.rf.4d8f8a618918447698e9acd299776ca4.jpg,IMG_0432_ebfd19c6,Bracelet,0,train,dataset1
DS1_IMG_000026,train/Bracelet/IMG_0432_ebfd19c6_jpg.rf.ca2e305a80ee9751604a430155671d41.jpg,IMG_0432_ebfd19c6,Bracelet,0,train,dataset1
DS1_IMG_000027,train/Bracelet/IMG_0432_ebfd19c6_jpg.rf.d017770203c5928bf7229eee8617b14a.jpg,IMG_0432_ebfd19c6,Bracelet,0,train,dataset1
DS1_IMG_000028,train/Bracelet/IMG_0433-1-_c47b78a0_JPG.rf.35346e90ac35a8f0fd788cb1bbccaaa4.jpg,IMG_0433-1-_c47b78a0,Bracelet,0,train,dataset1
DS1_IMG_000029,train/Bracelet/IMG_0433-1-_c47b78a0_JPG.rf.97d06401375bfe1dce7d9c88283ef63b.jpg,IMG_0433-1-_c47b78a0,Bracelet,0,train,dataset1
DS1_IMG_000030,train/Bracelet/IMG_0433-1-_c47b78a0_JPG.rf.b880ab991503453a7746ca1690bcd14d.jpg,IMG_0433-1-_c47b78a0,Bracelet,0,train,dataset1
DS1_IMG_000031,train/Bracelet/IMG_0434-1-_043355e7_JPG.rf.434a6432d76f1ab5bd0c1c129a068a37.jpg,IMG_0434-1-_043355e7,Bracelet,0,train,dataset1
DS1_IMG_000032,train/Bracelet/IMG_0434-1-_043355e7_JPG.rf.a6737aa79fd509833e9d44dc45bfc63f.jpg,IMG_0434-1-_043355e7,Bracelet,0,train,dataset1
DS1_IMG_000033,train/Bracelet/IMG_0434-1-_043355e7_JPG.rf.ac8545e1f97784aea888697d77817c5e.jpg,IMG_0434-1-_043355e7,Bracelet,0,train,dataset1
DS1_IMG_000034,train/Bracelet/IMG_0434_5a344889_jpg.rf.55f37cf9a620c58dbd4a95834db9c021.jpg,IMG_0434_5a344889,Bracelet,0,train,dataset1
DS1_IMG_000035,train/Bracelet/IMG_0434_5a344889_jpg.rf.ad7238a4d0004fda2c3a9b3314b05465.jpg,IMG_0434_5a344889,Bracelet,0,train,dataset1
DS1_IMG_000036,train/Bracelet/IMG_0434_5a344889_jpg.rf.e9780866cd3dd08effb5aed32746c7cf.jpg,IMG_0434_5a344889,Bracelet,0,train,dataset1
DS1_IMG_000037,train/Bracelet/IMG_0436-1-_9a934624_JPG.rf.04a6cab3a0549842a3c6e9b029e20f28.jpg,IMG_0436-1-_9a934624,Bracelet,0,train,dataset1
DS1_IMG_000038,train/Bracelet/IMG_0436-1-_9a934624_JPG.rf.4dde31b6fb32f530bcf66cc1163a5c92.jpg,IMG_0436-1-_9a934624,Bracelet,0,train,dataset1
DS1_IMG_000039,train/Bracelet/IMG_0436-1-_9a934624_JPG.rf.9db9c5a7e6d4e4f6806266d5abfeb067.jpg,IMG_0436-1-_9a934624,Bracelet,0,train,dataset1
DS1_IMG_000040,train/Bracelet/IMG_0436_b4f3da31_jpg.rf.2a3ed6c22c0479b1e58101c2c77cd239.jpg,IMG_0436_b4f3da31,Bracelet,0,train,dataset1
DS1_IMG_000041,train/Bracelet/IMG_0436_b4f3da31_jpg.rf.57430613a782c0a7c5011fb3e51bcf60.jpg,IMG_0436_b4f3da31,Bracelet,0,train,dataset1
DS1_IMG_000042,train/Bracelet/IMG_0436_b4f3da31_jpg.rf.9716c0b08bd408c1db36481ced9e97ea.jpg,IMG_0436_b4f3da31,Bracelet,0,train,dataset1
DS1_IMG_000043,train/Bracelet/IMG_0437_87aa8202_jpg.rf.43da7d2fa990297b28f84817cd0f13e7.jpg,IMG_0437_87aa8202,Bracelet,0,train,dataset1
DS1_IMG_000044,train/Bracelet/IMG_0437_87aa8202_jpg.rf.c191a4e3479b6e7722d1591169291f4d.jpg,IMG_0437_87aa8202,Bracelet,0,train,dataset1
DS1_IMG_000045,train/Bracelet/IMG_0437_87aa8202_jpg.rf.c7e97deb83f8aa4662e39bd6f411772a.jpg,IMG_0437_87aa8202,Bracelet,0,train,dataset1
DS1_IMG_000046,train/Bracelet/IMG_0438_35a93e41_jpg.rf.05915be8d08f65a945e9e53e918f51ef.jpg,IMG_0438_35a93e41,Bracelet,0,train,dataset1
DS1_IMG_000047,train/Bracelet/IMG_0438_35a93e41_jpg.rf.5cc22a46b39e2e1fec472bcd688853ea.jpg,IMG_0438_35a93e41,Bracelet,0,train,dataset1
DS1_IMG_000048,train/Bracelet/IMG_0438_35a93e41_jpg.rf.85ec3779efd4cd2a844c54b12f6de173.jpg,IMG_0438_35a93e41,Bracelet,0,train,dataset1
DS1_IMG_000049,train/Bracelet/IMG_0822_795188d3_JPG.rf.294bc8abfa94c9b7674beb519d35683a.jpg,IMG_0822_795188d3,Bracelet,0,train,dataset1
DS1_IMG_000050,train/Bracelet/IMG_0822_795188d3_JPG.rf.b05b3a4fe7b9aba6dc67594da42d33ad.jpg,IMG_0822_795188d3,Bracelet,0,train,dataset1
DS1_IMG_000051,train/Bracelet/IMG_0822_795188d3_JPG.rf.ce02dd83d27a2c86f528e199b77f604d.jpg,IMG_0822_795188d3,Bracelet,0,train,dataset1
DS1_IMG_000052,train/Bracelet/IMG_0824_f62552ed_JPG.rf.1f3570ff03887636b2d60d5fad8d724d.jpg,IMG_0824_f62552ed,Bracelet,0,train,dataset1
DS1_IMG_000053,train/Bracelet/IMG_0824_f62552ed_JPG.rf.7509bdfb7d7af4bd6e25524fc7a5d13a.jpg,IMG_0824_f62552ed,Bracelet,0,train,dataset1
DS1_IMG_000054,train/Bracelet/IMG_0824_f62552ed_JPG.rf.916d5458926763ff81e5f3538f640c7b.jpg,IMG_0824_f62552ed,Bracelet,0,train,dataset1
DS1_IMG_000055,train/Bracelet/IMG_0825_1c89fb88_JPG.rf.49e4e02a3a63ab1e9cd29b06407df922.jpg,IMG_0825_1c89fb88,Bracelet,0,train,dataset1
DS1_IMG_000056,train/Bracelet/IMG_0825_1c89fb88_JPG.rf.823dc597fa792004c45f44420f3c8a55.jpg,IMG_0825_1c89fb88,Bracelet,0,train,dataset1
DS1_IMG_000057,train/Bracelet/IMG_0825_1c89fb88_JPG.rf.ad001097f7cf9b45a8e8e80d65b35f4d.jpg,IMG_0825_1c89fb88,Bracelet,0,train,dataset1
DS1_IMG_000058,train/Bracelet/IMG_0828_1a7ccf98_JPG.rf.25a5064f7dfd383d32391976453d3841.jpg,IMG_0828_1a7ccf98,Bracelet,0,train,dataset1
DS1_IMG_000059,train/Bracelet/IMG_0828_1a7ccf98_JPG.rf.559b17b1da647181bd308549b3727a06.jpg,IMG_0828_1a7ccf98,Bracelet,0,train,dataset1
DS1_IMG_000060,train/Bracelet/IMG_0828_1a7ccf98_JPG.rf.959d6c528d241ee8c3c77ccef1ae5247.jpg,IMG_0828_1a7ccf98,Bracelet,0,train,dataset1
DS1_IMG_000061,train/Bracelet/IMG_0829_d0d05a1e_JPG.rf.1cae8cd1c102fb27b618731f09747ca9.jpg,IMG_0829_d0d05a1e,Bracelet,0,train,dataset1
DS1_IMG_000062,train/Bracelet/IMG_0829_d0d05a1e_JPG.rf.5b881fc5044258395add505420b37cb1.jpg,IMG_0829_d0d05a1e,Bracelet,0,train,dataset1
DS1_IMG_000063,train/Bracelet/IMG_0829_d0d05a1e_JPG.rf.6ace553163427c7df29445ea436a0ab3.jpg,IMG_0829_d0d05a1e,Bracelet,0,train,dataset1
DS1_IMG_000064,train/Bracelet/IMG_0830_8ad47e30_JPG.rf.4c80dce4459f54fa66a00a8ab76b1e75.jpg,IMG_0830_8ad47e30,Bracelet,0,train,dataset1
DS1_IMG_000065,train/Bracelet/IMG_0830_8ad47e30_JPG.rf.992b6610b68f9a6abc598089e4f712ab.jpg,IMG_0830_8ad47e30,Bracelet,0,train,dataset1
DS1_IMG_000066,train/Bracelet/IMG_0830_8ad47e30_JPG.rf.d35ad23a7ed511eee10321d48a5137a6.jpg,IMG_0830_8ad47e30,Bracelet,0,train,dataset1
DS1_IMG_000067,train/Bracelet/IMG_0832_373648dc_JPG.rf.024be4c49b3125db220e113171e9b37e.jpg,IMG_0832_373648dc,Bracelet,0,train,dataset1
DS1_IMG_000068,train/Bracelet/IMG_0832_373648dc_JPG.rf.44a492c43a45538ec7f7ecad9ff2b6b6.jpg,IMG_0832_373648dc,Bracelet,0,train,dataset1
DS1_IMG_000069,train/Bracelet/IMG_0832_373648dc_JPG.rf.59c482309cc82af5b3ef8a4108e34232.jpg,IMG_0832_373648dc,Bracelet,0,train,dataset1
DS1_IMG_000070,train/Bracelet/IMG_0835_6fd40262_JPG.rf.2f163f4de2b186f366c96ccfbad19e54.jpg,IMG_0835_6fd40262,Bracelet,0,train,dataset1
DS1_IMG_000071,train/Bracelet/IMG_0835_6fd40262_JPG.rf.7f317179896f63eafe2e66fcd814a3f6.jpg,IMG_0835_6fd40262,Bracelet,0,train,dataset1
DS1_IMG_000072,train/Bracelet/IMG_0835_6fd40262_JPG.rf.fe277e8cd9e309933148fb2aa3788a57.jpg,IMG_0835_6fd40262,Bracelet,0,train,dataset1
DS1_IMG_000073,train/Bracelet/IMG_0836_ab653e05_JPG.rf.c26e2dd79a681abc2df3689c7be66b0e.jpg,IMG_0836_ab653e05,Bracelet,0,train,dataset1
DS1_IMG_000074,train/Bracelet/IMG_0836_ab653e05_JPG.rf.ded839bf649224371b988262f4012b48.jpg,IMG_0836_ab653e05,Bracelet,0,train,dataset1
DS1_IMG_000075,train/Bracelet/IMG_1303_6c9f80f2_JPG.rf.301e25147f0164d7acc7de33072daa5c.jpg,IMG_1303_6c9f80f2,Bracelet,0,train,dataset1
DS1_IMG_000076,train/Bracelet/IMG_1303_6c9f80f2_JPG.rf.6d387bcada416007468caa8ba05e1723.jpg,IMG_1303_6c9f80f2,Bracelet,0,train,dataset1
DS1_IMG_000077,train/Bracelet/IMG_1303_6c9f80f2_JPG.rf.c0b0bdb9b2a4eb3feede4c5ce2aaf140.jpg,IMG_1303_6c9f80f2,Bracelet,0,train,dataset1
DS1_IMG_000078,train/Bracelet/IMG_1304_0ee02e82_JPG.rf.5a839419a73d8e96a33836d2cd858de5.jpg,IMG_1304_0ee02e82,Bracelet,0,train,dataset1
DS1_IMG_000079,train/Bracelet/IMG_1304_0ee02e82_JPG.rf.5c4517cdee33f34889523d5cfdad0ba3.jpg,IMG_1304_0ee02e82,Bracelet,0,train,dataset1
DS1_IMG_000080,train/Bracelet/IMG_1304_0ee02e82_JPG.rf.cc6c9883e04845b0128fb3e76d3c9d20.jpg,IMG_1304_0ee02e82,Bracelet,0,train,dataset1
DS1_IMG_000081,train/Bracelet/IMG_1361_afe9f25a_JPG.rf.301a5b47dee7b0a38ae990019fe4b24a.jpg,IMG_1361_afe9f25a,Bracelet,0,train,dataset1
DS1_IMG_000082,train/Bracelet/IMG_1361_afe9f25a_JPG.rf.64d2a84597925cd338d4769ec8ac1ad6.jpg,IMG_1361_afe9f25a,Bracelet,0,train,dataset1
DS1_IMG_000083,train/Bracelet/IMG_1361_afe9f25a_JPG.rf.a1c17dda4c828bce32e7722a99e50d2b.jpg,IMG_1361_afe9f25a,Bracelet,0,train,dataset1
DS1_IMG_000084,train/Bracelet/IMG_1363_044ae8fa_JPG.rf.5e1894bf82dab36595e7dddefc87c01a.jpg,IMG_1363_044ae8fa,Bracelet,0,train,dataset1
DS1_IMG_000085,train/Bracelet/IMG_1363_044ae8fa_JPG.rf.79aef70f20a3c858b7cd454707de95c4.jpg,IMG_1363_044ae8fa,Bracelet,0,train,dataset1
DS1_IMG_000086,train/Bracelet/IMG_1363_044ae8fa_JPG.rf.9275343cb7df1a0d654b02acd1590436.jpg,IMG_1363_044ae8fa,Bracelet,0,train,dataset1
DS1_IMG_000087,train/Bracelet/IMG_1367_14690653_JPG.rf.2f2b9cf16a1ee64ec7df1ee769fba56b.jpg,IMG_1367_14690653,Bracelet,0,train,dataset1
DS1_IMG_000088,train/Bracelet/IMG_1367_14690653_JPG.rf.8403b8e8f59ee52d3015d8a3bc4c9932.jpg,IMG_1367_14690653,Bracelet,0,train,dataset1
DS1_IMG_000089,train/Bracelet/IMG_1367_14690653_JPG.rf.cec79dbc1996d5299109f43a6c036490.jpg,IMG_1367_14690653,Bracelet,0,train,dataset1
DS1_IMG_000090,train/Bracelet/IMG_1368_4ca7c297_JPG.rf.11ba537bd24de3b3b6b5da654c823491.jpg,IMG_1368_4ca7c297,Bracelet,0,train,dataset1
DS1_IMG_000091,train/Bracelet/IMG_1368_4ca7c297_JPG.rf.1b878d2abd0feeac50b0329f691497bc.jpg,IMG_1368_4ca7c297,Bracelet,0,train,dataset1
DS1_IMG_000092,train/Bracelet/IMG_1368_4ca7c297_JPG.rf.615d2d73f27cf3c01a5b13bfd5ca8078.jpg,IMG_1368_4ca7c297,Bracelet,0,train,dataset1
DS1_IMG_000093,train/Bracelet/IMG_1387_df6d03a0_JPG.rf.37bbc0f5193b67e087bbb7fcf4fd6391.jpg,IMG_1387_df6d03a0,Bracelet,0,train,dataset1
DS1_IMG_000094,train/Bracelet/IMG_1387_df6d03a0_JPG.rf.71bc0c96f31588f1f62addd19200bed5.jpg,IMG_1387_df6d03a0,Bracelet,0,train,dataset1
DS1_IMG_000095,train/Bracelet/IMG_1387_df6d03a0_JPG.rf.806eaf288feb4294572ae59a6549e53b.jpg,IMG_1387_df6d03a0,Bracelet,0,train,dataset1
DS1_IMG_000096,train/Bracelet/IMG_1391_ed1c97e8_JPG.rf.250609ca47a293b1832b38a853a2cba6.jpg,IMG_1391_ed1c97e8,Bracelet,0,train,dataset1
DS1_IMG_000097,train/Bracelet/IMG_1391_ed1c97e8_JPG.rf.56f6efec34076774b650c39f189396a4.jpg,IMG_1391_ed1c97e8,Bracelet,0,train,dataset1
DS1_IMG_000098,train/Bracelet/IMG_1391_ed1c97e8_JPG.rf.d610d585f9f241aad4001afc484eeb61.jpg,IMG_1391_ed1c97e8,Bracelet,0,train,dataset1
DS1_IMG_000099,train/Bracelet/IMG_1394_7607b0c2_JPG.rf.32a435f776480d71bedc6b5881946580.jpg,IMG_1394_7607b0c2,Bracelet,0,train,dataset1
DS1_IMG_000100,train/Bracelet/IMG_1394_7607b0c2_JPG.rf.54095143946ab0975c25bff342fb49f7.jpg,IMG_1394_7607b0c2,Bracelet,0,train,dataset1
DS1_IMG_000101,train/Bracelet/IMG_1394_7607b0c2_JPG.rf.d58d338ddcd15f7454cb0f676efdacca.jpg,IMG_1394_7607b0c2,Bracelet,0,train,dataset1
DS1_IMG_000102,train/Bracelet/IMG_1395_86846678_JPG.rf.b5371b96f9a86b283f4a642cf59b79e9.jpg,IMG_1395_86846678,Bracelet,0,train,dataset1
DS1_IMG_000103,train/Bracelet/IMG_1395_86846678_JPG.rf.c82c0127e72df8a5ad72e9144097a8d3.jpg,IMG_1395_86846678,Bracelet,0,train,dataset1
DS1_IMG_000104,train/Bracelet/IMG_1395_86846678_JPG.rf.d1153afe6f022714e763da6e21768a0c.jpg,IMG_1395_86846678,Bracelet,0,train,dataset1
DS1_IMG_000105,train/Bracelet/IMG_1406_58d593d9_JPG.rf.2647cd73d7b9fef27afe6b9989d9d964.jpg,IMG_1406_58d593d9,Bracelet,0,train,dataset1
DS1_IMG_000106,train/Bracelet/IMG_1406_58d593d9_JPG.rf.a68023d34a707de07c8a473ee7db6ff2.jpg,IMG_1406_58d593d9,Bracelet,0,train,dataset1
DS1_IMG_000107,train/Bracelet/IMG_1406_58d593d9_JPG.rf.e1f78cde0928e093c94389b7cc2ffb00.jpg,IMG_1406_58d593d9,Bracelet,0,train,dataset1
DS1_IMG_000108,train/Bracelet/IMG_1408_7894aa0a_JPG.rf.17d62e23e0a2b2e2526f37175988a185.jpg,IMG_1408_7894aa0a,Bracelet,0,train,dataset1
DS1_IMG_000109,train/Bracelet/IMG_1408_7894aa0a_JPG.rf.c00144c7badb55e4e55273636b8c723a.jpg,IMG_1408_7894aa0a,Bracelet,0,train,dataset1
DS1_IMG_000110,train/Bracelet/IMG_1408_7894aa0a_JPG.rf.d48bae9acdebc2d38735de96cba121e0.jpg,IMG_1408_7894aa0a,Bracelet,0,train,dataset1
DS1_IMG_000111,train/Bracelet/IMG_1409_72ebef04_JPG.rf.290b84a8ef505835be8e835a421d9991.jpg,IMG_1409_72ebef04,Bracelet,0,train,dataset1
DS1_IMG_000112,train/Bracelet/IMG_1409_72ebef04_JPG.rf.4090472079ea87aed37dafb822317b56.jpg,IMG_1409_72ebef04,Bracelet,0,train,dataset1
DS1_IMG_000113,train/Bracelet/IMG_1409_72ebef04_JPG.rf.96de6554a2ca1167a89058eb91fc4413.jpg,IMG_1409_72ebef04,Bracelet,0,train,dataset1
DS1_IMG_000114,train/Bracelet/IMG_1412_af9b6ad5_JPG.rf.049fd4afc8b8ca70de96b92981765bfa.jpg,IMG_1412_af9b6ad5,Bracelet,0,train,dataset1
DS1_IMG_000115,train/Bracelet/IMG_1412_af9b6ad5_JPG.rf.3d4b01f0ccdd60835d301f00d2b573a1.jpg,IMG_1412_af9b6ad5,Bracelet,0,train,dataset1
DS1_IMG_000116,train/Bracelet/IMG_1412_af9b6ad5_JPG.rf.9dbecf63db19a0c3cc8e50c369f6e8d0.jpg,IMG_1412_af9b6ad5,Bracelet,0,train,dataset1
DS1_IMG_000117,train/Bracelet/IMG_1413_ada95965_JPG.rf.22fd1fbe8cf4ae3cd2a6ba79d62805ea.jpg,IMG_1413_ada95965,Bracelet,0,train,dataset1
DS1_IMG_000118,train/Bracelet/IMG_1413_ada95965_JPG.rf.376be6c170aefc7bbfab2b1f766e9820.jpg,IMG_1413_ada95965,Bracelet,0,train,dataset1
DS1_IMG_000119,train/Bracelet/IMG_1413_ada95965_JPG.rf.c3dbb12647c11fa0d615c0600e0b70c8.jpg,IMG_1413_ada95965,Bracelet,0,train,dataset1
DS1_IMG_000120,train/Bracelet/IMG_1414_300283f9_JPG.rf.6e4b007b686a3f4087e5f14075dda308.jpg,IMG_1414_300283f9,Bracelet,0,train,dataset1
DS1_IMG_000121,train/Bracelet/IMG_1414_300283f9_JPG.rf.b053bcf0e143c6ae52efdbb8678e5fed.jpg,IMG_1414_300283f9,Bracelet,0,train,dataset1
DS1_IMG_000122,train/Bracelet/IMG_1414_300283f9_JPG.rf.b1c45f8224452a14b2a985db8b24224e.jpg,IMG_1414_300283f9,Bracelet,0,train,dataset1
DS1_IMG_000123,train/Bracelet/IMG_1665_b27c0450_JPG.rf.3abb9c12b8af9363efc37029b1dbc64f.jpg,IMG_1665_b27c0450,Bracelet,0,train,dataset1
DS1_IMG_000124,train/Bracelet/IMG_1665_b27c0450_JPG.rf.3eff99810830b9129f7133ce8c36603e.jpg,IMG_1665_b27c0450,Bracelet,0,train,dataset1
DS1_IMG_000125,train/Bracelet/IMG_1665_b27c0450_JPG.rf.7305116b780a41a79d825d14ae52c31e.jpg,IMG_1665_b27c0450,Bracelet,0,train,dataset1
DS1_IMG_000126,train/Bracelet/IMG_1683_b28ea518_JPG.rf.347cc5819bf00acd36e9839c5170f0ab.jpg,IMG_1683_b28ea518,Bracelet,0,train,dataset1
DS1_IMG_000127,train/Bracelet/IMG_1683_b28ea518_JPG.rf.65a081b3b68fc701d07d5d3573f7ca80.jpg,IMG_1683_b28ea518,Bracelet,0,train,dataset1
DS1_IMG_000128,train/Bracelet/IMG_1683_b28ea518_JPG.rf.8f995c6bec97ff6bf11284952bd6e5f0.jpg,IMG_1683_b28ea518,Bracelet,0,train,dataset1
DS1_IMG_000129,train/Bracelet/IMG_1684_ae89634a_JPG.rf.08087bc9e4f0b8424c9ca1c3b9342fbc.jpg,IMG_1684_ae89634a,Bracelet,0,train,dataset1
DS1_IMG_000130,train/Bracelet/IMG_1684_ae89634a_JPG.rf.6d9f9b920aa1b8cdb9bdf816eabee53b.jpg,IMG_1684_ae89634a,Bracelet,0,train,dataset1
DS1_IMG_000131,train/Bracelet/IMG_1684_ae89634a_JPG.rf.c7b35f495d855a1600616ece8218532c.jpg,IMG_1684_ae89634a,Bracelet,0,train,dataset1
DS1_IMG_000132,train/Bracelet/IMG_1685_c6b74b54_JPG.rf.0d533dbf0f752f0fc705ea5d21861e01.jpg,IMG_1685_c6b74b54,Bracelet,0,train,dataset1
DS1_IMG_000133,train/Bracelet/IMG_1685_c6b74b54_JPG.rf.4fd3f4321d88d6dd44b08d8f8b641c22.jpg,IMG_1685_c6b74b54,Bracelet,0,train,dataset1
DS1_IMG_000134,train/Bracelet/IMG_1685_c6b74b54_JPG.rf.aaffe2aa629535515a3214a8c5abc46a.jpg,IMG_1685_c6b74b54,Bracelet,0,train,dataset1
DS1_IMG_000135,train/Bracelet/IMG_1686_2d160e81_JPG.rf.3ca63502b1a446285b66b4d310d48b2b.jpg,IMG_1686_2d160e81,Bracelet,0,train,dataset1
DS1_IMG_000136,train/Bracelet/IMG_1686_2d160e81_JPG.rf.4043369c1888fd2cdf054a9fcb3fc818.jpg,IMG_1686_2d160e81,Bracelet,0,train,dataset1
DS1_IMG_000137,train/Bracelet/IMG_1686_2d160e81_JPG.rf.48ba7db6957ef1fe07200d98c2ce5903.jpg,IMG_1686_2d160e81,Bracelet,0,train,dataset1
DS1_IMG_000138,train/Bracelet/IMG_1687_eac9193f_JPG.rf.1d65a33d00e24750ad4de96e581b3da9.jpg,IMG_1687_eac9193f,Bracelet,0,train,dataset1
DS1_IMG_000139,train/Bracelet/IMG_1687_eac9193f_JPG.rf.6750c4bef8e6f49f17c7a3f930bb1e8d.jpg,IMG_1687_eac9193f,Bracelet,0,train,dataset1
DS1_IMG_000140,train/Bracelet/IMG_1687_eac9193f_JPG.rf.fddf8247707d737930eb70bcd661c795.jpg,IMG_1687_eac9193f,Bracelet,0,train,dataset1
DS1_IMG_000141,train/Bracelet/IMG_2314_ab5f5308_JPG.rf.6a6f0e1b15c57d9825c8331ce4709dda.jpg,IMG_2314_ab5f5308,Bracelet,0,train,dataset1
DS1_IMG_000142,train/Bracelet/IMG_2314_ab5f5308_JPG.rf.b3641d45b59517ed70f44bd62a24cb0e.jpg,IMG_2314_ab5f5308,Bracelet,0,train,dataset1
DS1_IMG_000143,train/Bracelet/IMG_2314_ab5f5308_JPG.rf.f717d9e6b649882213d37aaa128bb5bd.jpg,IMG_2314_ab5f5308,Bracelet,0,train,dataset1
DS1_IMG_000144,train/Bracelet/IMG_2315_66fd2087_JPG.rf.6e37effe2a8a2a0dca2ba555fef4c455.jpg,IMG_2315_66fd2087,Bracelet,0,train,dataset1
DS1_IMG_000145,train/Bracelet/IMG_2315_66fd2087_JPG.rf.7a35bbf17c8a9a66a76b44929c232529.jpg,IMG_2315_66fd2087,Bracelet,0,train,dataset1
DS1_IMG_000146,train/Bracelet/IMG_2315_66fd2087_JPG.rf.81139ecce6ea830b960339ae06980f40.jpg,IMG_2315_66fd2087,Bracelet,0,train,dataset1
DS1_IMG_000147,train/Bracelet/IMG_2381_daa7fc1f_JPG.rf.0ac01ee09bf732f1abe906eec3413f14.jpg,IMG_2381_daa7fc1f,Bracelet,0,train,dataset1
DS1_IMG_000148,train/Bracelet/IMG_2381_daa7fc1f_JPG.rf.579790ac26889294e238040cbd91a1b8.jpg,IMG_2381_daa7fc1f,Bracelet,0,train,dataset1
DS1_IMG_000149,train/Bracelet/IMG_2381_daa7fc1f_JPG.rf.f9372f59b2862cd8d6520cd2d7c34cdb.jpg,IMG_2381_daa7fc1f,Bracelet,0,train,dataset1
DS1_IMG_000150,train/Bracelet/IMG_2382_6dc25ee9_JPG.rf.2b33af81602e9869d0862da22e98d322.jpg,IMG_2382_6dc25ee9,Bracelet,0,train,dataset1
DS1_IMG_000151,train/Bracelet/IMG_2382_6dc25ee9_JPG.rf.2f5041e3ffcaeb90eb63b9599308df56.jpg,IMG_2382_6dc25ee9,Bracelet,0,train,dataset1
DS1_IMG_000152,train/Bracelet/IMG_2382_6dc25ee9_JPG.rf.d939ddcf1a730e839ef9e20b9db82b47.jpg,IMG_2382_6dc25ee9,Bracelet,0,train,dataset1
DS1_IMG_000153,train/Bracelet/IMG_2384_dd60b133_JPG.rf.226600cb0147383877cc7fb58bfe0ecd.jpg,IMG_2384_dd60b133,Bracelet,0,train,dataset1
DS1_IMG_000154,train/Bracelet/IMG_2384_dd60b133_JPG.rf.5b41700ff7260c0d394648b4bb8a34b3.jpg,IMG_2384_dd60b133,Bracelet,0,train,dataset1
DS1_IMG_000155,train/Bracelet/IMG_2384_dd60b133_JPG.rf.d5e470ce11784123eca77e689079d2d3.jpg,IMG_2384_dd60b133,Bracelet,0,train,dataset1
DS1_IMG_000156,train/Bracelet/IMG_2386_2d5ca8b1_JPG.rf.034d79d41d1852b836d1d0350eb52f03.jpg,IMG_2386_2d5ca8b1,Bracelet,0,train,dataset1
DS1_IMG_000157,train/Bracelet/IMG_2386_2d5ca8b1_JPG.rf.366bb15e42d75f6bcdfb2f4374b88851.jpg,IMG_2386_2d5ca8b1,Bracelet,0,train,dataset1
DS1_IMG_000158,train/Bracelet/IMG_2386_2d5ca8b1_JPG.rf.4516e4cee9c2a32b876c4e732e330aec.jpg,IMG_2386_2d5ca8b1,Bracelet,0,train,dataset1
DS1_IMG_000159,train/Bracelet/IMG_2388_c27a09a3_JPG.rf.2ef53eab7494de2d06b67aeb3594e19d.jpg,IMG_2388_c27a09a3,Bracelet,0,train,dataset1
DS1_IMG_000160,train/Bracelet/IMG_2388_c27a09a3_JPG.rf.a89d436a043e8b602712895551c20b3b.jpg,IMG_2388_c27a09a3,Bracelet,0,train,dataset1
DS1_IMG_000161,train/Bracelet/IMG_2388_c27a09a3_JPG.rf.c038d263a4dc28dd67956276d637ecc2.jpg,IMG_2388_c27a09a3,Bracelet,0,train,dataset1
DS1_IMG_000162,train/Bracelet/IMG_2389_63558634_JPG.rf.4736adeb5acd7723e590b8019c2b6957.jpg,IMG_2389_63558634,Bracelet,0,train,dataset1
DS1_IMG_000163,train/Bracelet/IMG_2389_63558634_JPG.rf.9c6cc33fb0362ab4fb031fcfec0a9aac.jpg,IMG_2389_63558634,Bracelet,0,train,dataset1
DS1_IMG_000164,train/Bracelet/IMG_2389_63558634_JPG.rf.af546c18222a6c7a7fdd917169163c82.jpg,IMG_2389_63558634,Bracelet,0,train,dataset1
DS1_IMG_000165,train/Bracelet/IMG_2407_a3ecbb0c_JPG.rf.0fc2c71589b1397334692f4e4355fcc1.jpg,IMG_2407_a3ecbb0c,Bracelet,0,train,dataset1
DS1_IMG_000166,train/Bracelet/IMG_2407_a3ecbb0c_JPG.rf.9f69351c86766a53c2cffd59a878ec96.jpg,IMG_2407_a3ecbb0c,Bracelet,0,train,dataset1
DS1_IMG_000167,train/Bracelet/IMG_2407_a3ecbb0c_JPG.rf.cdc77d1eaee05f2ac22bdfc7154ce01a.jpg,IMG_2407_a3ecbb0c,Bracelet,0,train,dataset1
DS1_IMG_000168,train/Bracelet/IMG_2408_f315ed8a_JPG.rf.0d518f29d8531638ff744e7688da2166.jpg,IMG_2408_f315ed8a,Bracelet,0,train,dataset1
DS1_IMG_000169,train/Bracelet/IMG_2408_f315ed8a_JPG.rf.b527bd6518bb671a7102b99714b920fc.jpg,IMG_2408_f315ed8a,Bracelet,0,train,dataset1
DS1_IMG_000170,train/Bracelet/IMG_2408_f315ed8a_JPG.rf.c00c013e6de44fb92d637f468d1b8356.jpg,IMG_2408_f315ed8a,Bracelet,0,train,dataset1
DS1_IMG_000171,train/Bracelet/IMG_2409_04d9f307_JPG.rf.34fed37d3756e47ef19259d6a2d5d623.jpg,IMG_2409_04d9f307,Bracelet,0,train,dataset1
DS1_IMG_000172,train/Bracelet/IMG_2409_04d9f307_JPG.rf.3ae565b1dc8f7be4be0592887853451e.jpg,IMG_2409_04d9f307,Bracelet,0,train,dataset1
DS1_IMG_000173,train/Bracelet/IMG_2409_04d9f307_JPG.rf.84f888344e6244789baa9b703514997d.jpg,IMG_2409_04d9f307,Bracelet,0,train,dataset1
DS1_IMG_000174,train/Bracelet/IMG_2410_07569e2b_JPG.rf.2395d3948b3ffbf39f340a1d44793c4f.jpg,IMG_2410_07569e2b,Bracelet,0,train,dataset1
DS1_IMG_000175,train/Bracelet/IMG_2410_07569e2b_JPG.rf.c40a61915defc65ce0a4c24f9982ab78.jpg,IMG_2410_07569e2b,Bracelet,0,train,dataset1
DS1_IMG_000176,train/Bracelet/IMG_2410_07569e2b_JPG.rf.cb3aa80f9b02f7b796961b793714e46d.jpg,IMG_2410_07569e2b,Bracelet,0,train,dataset1
DS1_IMG_000177,train/Bracelet/IMG_2475_4f3381d6_JPG.rf.a969975014c597110fdf95eaead7199e.jpg,IMG_2475_4f3381d6,Bracelet,0,train,dataset1
DS1_IMG_000178,train/Bracelet/IMG_2475_4f3381d6_JPG.rf.e1216209d94914f119815aba15a2745f.jpg,IMG_2475_4f3381d6,Bracelet,0,train,dataset1
DS1_IMG_000179,train/Bracelet/IMG_2475_4f3381d6_JPG.rf.ec0ce5e67acab30c69413d370162b055.jpg,IMG_2475_4f3381d6,Bracelet,0,train,dataset1
DS1_IMG_000180,train/Bracelet/IMG_2479_094b7f69_JPG.rf.29be51f4471ce77d309cbe29de89bdc7.jpg,IMG_2479_094b7f69,Bracelet,0,train,dataset1
DS1_IMG_000181,train/Bracelet/IMG_2479_094b7f69_JPG.rf.a44cc38dbbbe85eb630e0013413bfd04.jpg,IMG_2479_094b7f69,Bracelet,0,train,dataset1
DS1_IMG_000182,train/Bracelet/IMG_2479_094b7f69_JPG.rf.afb1912a98d835117708ffe12c20a910.jpg,IMG_2479_094b7f69,Bracelet,0,train,dataset1
DS1_IMG_000183,train/Bracelet/IMG_2483_800e0baa_JPG.rf.1079d44bfcfc3b9c2b1104e0ffa1eac5.jpg,IMG_2483_800e0baa,Bracelet,0,train,dataset1
DS1_IMG_000184,train/Bracelet/IMG_2483_800e0baa_JPG.rf.252a8a90d9e0d55a77528198becf4902.jpg,IMG_2483_800e0baa,Bracelet,0,train,dataset1
DS1_IMG_000185,train/Bracelet/IMG_2483_800e0baa_JPG.rf.a7336db56d286fbe23ad673e00dd0a44.jpg,IMG_2483_800e0baa,Bracelet,0,train,dataset1
DS1_IMG_000186,train/Bracelet/IMG_2484_0c19ce0b_JPG.rf.19a85759f6468784bcf273924f7dde03.jpg,IMG_2484_0c19ce0b,Bracelet,0,train,dataset1
DS1_IMG_000187,train/Bracelet/IMG_2484_0c19ce0b_JPG.rf.a188e4406f4495ead079f9fa6d7520e5.jpg,IMG_2484_0c19ce0b,Bracelet,0,train,dataset1
DS1_IMG_000188,train/Bracelet/IMG_2484_0c19ce0b_JPG.rf.c81a25988e19d2f43776519cf38dd147.jpg,IMG_2484_0c19ce0b,Bracelet,0,train,dataset1
DS1_IMG_000189,train/Bracelet/IMG_2485_b6b67987_JPG.rf.35f302292190b1c66cc9ba827796b14d.jpg,IMG_2485_b6b67987,Bracelet,0,train,dataset1
DS1_IMG_000190,train/Bracelet/IMG_2485_b6b67987_JPG.rf.8175aa204bca8705ba5fcebe57a09873.jpg,IMG_2485_b6b67987,Bracelet,0,train,dataset1
DS1_IMG_000191,train/Bracelet/IMG_2485_b6b67987_JPG.rf.c7e3a589e3bb4c25b0ceacf8d1c8be38.jpg,IMG_2485_b6b67987,Bracelet,0,train,dataset1
DS1_IMG_000192,train/Bracelet/IMG_2489_175ae45e_JPG.rf.36a47c7a6eaf4afbabd5f3e621af22f8.jpg,IMG_2489_175ae45e,Bracelet,0,train,dataset1
DS1_IMG_000193,train/Bracelet/IMG_2489_175ae45e_JPG.rf.fbdfee9f037c43e80ae537af8e26dd9f.jpg,IMG_2489_175ae45e,Bracelet,0,train,dataset1
DS1_IMG_000194,train/Bracelet/IMG_2489_175ae45e_JPG.rf.fcc3c59e1fa1320949cf0b8a1bf3d400.jpg,IMG_2489_175ae45e,Bracelet,0,train,dataset1
DS1_IMG_000195,train/Bracelet/IMG_2516_c01bb9ae_JPG.rf.294893070a5e17bcba1d54b108e4c681.jpg,IMG_2516_c01bb9ae,Bracelet,0,train,dataset1
DS1_IMG_000196,train/Bracelet/IMG_2516_c01bb9ae_JPG.rf.6d6980335ac7efaed1a7746c8d699cc6.jpg,IMG_2516_c01bb9ae,Bracelet,0,train,dataset1
DS1_IMG_000197,train/Bracelet/IMG_2516_c01bb9ae_JPG.rf.c7badee398c420150ff96666ba2fc4cb.jpg,IMG_2516_c01bb9ae,Bracelet,0,train,dataset1
DS1_IMG_000198,train/Bracelet/IMG_2517_c1151808_JPG.rf.2b2e8ae2f2b1354b209556578c0b999b.jpg,IMG_2517_c1151808,Bracelet,0,train,dataset1
DS1_IMG_000199,train/Bracelet/IMG_2517_c1151808_JPG.rf.e11f3df47bc2001403f31cab0b1db52f.jpg,IMG_2517_c1151808,Bracelet,0,train,dataset1
DS1_IMG_000200,train/Bracelet/IMG_2517_c1151808_JPG.rf.e4bef518fd240f6dc1e164b151435616.jpg,IMG_2517_c1151808,Bracelet,0,train,dataset1
DS1_IMG_000201,train/Bracelet/IMG_2519_ec4c522d_JPG.rf.6e554f74971b1089306e717e8deb59d3.jpg,IMG_2519_ec4c522d,Bracelet,0,train,dataset1
DS1_IMG_000202,train/Bracelet/IMG_2519_ec4c522d_JPG.rf.76b19b5913cc5a12d87df45d170bc118.jpg,IMG_2519_ec4c522d,Bracelet,0,train,dataset1
DS1_IMG_000203,train/Bracelet/IMG_2519_ec4c522d_JPG.rf.e305fd1ac14c2474be5d406cfa09ec00.jpg,IMG_2519_ec4c522d,Bracelet,0,train,dataset1
DS1_IMG_000204,train/Bracelet/IMG_2521_2f7dd27c_JPG.rf.076d8b86053f2a14d4f13410dc36c4a5.jpg,IMG_2521_2f7dd27c,Bracelet,0,train,dataset1
DS1_IMG_000205,train/Bracelet/IMG_2521_2f7dd27c_JPG.rf.4ab6363b1c58243357e54ca99c76056e.jpg,IMG_2521_2f7dd27c,Bracelet,0,train,dataset1
DS1_IMG_000206,train/Bracelet/IMG_2521_2f7dd27c_JPG.rf.5c2c151073e6623b8e9ffcc9e36a0623.jpg,IMG_2521_2f7dd27c,Bracelet,0,train,dataset1
DS1_IMG_000207,train/Bracelet/IMG_2523_6a3a03ba_JPG.rf.24c26eab8f5a639bc39166db452e8021.jpg,IMG_2523_6a3a03ba,Bracelet,0,train,dataset1
DS1_IMG_000208,train/Bracelet/IMG_2523_6a3a03ba_JPG.rf.9ce0914f532524c7dae3cf5337100919.jpg,IMG_2523_6a3a03ba,Bracelet,0,train,dataset1
DS1_IMG_000209,train/Bracelet/IMG_2523_6a3a03ba_JPG.rf.b768cba8a58d5bf2985a9524c3eeea07.jpg,IMG_2523_6a3a03ba,Bracelet,0,train,dataset1
DS1_IMG_000210,train/Bracelet/IMG_2525_700d9c6e_JPG.rf.2ed516b03ab20f6c4eab5b7c8b60a102.jpg,IMG_2525_700d9c6e,Bracelet,0,train,dataset1
DS1_IMG_000211,train/Bracelet/IMG_2525_700d9c6e_JPG.rf.d8bae8a01336dcd8bc6c8e59d2df3700.jpg,IMG_2525_700d9c6e,Bracelet,0,train,dataset1
DS1_IMG_000212,train/Bracelet/IMG_2525_700d9c6e_JPG.rf.db2938ca06d1b73d65b11f8d6c460e04.jpg,IMG_2525_700d9c6e,Bracelet,0,train,dataset1
DS1_IMG_000213,train/Bracelet/IMG_2527_ccfe7f9f_JPG.rf.21c3404e024613294b5f7fd0a9c007ee.jpg,IMG_2527_ccfe7f9f,Bracelet,0,train,dataset1
DS1_IMG_000214,train/Bracelet/IMG_2527_ccfe7f9f_JPG.rf.9572993a35c9154831197c15a3d06988.jpg,IMG_2527_ccfe7f9f,Bracelet,0,train,dataset1
DS1_IMG_000215,train/Bracelet/IMG_2527_ccfe7f9f_JPG.rf.cbdf9332d39730bfdbaa4a140c92369b.jpg,IMG_2527_ccfe7f9f,Bracelet,0,train,dataset1
DS1_IMG_000216,train/Bracelet/IMG_2528_8617bac9_JPG.rf.0cf45a7c6bd66eb8bc3063ac211190d6.jpg,IMG_2528_8617bac9,Bracelet,0,train,dataset1
DS1_IMG_000217,train/Bracelet/IMG_2528_8617bac9_JPG.rf.af03738b412eb57d67c59b5e5cebc647.jpg,IMG_2528_8617bac9,Bracelet,0,train,dataset1
DS1_IMG_000218,train/Bracelet/IMG_2528_8617bac9_JPG.rf.e55862db1c5c96c40ac7c3563b1e4b27.jpg,IMG_2528_8617bac9,Bracelet,0,train,dataset1
DS1_IMG_000219,train/Bracelet/IMG_2530_8e04d936_JPG.rf.0a0c5f8d5077207a40d65fafe5d59d1a.jpg,IMG_2530_8e04d936,Bracelet,0,train,dataset1
DS1_IMG_000220,train/Bracelet/IMG_2530_8e04d936_JPG.rf.afaaeef5d45cfd6a8f69c6014e4dbf9e.jpg,IMG_2530_8e04d936,Bracelet,0,train,dataset1
DS1_IMG_000221,train/Bracelet/IMG_2530_8e04d936_JPG.rf.d69381827ebc5c158e0c81bf25168d61.jpg,IMG_2530_8e04d936,Bracelet,0,train,dataset1
DS1_IMG_000222,train/Bracelet/IMG_2532_a16ec5d2_JPG.rf.7fb3fd6d7d8920c8af4b7b738e1cd6ac.jpg,IMG_2532_a16ec5d2,Bracelet,0,train,dataset1
DS1_IMG_000223,train/Bracelet/IMG_2532_a16ec5d2_JPG.rf.9ed43daa85c231c26f80a56f78f7d824.jpg,IMG_2532_a16ec5d2,Bracelet,0,train,dataset1
DS1_IMG_000224,train/Bracelet/IMG_2532_a16ec5d2_JPG.rf.cd6a7f4490dbbb19208a3e5afff05003.jpg,IMG_2532_a16ec5d2,Bracelet,0,train,dataset1
DS1_IMG_000225,train/Bracelet/IMG_2533_a2528da4_JPG.rf.0ec8540b051cbb8fa32166cc63180766.jpg,IMG_2533_a2528da4,Bracelet,0,train,dataset1
DS1_IMG_000226,train/Bracelet/IMG_2533_a2528da4_JPG.rf.1952fdeb8ba9fb46107e6fa6f78d9d0a.jpg,IMG_2533_a2528da4,Bracelet,0,train,dataset1
DS1_IMG_000227,train/Bracelet/IMG_2533_a2528da4_JPG.rf.ce0e3ecc73405bc5391bb5e37c84c722.jpg,IMG_2533_a2528da4,Bracelet,0,train,dataset1
DS1_IMG_000228,train/Bracelet/IMG_2534_0107c272_JPG.rf.0e9f3d96eb5501936877312e1caad411.jpg,IMG_2534_0107c272,Bracelet,0,train,dataset1
DS1_IMG_000229,train/Bracelet/IMG_2534_0107c272_JPG.rf.319183a97ffde55568594204719427d1.jpg,IMG_2534_0107c272,Bracelet,0,train,dataset1
DS1_IMG_000230,train/Bracelet/IMG_2534_0107c272_JPG.rf.e443de98defe0f15ea25cf532e8d79a9.jpg,IMG_2534_0107c272,Bracelet,0,train,dataset1
DS1_IMG_000231,train/Bracelet/IMG_2535_10dbeb3d_JPG.rf.33f8519516d623cc85cafa67a598a3ca.jpg,IMG_2535_10dbeb3d,Bracelet,0,train,dataset1
DS1_IMG_000232,train/Bracelet/IMG_2535_10dbeb3d_JPG.rf.bbb84b8536739fa1240a456e9caafddc.jpg,IMG_2535_10dbeb3d,Bracelet,0,train,dataset1
DS1_IMG_000233,train/Bracelet/IMG_2535_10dbeb3d_JPG.rf.eb23eeb5d914b05d5e6b28b2eb73eda7.jpg,IMG_2535_10dbeb3d,Bracelet,0,train,dataset1
DS1_IMG_000234,train/Bracelet/IMG_2537_3008d8f2_JPG.rf.59749721112ff47de04d79088e7f11b0.jpg,IMG_2537_3008d8f2,Bracelet,0,train,dataset1
DS1_IMG_000235,train/Bracelet/IMG_2537_3008d8f2_JPG.rf.7c1ea385233a48cce8347af26729861e.jpg,IMG_2537_3008d8f2,Bracelet,0,train,dataset1
DS1_IMG_000236,train/Bracelet/IMG_2537_3008d8f2_JPG.rf.eac42672d83204f403927b6aabcdc536.jpg,IMG_2537_3008d8f2,Bracelet,0,train,dataset1
DS1_IMG_000237,train/Bracelet/IMG_2538_0a1e31c7_JPG.rf.a2564bb3a88994ded2e2a80bb90c4d1e.jpg,IMG_2538_0a1e31c7,Bracelet,0,train,dataset1
DS1_IMG_000238,train/Bracelet/IMG_2538_0a1e31c7_JPG.rf.c5f07d2e6cc5ff6e0c0ff5fb324ecb91.jpg,IMG_2538_0a1e31c7,Bracelet,0,train,dataset1
DS1_IMG_000239,train/Bracelet/IMG_2538_0a1e31c7_JPG.rf.d2a10355f8329c0dc704553293af117a.jpg,IMG_2538_0a1e31c7,Bracelet,0,train,dataset1
DS1_IMG_000240,train/Bracelet/IMG_2539_a7eb0c18_JPG.rf.055bda976a86bf63c852c6ae29d29232.jpg,IMG_2539_a7eb0c18,Bracelet,0,train,dataset1
DS1_IMG_000241,train/Bracelet/IMG_2539_a7eb0c18_JPG.rf.253f73fe04c339a7f2ff1348035a2423.jpg,IMG_2539_a7eb0c18,Bracelet,0,train,dataset1
DS1_IMG_000242,train/Bracelet/IMG_2539_a7eb0c18_JPG.rf.93c184a6248a2a61842df42839530d34.jpg,IMG_2539_a7eb0c18,Bracelet,0,train,dataset1
DS1_IMG_000243,train/Bracelet/IMG_2541_05473c92_JPG.rf.4cec2f14679e1659acb0f4c0c57a961f.jpg,IMG_2541_05473c92,Bracelet,0,train,dataset1
DS1_IMG_000244,train/Bracelet/IMG_2541_05473c92_JPG.rf.93bc3638c865abad4023d3ace26569d1.jpg,IMG_2541_05473c92,Bracelet,0,train,dataset1
DS1_IMG_000245,train/Bracelet/IMG_2541_05473c92_JPG.rf.ef6abddc955c8280c99339217cee292c.jpg,IMG_2541_05473c92,Bracelet,0,train,dataset1
DS1_IMG_000246,train/Bracelet/IMG_3038_47a492b2_JPG.rf.2dca050697e5bd27ee2e9f3335886176.jpg,IMG_3038_47a492b2,Bracelet,0,train,dataset1
DS1_IMG_000247,train/Bracelet/IMG_3038_47a492b2_JPG.rf.8ca94b554fc725e5a9032ba5099d6bf4.jpg,IMG_3038_47a492b2,Bracelet,0,train,dataset1
DS1_IMG_000248,train/Bracelet/IMG_3038_47a492b2_JPG.rf.ba4f622cddb0bb07bf324eb61b768f99.jpg,IMG_3038_47a492b2,Bracelet,0,train,dataset1
DS1_IMG_000249,train/Bracelet/IMG_3039_601f930d_JPG.rf.3ce9e0cc0b307aa21c9101890cb5a261.jpg,IMG_3039_601f930d,Bracelet,0,train,dataset1
DS1_IMG_000250,train/Bracelet/IMG_3039_601f930d_JPG.rf.7a01d482722acac2ecb073c48826a38e.jpg,IMG_3039_601f930d,Bracelet,0,train,dataset1
DS1_IMG_000251,train/Bracelet/IMG_3039_601f930d_JPG.rf.c47f3951d0af9bb3dc54ca7b3a0504e4.jpg,IMG_3039_601f930d,Bracelet,0,train,dataset1
DS1_IMG_000252,train/Bracelet/IMG_3040_328e96db_JPG.rf.289ac95839a6908652a474d282f7d0c6.jpg,IMG_3040_328e96db,Bracelet,0,train,dataset1
DS1_IMG_000253,train/Bracelet/IMG_3040_328e96db_JPG.rf.4a7af2b8fa6dfe47f43200f7a26c7e9b.jpg,IMG_3040_328e96db,Bracelet,0,train,dataset1
DS1_IMG_000254,train/Bracelet/IMG_3040_328e96db_JPG.rf.8522ddb1e4b8a9b7199ef31133adcf95.jpg,IMG_3040_328e96db,Bracelet,0,train,dataset1
DS1_IMG_000255,train/Bracelet/IMG_3041_d0c68029_JPG.rf.41e063ee8928978efe94ba426c536dab.jpg,IMG_3041_d0c68029,Bracelet,0,train,dataset1
DS1_IMG_000256,train/Bracelet/IMG_3041_d0c68029_JPG.rf.6075d7703f6e1a9d766fadf392141e3f.jpg,IMG_3041_d0c68029,Bracelet,0,train,dataset1
DS1_IMG_000257,train/Bracelet/IMG_3041_d0c68029_JPG.rf.9056df444db00dc2978e1a38d3c62ad5.jpg,IMG_3041_d0c68029,Bracelet,0,train,dataset1
DS1_IMG_000258,train/Bracelet/IMG_3042_d8ca0abe_JPG.rf.46ab1eed284f1063306d0f0c017894bd.jpg,IMG_3042_d8ca0abe,Bracelet,0,train,dataset1
DS1_IMG_000259,train/Bracelet/IMG_3042_d8ca0abe_JPG.rf.764458181219d7b9a9ba7132de4d234f.jpg,IMG_3042_d8ca0abe,Bracelet,0,train,dataset1
DS1_IMG_000260,train/Bracelet/IMG_3042_d8ca0abe_JPG.rf.c837a5549e040fb8c833511bc9a33ee5.jpg,IMG_3042_d8ca0abe,Bracelet,0,train,dataset1
DS1_IMG_000261,train/Bracelet/IMG_3061_50c9e0b3_JPG.rf.03d94019ab5150e09b501c35ec9c897a.jpg,IMG_3061_50c9e0b3,Bracelet,0,train,dataset1
DS1_IMG_000262,train/Bracelet/IMG_3061_50c9e0b3_JPG.rf.3d2e599bee2c4af4910b6b84822299f6.jpg,IMG_3061_50c9e0b3,Bracelet,0,train,dataset1
DS1_IMG_000263,train/Bracelet/IMG_3061_50c9e0b3_JPG.rf.a2b46eb55107c83e8b652f20b56ef9b2.jpg,IMG_3061_50c9e0b3,Bracelet,0,train,dataset1
DS1_IMG_000264,train/Bracelet/IMG_3062_7d067bf8_JPG.rf.271c3f30cda6187c69f9b9ad381b09eb.jpg,IMG_3062_7d067bf8,Bracelet,0,train,dataset1
DS1_IMG_000265,train/Bracelet/IMG_3062_7d067bf8_JPG.rf.4c12c65858cc4c61552d27758cc94522.jpg,IMG_3062_7d067bf8,Bracelet,0,train,dataset1
DS1_IMG_000266,train/Bracelet/IMG_3062_7d067bf8_JPG.rf.87640e8510b14cae6d072bbac7923074.jpg,IMG_3062_7d067bf8,Bracelet,0,train,dataset1
DS1_IMG_000267,train/Bracelet/IMG_3063_f2672d8c_JPG.rf.5b8767bfb753f1339b645dcd0727171b.jpg,IMG_3063_f2672d8c,Bracelet,0,train,dataset1
DS1_IMG_000268,train/Bracelet/IMG_3063_f2672d8c_JPG.rf.dc767bad774d50009ac73dfdb6973fae.jpg,IMG_3063_f2672d8c,Bracelet,0,train,dataset1
DS1_IMG_000269,train/Bracelet/IMG_3063_f2672d8c_JPG.rf.e45ee05f0573d3fb4cf73a025b8d740e.jpg,IMG_3063_f2672d8c,Bracelet,0,train,dataset1
DS1_IMG_000270,train/Bracelet/IMG_3085_f31cf004_JPG.rf.1c6a1610cb4734ca06753f6de724f7f6.jpg,IMG_3085_f31cf004,Bracelet,0,train,dataset1
DS1_IMG_000271,train/Bracelet/IMG_3085_f31cf004_JPG.rf.380d2e4b3775844df0d851299de5c094.jpg,IMG_3085_f31cf004,Bracelet,0,train,dataset1
DS1_IMG_000272,train/Bracelet/IMG_3085_f31cf004_JPG.rf.ed413b0be3e1701f99045ed98ac30e95.jpg,IMG_3085_f31cf004,Bracelet,0,train,dataset1
DS1_IMG_000273,train/Bracelet/IMG_3125_bb293a87_JPG.rf.372a3eadde74a27167ecb2c7ab871a84.jpg,IMG_3125_bb293a87,Bracelet,0,train,dataset1
DS1_IMG_000274,train/Bracelet/IMG_3125_bb293a87_JPG.rf.acf2d135593370d7104dc1c58fa50034.jpg,IMG_3125_bb293a87,Bracelet,0,train,dataset1
DS1_IMG_000275,train/Bracelet/IMG_3125_bb293a87_JPG.rf.c8dfadbce7b1b6885c26d84ad911b7fc.jpg,IMG_3125_bb293a87,Bracelet,0,train,dataset1
DS1_IMG_000276,train/Bracelet/IMG_3126_9944bde7_JPG.rf.6b24d8516cd4274277dd29dab5071125.jpg,IMG_3126_9944bde7,Bracelet,0,train,dataset1
DS1_IMG_000277,train/Bracelet/IMG_3126_9944bde7_JPG.rf.8ddb5ac3f89a76d812faa308afb5ec79.jpg,IMG_3126_9944bde7,Bracelet,0,train,dataset1
DS1_IMG_000278,train/Bracelet/IMG_3126_9944bde7_JPG.rf.b8022acf86a572e3d8330712606edf04.jpg,IMG_3126_9944bde7,Bracelet,0,train,dataset1
DS1_IMG_000279,train/Bracelet/IMG_3127_d048e342_JPG.rf.07573edc6c9ae0b422b293e9c8312b9d.jpg,IMG_3127_d048e342,Bracelet,0,train,dataset1
DS1_IMG_000280,train/Bracelet/IMG_3127_d048e342_JPG.rf.9ed79918f00c7f3b50928244af7cb7e3.jpg,IMG_3127_d048e342,Bracelet,0,train,dataset1
DS1_IMG_000281,train/Bracelet/IMG_3127_d048e342_JPG.rf.b163b06b0663dfdef437d7b6d3f37469.jpg,IMG_3127_d048e342,Bracelet,0,train,dataset1
DS1_IMG_000282,train/Bracelet/IMG_3132_77d5cd36_JPG.rf.0ab64c3996178a51416f87cf1a9c37ad.jpg,IMG_3132_77d5cd36,Bracelet,0,train,dataset1
DS1_IMG_000283,train/Bracelet/IMG_3132_77d5cd36_JPG.rf.63f64165047e597baf6cdc9d40210432.jpg,IMG_3132_77d5cd36,Bracelet,0,train,dataset1
DS1_IMG_000284,train/Bracelet/IMG_3132_77d5cd36_JPG.rf.b4b2d631b97c7a1dba80a2945c23e4ab.jpg,IMG_3132_77d5cd36,Bracelet,0,train,dataset1
DS1_IMG_000285,train/Bracelet/IMG_3136_e1214d2d_JPG.rf.0f2e6d22d99b158e84e1fb17df2cdc0c.jpg,IMG_3136_e1214d2d,Bracelet,0,train,dataset1
DS1_IMG_000286,train/Bracelet/IMG_3136_e1214d2d_JPG.rf.43d6eb43a1a65998d0fc4095171fff90.jpg,IMG_3136_e1214d2d,Bracelet,0,train,dataset1
DS1_IMG_000287,train/Bracelet/IMG_3136_e1214d2d_JPG.rf.9f512c12e708f254ea9ec3668d941e43.jpg,IMG_3136_e1214d2d,Bracelet,0,train,dataset1
DS1_IMG_000288,train/Bracelet/IMG_3631_0159dc84_JPG.rf.1a9b33766a0927f4a04ca2d88c321a69.jpg,IMG_3631_0159dc84,Bracelet,0,train,dataset1
DS1_IMG_000289,train/Bracelet/IMG_3631_0159dc84_JPG.rf.1e9a9d427d771402f7e827e68a718752.jpg,IMG_3631_0159dc84,Bracelet,0,train,dataset1
DS1_IMG_000290,train/Bracelet/IMG_3631_0159dc84_JPG.rf.81882c55ff3dc82586b455e1d80102d5.jpg,IMG_3631_0159dc84,Bracelet,0,train,dataset1
DS1_IMG_000291,train/Bracelet/IMG_3633_200c38e4_JPG.rf.7563c0811737fb7c352799abc52a4f69.jpg,IMG_3633_200c38e4,Bracelet,0,train,dataset1
DS1_IMG_000292,train/Bracelet/IMG_3633_200c38e4_JPG.rf.869d99a07d61265081b49aa3eacef544.jpg,IMG_3633_200c38e4,Bracelet,0,train,dataset1
DS1_IMG_000293,train/Bracelet/IMG_3633_200c38e4_JPG.rf.f45c796e8b2e5a170a8e0b21a924c27d.jpg,IMG_3633_200c38e4,Bracelet,0,train,dataset1
DS1_IMG_000294,train/Bracelet/IMG_5992-Copy_JPG.rf.905568845b12c3b6efa98018f6830622.jpg,IMG_5992-Copy,Bracelet,0,train,dataset1
DS1_IMG_000295,train/Bracelet/IMG_5992-Copy_JPG.rf.f62df94fa86a06d23f66e15750f0b48b.jpg,IMG_5992-Copy,Bracelet,0,train,dataset1
DS1_IMG_000296,train/Bracelet/IMG_5993_JPG.rf.1769cea6c753288bda78e2d0743a92d5.jpg,IMG_5993,Bracelet,0,train,dataset1
DS1_IMG_000297,train/Bracelet/IMG_5993_JPG.rf.1e0408411f0b33b1851b3afdb247dea8.jpg,IMG_5993,Bracelet,0,train,dataset1
DS1_IMG_000298,train/Bracelet/IMG_5993_JPG.rf.f685e6ff2f37db0cd53441c5434253d0.jpg,IMG_5993,Bracelet,0,train,dataset1
DS1_IMG_000299,train/Bracelet/Screenshot_20181117-124020_1542547175519_png.rf.28d249d7b4b351028744057f798de075.jpg,Screenshot_20181117-124020_1542547175519,Bracelet,0,train,dataset1
DS1_IMG_000300,train/Bracelet/Screenshot_20181117-124020_1542547175519_png.rf.31924b2842adc31c2c48b78828612c49.jpg,Screenshot_20181117-124020_1542547175519,Bracelet,0,train,dataset1
DS1_IMG_000301,train/Bracelet/Screenshot_20181117-124020_1542547175519_png.rf.5405629f3126da42a2c383f829157f24.jpg,Screenshot_20181117-124020_1542547175519,Bracelet,0,train,dataset1
DS1_IMG_000302,train/Bracelet/Screenshot_20181121-045019_1544080621020_png.rf.4bf174c497b45ad22cb132b35d928185.jpg,Screenshot_20181121-045019_1544080621020,Bracelet,0,train,dataset1
DS1_IMG_000303,train/Bracelet/Screenshot_20181121-045019_1544080621020_png.rf.6295ba0a889ee4e7b6d0898fbb26f456.jpg,Screenshot_20181121-045019_1544080621020,Bracelet,0,train,dataset1
DS1_IMG_000304,train/Bracelet/Screenshot_20181121-045019_1544080621020_png.rf.f9dc079f9985310fb566f58c0b24f972.jpg,Screenshot_20181121-045019_1544080621020,Bracelet,0,train,dataset1
DS1_IMG_000305,train/Bracelet/Screenshot_20181125-115332_1544080274502_png.rf.779a65396909a7d67f440760f01742c3.jpg,Screenshot_20181125-115332_1544080274502,Bracelet,0,train,dataset1
DS1_IMG_000306,train/Bracelet/Screenshot_20181125-115332_1544080274502_png.rf.9a3aad266a400e3bd1b035489ee62144.jpg,Screenshot_20181125-115332_1544080274502,Bracelet,0,train,dataset1
DS1_IMG_000307,train/Bracelet/Screenshot_20181125-115332_1544080274502_png.rf.a2a7d662602526ef39bcd4c32ea1c551.jpg,Screenshot_20181125-115332_1544080274502,Bracelet,0,train,dataset1
DS1_IMG_000308,train/Bracelet/Silver_Turquoise_Arts_Crafts_Bracelet_6_1024x1024_jpg.rf.40f223a99dbf4bdaaca2ac74428eced0.jpg,Silver_Turquoise_Arts_Crafts_Bracelet_6_1024x1024,Bracelet,0,train,dataset1
DS1_IMG_000309,train/Bracelet/Silver_Turquoise_Arts_Crafts_Bracelet_6_1024x1024_jpg.rf.e44c9bb88250c44b0c725f496e36e19c.jpg,Silver_Turquoise_Arts_Crafts_Bracelet_6_1024x1024,Bracelet,0,train,dataset1
DS1_IMG_000310,train/Bracelet/Silver_Turquoise_Arts_Crafts_Bracelet_6_1024x1024_jpg.rf.e6a6be840172b5a9956e18b62f4df409.jpg,Silver_Turquoise_Arts_Crafts_Bracelet_6_1024x1024,Bracelet,0,train,dataset1
DS1_IMG_000311,train/Bracelet/bracelet_002_jpg.rf.6d942a891a03df7bb5151e7de978c554.jpg,bracelet_002,Bracelet,0,train,dataset1
DS1_IMG_000312,train/Bracelet/bracelet_002_jpg.rf.b7eafee396b6b83e987f483a7cea0be7.jpg,bracelet_002,Bracelet,0,train,dataset1
DS1_IMG_000313,train/Bracelet/bracelet_002_jpg.rf.bb9767c387c2d07c6c4d28f34c2b63dc.jpg,bracelet_002,Bracelet,0,train,dataset1
DS1_IMG_000314,train/Bracelet/bracelet_003_jpg.rf.0473459dbcca1933aeac97ded9bd5f10.jpg,bracelet_003,Bracelet,0,train,dataset1
DS1_IMG_000315,train/Bracelet/bracelet_003_jpg.rf.d194ce15f9a3f3590925ff83efe538c5.jpg,bracelet_003,Bracelet,0,train,dataset1
DS1_IMG_000316,train/Bracelet/bracelet_003_jpg.rf.dd5fea7daf674390c7cdfc01aa0b9a07.jpg,bracelet_003,Bracelet,0,train,dataset1
DS1_IMG_000317,train/Bracelet/bracelet_009_jpg.rf.6a3855f515efa9aa91fd56b586b89c84.jpg,bracelet_009,Bracelet,0,train,dataset1
DS1_IMG_000318,train/Bracelet/bracelet_009_jpg.rf.ba457de7829cc7e0afea96b604c48a33.jpg,bracelet_009,Bracelet,0,train,dataset1
DS1_IMG_000319,train/Bracelet/bracelet_009_jpg.rf.eaae92c14c2570f0024246e969d38121.jpg,bracelet_009,Bracelet,0,train,dataset1
DS1_IMG_000320,train/Bracelet/bracelet_012_jpg.rf.2356edf3cc65d2395a5b0e0db2f1debb.jpg,bracelet_012,Bracelet,0,train,dataset1
DS1_IMG_000321,train/Bracelet/bracelet_012_jpg.rf.bfba0fc26cbf4b827c1dc142b71214a1.jpg,bracelet_012,Bracelet,0,train,dataset1
DS1_IMG_000322,train/Bracelet/bracelet_012_jpg.rf.f66bd484afc9be909245ee6d3ea9e8dc.jpg,bracelet_012,Bracelet,0,train,dataset1
DS1_IMG_000323,train/Bracelet/bracelet_013_jpg.rf.33f4cb165bfc640eff529b7bb85dadad.jpg,bracelet_013,Bracelet,0,train,dataset1
DS1_IMG_000324,train/Bracelet/bracelet_013_jpg.rf.43b840137c18566adf2fae2e5436b7e4.jpg,bracelet_013,Bracelet,0,train,dataset1
DS1_IMG_000325,train/Bracelet/bracelet_013_jpg.rf.b381ede975620d3852539fade7649fc5.jpg,bracelet_013,Bracelet,0,train,dataset1
DS1_IMG_000326,train/Bracelet/bracelet_016_jpg.rf.1e659eedc19635680949f85c31701c07.jpg,bracelet_016,Bracelet,0,train,dataset1
DS1_IMG_000327,train/Bracelet/bracelet_016_jpg.rf.a4a8d9608fefcad40d5dac08bbb7b962.jpg,bracelet_016,Bracelet,0,train,dataset1
DS1_IMG_000328,train/Bracelet/bracelet_016_jpg.rf.dda53597319709f131ab58793ea23dea.jpg,bracelet_016,Bracelet,0,train,dataset1
DS1_IMG_000329,train/Bracelet/bracelet_018_jpg.rf.034a8dd70c67cb59ccdcc97144ff1f39.jpg,bracelet_018,Bracelet,0,train,dataset1
DS1_IMG_000330,train/Bracelet/bracelet_018_jpg.rf.e53f6b239aaef632cdef7a4249ef0297.jpg,bracelet_018,Bracelet,0,train,dataset1
DS1_IMG_000331,train/Bracelet/bracelet_018_jpg.rf.f6f2c5a5ffe8921f9c1e41681f901c23.jpg,bracelet_018,Bracelet,0,train,dataset1
DS1_IMG_000332,train/Bracelet/bracelet_019_jpg.rf.34c81f48d0572573280f4ae94c4e9c80.jpg,bracelet_019,Bracelet,0,train,dataset1
DS1_IMG_000333,train/Bracelet/bracelet_019_jpg.rf.94562f880b8155ed4d9810a34b82fc60.jpg,bracelet_019,Bracelet,0,train,dataset1
DS1_IMG_000334,train/Bracelet/bracelet_020_jpg.rf.89f1c434c9511533b27729d00cc8cba3.jpg,bracelet_020,Bracelet,0,train,dataset1
DS1_IMG_000335,train/Bracelet/bracelet_023_jpg.rf.646567e42a4344d47ae72767f25c4730.jpg,bracelet_023,Bracelet,0,train,dataset1
DS1_IMG_000336,train/Bracelet/bracelet_023_jpg.rf.680b30196d8ecb95b8ffa26869885fec.jpg,bracelet_023,Bracelet,0,train,dataset1
DS1_IMG_000337,train/Bracelet/bracelet_023_jpg.rf.744bc1c59afb13db9f319c5f693020ad.jpg,bracelet_023,Bracelet,0,train,dataset1
DS1_IMG_000338,train/Bracelet/bracelet_024_jpg.rf.5abd0c3a329a97a4660728e6a0fb27ed.jpg,bracelet_024,Bracelet,0,train,dataset1
DS1_IMG_000339,train/Bracelet/bracelet_029_jpg.rf.5358a89a4a9029977818ce9d561cd556.jpg,bracelet_029,Bracelet,0,train,dataset1
DS1_IMG_000340,train/Bracelet/bracelet_029_jpg.rf.86cc3a1219a4db6195d32a104d88a335.jpg,bracelet_029,Bracelet,0,train,dataset1
DS1_IMG_000341,train/Bracelet/bracelet_029_jpg.rf.b3e8b87ec0ff5ba48f7eb07b43a00d39.jpg,bracelet_029,Bracelet,0,train,dataset1
DS1_IMG_000342,train/Bracelet/bracelet_030_jpg.rf.60a8216585c2eec5f5030842fdfb9125.jpg,bracelet_030,Bracelet,0,train,dataset1
DS1_IMG_000343,train/Bracelet/bracelet_030_jpg.rf.fdffa91a6d22e973bc43a6e2535e3bef.jpg,bracelet_030,Bracelet,0,train,dataset1
DS1_IMG_000344,train/Bracelet/bracelet_031_jpg.rf.125f4c2901ce11d497dfe188b7f72231.jpg,bracelet_031,Bracelet,0,train,dataset1
DS1_IMG_000345,train/Bracelet/bracelet_031_jpg.rf.bafc1edc4254fef5ed1d221fd6df6925.jpg,bracelet_031,Bracelet,0,train,dataset1
DS1_IMG_000346,train/Bracelet/bracelet_031_jpg.rf.c2cbe21f7c66633eb40f6a0f3fbd5ee0.jpg,bracelet_031,Bracelet,0,train,dataset1
DS1_IMG_000347,train/Bracelet/bracelet_032_jpg.rf.022bf18c83e9e359dd3c81e14847db0a.jpg,bracelet_032,Bracelet,0,train,dataset1
DS1_IMG_000348,train/Bracelet/bracelet_032_jpg.rf.82e3baa73837c0914cc613d068961d8b.jpg,bracelet_032,Bracelet,0,train,dataset1
DS1_IMG_000349,train/Bracelet/bracelet_032_jpg.rf.87967bc89467891a0d25896156a36585.jpg,bracelet_032,Bracelet,0,train,dataset1
DS1_IMG_000350,train/Bracelet/bracelet_033_jpg.rf.29bf41f6a310cdcd73609b702b895cda.jpg,bracelet_033,Bracelet,0,train,dataset1
DS1_IMG_000351,train/Bracelet/bracelet_033_jpg.rf.2b553afc7c3f54da4b63d0e862bc3c76.jpg,bracelet_033,Bracelet,0,train,dataset1
DS1_IMG_000352,train/Bracelet/bracelet_033_jpg.rf.5defd22983671d00d90742b9df65fd28.jpg,bracelet_033,Bracelet,0,train,dataset1
DS1_IMG_000353,train/Bracelet/bracelet_035_jpg.rf.1b47b1374e2cda35c8846e983ee35e10.jpg,bracelet_035,Bracelet,0,train,dataset1
DS1_IMG_000354,train/Bracelet/bracelet_035_jpg.rf.b46a0e5b2cb5328d98bcfcfad4a4444f.jpg,bracelet_035,Bracelet,0,train,dataset1
DS1_IMG_000355,train/Bracelet/bracelet_035_jpg.rf.bf94e07ec7f1e7407ab1214dbca261b5.jpg,bracelet_035,Bracelet,0,train,dataset1
DS1_IMG_000356,train/Bracelet/bracelet_036_jpg.rf.94a655d9d382462f86087cb95139d3a0.jpg,bracelet_036,Bracelet,0,train,dataset1
DS1_IMG_000357,train/Bracelet/bracelet_036_jpg.rf.9ca425310056162977185ccce91ade94.jpg,bracelet_036,Bracelet,0,train,dataset1
DS1_IMG_000358,train/Bracelet/bracelet_036_jpg.rf.c611232e957bdb4508319988285623d1.jpg,bracelet_036,Bracelet,0,train,dataset1
DS1_IMG_000359,train/Bracelet/bracelet_037_jpg.rf.3180f1f541597a25ee36eab6e901f97e.jpg,bracelet_037,Bracelet,0,train,dataset1
DS1_IMG_000360,train/Bracelet/bracelet_037_jpg.rf.e6449347a5ba59598ea043d221aea8cd.jpg,bracelet_037,Bracelet,0,train,dataset1
DS1_IMG_000361,train/Bracelet/bracelet_038_jpg.rf.169ca327738ebfae8fe157ded112f3bb.jpg,bracelet_038,Bracelet,0,train,dataset1
DS1_IMG_000362,train/Bracelet/bracelet_038_jpg.rf.5748ed2f900f104a0227954dd9d971e9.jpg,bracelet_038,Bracelet,0,train,dataset1
DS1_IMG_000363,train/Bracelet/bracelet_039_jpg.rf.0279e8097891db55b635f4692e3ed30a.jpg,bracelet_039,Bracelet,0,train,dataset1
DS1_IMG_000364,train/Bracelet/bracelet_039_jpg.rf.232360eb73c967967f10ffcab9aae116.jpg,bracelet_039,Bracelet,0,train,dataset1
DS1_IMG_000365,train/Bracelet/bracelet_039_jpg.rf.740bb72caabbd21edf3bb263d12d4d18.jpg,bracelet_039,Bracelet,0,train,dataset1
DS1_IMG_000366,train/Bracelet/bracelet_040_jpg.rf.51379d15bab444132eb552823c1a9662.jpg,bracelet_040,Bracelet,0,train,dataset1
DS1_IMG_000367,train/Bracelet/bracelet_040_jpg.rf.54d674540ff35530ae64dba2e499703d.jpg,bracelet_040,Bracelet,0,train,dataset1
DS1_IMG_000368,train/Bracelet/bracelet_040_jpg.rf.7dbdc0ea4a84d51ec3fa605c4c955e4a.jpg,bracelet_040,Bracelet,0,train,dataset1
DS1_IMG_000369,train/Bracelet/bracelet_044_jpg.rf.22cfb81b7bb619561a97e204d5424384.jpg,bracelet_044,Bracelet,0,train,dataset1
DS1_IMG_000370,train/Bracelet/bracelet_044_jpg.rf.ac3c3b44fc9fd6080f5fa0cb747fb4b0.jpg,bracelet_044,Bracelet,0,train,dataset1
DS1_IMG_000371,train/Bracelet/bracelet_044_jpg.rf.b209ddf136c1d88ba4bf813d7fa49e41.jpg,bracelet_044,Bracelet,0,train,dataset1
DS1_IMG_000372,train/Bracelet/bracelet_045_jpg.rf.2ea9b036f6eb56be9701d1bbcfd6d677.jpg,bracelet_045,Bracelet,0,train,dataset1
DS1_IMG_000373,train/Bracelet/bracelet_045_jpg.rf.741fd9fc25689b4e36ddcb5557818e9a.jpg,bracelet_045,Bracelet,0,train,dataset1
DS1_IMG_000374,train/Bracelet/bracelet_045_jpg.rf.fccd427fad5162cef4d953ceb3811854.jpg,bracelet_045,Bracelet,0,train,dataset1
DS1_IMG_000375,train/Bracelet/bracelet_046_jpg.rf.49bf9df9869d79d55d2d7d153f54b67e.jpg,bracelet_046,Bracelet,0,train,dataset1
DS1_IMG_000376,train/Bracelet/bracelet_046_jpg.rf.585135c0e972471c70d615ea2aee368c.jpg,bracelet_046,Bracelet,0,train,dataset1
DS1_IMG_000377,train/Bracelet/bracelet_046_jpg.rf.60c31c9dd60aeaa009e61306616c33b7.jpg,bracelet_046,Bracelet,0,train,dataset1
DS1_IMG_000378,train/Bracelet/bracelet_048_jpg.rf.4ff14565db0f54dbd1f8bbfc603ace66.jpg,bracelet_048,Bracelet,0,train,dataset1
DS1_IMG_000379,train/Bracelet/bracelet_048_jpg.rf.9ca465a32fbb0859c3177e10b15af665.jpg,bracelet_048,Bracelet,0,train,dataset1
DS1_IMG_000380,train/Bracelet/bracelet_048_jpg.rf.cfda510328a5af23a5bb48ab86db5649.jpg,bracelet_048,Bracelet,0,train,dataset1
DS1_IMG_000381,train/Bracelet/bracelet_049_jpg.rf.5957da220e49f7eee6f8814b86769e47.jpg,bracelet_049,Bracelet,0,train,dataset1
DS1_IMG_000382,train/Bracelet/bracelet_049_jpg.rf.b35634a0b04815e5ae337fd44113bdc9.jpg,bracelet_049,Bracelet,0,train,dataset1
DS1_IMG_000383,train/Bracelet/bracelet_049_jpg.rf.dd8c5905d35de5a5471bb33deacecec9.jpg,bracelet_049,Bracelet,0,train,dataset1
DS1_IMG_000384,train/Bracelet/bracelet_051_jpg.rf.4c9e3f6a37fd3e37618d866337ee7290.jpg,bracelet_051,Bracelet,0,train,dataset1
DS1_IMG_000385,train/Bracelet/bracelet_051_jpg.rf.a3fb56052e03cc79d2361990228b7cb9.jpg,bracelet_051,Bracelet,0,train,dataset1
DS1_IMG_000386,train/Bracelet/bracelet_051_jpg.rf.efa98f3905b19c1337ef198991bb6277.jpg,bracelet_051,Bracelet,0,train,dataset1
DS1_IMG_000387,train/Bracelet/bracelet_054_jpg.rf.3d85e67ffefc4c98681acfe60c7ab812.jpg,bracelet_054,Bracelet,0,train,dataset1
DS1_IMG_000388,train/Bracelet/bracelet_054_jpg.rf.8891d5c2a325acb3bcf342cf5feecb2f.jpg,bracelet_054,Bracelet,0,train,dataset1
DS1_IMG_000389,train/Bracelet/bracelet_054_jpg.rf.f661abc859147a5346a432c734a4b668.jpg,bracelet_054,Bracelet,0,train,dataset1
DS1_IMG_000390,train/Bracelet/bracelet_057_jpg.rf.129dbeeb9f8e3ed87ee8c2cec6dd5d8c.jpg,bracelet_057,Bracelet,0,train,dataset1
DS1_IMG_000391,train/Bracelet/bracelet_057_jpg.rf.157f8bb1314f6991f3a62dfcd20330fc.jpg,bracelet_057,Bracelet,0,train,dataset1
DS1_IMG_000392,train/Bracelet/bracelet_057_jpg.rf.df6403c437b2b7d4a3a1c4ecb99b15c4.jpg,bracelet_057,Bracelet,0,train,dataset1
DS1_IMG_000393,train/Bracelet/bracelet_059_jpg.rf.1e4ab5746fe2ffec1b765857dc8d1fee.jpg,bracelet_059,Bracelet,0,train,dataset1
DS1_IMG_000394,train/Bracelet/bracelet_059_jpg.rf.c4a8de10ac9cf747fa38285ec89d6eae.jpg,bracelet_059,Bracelet,0,train,dataset1
DS1_IMG_000395,train/Bracelet/bracelet_059_jpg.rf.d671d4417c2e7dae530d9fefaab72973.jpg,bracelet_059,Bracelet,0,train,dataset1
DS1_IMG_000396,train/Bracelet/bracelet_061_jpg.rf.5b20c3def68aeffdc39e3ccb6d9a9041.jpg,bracelet_061,Bracelet,0,train,dataset1
DS1_IMG_000397,train/Bracelet/bracelet_061_jpg.rf.6f048deceac7de924066ba3ebc7392fb.jpg,bracelet_061,Bracelet,0,train,dataset1
DS1_IMG_000398,train/Bracelet/bracelet_061_jpg.rf.9bba41068c6eea2f760a9b1966f5cd48.jpg,bracelet_061,Bracelet,0,train,dataset1
DS1_IMG_000399,train/Bracelet/bracelet_062_jpg.rf.36761c3244dfcea0c5d65d175dcc1e99.jpg,bracelet_062,Bracelet,0,train,dataset1
DS1_IMG_000400,train/Bracelet/bracelet_062_jpg.rf.7593a9ce0d8aa5b7c30ef5c4137eaa8e.jpg,bracelet_062,Bracelet,0,train,dataset1
DS1_IMG_000401,train/Bracelet/bracelet_062_jpg.rf.8940de188c434febf04312d59030225a.jpg,bracelet_062,Bracelet,0,train,dataset1
DS1_IMG_000402,train/Bracelet/bracelet_063_jpg.rf.3555aead6ce41cd16f34010174c5cd2f.jpg,bracelet_063,Bracelet,0,train,dataset1
DS1_IMG_000403,train/Bracelet/bracelet_063_jpg.rf.6ca34bcafdab54934606b8e067153303.jpg,bracelet_063,Bracelet,0,train,dataset1
DS1_IMG_000404,train/Bracelet/bracelet_063_jpg.rf.7df136f831ed81d92c28054a6987899d.jpg,bracelet_063,Bracelet,0,train,dataset1
DS1_IMG_000405,train/Bracelet/bracelet_064_jpg.rf.53fd0248b51f5c8c279f4cde303e6cd7.jpg,bracelet_064,Bracelet,0,train,dataset1
DS1_IMG_000406,train/Bracelet/bracelet_064_jpg.rf.6dbdd9c070a0073af3bee94cd1104806.jpg,bracelet_064,Bracelet,0,train,dataset1
DS1_IMG_000407,train/Bracelet/bracelet_064_jpg.rf.e044881fff6d07fa48c7e37c59545662.jpg,bracelet_064,Bracelet,0,train,dataset1
DS1_IMG_000408,train/Bracelet/bracelet_067_jpg.rf.3b79a36e17574b91e101b49acc5ef767.jpg,bracelet_067,Bracelet,0,train,dataset1
DS1_IMG_000409,train/Bracelet/bracelet_067_jpg.rf.553f284ef84023111712c5a61cd50029.jpg,bracelet_067,Bracelet,0,train,dataset1
DS1_IMG_000410,train/Bracelet/bracelet_067_jpg.rf.7ef82340dcf65acde32fb4e562fb9f89.jpg,bracelet_067,Bracelet,0,train,dataset1
DS1_IMG_000411,train/Bracelet/bracelet_073_jpg.rf.14aa628609179d34ce19677d0a90b892.jpg,bracelet_073,Bracelet,0,train,dataset1
DS1_IMG_000412,train/Bracelet/bracelet_073_jpg.rf.88c94da8e77630b146f11c340615b223.jpg,bracelet_073,Bracelet,0,train,dataset1
DS1_IMG_000413,train/Bracelet/bracelet_073_jpg.rf.fe544266b096cff83555cc7dc0bc789a.jpg,bracelet_073,Bracelet,0,train,dataset1
DS1_IMG_000414,train/Bracelet/bracelet_075_jpg.rf.61120a41eacf76bf7e05dd3e8bad646c.jpg,bracelet_075,Bracelet,0,train,dataset1
DS1_IMG_000415,train/Bracelet/bracelet_075_jpg.rf.c73474e320119575fbc65726ab532275.jpg,bracelet_075,Bracelet,0,train,dataset1
DS1_IMG_000416,train/Bracelet/bracelet_077_jpg.rf.1cdaa293c5ac17958c729052552449bd.jpg,bracelet_077,Bracelet,0,train,dataset1
DS1_IMG_000417,train/Bracelet/bracelet_077_jpg.rf.c0d5d08aa6c115a511bcbe84e8dcf08e.jpg,bracelet_077,Bracelet,0,train,dataset1
DS1_IMG_000418,train/Bracelet/bracelet_077_jpg.rf.f39474f357f53d56bfe741579870afb4.jpg,bracelet_077,Bracelet,0,train,dataset1
DS1_IMG_000419,train/Bracelet/bracelet_078_jpg.rf.680848745cf6d31907d013727e2bfecf.jpg,bracelet_078,Bracelet,0,train,dataset1
DS1_IMG_000420,train/Bracelet/bracelet_078_jpg.rf.ade99f96e613c5e8d81d845b36f8a099.jpg,bracelet_078,Bracelet,0,train,dataset1
DS1_IMG_000421,train/Bracelet/bracelet_078_jpg.rf.f87f276bfb958e90df410b39120e64b9.jpg,bracelet_078,Bracelet,0,train,dataset1
DS1_IMG_000422,train/Bracelet/bracelet_079_jpg.rf.88f3f8c8f913ac624311c098f92b95c6.jpg,bracelet_079,Bracelet,0,train,dataset1
DS1_IMG_000423,train/Bracelet/bracelet_079_jpg.rf.a592b2eacb10547734e4c1bd43e7835c.jpg,bracelet_079,Bracelet,0,train,dataset1
DS1_IMG_000424,train/Bracelet/bracelet_079_jpg.rf.d39fe6094bac006f37f95ab50e20eebf.jpg,bracelet_079,Bracelet,0,train,dataset1
DS1_IMG_000425,train/Bracelet/bracelet_082_jpg.rf.cad1b18c32dfc94ffff126f9e2d339bc.jpg,bracelet_082,Bracelet,0,train,dataset1
DS1_IMG_000426,train/Bracelet/bracelet_082_jpg.rf.ddb825be65a28575fdd03b34140dbe91.jpg,bracelet_082,Bracelet,0,train,dataset1
DS1_IMG_000427,train/Bracelet/bracelet_083_jpg.rf.6d593f9dabbce040307a8ff63afe40c7.jpg,bracelet_083,Bracelet,0,train,dataset1
DS1_IMG_000428,train/Bracelet/bracelet_083_jpg.rf.7491871e34febda15b2aa3dd9ad8a11e.jpg,bracelet_083,Bracelet,0,train,dataset1
DS1_IMG_000429,train/Bracelet/bracelet_083_jpg.rf.cef78c1b4eee24f4f9c6cff1d9f46df6.jpg,bracelet_083,Bracelet,0,train,dataset1
DS1_IMG_000430,train/Bracelet/bracelet_084_jpg.rf.0021d1e6ba21900567a084b4c644052c.jpg,bracelet_084,Bracelet,0,train,dataset1
DS1_IMG_000431,train/Bracelet/bracelet_084_jpg.rf.182b7b4d0c52ce63abae748a8b88e5b8.jpg,bracelet_084,Bracelet,0,train,dataset1
DS1_IMG_000432,train/Bracelet/bracelet_084_jpg.rf.ddd5f5634efb011e2bf1aaf7ed7a72f3.jpg,bracelet_084,Bracelet,0,train,dataset1
DS1_IMG_000433,train/Bracelet/bracelet_086_jpg.rf.28154795b5a3f81e8e5ca55407679cc2.jpg,bracelet_086,Bracelet,0,train,dataset1
DS1_IMG_000434,train/Bracelet/bracelet_086_jpg.rf.287d0f8251ff344a181f6f4fb11683e7.jpg,bracelet_086,Bracelet,0,train,dataset1
DS1_IMG_000435,train/Bracelet/bracelet_087_jpg.rf.2a6667fe8abf281e7e7fa1982d424abd.jpg,bracelet_087,Bracelet,0,train,dataset1
DS1_IMG_000436,train/Bracelet/bracelet_087_jpg.rf.3f6f2c7cbcf5f1e9f4a82a5075bcc741.jpg,bracelet_087,Bracelet,0,train,dataset1
DS1_IMG_000437,train/Bracelet/bracelet_087_jpg.rf.9717fda6362904daec48a4f090c95cbc.jpg,bracelet_087,Bracelet,0,train,dataset1
DS1_IMG_000438,train/Bracelet/bracelet_088_jpg.rf.8bffc6a758caac3ed0d51fbe75366749.jpg,bracelet_088,Bracelet,0,train,dataset1
DS1_IMG_000439,train/Bracelet/bracelet_088_jpg.rf.9c36332d283bb1e9a45a28c81aae96fb.jpg,bracelet_088,Bracelet,0,train,dataset1
DS1_IMG_000440,train/Bracelet/bracelet_088_jpg.rf.c88fb66a1c1943fa94d2cbab2590facb.jpg,bracelet_088,Bracelet,0,train,dataset1
DS1_IMG_000441,train/Bracelet/bracelet_093_jpg.rf.529eb36b4b1e627d029e74a85b25c6b6.jpg,bracelet_093,Bracelet,0,train,dataset1
DS1_IMG_000442,train/Bracelet/bracelet_093_jpg.rf.a854caba8d021fcd1a3569d29fe47898.jpg,bracelet_093,Bracelet,0,train,dataset1
DS1_IMG_000443,train/Bracelet/bracelet_093_jpg.rf.fc812bfdc0dc1659148c20db85839dc8.jpg,bracelet_093,Bracelet,0,train,dataset1
DS1_IMG_000444,train/Bracelet/bracelet_095_jpg.rf.a521c87350a21adae0b14cc2b9d63dc8.jpg,bracelet_095,Bracelet,0,train,dataset1
DS1_IMG_000445,train/Bracelet/bracelet_095_jpg.rf.e313931d104025d0ad5bf08ab950eb1a.jpg,bracelet_095,Bracelet,0,train,dataset1
DS1_IMG_000446,train/Bracelet/bracelet_095_jpg.rf.fb2f579343dc6a9a0aaff47264b64c03.jpg,bracelet_095,Bracelet,0,train,dataset1
DS1_IMG_000447,train/Bracelet/bracelet_096_jpg.rf.8323ac5c0f08c6ec83da7a86931c71d3.jpg,bracelet_096,Bracelet,0,train,dataset1
DS1_IMG_000448,train/Bracelet/bracelet_096_jpg.rf.c376bd764b6b31fcc282077bbb0ef50c.jpg,bracelet_096,Bracelet,0,train,dataset1
DS1_IMG_000449,train/Bracelet/bracelet_098_jpg.rf.29b5a1dc752a7b111e7080aec6ee17a3.jpg,bracelet_098,Bracelet,0,train,dataset1
DS1_IMG_000450,train/Bracelet/bracelet_098_jpg.rf.74fae07fb16a1f22f2f154f48cf9ce09.jpg,bracelet_098,Bracelet,0,train,dataset1
DS1_IMG_000451,train/Bracelet/bracelet_100_jpg.rf.17c767e01c80d0b8d4277858f5b7c9c1.jpg,bracelet_100,Bracelet,0,train,dataset1
DS1_IMG_000452,train/Bracelet/bracelet_100_jpg.rf.5dff56ff4234d2762d0378780fd52c11.jpg,bracelet_100,Bracelet,0,train,dataset1
DS1_IMG_000453,train/Bracelet/bracelet_100_jpg.rf.9cbb41a59fccb15c9743ceb89e5e873d.jpg,bracelet_100,Bracelet,0,train,dataset1
DS1_IMG_000454,train/Bracelet/bracelet_102_jpg.rf.1488ce1e6396f9535ff13f0467d4093a.jpg,bracelet_102,Bracelet,0,train,dataset1
DS1_IMG_000455,train/Bracelet/bracelet_102_jpg.rf.506112b3f11362a946914750d1a4c181.jpg,bracelet_102,Bracelet,0,train,dataset1
DS1_IMG_000456,train/Bracelet/bracelet_102_jpg.rf.fa31d36071558fa9ed73f8ed58fbf2c1.jpg,bracelet_102,Bracelet,0,train,dataset1
DS1_IMG_000457,train/Bracelet/bracelet_103_jpg.rf.2950f65ea98f6a217396a705bbe6466e.jpg,bracelet_103,Bracelet,0,train,dataset1
DS1_IMG_000458,train/Bracelet/bracelet_103_jpg.rf.a1db0441495fca93603f46702736fb0f.jpg,bracelet_103,Bracelet,0,train,dataset1
DS1_IMG_000459,train/Bracelet/bracelet_103_jpg.rf.fb47c23772bd4a386c63432e89abb345.jpg,bracelet_103,Bracelet,0,train,dataset1
DS1_IMG_000460,train/Bracelet/bracelet_105_jpg.rf.4ea2012cd6c00562f4ee1c626fb2c8a2.jpg,bracelet_105,Bracelet,0,train,dataset1
DS1_IMG_000461,train/Bracelet/bracelet_105_jpg.rf.cee152acd799a3c0ff4d2648c1e034a0.jpg,bracelet_105,Bracelet,0,train,dataset1
DS1_IMG_000462,train/Bracelet/bracelet_105_jpg.rf.edbb8397a9c62ecb5404c8dc3c178fec.jpg,bracelet_105,Bracelet,0,train,dataset1
DS1_IMG_000463,train/Bracelet/bracelet_107_jpg.rf.5756f54a554dc97b70f5345de525c5b3.jpg,bracelet_107,Bracelet,0,train,dataset1
DS1_IMG_000464,train/Bracelet/bracelet_107_jpg.rf.8c5461e7dc9f2ee02bbe332ba3462dae.jpg,bracelet_107,Bracelet,0,train,dataset1
DS1_IMG_000465,train/Bracelet/bracelet_107_jpg.rf.da55e6898688e84c99371bc01b186473.jpg,bracelet_107,Bracelet,0,train,dataset1
DS1_IMG_000466,train/Bracelet/bracelet_108_jpg.rf.279c893d1db34e3b6ef42b6faedf6484.jpg,bracelet_108,Bracelet,0,train,dataset1
DS1_IMG_000467,train/Bracelet/bracelet_108_jpg.rf.332f9becc03cc1f963a1d8219be5d0cd.jpg,bracelet_108,Bracelet,0,train,dataset1
DS1_IMG_000468,train/Bracelet/bracelet_108_jpg.rf.7825f26c052a8a6491fa82477b891b5f.jpg,bracelet_108,Bracelet,0,train,dataset1
DS1_IMG_000469,train/Bracelet/bracelet_109_jpg.rf.02284923552e4af5a9e7e2a6e7799804.jpg,bracelet_109,Bracelet,0,train,dataset1
DS1_IMG_000470,train/Bracelet/bracelet_109_jpg.rf.42cb6969a989f0bf329954c5cedf329e.jpg,bracelet_109,Bracelet,0,train,dataset1
DS1_IMG_000471,train/Bracelet/bracelet_109_jpg.rf.b507945f3fdeee99fcf831dd024b4b94.jpg,bracelet_109,Bracelet,0,train,dataset1
DS1_IMG_000472,train/Bracelet/bracelet_110_jpg.rf.b986f075033e36a4b9e38fc1f2ba148c.jpg,bracelet_110,Bracelet,0,train,dataset1
DS1_IMG_000473,train/Bracelet/bracelet_110_jpg.rf.e8ac400553558473dee6f4522aeea4e2.jpg,bracelet_110,Bracelet,0,train,dataset1
DS1_IMG_000474,train/Bracelet/bracelet_110_jpg.rf.e9862aeacac83e9a157823a32e92ff07.jpg,bracelet_110,Bracelet,0,train,dataset1
DS1_IMG_000475,train/Bracelet/bracelet_111_jpg.rf.44c0c260e7d0ef9e46271f6880d88c44.jpg,bracelet_111,Bracelet,0,train,dataset1
DS1_IMG_000476,train/Bracelet/bracelet_111_jpg.rf.7027d4175d8dc04f728795948091d592.jpg,bracelet_111,Bracelet,0,train,dataset1
DS1_IMG_000477,train/Bracelet/bracelet_111_jpg.rf.789208b3771dd26cb3668d5069d8d2c1.jpg,bracelet_111,Bracelet,0,train,dataset1
DS1_IMG_000478,train/Bracelet/bracelet_112_jpg.rf.19106390df4024bb9c0277af498988f2.jpg,bracelet_112,Bracelet,0,train,dataset1
DS1_IMG_000479,train/Bracelet/bracelet_112_jpg.rf.c8e32cd24246a4d23496f58c63b5c45c.jpg,bracelet_112,Bracelet,0,train,dataset1
DS1_IMG_000480,train/Bracelet/bracelet_113_jpg.rf.87e5434b251c54421782f293e3eee2d4.jpg,bracelet_113,Bracelet,0,train,dataset1
DS1_IMG_000481,train/Bracelet/bracelet_113_jpg.rf.b4c60cab0d7abd71b346f5eb4c1f2ba5.jpg,bracelet_113,Bracelet,0,train,dataset1
DS1_IMG_000482,train/Bracelet/bracelet_113_jpg.rf.f3126e6ef684808f5a034da26a711293.jpg,bracelet_113,Bracelet,0,train,dataset1
DS1_IMG_000483,train/Bracelet/bracelet_117_jpg.rf.2597b481035456cc96a7cd9d71e71607.jpg,bracelet_117,Bracelet,0,train,dataset1
DS1_IMG_000484,train/Bracelet/bracelet_117_jpg.rf.aac69ae0477bd955711778c7bf12c467.jpg,bracelet_117,Bracelet,0,train,dataset1
DS1_IMG_000485,train/Bracelet/bracelet_117_jpg.rf.ce02a3c15ca5d5e0f3404fb528f9e392.jpg,bracelet_117,Bracelet,0,train,dataset1
DS1_IMG_000486,train/Bracelet/bracelet_118_jpg.rf.54aac7ee6a90af36aa0c70cb072fae19.jpg,bracelet_118,Bracelet,0,train,dataset1
DS1_IMG_000487,train/Bracelet/bracelet_118_jpg.rf.6a13e1680a9d3e700554b13e15d8e132.jpg,bracelet_118,Bracelet,0,train,dataset1
DS1_IMG_000488,train/Bracelet/bracelet_118_jpg.rf.9cec66cadbb8a073c6211fd5175bbb8a.jpg,bracelet_118,Bracelet,0,train,dataset1
DS1_IMG_000489,train/Bracelet/bracelet_119_jpg.rf.256b709708c55f729094dd060b2a421c.jpg,bracelet_119,Bracelet,0,train,dataset1
DS1_IMG_000490,train/Bracelet/bracelet_119_jpg.rf.73303a49b143a41081c30241d6a4dc3e.jpg,bracelet_119,Bracelet,0,train,dataset1
DS1_IMG_000491,train/Bracelet/bracelet_121_jpg.rf.0ba04c7637c3b4209236bbca677c4ca7.jpg,bracelet_121,Bracelet,0,train,dataset1
DS1_IMG_000492,train/Bracelet/bracelet_121_jpg.rf.cb223e723f210b8ec9e8ee3251084976.jpg,bracelet_121,Bracelet,0,train,dataset1
DS1_IMG_000493,train/Bracelet/bracelet_121_jpg.rf.fcb152c95af89607b0f9a662017506a0.jpg,bracelet_121,Bracelet,0,train,dataset1
DS1_IMG_000494,train/Bracelet/bracelet_122_jpg.rf.090d81400896a812e5d631c1e5b26279.jpg,bracelet_122,Bracelet,0,train,dataset1
DS1_IMG_000495,train/Bracelet/bracelet_122_jpg.rf.f5f9ce660d4ecdcec0e978d14515ca5d.jpg,bracelet_122,Bracelet,0,train,dataset1
DS1_IMG_000496,train/Bracelet/bracelet_123_jpg.rf.4accb77d84554be920c87cabc2be6311.jpg,bracelet_123,Bracelet,0,train,dataset1
DS1_IMG_000497,train/Bracelet/bracelet_123_jpg.rf.a23896f833b1b793539ecc9a7d7aabb1.jpg,bracelet_123,Bracelet,0,train,dataset1
DS1_IMG_000498,train/Bracelet/bracelet_123_jpg.rf.c51ab50f7946e126cac733e6d4c65f43.jpg,bracelet_123,Bracelet,0,train,dataset1
DS1_IMG_000499,train/Bracelet/bracelet_124_jpg.rf.02c135ca7fa8a4555e5c28c53afbdaff.jpg,bracelet_124,Bracelet,0,train,dataset1
DS1_IMG_000500,train/Bracelet/bracelet_124_jpg.rf.6c2518fbdaf1e499990a106516d565f6.jpg,bracelet_124,Bracelet,0,train,dataset1
DS1_IMG_000501,train/Bracelet/bracelet_124_jpg.rf.8646fcb53dfeba5ddaf0e31d4723a07e.jpg,bracelet_124,Bracelet,0,train,dataset1
DS1_IMG_000502,train/Bracelet/bracelet_126_jpg.rf.1802f53abaf718433725c87baa25bceb.jpg,bracelet_126,Bracelet,0,train,dataset1
DS1_IMG_000503,train/Bracelet/bracelet_126_jpg.rf.534db658eb08abe5014884c7f39c847f.jpg,bracelet_126,Bracelet,0,train,dataset1
DS1_IMG_000504,train/Bracelet/bracelet_126_jpg.rf.714a5dd62e851c4a7a4ee92b90e2bcea.jpg,bracelet_126,Bracelet,0,train,dataset1
DS1_IMG_000505,train/Bracelet/bracelet_129_jpg.rf.15156ebb205b3d8ccf6686775109b560.jpg,bracelet_129,Bracelet,0,train,dataset1
DS1_IMG_000506,train/Bracelet/bracelet_129_jpg.rf.22f8c3cc67232e3c8ae0fe541352894f.jpg,bracelet_129,Bracelet,0,train,dataset1
DS1_IMG_000507,train/Bracelet/bracelet_129_jpg.rf.572b881f142e741f63bd19b5484b6c07.jpg,bracelet_129,Bracelet,0,train,dataset1
DS1_IMG_000508,train/Bracelet/bracelet_130_jpg.rf.6bad6ab19b9a688a5d06d4186dfb74b2.jpg,bracelet_130,Bracelet,0,train,dataset1
DS1_IMG_000509,train/Bracelet/bracelet_130_jpg.rf.f87b6b21f9cbaa75b1e1017282450b6b.jpg,bracelet_130,Bracelet,0,train,dataset1
DS1_IMG_000510,train/Bracelet/bracelet_131_jpg.rf.220c9fa52760815dd55472f709a14283.jpg,bracelet_131,Bracelet,0,train,dataset1
DS1_IMG_000511,train/Bracelet/bracelet_131_jpg.rf.75a68bd655e0bd9d50de08caf442d817.jpg,bracelet_131,Bracelet,0,train,dataset1
DS1_IMG_000512,train/Bracelet/bracelet_131_jpg.rf.bed356592d07bf4caa07802135792189.jpg,bracelet_131,Bracelet,0,train,dataset1
DS1_IMG_000513,train/Bracelet/bracelet_134_jpg.rf.28fa40f819f3ea8d4bd107bc7ddaad5b.jpg,bracelet_134,Bracelet,0,train,dataset1
DS1_IMG_000514,train/Bracelet/bracelet_134_jpg.rf.a2787acbf483e60184184d933d58187b.jpg,bracelet_134,Bracelet,0,train,dataset1
DS1_IMG_000515,train/Bracelet/bracelet_135_jpg.rf.04fc3b7e803b1a9caa8f076e5c89c941.jpg,bracelet_135,Bracelet,0,train,dataset1
DS1_IMG_000516,train/Bracelet/bracelet_135_jpg.rf.9dad19ff3a5112607cdc309cc9331b68.jpg,bracelet_135,Bracelet,0,train,dataset1
DS1_IMG_000517,train/Bracelet/bracelet_141_jpg.rf.0666480d0c626a8ee9c5a8b3585ebfc3.jpg,bracelet_141,Bracelet,0,train,dataset1
DS1_IMG_000518,train/Bracelet/bracelet_141_jpg.rf.397b66219893631dd6b410b07212c822.jpg,bracelet_141,Bracelet,0,train,dataset1
DS1_IMG_000519,train/Bracelet/bracelet_141_jpg.rf.d472658db51b83e688274c28fb6d2660.jpg,bracelet_141,Bracelet,0,train,dataset1
DS1_IMG_000520,train/Bracelet/bracelet_143_jpg.rf.1ceb58476a0b36657206c60f08088edb.jpg,bracelet_143,Bracelet,0,train,dataset1
DS1_IMG_000521,train/Bracelet/bracelet_143_jpg.rf.bec5e69c88bd4101fd000e5c58367946.jpg,bracelet_143,Bracelet,0,train,dataset1
DS1_IMG_000522,train/Bracelet/bracelet_143_jpg.rf.dbc3d658c80fa0d1741b58671d9518cc.jpg,bracelet_143,Bracelet,0,train,dataset1
DS1_IMG_000523,train/Bracelet/bracelet_144_jpg.rf.6420b3b47808ea60789a5cf40032f42d.jpg,bracelet_144,Bracelet,0,train,dataset1
DS1_IMG_000524,train/Bracelet/bracelet_144_jpg.rf.76dc4e2e21e7daf191103e0a1d785fa2.jpg,bracelet_144,Bracelet,0,train,dataset1
DS1_IMG_000525,train/Bracelet/bracelet_144_jpg.rf.d3b47387fbd6be05a46b1f3ae741c013.jpg,bracelet_144,Bracelet,0,train,dataset1
DS1_IMG_000526,train/Bracelet/bracelet_146_jpg.rf.4192b5d77309a631d9cfa8b2d051ae5a.jpg,bracelet_146,Bracelet,0,train,dataset1
DS1_IMG_000527,train/Bracelet/bracelet_146_jpg.rf.9a6a8527cb069f064bfc9be594180006.jpg,bracelet_146,Bracelet,0,train,dataset1
DS1_IMG_000528,train/Bracelet/bracelet_147_jpg.rf.42f99d3bf4b60801a841db0bea1dd839.jpg,bracelet_147,Bracelet,0,train,dataset1
DS1_IMG_000529,train/Bracelet/bracelet_147_jpg.rf.ad9f740c7f743b45d87de5107ea95d48.jpg,bracelet_147,Bracelet,0,train,dataset1
DS1_IMG_000530,train/Bracelet/bracelet_147_jpg.rf.c908ca189d2a26d2102ba2101e35c03a.jpg,bracelet_147,Bracelet,0,train,dataset1
DS1_IMG_000531,train/Bracelet/bracelet_148_jpg.rf.2b76230198698004d8374db945252c4b.jpg,bracelet_148,Bracelet,0,train,dataset1
DS1_IMG_000532,train/Bracelet/bracelet_148_jpg.rf.5b9fe5936ae74912e59f5ebb9be3c18d.jpg,bracelet_148,Bracelet,0,train,dataset1
DS1_IMG_000533,train/Bracelet/bracelet_148_jpg.rf.c1d77cb2c96ffadb3656b05fe4979715.jpg,bracelet_148,Bracelet,0,train,dataset1
DS1_IMG_000534,train/Bracelet/bracelet_149_jpg.rf.269571e680986bdd61adb4080f84d23c.jpg,bracelet_149,Bracelet,0,train,dataset1
DS1_IMG_000535,train/Bracelet/bracelet_149_jpg.rf.571f5ce59a4b9d0b5c427e4579b1ab8b.jpg,bracelet_149,Bracelet,0,train,dataset1
DS1_IMG_000536,train/Bracelet/bracelet_149_jpg.rf.ea7a5b28c74eed588fbf835e4cbe8eac.jpg,bracelet_149,Bracelet,0,train,dataset1
DS1_IMG_000537,train/Bracelet/bracelet_152_jpg.rf.2e9ea9975978c308f4a928c5f434353a.jpg,bracelet_152,Bracelet,0,train,dataset1
DS1_IMG_000538,train/Bracelet/bracelet_152_jpg.rf.86824af293cf12b31f8d9585a8ad458d.jpg,bracelet_152,Bracelet,0,train,dataset1
DS1_IMG_000539,train/Bracelet/bracelet_152_jpg.rf.f836414bca06dff1a879912e83a8c7d7.jpg,bracelet_152,Bracelet,0,train,dataset1
DS1_IMG_000540,train/Bracelet/bracelet_153_jpg.rf.33f1716ae2818e4f4b2fbac431b3614b.jpg,bracelet_153,Bracelet,0,train,dataset1
DS1_IMG_000541,train/Bracelet/bracelet_153_jpg.rf.ce6833581251103427b3c5da861204cb.jpg,bracelet_153,Bracelet,0,train,dataset1
DS1_IMG_000542,train/Bracelet/bracelet_154_jpg.rf.2a0a7435828d52cf948e6b95fb97a2bb.jpg,bracelet_154,Bracelet,0,train,dataset1
DS1_IMG_000543,train/Bracelet/bracelet_154_jpg.rf.8f761a054a84ae360649242775e3ccf6.jpg,bracelet_154,Bracelet,0,train,dataset1
DS1_IMG_000544,train/Bracelet/bracelet_154_jpg.rf.e209d63095501535032e88629424a4ad.jpg,bracelet_154,Bracelet,0,train,dataset1
DS1_IMG_000545,train/Bracelet/bracelet_155_jpg.rf.00d10c9f4dbb53fbc176fdcd00a3194f.jpg,bracelet_155,Bracelet,0,train,dataset1
DS1_IMG_000546,train/Bracelet/bracelet_155_jpg.rf.2ba43a6d929463852dac22553025ac8a.jpg,bracelet_155,Bracelet,0,train,dataset1
DS1_IMG_000547,train/Bracelet/bracelet_155_jpg.rf.85861584e99daf8488734f4d9834a0a9.jpg,bracelet_155,Bracelet,0,train,dataset1
DS1_IMG_000548,train/Bracelet/bracelet_157_jpg.rf.28906284836e3a45db4b338869ed6096.jpg,bracelet_157,Bracelet,0,train,dataset1
DS1_IMG_000549,train/Bracelet/bracelet_157_jpg.rf.3249da91e67232fae19749266624a962.jpg,bracelet_157,Bracelet,0,train,dataset1
DS1_IMG_000550,train/Bracelet/bracelet_157_jpg.rf.484c4f532df55b4255016d54c714e1bd.jpg,bracelet_157,Bracelet,0,train,dataset1
DS1_IMG_000551,train/Bracelet/bracelet_158_jpg.rf.007d3a1f4b5352bb48f1fdc2af8ffaab.jpg,bracelet_158,Bracelet,0,train,dataset1
DS1_IMG_000552,train/Bracelet/bracelet_158_jpg.rf.2141da4b41a0b8aaf454cac2215bfaa8.jpg,bracelet_158,Bracelet,0,train,dataset1
DS1_IMG_000553,train/Bracelet/bracelet_158_jpg.rf.ffba8fe6539c55f1fd2c6d1037d150c0.jpg,bracelet_158,Bracelet,0,train,dataset1
DS1_IMG_000554,train/Bracelet/bracelet_159_jpg.rf.4ded52b42626a3abb1c82e46532f7977.jpg,bracelet_159,Bracelet,0,train,dataset1
DS1_IMG_000555,train/Bracelet/bracelet_159_jpg.rf.953c4293cd009b0971d919b0f7d1e989.jpg,bracelet_159,Bracelet,0,train,dataset1
DS1_IMG_000556,train/Bracelet/bracelet_160_jpg.rf.0616b599b303c1930f348065f87a8d2b.jpg,bracelet_160,Bracelet,0,train,dataset1
DS1_IMG_000557,train/Bracelet/bracelet_160_jpg.rf.46bc30e067383bd10dce6c551783e391.jpg,bracelet_160,Bracelet,0,train,dataset1
DS1_IMG_000558,train/Bracelet/bracelet_161_jpg.rf.6bce6c90096cfea0a046b6a3340d5b47.jpg,bracelet_161,Bracelet,0,train,dataset1
DS1_IMG_000559,train/Bracelet/bracelet_161_jpg.rf.c1f539ab13c72c7c5aef4a47be88dc40.jpg,bracelet_161,Bracelet,0,train,dataset1
DS1_IMG_000560,train/Bracelet/bracelet_161_jpg.rf.cae955682407e12d33671a8d2b454f0e.jpg,bracelet_161,Bracelet,0,train,dataset1
DS1_IMG_000561,train/Bracelet/bracelet_162_jpg.rf.7628dd2e3d04aef23e370eda0f804f85.jpg,bracelet_162,Bracelet,0,train,dataset1
DS1_IMG_000562,train/Bracelet/bracelet_162_jpg.rf.b3ec87701695dfa577c9a7128c20fec1.jpg,bracelet_162,Bracelet,0,train,dataset1
DS1_IMG_000563,train/Bracelet/bracelet_162_jpg.rf.cd0060402789a76d800a2d9039c77f21.jpg,bracelet_162,Bracelet,0,train,dataset1
DS1_IMG_000564,train/Bracelet/bracelet_165_jpg.rf.1fef8000c6dfd33ba59b7ae96c9e5696.jpg,bracelet_165,Bracelet,0,train,dataset1
DS1_IMG_000565,train/Bracelet/bracelet_165_jpg.rf.9193e59ee62308133ba9d1bd72d17d45.jpg,bracelet_165,Bracelet,0,train,dataset1
DS1_IMG_000566,train/Bracelet/bracelet_165_jpg.rf.bbaf9b8c2c50166c5875cf27c17d04a6.jpg,bracelet_165,Bracelet,0,train,dataset1
DS1_IMG_000567,train/Bracelet/bracelet_167_jpg.rf.51ece466cd2555a4ddff75432580635d.jpg,bracelet_167,Bracelet,0,train,dataset1
DS1_IMG_000568,train/Bracelet/bracelet_167_jpg.rf.7b2fbc99bf4e5a82dae1691f55e3e698.jpg,bracelet_167,Bracelet,0,train,dataset1
DS1_IMG_000569,train/Bracelet/bracelet_167_jpg.rf.bb2e84d7db5bd9e7a4b2014501728d61.jpg,bracelet_167,Bracelet,0,train,dataset1
DS1_IMG_000570,train/Bracelet/bracelet_168_jpg.rf.8805b88d0b6ff22771275afab5d8e5e5.jpg,bracelet_168,Bracelet,0,train,dataset1
DS1_IMG_000571,train/Bracelet/bracelet_168_jpg.rf.fa621e024e8ca7a84090f6ed51879cca.jpg,bracelet_168,Bracelet,0,train,dataset1
DS1_IMG_000572,train/Bracelet/bracelet_169_jpg.rf.0a5c581e2f36a41df68fd9a69ad555b8.jpg,bracelet_169,Bracelet,0,train,dataset1
DS1_IMG_000573,train/Bracelet/bracelet_169_jpg.rf.57cfa1279212fe139d0c8f89ed1ceaeb.jpg,bracelet_169,Bracelet,0,train,dataset1
DS1_IMG_000574,train/Bracelet/bracelet_169_jpg.rf.883f68fb006b97bc4692630777d1f7a1.jpg,bracelet_169,Bracelet,0,train,dataset1
DS1_IMG_000575,train/Bracelet/bracelet_170_jpg.rf.7d64a98ee1ed79632ab27b809545e453.jpg,bracelet_170,Bracelet,0,train,dataset1
DS1_IMG_000576,train/Bracelet/bracelet_170_jpg.rf.805e37a958f5535058aa25bf25ef9df2.jpg,bracelet_170,Bracelet,0,train,dataset1
DS1_IMG_000577,train/Bracelet/bracelet_170_jpg.rf.e797a16041516de82edbd99ae2afd26e.jpg,bracelet_170,Bracelet,0,train,dataset1
DS1_IMG_000578,train/Bracelet/bracelet_173_jpg.rf.6b76a509b8afa603ce5e008ceb18e7a3.jpg,bracelet_173,Bracelet,0,train,dataset1
DS1_IMG_000579,train/Bracelet/bracelet_173_jpg.rf.7d2492d6b25e7851d8326f20876b3a77.jpg,bracelet_173,Bracelet,0,train,dataset1
DS1_IMG_000580,train/Bracelet/bracelet_173_jpg.rf.f5c04d0a9a11eaa9b03317e479708df4.jpg,bracelet_173,Bracelet,0,train,dataset1
DS1_IMG_000581,train/Bracelet/bracelet_175_jpg.rf.0854bfd3e1935fbbc0232df31f2fd5cf.jpg,bracelet_175,Bracelet,0,train,dataset1
DS1_IMG_000582,train/Bracelet/bracelet_175_jpg.rf.a50294edfad856cc6fadea0ee132b8d0.jpg,bracelet_175,Bracelet,0,train,dataset1
DS1_IMG_000583,train/Bracelet/bracelet_175_jpg.rf.f6be7c2bf85cd8a82fb58f816ec3c631.jpg,bracelet_175,Bracelet,0,train,dataset1
DS1_IMG_000584,train/Bracelet/bracelet_176_jpg.rf.76d4574fd916c9e534a2d8ad3e33402c.jpg,bracelet_176,Bracelet,0,train,dataset1
DS1_IMG_000585,train/Bracelet/bracelet_176_jpg.rf.c05f45b886c5c3611bf750f47380d093.jpg,bracelet_176,Bracelet,0,train,dataset1
DS1_IMG_000586,train/Bracelet/bracelet_177_jpg.rf.10fd469e9769a03ee4f5feb5432b9bec.jpg,bracelet_177,Bracelet,0,train,dataset1
DS1_IMG_000587,train/Bracelet/bracelet_177_jpg.rf.be9a82141e8b40346ad16178be75e97b.jpg,bracelet_177,Bracelet,0,train,dataset1
DS1_IMG_000588,train/Bracelet/bracelet_177_jpg.rf.e4ad1360f86cb090d0ea08b2c649183d.jpg,bracelet_177,Bracelet,0,train,dataset1
DS1_IMG_000589,train/Bracelet/bracelet_179_jpg.rf.2d642749ca9d1614da416845d640b771.jpg,bracelet_179,Bracelet,0,train,dataset1
DS1_IMG_000590,train/Bracelet/bracelet_179_jpg.rf.4f441d582d4fb7aa88fc2263fc30aeee.jpg,bracelet_179,Bracelet,0,train,dataset1
DS1_IMG_000591,train/Bracelet/bracelet_179_jpg.rf.62fb5d0d6e0874eee284ea2b96ba1f4d.jpg,bracelet_179,Bracelet,0,train,dataset1
DS1_IMG_000592,train/Bracelet/bracelet_180_jpg.rf.46de53d22d8ff95cbf10723e465797da.jpg,bracelet_180,Bracelet,0,train,dataset1
DS1_IMG_000593,train/Bracelet/bracelet_180_jpg.rf.5db9f29cddd101898139bb348279d36b.jpg,bracelet_180,Bracelet,0,train,dataset1
DS1_IMG_000594,train/Bracelet/bracelet_180_jpg.rf.c66637c2b15987001562bfee85526328.jpg,bracelet_180,Bracelet,0,train,dataset1
DS1_IMG_000595,train/Bracelet/bracelet_182_jpg.rf.09ad21a363cf93f7bd708429b52fd9db.jpg,bracelet_182,Bracelet,0,train,dataset1
DS1_IMG_000596,train/Bracelet/bracelet_182_jpg.rf.5d134d413d4fc59e2612caa26d92822f.jpg,bracelet_182,Bracelet,0,train,dataset1
DS1_IMG_000597,train/Bracelet/bracelet_182_jpg.rf.f7b87b1e8bc45e6e2a481d6ed2c8d8a7.jpg,bracelet_182,Bracelet,0,train,dataset1
DS1_IMG_000598,train/Bracelet/bracelet_183_jpg.rf.0af96d5fbcab63525e8f95833c440cab.jpg,bracelet_183,Bracelet,0,train,dataset1
DS1_IMG_000599,train/Bracelet/bracelet_183_jpg.rf.7786339c0081523bd0117669ba7d268f.jpg,bracelet_183,Bracelet,0,train,dataset1
DS1_IMG_000600,train/Bracelet/bracelet_184_jpg.rf.2aef54b563c53efa7c7e6dafd9a83d9a.jpg,bracelet_184,Bracelet,0,train,dataset1
DS1_IMG_000601,train/Bracelet/bracelet_184_jpg.rf.a0d2f0049472b944797093cef14bf11e.jpg,bracelet_184,Bracelet,0,train,dataset1
DS1_IMG_000602,train/Bracelet/bracelet_186_jpg.rf.65a608cfcdd6667d49906b050735a86a.jpg,bracelet_186,Bracelet,0,train,dataset1
DS1_IMG_000603,train/Bracelet/bracelet_186_jpg.rf.c9abb59e10302c6c697c7b419d38a1f7.jpg,bracelet_186,Bracelet,0,train,dataset1
DS1_IMG_000604,train/Bracelet/bracelet_186_jpg.rf.f0fc2459b799661fe0c45cf3cd76276d.jpg,bracelet_186,Bracelet,0,train,dataset1
DS1_IMG_000605,train/Bracelet/bracelet_187_jpg.rf.3a7499e4ac806d243f8d1e228cf92f4b.jpg,bracelet_187,Bracelet,0,train,dataset1
DS1_IMG_000606,train/Bracelet/bracelet_187_jpg.rf.b181492e0c799c03f2881b36ed7886d0.jpg,bracelet_187,Bracelet,0,train,dataset1
DS1_IMG_000607,train/Bracelet/bracelet_187_jpg.rf.f0782aafd2cc6b8c630f75aa47e67867.jpg,bracelet_187,Bracelet,0,train,dataset1
DS1_IMG_000608,train/Bracelet/bracelet_188_jpg.rf.79fd1a676a612e5bf6fd25120989aef2.jpg,bracelet_188,Bracelet,0,train,dataset1
DS1_IMG_000609,train/Bracelet/bracelet_188_jpg.rf.b7f950f4ff9e6844e875aa092c1b0602.jpg,bracelet_188,Bracelet,0,train,dataset1
DS1_IMG_000610,train/Bracelet/bracelet_188_jpg.rf.c6d8b4ea9204dfafdc4ae26a76e7d2b9.jpg,bracelet_188,Bracelet,0,train,dataset1
DS1_IMG_000611,train/Bracelet/bracelet_189_jpg.rf.18cb211291690bd400e40e5a6e3e5b49.jpg,bracelet_189,Bracelet,0,train,dataset1
DS1_IMG_000612,train/Bracelet/bracelet_189_jpg.rf.4fcdb945fda1aac02a32250611da5f48.jpg,bracelet_189,Bracelet,0,train,dataset1
DS1_IMG_000613,train/Bracelet/bracelet_189_jpg.rf.a4332255d048ffd590a6e875712b46e3.jpg,bracelet_189,Bracelet,0,train,dataset1
DS1_IMG_000614,train/Bracelet/bracelet_191_jpg.rf.02bbcd70e1a2e3d36260134201fa72f4.jpg,bracelet_191,Bracelet,0,train,dataset1
DS1_IMG_000615,train/Bracelet/bracelet_191_jpg.rf.7e6b92b5189afc09e79f85a055cde622.jpg,bracelet_191,Bracelet,0,train,dataset1
DS1_IMG_000616,train/Bracelet/bracelet_191_jpg.rf.9a2dd88dadb9573b6cf49d4f40f5e776.jpg,bracelet_191,Bracelet,0,train,dataset1
DS1_IMG_000617,train/Bracelet/bracelet_196_jpg.rf.0a2cc17152a37142a3ca1a4efa955d8e.jpg,bracelet_196,Bracelet,0,train,dataset1
DS1_IMG_000618,train/Bracelet/bracelet_196_jpg.rf.a30929cb5cf5c528b4e96de75dc53ac8.jpg,bracelet_196,Bracelet,0,train,dataset1
DS1_IMG_000619,train/Bracelet/bracelet_196_jpg.rf.bb712c302cd828b77539195580138e5b.jpg,bracelet_196,Bracelet,0,train,dataset1
DS1_IMG_000620,train/Bracelet/bracelet_198_jpg.rf.603482cd16dd6bec70d8ae6d9fd847db.jpg,bracelet_198,Bracelet,0,train,dataset1
DS1_IMG_000621,train/Bracelet/bracelet_198_jpg.rf.6b7d77ca27d41a9f7cc64b5f02811f63.jpg,bracelet_198,Bracelet,0,train,dataset1
DS1_IMG_000622,train/Bracelet/bracelet_198_jpg.rf.f31366780096a379a0664317aa61286f.jpg,bracelet_198,Bracelet,0,train,dataset1
DS1_IMG_000623,train/Bracelet/bracelet_199_jpg.rf.565ce52117eea59e0846c4d0cd74495e.jpg,bracelet_199,Bracelet,0,train,dataset1
DS1_IMG_000624,train/Bracelet/bracelet_199_jpg.rf.72e8e08f4796a4dddf27708c7ce6cc50.jpg,bracelet_199,Bracelet,0,train,dataset1
DS1_IMG_000625,train/Bracelet/bracelet_199_jpg.rf.c9cafb670961929f1bd7f41c0ab729ea.jpg,bracelet_199,Bracelet,0,train,dataset1
DS1_IMG_000626,train/Bracelet/bracelet_202_jpg.rf.3df83d4cfaecb8dee61ffd984c65548d.jpg,bracelet_202,Bracelet,0,train,dataset1
DS1_IMG_000627,train/Bracelet/bracelet_202_jpg.rf.836f0df29f97c5eed24b0e52bd0cf350.jpg,bracelet_202,Bracelet,0,train,dataset1
DS1_IMG_000628,train/Bracelet/bracelet_202_jpg.rf.f47b2f07769f2b02f58f53d607821d49.jpg,bracelet_202,Bracelet,0,train,dataset1
DS1_IMG_000629,train/Bracelet/bracelet_203_jpg.rf.0edabc95daf74cc4e8ed3a22abd0b0e7.jpg,bracelet_203,Bracelet,0,train,dataset1
DS1_IMG_000630,train/Bracelet/bracelet_203_jpg.rf.83668e99d7f1e447cd09887481877e4c.jpg,bracelet_203,Bracelet,0,train,dataset1
DS1_IMG_000631,train/Bracelet/bracelet_209_jpg.rf.4b507506843859607a95ae8a3b035580.jpg,bracelet_209,Bracelet,0,train,dataset1
DS1_IMG_000632,train/Bracelet/bracelet_209_jpg.rf.b17416a30a967977b4390eed4fa26da4.jpg,bracelet_209,Bracelet,0,train,dataset1
DS1_IMG_000633,train/Bracelet/bracelet_212_jpg.rf.610b688426ed6f9985a4ac38baa0a46a.jpg,bracelet_212,Bracelet,0,train,dataset1
DS1_IMG_000634,train/Bracelet/bracelet_212_jpg.rf.6b19774d8b73f5d2c4029cba1e9a627d.jpg,bracelet_212,Bracelet,0,train,dataset1
DS1_IMG_000635,train/Bracelet/bracelet_212_jpg.rf.dfbdfa1391f3859db6ece18a85f0b40d.jpg,bracelet_212,Bracelet,0,train,dataset1
DS1_IMG_000636,train/Bracelet/bracelet_214_jpg.rf.10373dae42cd9cd796f56509de1b0036.jpg,bracelet_214,Bracelet,0,train,dataset1
DS1_IMG_000637,train/Bracelet/bracelet_214_jpg.rf.193d72fadfea547296ab89ee3c28c3a1.jpg,bracelet_214,Bracelet,0,train,dataset1
DS1_IMG_000638,train/Bracelet/bracelet_214_jpg.rf.85f35c5cf2732a858ee2dfde44a4ea83.jpg,bracelet_214,Bracelet,0,train,dataset1
DS1_IMG_000639,train/Bracelet/bracelet_215_jpg.rf.2dca987e739ebcd7ffdbc7df576bdf7d.jpg,bracelet_215,Bracelet,0,train,dataset1
DS1_IMG_000640,train/Bracelet/bracelet_215_jpg.rf.48a25da267214c1ada8dc75c975c6d2f.jpg,bracelet_215,Bracelet,0,train,dataset1
DS1_IMG_000641,train/Bracelet/bracelet_215_jpg.rf.d505d9f489571bd84d0baf488415f758.jpg,bracelet_215,Bracelet,0,train,dataset1
DS1_IMG_000642,train/Bracelet/bracelet_216_jpg.rf.2ec3bba7db20d3a16d2f0da999c42931.jpg,bracelet_216,Bracelet,0,train,dataset1
DS1_IMG_000643,train/Bracelet/bracelet_216_jpg.rf.7a7e836555e6a84691beebf18263e24b.jpg,bracelet_216,Bracelet,0,train,dataset1
DS1_IMG_000644,train/Bracelet/bracelet_216_jpg.rf.95dbb99c4127cfa877dbcfe69ef8326b.jpg,bracelet_216,Bracelet,0,train,dataset1
DS1_IMG_000645,train/Bracelet/bracelet_217_jpg.rf.778ea20f681dfe60f906ae8d94f83214.jpg,bracelet_217,Bracelet,0,train,dataset1
DS1_IMG_000646,train/Bracelet/bracelet_217_jpg.rf.8d3edfd4986d220771e962839dde4535.jpg,bracelet_217,Bracelet,0,train,dataset1
DS1_IMG_000647,train/Bracelet/bracelet_217_jpg.rf.d0daf59d1ecdee904b8ba988aa95d2d7.jpg,bracelet_217,Bracelet,0,train,dataset1
DS1_IMG_000648,train/Bracelet/bracelet_218_jpg.rf.663b46e25faea26e780d54c1db37ab9d.jpg,bracelet_218,Bracelet,0,train,dataset1
DS1_IMG_000649,train/Bracelet/bracelet_218_jpg.rf.8d2cc3acb3c95ace3b983855e24fda2f.jpg,bracelet_218,Bracelet,0,train,dataset1
DS1_IMG_000650,train/Bracelet/bracelet_218_jpg.rf.9efeaee109d424af870c99fadcc3de43.jpg,bracelet_218,Bracelet,0,train,dataset1
DS1_IMG_000651,train/Bracelet/bracelet_219_jpg.rf.04246afc11dc8ff28d6fb969262aeef9.jpg,bracelet_219,Bracelet,0,train,dataset1
DS1_IMG_000652,train/Bracelet/bracelet_219_jpg.rf.12d8f919553392b088665acf2104ded2.jpg,bracelet_219,Bracelet,0,train,dataset1
DS1_IMG_000653,train/Bracelet/bracelet_219_jpg.rf.b49ff7cc486f91a0ca1ba36c5ab9aa48.jpg,bracelet_219,Bracelet,0,train,dataset1
DS1_IMG_000654,train/Bracelet/bracelet_223_jpg.rf.1e1d7d0219bd2a206ee84b99f78cb7e0.jpg,bracelet_223,Bracelet,0,train,dataset1
DS1_IMG_000655,train/Bracelet/bracelet_223_jpg.rf.b2e37c6df9c888e23fd1079b834cc6b1.jpg,bracelet_223,Bracelet,0,train,dataset1
DS1_IMG_000656,train/Bracelet/bracelet_228_jpg.rf.7c6d9ff5ed5ca8164ee57af96c3c7ad6.jpg,bracelet_228,Bracelet,0,train,dataset1
DS1_IMG_000657,train/Bracelet/bracelet_228_jpg.rf.8b450116bb3c681b4ddb260826119382.jpg,bracelet_228,Bracelet,0,train,dataset1
DS1_IMG_000658,train/Bracelet/bracelet_228_jpg.rf.f59cb3b0d44a2a2868b43ebad2ef647c.jpg,bracelet_228,Bracelet,0,train,dataset1
DS1_IMG_000659,train/Bracelet/bracelet_231_jpg.rf.04778a573063e6c91c8979debb6fa20d.jpg,bracelet_231,Bracelet,0,train,dataset1
DS1_IMG_000660,train/Bracelet/bracelet_231_jpg.rf.92ecc52c2059f56ff553657513bbf521.jpg,bracelet_231,Bracelet,0,train,dataset1
DS1_IMG_000661,train/Bracelet/bracelet_231_jpg.rf.ee887cb6768ad8b5b8c999d7c369ec53.jpg,bracelet_231,Bracelet,0,train,dataset1
DS1_IMG_000662,train/Bracelet/bracelet_232_jpg.rf.aa9ea73ad1ebcfc6bdcf15834e442be9.jpg,bracelet_232,Bracelet,0,train,dataset1
DS1_IMG_000663,train/Bracelet/bracelet_232_jpg.rf.e21878dd2dfbbd21553b46cc81b6e914.jpg,bracelet_232,Bracelet,0,train,dataset1
DS1_IMG_000664,train/Bracelet/bracelet_232_jpg.rf.fcd6ac50d3a10e7da8ed2993c5e5a880.jpg,bracelet_232,Bracelet,0,train,dataset1
DS1_IMG_000665,train/Bracelet/bracelet_233_jpg.rf.37a2ef11f07f6041f5e5c719dcaeb312.jpg,bracelet_233,Bracelet,0,train,dataset1
DS1_IMG_000666,train/Bracelet/bracelet_233_jpg.rf.58316f3f19e0d9448764e161d35596f4.jpg,bracelet_233,Bracelet,0,train,dataset1
DS1_IMG_000667,train/Bracelet/bracelet_233_jpg.rf.e7e5a449230ec5a0ba5e3c475677f278.jpg,bracelet_233,Bracelet,0,train,dataset1
DS1_IMG_000668,train/Bracelet/bracelet_235_jpg.rf.6892ea304cd2b64565415ca10231619a.jpg,bracelet_235,Bracelet,0,train,dataset1
DS1_IMG_000669,train/Bracelet/bracelet_235_jpg.rf.dcfefb684e70d43b26c03b0367a81dd4.jpg,bracelet_235,Bracelet,0,train,dataset1
DS1_IMG_000670,train/Bracelet/bracelet_235_jpg.rf.eff27fd7612d6ee03e9603c2e3615e6f.jpg,bracelet_235,Bracelet,0,train,dataset1
DS1_IMG_000671,train/Bracelet/bracelet_237_jpg.rf.3e51ffb45233a65ddca650df2bb8b603.jpg,bracelet_237,Bracelet,0,train,dataset1
DS1_IMG_000672,train/Bracelet/bracelet_237_jpg.rf.6f15930b51fcb77733bb5481e86ab2f5.jpg,bracelet_237,Bracelet,0,train,dataset1
DS1_IMG_000673,train/Bracelet/bracelet_237_jpg.rf.dab3e5af4ea6565200e3bc1675cc8c35.jpg,bracelet_237,Bracelet,0,train,dataset1
DS1_IMG_000674,train/Bracelet/bracelet_238_jpg.rf.4f1b12aa7baaff4cde39582ee3c583ff.jpg,bracelet_238,Bracelet,0,train,dataset1
DS1_IMG_000675,train/Bracelet/bracelet_238_jpg.rf.8993f30d851be7c55912223b2a6e8bdd.jpg,bracelet_238,Bracelet,0,train,dataset1
DS1_IMG_000676,train/Bracelet/bracelet_238_jpg.rf.d92fb4e361a97de5f7079b21f45757f7.jpg,bracelet_238,Bracelet,0,train,dataset1
DS1_IMG_000677,train/Bracelet/bracelet_239_jpg.rf.644e0fc5682a7a2e02cbb0356784be1a.jpg,bracelet_239,Bracelet,0,train,dataset1
DS1_IMG_000678,train/Bracelet/bracelet_239_jpg.rf.d4982a5c448f5a75bf115b0f4fc62662.jpg,bracelet_239,Bracelet,0,train,dataset1
DS1_IMG_000679,train/Bracelet/bracelet_240_jpg.rf.362553aef8d7c945aa5ce99865f3b45a.jpg,bracelet_240,Bracelet,0,train,dataset1
DS1_IMG_000680,train/Bracelet/bracelet_240_jpg.rf.58eb689226a46e84ef55a38b1b9d90ef.jpg,bracelet_240,Bracelet,0,train,dataset1
DS1_IMG_000681,train/Bracelet/bracelet_240_jpg.rf.fe02111b3b333dd4ed18285497104570.jpg,bracelet_240,Bracelet,0,train,dataset1
DS1_IMG_000682,train/Bracelet/bracelet_242_jpg.rf.523d5cba3f7a3d2076a777e8fc8be113.jpg,bracelet_242,Bracelet,0,train,dataset1
DS1_IMG_000683,train/Bracelet/bracelet_242_jpg.rf.963d06fb84fa344129bfe9b4060267e1.jpg,bracelet_242,Bracelet,0,train,dataset1
DS1_IMG_000684,train/Bracelet/bracelet_242_jpg.rf.bb8fb3de0b2a932602bf0fd8b440a013.jpg,bracelet_242,Bracelet,0,train,dataset1
DS1_IMG_000685,train/Bracelet/bracelet_244_jpg.rf.03012b42122a2b1c9bf5b8e8977d143f.jpg,bracelet_244,Bracelet,0,train,dataset1
DS1_IMG_000686,train/Bracelet/bracelet_244_jpg.rf.10237c4c5f846d930d08927756c221c4.jpg,bracelet_244,Bracelet,0,train,dataset1
DS1_IMG_000687,train/Bracelet/bracelet_244_jpg.rf.a4ba3831287c7fe6182e79e69d6e3385.jpg,bracelet_244,Bracelet,0,train,dataset1
DS1_IMG_000688,train/Bracelet/bracelet_247_jpg.rf.12eea5430a23611c2b04639c70686abb.jpg,bracelet_247,Bracelet,0,train,dataset1
DS1_IMG_000689,train/Bracelet/bracelet_247_jpg.rf.479c94eb116494ea3ec90eb4f1181906.jpg,bracelet_247,Bracelet,0,train,dataset1
DS1_IMG_000690,train/Bracelet/bracelet_248_jpg.rf.c9250564b300390854e91901e24ce13a.jpg,bracelet_248,Bracelet,0,train,dataset1
DS1_IMG_000691,train/Bracelet/bracelet_248_jpg.rf.dc00bbf1b40527027a9127537783fb53.jpg,bracelet_248,Bracelet,0,train,dataset1
DS1_IMG_000692,train/Bracelet/bracelet_250_jpg.rf.36fd1d5fa8bc8731fcc4d81cedb8ad40.jpg,bracelet_250,Bracelet,0,train,dataset1
DS1_IMG_000693,train/Bracelet/bracelet_250_jpg.rf.7d941d1bfe4b876a00eeb3d92874e41b.jpg,bracelet_250,Bracelet,0,train,dataset1
DS1_IMG_000694,train/Bracelet/bracelet_250_jpg.rf.cbc77227d07916c81e98bbbbbc6665c3.jpg,bracelet_250,Bracelet,0,train,dataset1
DS1_IMG_000695,train/Bracelet/bracelet_251_jpg.rf.b220239a242397abd1685b21fe6a65cf.jpg,bracelet_251,Bracelet,0,train,dataset1
DS1_IMG_000696,train/Bracelet/bracelet_251_jpg.rf.b6d8ddc2d353d88394899ce376fd8d3e.jpg,bracelet_251,Bracelet,0,train,dataset1
DS1_IMG_000697,train/Bracelet/bracelet_251_jpg.rf.c2e45e32b57163aea421e54d8eeb22ae.jpg,bracelet_251,Bracelet,0,train,dataset1
DS1_IMG_000698,train/Bracelet/bracelet_253_jpg.rf.cac9d57cb4acf6ea5447ee2944a445fb.jpg,bracelet_253,Bracelet,0,train,dataset1
DS1_IMG_000699,train/Bracelet/bracelet_253_jpg.rf.d7fba473a0427b5f0213d907aad7afed.jpg,bracelet_253,Bracelet,0,train,dataset1
DS1_IMG_000700,train/Bracelet/bracelet_254_jpg.rf.0852a43d80732eaa573357f8f38a2ef3.jpg,bracelet_254,Bracelet,0,train,dataset1
DS1_IMG_000701,train/Bracelet/bracelet_254_jpg.rf.76e0b6c13ceebb3231b53608335041f9.jpg,bracelet_254,Bracelet,0,train,dataset1
DS1_IMG_000702,train/Bracelet/bracelet_254_jpg.rf.90d2a24780e2b81ada8f62f54ed963de.jpg,bracelet_254,Bracelet,0,train,dataset1
DS1_IMG_000703,train/Bracelet/bracelet_255_jpg.rf.8be1029d7acf3332a2c2598f7547d1f2.jpg,bracelet_255,Bracelet,0,train,dataset1
DS1_IMG_000704,train/Bracelet/bracelet_255_jpg.rf.9cad8bd32bfcbe3b0d6c012c86a55d73.jpg,bracelet_255,Bracelet,0,train,dataset1
DS1_IMG_000705,train/Bracelet/bracelet_255_jpg.rf.a07bd48132061949bbbe7143ecec960f.jpg,bracelet_255,Bracelet,0,train,dataset1
DS1_IMG_000706,train/Bracelet/bracelet_257_jpg.rf.0823fd30e727cc509a54938d0d57377b.jpg,bracelet_257,Bracelet,0,train,dataset1
DS1_IMG_000707,train/Bracelet/bracelet_257_jpg.rf.5ccecacf4a72a5a9562403a8b614867d.jpg,bracelet_257,Bracelet,0,train,dataset1
DS1_IMG_000708,train/Bracelet/bracelet_257_jpg.rf.5e85c2415d12b375d170a2729be4473d.jpg,bracelet_257,Bracelet,0,train,dataset1
DS1_IMG_000709,train/Bracelet/bracelet_258_jpg.rf.64d8ad40cfd5ffd8c7c3b502074ba084.jpg,bracelet_258,Bracelet,0,train,dataset1
DS1_IMG_000710,train/Bracelet/bracelet_258_jpg.rf.984124b47ad901adf2d008aae04060f7.jpg,bracelet_258,Bracelet,0,train,dataset1
DS1_IMG_000711,train/Bracelet/bracelet_258_jpg.rf.a9530358bc304b8b98b275a26eb19d33.jpg,bracelet_258,Bracelet,0,train,dataset1
DS1_IMG_000712,train/Bracelet/bracelet_259_jpg.rf.93d0eb5127d8b14da94799bfe17ed201.jpg,bracelet_259,Bracelet,0,train,dataset1
DS1_IMG_000713,train/Bracelet/bracelet_259_jpg.rf.b570f90ef3de573fe0b067ae766f7f33.jpg,bracelet_259,Bracelet,0,train,dataset1
DS1_IMG_000714,train/Bracelet/bracelet_259_jpg.rf.eea531bf1370efc6616ac969c4a26800.jpg,bracelet_259,Bracelet,0,train,dataset1
DS1_IMG_000715,train/Bracelet/bracelet_260_jpg.rf.ab89a358fd25987ca19e2a426bc170b9.jpg,bracelet_260,Bracelet,0,train,dataset1
DS1_IMG_000716,train/Bracelet/bracelet_261_jpg.rf.0173b9877192f6a7de656372b451d94e.jpg,bracelet_261,Bracelet,0,train,dataset1
DS1_IMG_000717,train/Bracelet/bracelet_261_jpg.rf.10bcceaea96042effff4d78a9d7eca9a.jpg,bracelet_261,Bracelet,0,train,dataset1
DS1_IMG_000718,train/Bracelet/bracelet_261_jpg.rf.b8f600cec9f925535d7a86f48e052f13.jpg,bracelet_261,Bracelet,0,train,dataset1
DS1_IMG_000719,train/Bracelet/bracelet_262_jpg.rf.04815007a15d356bfc78233c6344d075.jpg,bracelet_262,Bracelet,0,train,dataset1
DS1_IMG_000720,train/Bracelet/bracelet_262_jpg.rf.749aa1737d796c9183409cff0947cc28.jpg,bracelet_262,Bracelet,0,train,dataset1
DS1_IMG_000721,train/Bracelet/bracelet_262_jpg.rf.dd6402434028793c2b67d21966eb3c57.jpg,bracelet_262,Bracelet,0,train,dataset1
DS1_IMG_000722,train/Bracelet/bracelet_265_jpg.rf.03a8c358deb60e814f62ca2207d3e62c.jpg,bracelet_265,Bracelet,0,train,dataset1
DS1_IMG_000723,train/Bracelet/bracelet_265_jpg.rf.26a49cd9ab2d3d77e0f33e27eb264378.jpg,bracelet_265,Bracelet,0,train,dataset1
DS1_IMG_000724,train/Bracelet/bracelet_265_jpg.rf.549e446566195f111d49f61fcd0b2891.jpg,bracelet_265,Bracelet,0,train,dataset1
DS1_IMG_000725,train/Bracelet/bracelet_268_jpg.rf.0c6075d2f85a53cd1bb1598f4b5b6961.jpg,bracelet_268,Bracelet,0,train,dataset1
DS1_IMG_000726,train/Bracelet/bracelet_268_jpg.rf.cf798bf3a6f6bc0d8fdafd3a23de79c6.jpg,bracelet_268,Bracelet,0,train,dataset1
DS1_IMG_000727,train/Bracelet/bracelet_277_jpg.rf.42bb82dcb69dffb9d7597e153eeafa74.jpg,bracelet_277,Bracelet,0,train,dataset1
DS1_IMG_000728,train/Bracelet/bracelet_277_jpg.rf.b6b3a74bbe239a0740ffd6d88feda49b.jpg,bracelet_277,Bracelet,0,train,dataset1
DS1_IMG_000729,train/Bracelet/bracelet_282_jpg.rf.08b7a68141b2730dbe66398e3f7fb997.jpg,bracelet_282,Bracelet,0,train,dataset1
DS1_IMG_000730,train/Bracelet/bracelet_282_jpg.rf.274b7fe3353224e7814934be849bf351.jpg,bracelet_282,Bracelet,0,train,dataset1
DS1_IMG_000731,train/Bracelet/bracelet_282_jpg.rf.d639d0146754ae836fec0b05d31927e3.jpg,bracelet_282,Bracelet,0,train,dataset1
DS1_IMG_000732,train/Bracelet/bracelet_285_jpg.rf.18a4b1872f88793265fdae247ae653aa.jpg,bracelet_285,Bracelet,0,train,dataset1
DS1_IMG_000733,train/Bracelet/bracelet_285_jpg.rf.29ca7e993291669509023ac3d481d11e.jpg,bracelet_285,Bracelet,0,train,dataset1
DS1_IMG_000734,train/Bracelet/bracelet_285_jpg.rf.3d0a35a85e9a1694380652ed3bf58ab9.jpg,bracelet_285,Bracelet,0,train,dataset1
DS1_IMG_000735,train/Bracelet/bracelet_306_jpg.rf.3770a392dc24e832e9b5be9332d8be2d.jpg,bracelet_306,Bracelet,0,train,dataset1
DS1_IMG_000736,train/Bracelet/bracelet_306_jpg.rf.60454f4143c36f0c7445a0599e7d1252.jpg,bracelet_306,Bracelet,0,train,dataset1
DS1_IMG_000737,train/Bracelet/bracelet_306_jpg.rf.9c1a29ece6a494503f70b7d9936fd81e.jpg,bracelet_306,Bracelet,0,train,dataset1
DS1_IMG_000738,train/Bracelet/necklace_20241125_122545_0000787c_jpg.rf.623a5d7f8e01f79f16596ea83b32fe58.jpg,necklace_20241125_122545_0000787c,Bracelet,0,train,dataset1
DS1_IMG_000739,train/Bracelet/necklace_20241125_122545_0000787c_jpg.rf.91d8f5e3f27309a01bfb683f038accde.jpg,necklace_20241125_122545_0000787c,Bracelet,0,train,dataset1
DS1_IMG_000740,train/Bracelet/necklace_20241125_122545_0000787c_jpg.rf.94e7f35624b0e9052b31fc4b72693338.jpg,necklace_20241125_122545_0000787c,Bracelet,0,train,dataset1
DS1_IMG_000741,train/Bracelet/necklace_20241125_122545_7c7ff7c7_jpg.rf.3e3d4f6b7e2ee80a83450235eb181ecd.jpg,necklace_20241125_122545_7c7ff7c7,Bracelet,0,train,dataset1
DS1_IMG_000742,train/Bracelet/necklace_20241125_122545_7c7ff7c7_jpg.rf.f155e4e7747c157e580e421258cd5cfd.jpg,necklace_20241125_122545_7c7ff7c7,Bracelet,0,train,dataset1
DS1_IMG_000743,train/Bracelet/necklace_20241125_122545_7c7ff7c7_jpg.rf.f66e57eb46b21792265b775589568e44.jpg,necklace_20241125_122545_7c7ff7c7,Bracelet,0,train,dataset1
DS1_IMG_000744,train/Bracelet/other_20241125_122356_ffffc318_jpg.rf.43023e992a4b122d04fca79207f16e1b.jpg,other_20241125_122356_ffffc318,Bracelet,0,train,dataset1
DS1_IMG_000745,train/Bracelet/other_20241125_122356_ffffc318_jpg.rf.79a820defa8028674026e2e26551b8c1.jpg,other_20241125_122356_ffffc318,Bracelet,0,train,dataset1
DS1_IMG_000746,train/Bracelet/other_20241125_122356_ffffc318_jpg.rf.7d0a93ccbb9d300bfca9e50f965a5582.jpg,other_20241125_122356_ffffc318,Bracelet,0,train,dataset1
DS1_IMG_000747,train/Bracelet/other_20241125_122401_fff39199_jpg.rf.525bd63cc0df5b4fe71c4a145ce2a24a.jpg,other_20241125_122401_fff39199,Bracelet,0,train,dataset1
DS1_IMG_000748,train/Bracelet/other_20241125_122401_fff39199_jpg.rf.754b7dd4956b7d28ee1e1c341933aaca.jpg,other_20241125_122401_fff39199,Bracelet,0,train,dataset1
DS1_IMG_000749,train/Bracelet/other_20241125_122401_fff39199_jpg.rf.cffd076979d8d0bdc668e0be86e4f195.jpg,other_20241125_122401_fff39199,Bracelet,0,train,dataset1
DS1_IMG_000750,train/Bracelet/pulseira-masculina-em-prata-cartier3_jpg.rf.1527479557906a4f919860c28b3bd9e0.jpg,pulseira-masculina-em-prata-cartier3,Bracelet,0,train,dataset1
DS1_IMG_000751,train/Bracelet/pulseira-masculina-em-prata-cartier3_jpg.rf.26c940413934b1a1980e1eb6ccb7b1a5.jpg,pulseira-masculina-em-prata-cartier3,Bracelet,0,train,dataset1
DS1_IMG_000752,train/Bracelet/pulseira-masculina-em-prata-cartier3_jpg.rf.46e96cc7e72a0373d9c727acd3bd58b6.jpg,pulseira-masculina-em-prata-cartier3,Bracelet,0,train,dataset1
DS1_IMG_000753,train/Bracelet/sd_hol17_b429g_philippa_hero_jpg.rf.03c92d079218135166fa4cea26eb2a94.jpg,sd_hol17_b429g_philippa_hero,Bracelet,0,train,dataset1
DS1_IMG_000754,train/Bracelet/sd_hol17_b429g_philippa_hero_jpg.rf.60a7907b98b5f4bc762d66c0798a42f5.jpg,sd_hol17_b429g_philippa_hero,Bracelet,0,train,dataset1
DS1_IMG_000755,train/Bracelet/sd_hol17_b429g_philippa_hero_jpg.rf.9caa55a2ade26e650061425b6dec8804.jpg,sd_hol17_b429g_philippa_hero,Bracelet,0,train,dataset1
DS1_IMG_000756,train/Earrings/CFE0686_D_jpg.rf.6fd20603c354b14fe561bc2e30a104d4.jpg,CFE0686_D,Earrings,1,train,dataset1
DS1_IMG_000757,train/Earrings/CFE0686_D_jpg.rf.7fdf0890da8358d73a33a00c9ef608dc.jpg,CFE0686_D,Earrings,1,train,dataset1
DS1_IMG_000758,train/Earrings/CFE0686_D_jpg.rf.cd7e7d0effeaeb879a6ca6274ced44da.jpg,CFE0686_D,Earrings,1,train,dataset1
DS1_IMG_000759,train/Earrings/Chandelier_Diamond_Wedding_Earrings_JLE35-750x500_jpg.rf.0ef3d9151159f3e4b5da195828ddf0b2.jpg,Chandelier_Diamond_Wedding_Earrings_JLE35-750x500,Earrings,1,train,dataset1
DS1_IMG_000760,train/Earrings/Chandelier_Diamond_Wedding_Earrings_JLE35-750x500_jpg.rf.6503bca99fdad24debd022a188e211ab.jpg,Chandelier_Diamond_Wedding_Earrings_JLE35-750x500,Earrings,1,train,dataset1
DS1_IMG_000761,train/Earrings/Chandelier_Diamond_Wedding_Earrings_JLE35-750x500_jpg.rf.ff1e28dbc6894b5e1a599132396ece99.jpg,Chandelier_Diamond_Wedding_Earrings_JLE35-750x500,Earrings,1,train,dataset1
DS1_IMG_000762,train/Earrings/Cheerful-Diamond-Drop-Earrings-1_jpg.rf.83552029201cc7b76f7a5b679bfb5754.jpg,Cheerful-Diamond-Drop-Earrings-1,Earrings,1,train,dataset1
DS1_IMG_000763,train/Earrings/Cheerful-Diamond-Drop-Earrings-1_jpg.rf.e9dbe7c592e436af82b08cf9507f63a2.jpg,Cheerful-Diamond-Drop-Earrings-1,Earrings,1,train,dataset1
DS1_IMG_000764,train/Earrings/ER10422PL-1_large_jpg.rf.7bf943e1811c3fc30562be56f6bbbce9.jpg,ER10422PL-1_large,Earrings,1,train,dataset1
DS1_IMG_000765,train/Earrings/ER10422PL-1_large_jpg.rf.814a11053a35daf166f121d5acd8a65d.jpg,ER10422PL-1_large,Earrings,1,train,dataset1
DS1_IMG_000766,train/Earrings/ER10422PL-1_large_jpg.rf.dbff2c198d9a347a91c795fa49338329.jpg,ER10422PL-1_large,Earrings,1,train,dataset1
DS1_IMG_000767,train/Earrings/Graff-Classic-Butterfly-Diamond-Chandelier-Earrings_RGE393_png.rf.1fef5308a11f0132fbe043f2b2f8f2ce.jpg,Graff-Classic-Butterfly-Diamond-Chandelier-Earrings_RGE393,Earrings,1,train,dataset1
DS1_IMG_000768,train/Earrings/Graff-Classic-Butterfly-Diamond-Chandelier-Earrings_RGE393_png.rf.525063acec0664238e2b4001066a512a.jpg,Graff-Classic-Butterfly-Diamond-Chandelier-Earrings_RGE393,Earrings,1,train,dataset1
DS1_IMG_000769,train/Earrings/Graff-Classic-Butterfly-Diamond-Chandelier-Earrings_RGE393_png.rf.f7ec5b7cef067f31d75d20ca6f03fa06.jpg,Graff-Classic-Butterfly-Diamond-Chandelier-Earrings_RGE393,Earrings,1,train,dataset1
DS1_IMG_000770,train/Earrings/IMG_0632_75e14d48_jpg.rf.195e18ddce1dbdce07f2deea0e341983.jpg,IMG_0632_75e14d48,Earrings,1,train,dataset1
DS1_IMG_000771,train/Earrings/IMG_0632_75e14d48_jpg.rf.ac02328565f5d948f033bea0e7b69bec.jpg,IMG_0632_75e14d48,Earrings,1,train,dataset1
DS1_IMG_000772,train/Earrings/IMG_0635-1-_006bcc5b_JPG.rf.3a50d1d276cc9b7948e8efab7428c0aa.jpg,IMG_0635-1-_006bcc5b,Earrings,1,train,dataset1
DS1_IMG_000773,train/Earrings/IMG_0635-1-_006bcc5b_JPG.rf.b31faf53c5219e81292222277f4fa3f1.jpg,IMG_0635-1-_006bcc5b,Earrings,1,train,dataset1
DS1_IMG_000774,train/Earrings/IMG_0635-1-_006bcc5b_JPG.rf.ffac8b9f0bc3a6bb0a19e8877ba0d3f8.jpg,IMG_0635-1-_006bcc5b,Earrings,1,train,dataset1
DS1_IMG_000775,train/Earrings/IMG_0636_4580acd4_jpg.rf.197a7b7683274cb1944328defed7c9af.jpg,IMG_0636_4580acd4,Earrings,1,train,dataset1
DS1_IMG_000776,train/Earrings/IMG_0636_4580acd4_jpg.rf.c58469c101304f3a6b710002fa1a37ec.jpg,IMG_0636_4580acd4,Earrings,1,train,dataset1
DS1_IMG_000777,train/Earrings/IMG_0636_4580acd4_jpg.rf.fc5268fdea48c7191e5f59437b2eb72f.jpg,IMG_0636_4580acd4,Earrings,1,train,dataset1
DS1_IMG_000778,train/Earrings/IMG_0677_d0b99f2e_jpg.rf.0325558b08137808ec6175c80199c848.jpg,IMG_0677_d0b99f2e,Earrings,1,train,dataset1
DS1_IMG_000779,train/Earrings/IMG_0677_d0b99f2e_jpg.rf.73e7937c703bf5776fb936fd0e79eb42.jpg,IMG_0677_d0b99f2e,Earrings,1,train,dataset1
DS1_IMG_000780,train/Earrings/IMG_0677_d0b99f2e_jpg.rf.dcc7eefe78fbd497f4f1a5bebae7f76e.jpg,IMG_0677_d0b99f2e,Earrings,1,train,dataset1
DS1_IMG_000781,train/Earrings/IMG_0678_0da681f3_jpg.rf.1e42565880414b9339ab87dba03bb9be.jpg,IMG_0678_0da681f3,Earrings,1,train,dataset1
DS1_IMG_000782,train/Earrings/IMG_0678_0da681f3_jpg.rf.5fc1566297eab2226e1e92705eb57810.jpg,IMG_0678_0da681f3,Earrings,1,train,dataset1
DS1_IMG_000783,train/Earrings/IMG_0678_0da681f3_jpg.rf.a4c2aa5da62cc3ff4b053a951dc69885.jpg,IMG_0678_0da681f3,Earrings,1,train,dataset1
DS1_IMG_000784,train/Earrings/IMG_0679_d42028d4_jpg.rf.7a9a98ed382d49219f25435b8afdcedf.jpg,IMG_0679_d42028d4,Earrings,1,train,dataset1
DS1_IMG_000785,train/Earrings/IMG_0679_d42028d4_jpg.rf.bf7fc9773b6b03f752b06a6e644d8978.jpg,IMG_0679_d42028d4,Earrings,1,train,dataset1
DS1_IMG_000786,train/Earrings/IMG_0679_d42028d4_jpg.rf.ea74f7b5b31a282e7872b04121efa798.jpg,IMG_0679_d42028d4,Earrings,1,train,dataset1
DS1_IMG_000787,train/Earrings/IMG_0680_943431e1_jpg.rf.1d337d01502db0371a1187141c574a82.jpg,IMG_0680_943431e1,Earrings,1,train,dataset1
DS1_IMG_000788,train/Earrings/IMG_0680_943431e1_jpg.rf.924e7cad79db845940ff4b6cc5c96ae3.jpg,IMG_0680_943431e1,Earrings,1,train,dataset1
DS1_IMG_000789,train/Earrings/IMG_0680_943431e1_jpg.rf.93a5e0ea598d235b2908e5ed9acd05d8.jpg,IMG_0680_943431e1,Earrings,1,train,dataset1
DS1_IMG_000790,train/Earrings/IMG_1598_6554f616_JPG.rf.09e8dc33b29e5abd8a37a317ea5d94e7.jpg,IMG_1598_6554f616,Earrings,1,train,dataset1
DS1_IMG_000791,train/Earrings/IMG_1598_6554f616_JPG.rf.182dce5df400ea4848f280f05e79310c.jpg,IMG_1598_6554f616,Earrings,1,train,dataset1
DS1_IMG_000792,train/Earrings/IMG_1598_6554f616_JPG.rf.a0232dda7e48e92924cf8a9a09669223.jpg,IMG_1598_6554f616,Earrings,1,train,dataset1
DS1_IMG_000793,train/Earrings/IMG_1599_fd3daedc_JPG.rf.2f62130edce386b3bd7ee866682a6b50.jpg,IMG_1599_fd3daedc,Earrings,1,train,dataset1
DS1_IMG_000794,train/Earrings/IMG_1599_fd3daedc_JPG.rf.d3f2a07e43aaece313da67a8b73e8dcf.jpg,IMG_1599_fd3daedc,Earrings,1,train,dataset1
DS1_IMG_000795,train/Earrings/IMG_1599_fd3daedc_JPG.rf.f80f8d987ac17baebccac2f6b1d0ae2f.jpg,IMG_1599_fd3daedc,Earrings,1,train,dataset1
DS1_IMG_000796,train/Earrings/IMG_1664_027e16c7_JPG.rf.9cfa31a7449b6b51da65b17da422bc75.jpg,IMG_1664_027e16c7,Earrings,1,train,dataset1
DS1_IMG_000797,train/Earrings/IMG_1664_027e16c7_JPG.rf.ce69255527e7987819b5253b9ea30d82.jpg,IMG_1664_027e16c7,Earrings,1,train,dataset1
DS1_IMG_000798,train/Earrings/IMG_1664_027e16c7_JPG.rf.e1d360989bacc7e988f65893bb28f747.jpg,IMG_1664_027e16c7,Earrings,1,train,dataset1
DS1_IMG_000799,train/Earrings/IMG_1671_8b6c63e2_JPG.rf.279d95a4c3808bf7f4630ca8a1bc6430.jpg,IMG_1671_8b6c63e2,Earrings,1,train,dataset1
DS1_IMG_000800,train/Earrings/IMG_1671_8b6c63e2_JPG.rf.63504814a78bf3831bd2b8d957640237.jpg,IMG_1671_8b6c63e2,Earrings,1,train,dataset1
DS1_IMG_000801,train/Earrings/IMG_1671_8b6c63e2_JPG.rf.91fe069209e66ca6a1f9c6f4681660ca.jpg,IMG_1671_8b6c63e2,Earrings,1,train,dataset1
DS1_IMG_000802,train/Earrings/IMG_1673_fdbb6ced_JPG.rf.66ab92bc1b9d0825bb0aeafd91cb10e2.jpg,IMG_1673_fdbb6ced,Earrings,1,train,dataset1
DS1_IMG_000803,train/Earrings/IMG_1673_fdbb6ced_JPG.rf.7c8101443b409a940bdad769d1f2c469.jpg,IMG_1673_fdbb6ced,Earrings,1,train,dataset1
DS1_IMG_000804,train/Earrings/IMG_1673_fdbb6ced_JPG.rf.fe87ea4c6c61c7e47e04a6e5430a329a.jpg,IMG_1673_fdbb6ced,Earrings,1,train,dataset1
DS1_IMG_000805,train/Earrings/IMG_2035_e9e50fa5_JPG.rf.23aa023fdcc6ab4e6c8e84710f8eb770.jpg,IMG_2035_e9e50fa5,Earrings,1,train,dataset1
DS1_IMG_000806,train/Earrings/IMG_2035_e9e50fa5_JPG.rf.a565a8d0cff27aafda206d4cdf71f9fc.jpg,IMG_2035_e9e50fa5,Earrings,1,train,dataset1
DS1_IMG_000807,train/Earrings/IMG_2035_e9e50fa5_JPG.rf.e1e39e3c57132e0052bcd88087c22776.jpg,IMG_2035_e9e50fa5,Earrings,1,train,dataset1
DS1_IMG_000808,train/Earrings/IMG_2036_0a196c6e_JPG.rf.5d0e2dfa520f0a99dba5fcc67b919000.jpg,IMG_2036_0a196c6e,Earrings,1,train,dataset1
DS1_IMG_000809,train/Earrings/IMG_2036_0a196c6e_JPG.rf.9146d6ca77f59c575b365bcefb629130.jpg,IMG_2036_0a196c6e,Earrings,1,train,dataset1
DS1_IMG_000810,train/Earrings/IMG_2036_0a196c6e_JPG.rf.964b7ee6aea9752cc13bd7740a52f686.jpg,IMG_2036_0a196c6e,Earrings,1,train,dataset1
DS1_IMG_000811,train/Earrings/IMG_2139_3c14d83a_JPG.rf.4495460db46f48f335a22e710acacf74.jpg,IMG_2139_3c14d83a,Earrings,1,train,dataset1
DS1_IMG_000812,train/Earrings/IMG_2139_3c14d83a_JPG.rf.a7e841e24bc796bd54aa71f788b838bb.jpg,IMG_2139_3c14d83a,Earrings,1,train,dataset1
DS1_IMG_000813,train/Earrings/IMG_2139_3c14d83a_JPG.rf.cfc527ffb5a48d491c165290775832e8.jpg,IMG_2139_3c14d83a,Earrings,1,train,dataset1
DS1_IMG_000814,train/Earrings/IMG_2148_49236282_JPG.rf.6d8978c19075dad795d8591ef8b4f667.jpg,IMG_2148_49236282,Earrings,1,train,dataset1
DS1_IMG_000815,train/Earrings/IMG_2148_49236282_JPG.rf.ce3071d3da0e242fd09b100964437a56.jpg,IMG_2148_49236282,Earrings,1,train,dataset1
DS1_IMG_000816,train/Earrings/IMG_2148_49236282_JPG.rf.e9ea2ca74b84353bf2853be3a931f6db.jpg,IMG_2148_49236282,Earrings,1,train,dataset1
DS1_IMG_000817,train/Earrings/IMG_2149_63a6aecb_JPG.rf.635ad1eb647aa87b56e185e86662feb2.jpg,IMG_2149_63a6aecb,Earrings,1,train,dataset1
DS1_IMG_000818,train/Earrings/IMG_2149_63a6aecb_JPG.rf.899f17df07c0a4ff76e8062641c210ac.jpg,IMG_2149_63a6aecb,Earrings,1,train,dataset1
DS1_IMG_000819,train/Earrings/IMG_2149_63a6aecb_JPG.rf.a36da8a2096c86c4bab258dda3e3e898.jpg,IMG_2149_63a6aecb,Earrings,1,train,dataset1
DS1_IMG_000820,train/Earrings/IMG_2150_bfeb67e1_JPG.rf.1d57c3df7a19553ecfb3ab4e0fb62f1d.jpg,IMG_2150_bfeb67e1,Earrings,1,train,dataset1
DS1_IMG_000821,train/Earrings/IMG_2150_bfeb67e1_JPG.rf.449c8c81a19246f97735a895827b75d6.jpg,IMG_2150_bfeb67e1,Earrings,1,train,dataset1
DS1_IMG_000822,train/Earrings/IMG_2150_bfeb67e1_JPG.rf.65d036635eb1652dc2a6530cee6844de.jpg,IMG_2150_bfeb67e1,Earrings,1,train,dataset1
DS1_IMG_000823,train/Earrings/IMG_2151_fe5da1c9_JPG.rf.40d7bf41379dc55d4f9f224e7c93552b.jpg,IMG_2151_fe5da1c9,Earrings,1,train,dataset1
DS1_IMG_000824,train/Earrings/IMG_2151_fe5da1c9_JPG.rf.b1296a53e5cd95dc7345e6ff2ae313a4.jpg,IMG_2151_fe5da1c9,Earrings,1,train,dataset1
DS1_IMG_000825,train/Earrings/IMG_2151_fe5da1c9_JPG.rf.e40ff0da59dfef036a2668464ba4894c.jpg,IMG_2151_fe5da1c9,Earrings,1,train,dataset1
DS1_IMG_000826,train/Earrings/IMG_2152_1a02edb6_JPG.rf.000b5e71a48400a80f0a69ed3e2eab25.jpg,IMG_2152_1a02edb6,Earrings,1,train,dataset1
DS1_IMG_000827,train/Earrings/IMG_2152_1a02edb6_JPG.rf.30f890b3a2887d135eb0f8c59afd2fa0.jpg,IMG_2152_1a02edb6,Earrings,1,train,dataset1
DS1_IMG_000828,train/Earrings/IMG_2152_1a02edb6_JPG.rf.4f02776bd66ccd3305c0c4fdf6e21557.jpg,IMG_2152_1a02edb6,Earrings,1,train,dataset1
DS1_IMG_000829,train/Earrings/IMG_2154_19340421_JPG.rf.174b547ca943d0cc094949b2f1340081.jpg,IMG_2154_19340421,Earrings,1,train,dataset1
DS1_IMG_000830,train/Earrings/IMG_2154_19340421_JPG.rf.613400e729ec75ce225127bed50debdc.jpg,IMG_2154_19340421,Earrings,1,train,dataset1
DS1_IMG_000831,train/Earrings/IMG_2154_19340421_JPG.rf.d1172c7bc2b21aa1f1f731df2d0fde9a.jpg,IMG_2154_19340421,Earrings,1,train,dataset1
DS1_IMG_000832,train/Earrings/IMG_2157_340a75b2_JPG.rf.23948856521bd0b1eca93788e34cf2c5.jpg,IMG_2157_340a75b2,Earrings,1,train,dataset1
DS1_IMG_000833,train/Earrings/IMG_2157_340a75b2_JPG.rf.38c3e0e81123060876fc8edc256da869.jpg,IMG_2157_340a75b2,Earrings,1,train,dataset1
DS1_IMG_000834,train/Earrings/IMG_2157_340a75b2_JPG.rf.618f59198c8121bf1dd2b09a4079a168.jpg,IMG_2157_340a75b2,Earrings,1,train,dataset1
DS1_IMG_000835,train/Earrings/IMG_2232_dd20c4b3_JPG.rf.25cabf90e3f4d371936c22c9a3d9c898.jpg,IMG_2232_dd20c4b3,Earrings,1,train,dataset1
DS1_IMG_000836,train/Earrings/IMG_2232_dd20c4b3_JPG.rf.d74f38dda0fa857e749ad695849073ce.jpg,IMG_2232_dd20c4b3,Earrings,1,train,dataset1
DS1_IMG_000837,train/Earrings/IMG_2232_dd20c4b3_JPG.rf.e3852a4e64504c510d06f213161778f5.jpg,IMG_2232_dd20c4b3,Earrings,1,train,dataset1
DS1_IMG_000838,train/Earrings/IMG_2498_776465de_JPG.rf.2ce8b37e73e75af805a1d814d5baf051.jpg,IMG_2498_776465de,Earrings,1,train,dataset1
DS1_IMG_000839,train/Earrings/IMG_2498_776465de_JPG.rf.7d514bc9151ec08fb3f06186be9f467b.jpg,IMG_2498_776465de,Earrings,1,train,dataset1
DS1_IMG_000840,train/Earrings/IMG_2498_776465de_JPG.rf.f2333f6d5160d6fcacbeda4e4d3962e3.jpg,IMG_2498_776465de,Earrings,1,train,dataset1
DS1_IMG_000841,train/Earrings/IMG_2500_33317627_JPG.rf.14c021156f73b93d65c577cbfb802622.jpg,IMG_2500_33317627,Earrings,1,train,dataset1
DS1_IMG_000842,train/Earrings/IMG_2500_33317627_JPG.rf.4290e8b81b0a75ce7214b88a4fb07771.jpg,IMG_2500_33317627,Earrings,1,train,dataset1
DS1_IMG_000843,train/Earrings/IMG_2500_33317627_JPG.rf.f4d1a736d533fa92148d8a0ecbc7800c.jpg,IMG_2500_33317627,Earrings,1,train,dataset1
DS1_IMG_000844,train/Earrings/IMG_2502_5907549c_JPG.rf.2fdae52f9b3145c5853384a9c48d778a.jpg,IMG_2502_5907549c,Earrings,1,train,dataset1
DS1_IMG_000845,train/Earrings/IMG_2502_5907549c_JPG.rf.c9e33ada299706f61a528e5385856aac.jpg,IMG_2502_5907549c,Earrings,1,train,dataset1
DS1_IMG_000846,train/Earrings/IMG_2502_5907549c_JPG.rf.d2d3c2631af5f65faab13cace79d3c28.jpg,IMG_2502_5907549c,Earrings,1,train,dataset1
DS1_IMG_000847,train/Earrings/IMG_2503_83eaf2d8_JPG.rf.9856127b0a451987f76856dd260b81a2.jpg,IMG_2503_83eaf2d8,Earrings,1,train,dataset1
DS1_IMG_000848,train/Earrings/IMG_2503_83eaf2d8_JPG.rf.a32657a6bcc89f92a71db873f0c614ff.jpg,IMG_2503_83eaf2d8,Earrings,1,train,dataset1
DS1_IMG_000849,train/Earrings/IMG_2503_83eaf2d8_JPG.rf.e90dd035e7ef28fff99208bfd0a6a422.jpg,IMG_2503_83eaf2d8,Earrings,1,train,dataset1
DS1_IMG_000850,train/Earrings/IMG_2505_d351bdbf_JPG.rf.31e56fea160ffa169d6387e1b2e87a00.jpg,IMG_2505_d351bdbf,Earrings,1,train,dataset1
DS1_IMG_000851,train/Earrings/IMG_2505_d351bdbf_JPG.rf.6cb2c48107a56562a9569731d6fe0c4f.jpg,IMG_2505_d351bdbf,Earrings,1,train,dataset1
DS1_IMG_000852,train/Earrings/IMG_2505_d351bdbf_JPG.rf.9ab6ceefc41fd84b127909d1b6acc7d2.jpg,IMG_2505_d351bdbf,Earrings,1,train,dataset1
DS1_IMG_000853,train/Earrings/JE03505-YGP900_1_lar_jpg.rf.1db74440cba6aa05c8245ee6a073280e.jpg,JE03505-YGP900_1_lar,Earrings,1,train,dataset1
DS1_IMG_000854,train/Earrings/JE03505-YGP900_1_lar_jpg.rf.221d232df1734e71e1c50bf99123c800.jpg,JE03505-YGP900_1_lar,Earrings,1,train,dataset1
DS1_IMG_000855,train/Earrings/JE03505-YGP900_1_lar_jpg.rf.84ec1c679a296e2824f78eef65f164f3.jpg,JE03505-YGP900_1_lar,Earrings,1,train,dataset1
DS1_IMG_000856,train/Earrings/Kedatangan-mode-baru-model-baru-anting-anting-emas-kuning-Desain-jantung-Stup-anting-untuk-anak-perempuan-jpg_640x640_jpg.rf.1f4220ba88f8052631ad275d55a2c9c7.jpg,Kedatangan-mode-baru-model-baru-anting-anting-emas-kuning-Desain-jantung-Stup-anting-untuk-anak-perempuan-jpg_640x640,Earrings,1,train,dataset1
DS1_IMG_000857,train/Earrings/Kedatangan-mode-baru-model-baru-anting-anting-emas-kuning-Desain-jantung-Stup-anting-untuk-anak-perempuan-jpg_640x640_jpg.rf.7451a2d5daaa4b9e66c73c74757ea04f.jpg,Kedatangan-mode-baru-model-baru-anting-anting-emas-kuning-Desain-jantung-Stup-anting-untuk-anak-perempuan-jpg_640x640,Earrings,1,train,dataset1
DS1_IMG_000858,train/Earrings/Kedatangan-mode-baru-model-baru-anting-anting-emas-kuning-Desain-jantung-Stup-anting-untuk-anak-perempuan-jpg_640x640_jpg.rf.bde25c76d759f97e9418baa5bf79646e.jpg,Kedatangan-mode-baru-model-baru-anting-anting-emas-kuning-Desain-jantung-Stup-anting-untuk-anak-perempuan-jpg_640x640,Earrings,1,train,dataset1
DS1_IMG_000859,train/Earrings/New-Design-Elegant-Long-Thread-Fashion-Dangle-Tassel-Earrings_jpg.rf.51a9c79e34f3c2e37f6afe36c6b7303d.jpg,New-Design-Elegant-Long-Thread-Fashion-Dangle-Tassel-Earrings,Earrings,1,train,dataset1
DS1_IMG_000860,train/Earrings/New-Design-Elegant-Long-Thread-Fashion-Dangle-Tassel-Earrings_jpg.rf.976dd981b6dcd2b0364b0a6366273159.jpg,New-Design-Elegant-Long-Thread-Fashion-Dangle-Tassel-Earrings,Earrings,1,train,dataset1
DS1_IMG_000861,train/Earrings/New-Design-Elegant-Long-Thread-Fashion-Dangle-Tassel-Earrings_jpg.rf.e7ec6eb7dd96e5d3ba0eeb029dd22ed1.jpg,New-Design-Elegant-Long-Thread-Fashion-Dangle-Tassel-Earrings,Earrings,1,train,dataset1
DS1_IMG_000862,train/Earrings/OBJ16MBE07w_LRG_rgb_Web_jpg.rf.4be95e3aa94605f2791473a457615619.jpg,OBJ16MBE07w_LRG_rgb_Web,Earrings,1,train,dataset1
DS1_IMG_000863,train/Earrings/OBJ16MBE07w_LRG_rgb_Web_jpg.rf.8f45ffcc96ac3329829fe7e0613c7411.jpg,OBJ16MBE07w_LRG_rgb_Web,Earrings,1,train,dataset1
DS1_IMG_000864,train/Earrings/OBJ16MBE07w_LRG_rgb_Web_jpg.rf.d641d57b662081f8d0c95125e82afa8e.jpg,OBJ16MBE07w_LRG_rgb_Web,Earrings,1,train,dataset1
DS1_IMG_000865,train/Earrings/ROSC090818E14_1_JPG.rf.179bc5f2e3fea26d3ad5999b0214fde1.jpg,ROSC090818E14_1,Earrings,1,train,dataset1
DS1_IMG_000866,train/Earrings/ROSC090818E14_1_JPG.rf.aeb49dcfee2c0894b7171e3b46c04812.jpg,ROSC090818E14_1,Earrings,1,train,dataset1
DS1_IMG_000867,train/Earrings/Resin-Rhinestone-Butterfly-Stud-Earrings__30519_zoom_jpg.rf.6e37d480f4183155a4ecdbecd721e967.jpg,Resin-Rhinestone-Butterfly-Stud-Earrings__30519_zoom,Earrings,1,train,dataset1
DS1_IMG_000868,train/Earrings/Resin-Rhinestone-Butterfly-Stud-Earrings__30519_zoom_jpg.rf.e2a210db455b185758c79daac43b1613.jpg,Resin-Rhinestone-Butterfly-Stud-Earrings__30519_zoom,Earrings,1,train,dataset1
DS1_IMG_000869,train/Earrings/Resin-Rhinestone-Butterfly-Stud-Earrings__30519_zoom_jpg.rf.fc0e5c772810a6452d60fa7d58718433.jpg,Resin-Rhinestone-Butterfly-Stud-Earrings__30519_zoom,Earrings,1,train,dataset1
DS1_IMG_000870,train/Earrings/Roberto-Coin-Black-Jade-18K-Rose-Gold-Earrings-with-Mother-of-Pearl-and-Diamonds-8881985AXERJ_png.rf.52f09ed3758e323d9e6886e9663953e8.jpg,Roberto-Coin-Black-Jade-18K-Rose-Gold-Earrings-with-Mother-of-Pearl-and-Diamonds-8881985AXERJ,Earrings,1,train,dataset1
DS1_IMG_000871,train/Earrings/Roberto-Coin-Black-Jade-18K-Rose-Gold-Earrings-with-Mother-of-Pearl-and-Diamonds-8881985AXERJ_png.rf.9affa26edcf5d4c94617099a75c0d326.jpg,Roberto-Coin-Black-Jade-18K-Rose-Gold-Earrings-with-Mother-of-Pearl-and-Diamonds-8881985AXERJ,Earrings,1,train,dataset1
DS1_IMG_000872,train/Earrings/Roberto-Coin-Black-Jade-18K-Rose-Gold-Earrings-with-Mother-of-Pearl-and-Diamonds-8881985AXERJ_png.rf.fb3014ebb842972e041ba4aa2e5b7a62.jpg,Roberto-Coin-Black-Jade-18K-Rose-Gold-Earrings-with-Mother-of-Pearl-and-Diamonds-8881985AXERJ,Earrings,1,train,dataset1
DS1_IMG_000873,train/Earrings/Screenshot_20181114-203953_1542265021406_png.rf.9896aecfe22c861065e0c02b7fea3353.jpg,Screenshot_20181114-203953_1542265021406,Earrings,1,train,dataset1
DS1_IMG_000874,train/Earrings/Screenshot_20181114-203953_1542265021406_png.rf.b89c6d49fac17c4b27c5d916160d3378.jpg,Screenshot_20181114-203953_1542265021406,Earrings,1,train,dataset1
DS1_IMG_000875,train/Earrings/Screenshot_20181114-203953_1542265021406_png.rf.d6f332f686ef425f319e716a0bd13ede.jpg,Screenshot_20181114-203953_1542265021406,Earrings,1,train,dataset1
DS1_IMG_000876,train/Earrings/Screenshot_20181114-204401_1542264891668_png.rf.1f2b6986ad1671b40406cfb883713530.jpg,Screenshot_20181114-204401_1542264891668,Earrings,1,train,dataset1
DS1_IMG_000877,train/Earrings/Screenshot_20181114-204401_1542264891668_png.rf.8310a8fdca0c550739e920752264c5bb.jpg,Screenshot_20181114-204401_1542264891668,Earrings,1,train,dataset1
DS1_IMG_000878,train/Earrings/Screenshot_20181114-204401_1542264891668_png.rf.dbe1dc65b569f6df39d6348c94cbc2c6.jpg,Screenshot_20181114-204401_1542264891668,Earrings,1,train,dataset1
DS1_IMG_000879,train/Earrings/Screenshot_20181115-080413_1542265992057_png.rf.c6bef95d72b3117a52a43c38be01a022.jpg,Screenshot_20181115-080413_1542265992057,Earrings,1,train,dataset1
DS1_IMG_000880,train/Earrings/Screenshot_20181115-080413_1542265992057_png.rf.e24a04ad586c835b4b9440c20c431f33.jpg,Screenshot_20181115-080413_1542265992057,Earrings,1,train,dataset1
DS1_IMG_000881,train/Earrings/Screenshot_20181115-080413_1542265992057_png.rf.fa259eb37559857a20b439893d2074fc.jpg,Screenshot_20181115-080413_1542265992057,Earrings,1,train,dataset1
DS1_IMG_000882,train/Earrings/Screenshot_20181115-080455_1542265924986_png.rf.4a54d12d9d542bc3b41115b40e8f62ec.jpg,Screenshot_20181115-080455_1542265924986,Earrings,1,train,dataset1
DS1_IMG_000883,train/Earrings/Screenshot_20181115-080455_1542265924986_png.rf.87bf0e9410a9af248aefb5dc1c86bd0b.jpg,Screenshot_20181115-080455_1542265924986,Earrings,1,train,dataset1
DS1_IMG_000884,train/Earrings/Screenshot_20181115-080455_1542265924986_png.rf.973fab1762c2228f6f8195628211c878.jpg,Screenshot_20181115-080455_1542265924986,Earrings,1,train,dataset1
DS1_IMG_000885,train/Earrings/Screenshot_20181115-080745_1542265825200_png.rf.05faceb108f055745848efb37301b294.jpg,Screenshot_20181115-080745_1542265825200,Earrings,1,train,dataset1
DS1_IMG_000886,train/Earrings/Screenshot_20181115-080745_1542265825200_png.rf.9d1f9c13aa35b9dc1ec910779d6b8b7e.jpg,Screenshot_20181115-080745_1542265825200,Earrings,1,train,dataset1
DS1_IMG_000887,train/Earrings/Screenshot_20181115-080745_1542265825200_png.rf.a83ec9cf6b32057bdf8675ece8592e6c.jpg,Screenshot_20181115-080745_1542265825200,Earrings,1,train,dataset1
DS1_IMG_000888,train/Earrings/Screenshot_20181121-045031_png.rf.d47c74fedf0e5828d63e3c808d98cebd.jpg,Screenshot_20181121-045031,Earrings,1,train,dataset1
DS1_IMG_000889,train/Earrings/Screenshot_20181121-045031_png.rf.de4d4d2f5a5b70ced819a47cd5e65ee6.jpg,Screenshot_20181121-045031,Earrings,1,train,dataset1
DS1_IMG_000890,train/Earrings/Screenshot_20181121-045031_png.rf.fd993ccb020e04d56c4dd271e7c87f1b.jpg,Screenshot_20181121-045031,Earrings,1,train,dataset1
DS1_IMG_000891,train/Earrings/Screenshot_20181121-190556_1544080595375_png.rf.044ac3ed6de27b6b54a456246ff85251.jpg,Screenshot_20181121-190556_1544080595375,Earrings,1,train,dataset1
DS1_IMG_000892,train/Earrings/Screenshot_20181121-190556_1544080595375_png.rf.0ca44ef5ecf7d7598d115aabb3b3baba.jpg,Screenshot_20181121-190556_1544080595375,Earrings,1,train,dataset1
DS1_IMG_000893,train/Earrings/Screenshot_20181121-190556_1544080595375_png.rf.9a181d0216ef5c806b0e8019a25872f6.jpg,Screenshot_20181121-190556_1544080595375,Earrings,1,train,dataset1
DS1_IMG_000894,train/Earrings/Screenshot_20181121-190612_1544080568440_png.rf.9f2171e174b7f59f8f45b57949d7c48f.jpg,Screenshot_20181121-190612_1544080568440,Earrings,1,train,dataset1
DS1_IMG_000895,train/Earrings/Screenshot_20181121-190612_1544080568440_png.rf.e87f7d29fa6d28b1e8c49c3feaa5e4ea.jpg,Screenshot_20181121-190612_1544080568440,Earrings,1,train,dataset1
DS1_IMG_000896,train/Earrings/Screenshot_20181121-190612_1544080568440_png.rf.f848f82b31d224d9240869a0ed4a37f6.jpg,Screenshot_20181121-190612_1544080568440,Earrings,1,train,dataset1
DS1_IMG_000897,train/Earrings/Screenshot_20181121-190630_1544080514083_png.rf.28bf7cfcfef993e6940a8d119d288ba4.jpg,Screenshot_20181121-190630_1544080514083,Earrings,1,train,dataset1
DS1_IMG_000898,train/Earrings/Screenshot_20181121-190630_1544080514083_png.rf.8840d9d2286a31be7aa85b20d0322b80.jpg,Screenshot_20181121-190630_1544080514083,Earrings,1,train,dataset1
DS1_IMG_000899,train/Earrings/Screenshot_20181121-190630_1544080514083_png.rf.e0717aa7944bcb688c37cb7ea89bf614.jpg,Screenshot_20181121-190630_1544080514083,Earrings,1,train,dataset1
DS1_IMG_000900,train/Earrings/Screenshot_20181125-115518_1544080085955_png.rf.49caa18d9f69562a4533b888108cc804.jpg,Screenshot_20181125-115518_1544080085955,Earrings,1,train,dataset1
DS1_IMG_000901,train/Earrings/Screenshot_20181125-115518_1544080085955_png.rf.7c20bad55aff8bc9eff7f1f98c5b12c9.jpg,Screenshot_20181125-115518_1544080085955,Earrings,1,train,dataset1
DS1_IMG_000902,train/Earrings/Screenshot_20181125-115518_1544080085955_png.rf.fb919841b3700cf215b06f8ec3db015b.jpg,Screenshot_20181125-115518_1544080085955,Earrings,1,train,dataset1
DS1_IMG_000903,train/Earrings/Screenshot_20181125-115550_1544080112908_png.rf.4e4eb2429887e9a6e23da7ce1a9093e5.jpg,Screenshot_20181125-115550_1544080112908,Earrings,1,train,dataset1
DS1_IMG_000904,train/Earrings/Screenshot_20181125-115550_1544080112908_png.rf.a39a27c75faf3d3f13fd274d02159429.jpg,Screenshot_20181125-115550_1544080112908,Earrings,1,train,dataset1
DS1_IMG_000905,train/Earrings/Screenshot_20181125-115550_1544080112908_png.rf.fa52a2bf198eff5a183dbcb22a7a6c78.jpg,Screenshot_20181125-115550_1544080112908,Earrings,1,train,dataset1
DS1_IMG_000906,train/Earrings/Screenshot_20190101-212741_1546422287531_png.rf.82efa9e5eac781a68bad5cd5358cb146.jpg,Screenshot_20190101-212741_1546422287531,Earrings,1,train,dataset1
DS1_IMG_000907,train/Earrings/Screenshot_20190101-212741_1546422287531_png.rf.a9af5cb99248dde03ac8c7a51ce4db39.jpg,Screenshot_20190101-212741_1546422287531,Earrings,1,train,dataset1
DS1_IMG_000908,train/Earrings/Screenshot_20190101-212741_1546422287531_png.rf.d238b898cb5af39d56b4d211289530f0.jpg,Screenshot_20190101-212741_1546422287531,Earrings,1,train,dataset1
DS1_IMG_000909,train/Earrings/Screenshot_20190101-212750_1546422262944_png.rf.4155b882feb12c711cd1b20aed5e8203.jpg,Screenshot_20190101-212750_1546422262944,Earrings,1,train,dataset1
DS1_IMG_000910,train/Earrings/Screenshot_20190101-212750_1546422262944_png.rf.5178f3dc560bd8fd08c20e4bc9856ea6.jpg,Screenshot_20190101-212750_1546422262944,Earrings,1,train,dataset1
DS1_IMG_000911,train/Earrings/Screenshot_20190101-212750_1546422262944_png.rf.8644a83ba7ea43acfa527db07038a4f8.jpg,Screenshot_20190101-212750_1546422262944,Earrings,1,train,dataset1
DS1_IMG_000912,train/Earrings/Sublime-Gold-Drop-Earrings-2_jpg.rf.6641c83f0120be9ef56a2c8526de8034.jpg,Sublime-Gold-Drop-Earrings-2,Earrings,1,train,dataset1
DS1_IMG_000913,train/Earrings/Sublime-Gold-Drop-Earrings-2_jpg.rf.c7bccdc8192bfcc9ebac90f550d833bb.jpg,Sublime-Gold-Drop-Earrings-2,Earrings,1,train,dataset1
DS1_IMG_000914,train/Earrings/Turquoise-Bracelet-Sterling-Silver-Vintage-Bracelet-full-5-720-19-l-59-ea_jpg.rf.6a91e48854f00d781418a32469aee52a.jpg,Turquoise-Bracelet-Sterling-Silver-Vintage-Bracelet-full-5-720-19-l-59-ea,Earrings,1,train,dataset1
DS1_IMG_000915,train/Earrings/Turquoise-Bracelet-Sterling-Silver-Vintage-Bracelet-full-5-720-19-l-59-ea_jpg.rf.8590263685ce2212e819255dc4a6a8b4.jpg,Turquoise-Bracelet-Sterling-Silver-Vintage-Bracelet-full-5-720-19-l-59-ea,Earrings,1,train,dataset1
DS1_IMG_000916,train/Earrings/Turquoise-Bracelet-Sterling-Silver-Vintage-Bracelet-full-5-720-19-l-59-ea_jpg.rf.ef1626a3ccbe8478701f9bbbc73c2816.jpg,Turquoise-Bracelet-Sterling-Silver-Vintage-Bracelet-full-5-720-19-l-59-ea,Earrings,1,train,dataset1
DS1_IMG_000917,train/Earrings/UE00012-YG0000_1_lar_jpg.rf.30c735cd7433678171d434599377307a.jpg,UE00012-YG0000_1_lar,Earrings,1,train,dataset1
DS1_IMG_000918,train/Earrings/UE00012-YG0000_1_lar_jpg.rf.8e4cee366de1e48684f7d30d6f4e2de7.jpg,UE00012-YG0000_1_lar,Earrings,1,train,dataset1
DS1_IMG_000919,train/Earrings/UE00012-YG0000_1_lar_jpg.rf.cbd3859f135d0553bdcaee461bf8980c.jpg,UE00012-YG0000_1_lar,Earrings,1,train,dataset1
DS1_IMG_000920,train/Earrings/UE00694-2Y0000_1_lar_jpg.rf.38eaeba3e4857d138cd38059859d8bb7.jpg,UE00694-2Y0000_1_lar,Earrings,1,train,dataset1
DS1_IMG_000921,train/Earrings/UE00694-2Y0000_1_lar_jpg.rf.465f9b9176c1e2633ec456701dc324c2.jpg,UE00694-2Y0000_1_lar,Earrings,1,train,dataset1
DS1_IMG_000922,train/Earrings/UE00694-2Y0000_1_lar_jpg.rf.abc9f78248988006c596d6e3b3e97310.jpg,UE00694-2Y0000_1_lar,Earrings,1,train,dataset1
DS1_IMG_000923,train/Earrings/UE04341-YG00P0_1_lar_jpg.rf.4f84fac86831adf89f1ee75f4edfcf06.jpg,UE04341-YG00P0_1_lar,Earrings,1,train,dataset1
DS1_IMG_000924,train/Earrings/UE04341-YG00P0_1_lar_jpg.rf.c436ec5caed002deb045c4ecf7152385.jpg,UE04341-YG00P0_1_lar,Earrings,1,train,dataset1
DS1_IMG_000925,train/Earrings/UE04341-YG00P0_1_lar_jpg.rf.c49040c4ee07b37b811b37786f236881.jpg,UE04341-YG00P0_1_lar,Earrings,1,train,dataset1
DS1_IMG_000926,train/Earrings/ariel-elegant-diamond-earrings-jle139-1-750x500_jpg.rf.92ff92f2cf0fec13d5f84b691628b12f.jpg,ariel-elegant-diamond-earrings-jle139-1-750x500,Earrings,1,train,dataset1
DS1_IMG_000927,train/Earrings/ariel-elegant-diamond-earrings-jle139-1-750x500_jpg.rf.a5d3a31cd7c91e7d49b3867497febf46.jpg,ariel-elegant-diamond-earrings-jle139-1-750x500,Earrings,1,train,dataset1
DS1_IMG_000928,train/Earrings/ariel-elegant-diamond-earrings-jle139-1-750x500_jpg.rf.f7975596021584918809248b1c740acd.jpg,ariel-elegant-diamond-earrings-jle139-1-750x500,Earrings,1,train,dataset1
DS1_IMG_000929,train/Earrings/beautiful-fancy-peacock-earring-with-hanging-drops-11-250x250_jpg.rf.7ae7aa48c70a7cf92157cd4a81c0de3f.jpg,beautiful-fancy-peacock-earring-with-hanging-drops-11-250x250,Earrings,1,train,dataset1
DS1_IMG_000930,train/Earrings/beautiful-fancy-peacock-earring-with-hanging-drops-11-250x250_jpg.rf.7c2ad8a28130c238ce306fc2a8d33d14.jpg,beautiful-fancy-peacock-earring-with-hanging-drops-11-250x250,Earrings,1,train,dataset1
DS1_IMG_000931,train/Earrings/beautiful-fancy-peacock-earring-with-hanging-drops-11-250x250_jpg.rf.e771ef2c7add24d7cf2f9e02da070b81.jpg,beautiful-fancy-peacock-earring-with-hanging-drops-11-250x250,Earrings,1,train,dataset1
DS1_IMG_000932,train/Earrings/bracelet_20241125_122504_81999999_jpg.rf.2e7e92faba041cdf4b10b2188d15f755.jpg,bracelet_20241125_122504_81999999,Earrings,1,train,dataset1
DS1_IMG_000933,train/Earrings/bracelet_20241125_122504_81999999_jpg.rf.5b67b2271ec21f4375f7319f369a1d2d.jpg,bracelet_20241125_122504_81999999,Earrings,1,train,dataset1
DS1_IMG_000934,train/Earrings/bracelet_20241125_122504_81999999_jpg.rf.88c4538caba5b2669383085af9a1777e.jpg,bracelet_20241125_122504_81999999,Earrings,1,train,dataset1
DS1_IMG_000935,train/Earrings/bracelet_20241125_122545_ff990424_jpg.rf.2b2403430ae0f754157d3b7b60eb10ff.jpg,bracelet_20241125_122545_ff990424,Earrings,1,train,dataset1
DS1_IMG_000936,train/Earrings/bracelet_20241125_122545_ff990424_jpg.rf.6734aa52eefd95a54a752a0d7025cbf1.jpg,bracelet_20241125_122545_ff990424,Earrings,1,train,dataset1
DS1_IMG_000937,train/Earrings/bracelet_20241125_122545_ff990424_jpg.rf.b03e2a915f1b6206755e0c53f6178d05.jpg,bracelet_20241125_122545_ff990424,Earrings,1,train,dataset1
DS1_IMG_000938,train/Earrings/earring_106_jpg.rf.0908dd530e28a1837f7b74839a32b10a.jpg,earring_106,Earrings,1,train,dataset1
DS1_IMG_000939,train/Earrings/earring_106_jpg.rf.38edacc213fc52c3ac79359b5aec3ab3.jpg,earring_106,Earrings,1,train,dataset1
DS1_IMG_000940,train/Earrings/earring_106_jpg.rf.f9af784c95e992ca647e90c7e8b7c1b4.jpg,earring_106,Earrings,1,train,dataset1
DS1_IMG_000941,train/Earrings/earring_112_jpg.rf.02a8e1ba39b62ae2c9b7ace1ba93215f.jpg,earring_112,Earrings,1,train,dataset1
DS1_IMG_000942,train/Earrings/earring_112_jpg.rf.045f7113ca517ac37c9a428c8b3d92c3.jpg,earring_112,Earrings,1,train,dataset1
DS1_IMG_000943,train/Earrings/earring_115_jpg.rf.312ff267c9f58758922d85f5e09bc31c.jpg,earring_115,Earrings,1,train,dataset1
DS1_IMG_000944,train/Earrings/earring_115_jpg.rf.9d9c5e848e147914e1b0837f3c94ff21.jpg,earring_115,Earrings,1,train,dataset1
DS1_IMG_000945,train/Earrings/earring_115_jpg.rf.b45e70f69cc6eadf80915acd5c3a6a52.jpg,earring_115,Earrings,1,train,dataset1
DS1_IMG_000946,train/Earrings/earring_116_jpg.rf.3d63274e6407866becec9f3f5e32102e.jpg,earring_116,Earrings,1,train,dataset1
DS1_IMG_000947,train/Earrings/earring_116_jpg.rf.57d88ae4020ae4f7c3a9c542e826bf6e.jpg,earring_116,Earrings,1,train,dataset1
DS1_IMG_000948,train/Earrings/earring_116_jpg.rf.8c49ef236181b4813b0ebfa66f6817ee.jpg,earring_116,Earrings,1,train,dataset1
DS1_IMG_000949,train/Earrings/earring_117_jpg.rf.3f780203b4c95ce27fb9a501fb8e0844.jpg,earring_117,Earrings,1,train,dataset1
DS1_IMG_000950,train/Earrings/earring_117_jpg.rf.7ee9c24266d961bf4771cdad02c68855.jpg,earring_117,Earrings,1,train,dataset1
DS1_IMG_000951,train/Earrings/earring_118_jpg.rf.95880c04dff2ea5919b956dca1e3406d.jpg,earring_118,Earrings,1,train,dataset1
DS1_IMG_000952,train/Earrings/earring_11_jpg.rf.14f900dab8d780d88c6d9104d7c5add5.jpg,earring_11,Earrings,1,train,dataset1
DS1_IMG_000953,train/Earrings/earring_11_jpg.rf.bcefae9c179b86e11eb976e8e41ed5b1.jpg,earring_11,Earrings,1,train,dataset1
DS1_IMG_000954,train/Earrings/earring_11_jpg.rf.f67773403828bdb1e1fef451aa8840ae.jpg,earring_11,Earrings,1,train,dataset1
DS1_IMG_000955,train/Earrings/earring_122_jpg.rf.01a25695c81163dfce494785e49e4596.jpg,earring_122,Earrings,1,train,dataset1
DS1_IMG_000956,train/Earrings/earring_122_jpg.rf.493233db955b2e1aea41a8a23f98d89c.jpg,earring_122,Earrings,1,train,dataset1
DS1_IMG_000957,train/Earrings/earring_122_jpg.rf.bdd5be8562b7bdf9fdb3f1aea0929ec7.jpg,earring_122,Earrings,1,train,dataset1
DS1_IMG_000958,train/Earrings/earring_124_jpg.rf.1c80ab87d47e895c03ea8657fff81a31.jpg,earring_124,Earrings,1,train,dataset1
DS1_IMG_000959,train/Earrings/earring_124_jpg.rf.6d888c82174b133eb087ce059cdef17a.jpg,earring_124,Earrings,1,train,dataset1
DS1_IMG_000960,train/Earrings/earring_124_jpg.rf.d4ecc1fe8b58291a02d0b4a36d8e40b8.jpg,earring_124,Earrings,1,train,dataset1
DS1_IMG_000961,train/Earrings/earring_127_jpg.rf.33af53f3ccb2cad18bf6e614105ee649.jpg,earring_127,Earrings,1,train,dataset1
DS1_IMG_000962,train/Earrings/earring_127_jpg.rf.bc79d8a9d210b7dd81a9fce303fc0556.jpg,earring_127,Earrings,1,train,dataset1
DS1_IMG_000963,train/Earrings/earring_129_jpg.rf.381913a46581fd5e49fac516f58ddf68.jpg,earring_129,Earrings,1,train,dataset1
DS1_IMG_000964,train/Earrings/earring_129_jpg.rf.621db9f13a19b368256ab2a6d5a2aeb2.jpg,earring_129,Earrings,1,train,dataset1
DS1_IMG_000965,train/Earrings/earring_129_jpg.rf.8292e4ae5ffbe2401051a663c45ba743.jpg,earring_129,Earrings,1,train,dataset1
DS1_IMG_000966,train/Earrings/earring_132_jpg.rf.4bd029d0e86c27269c2e328b5ed2d171.jpg,earring_132,Earrings,1,train,dataset1
DS1_IMG_000967,train/Earrings/earring_132_jpg.rf.8dd8c7df9856a50bcb38304512195c37.jpg,earring_132,Earrings,1,train,dataset1
DS1_IMG_000968,train/Earrings/earring_132_jpg.rf.dd0257403a9caaee514d9626edd24d30.jpg,earring_132,Earrings,1,train,dataset1
DS1_IMG_000969,train/Earrings/earring_135_jpg.rf.25e9fccded083aa6f82b752e150e418b.jpg,earring_135,Earrings,1,train,dataset1
DS1_IMG_000970,train/Earrings/earring_135_jpg.rf.504606824b3e57b10eeea0b97cd7d977.jpg,earring_135,Earrings,1,train,dataset1
DS1_IMG_000971,train/Earrings/earring_135_jpg.rf.d8206ce6909ee8db6bdb392d71b0aadb.jpg,earring_135,Earrings,1,train,dataset1
DS1_IMG_000972,train/Earrings/earring_138_jpg.rf.08ea5c293d994d17c957176bc694ce80.jpg,earring_138,Earrings,1,train,dataset1
DS1_IMG_000973,train/Earrings/earring_138_jpg.rf.a720d769b313c1b7e83b7e7a5ccc3cd3.jpg,earring_138,Earrings,1,train,dataset1
DS1_IMG_000974,train/Earrings/earring_138_jpg.rf.c6eae9251fe5f3cee052f289157b376b.jpg,earring_138,Earrings,1,train,dataset1
DS1_IMG_000975,train/Earrings/earring_139_jpg.rf.10a7de7dbece2ae364535994d896e9fa.jpg,earring_139,Earrings,1,train,dataset1
DS1_IMG_000976,train/Earrings/earring_139_jpg.rf.bde0e40b6b4f0841ed4e15210ef3a7fe.jpg,earring_139,Earrings,1,train,dataset1
DS1_IMG_000977,train/Earrings/earring_139_jpg.rf.f704c9cdda9732b0f837bc836f55cfcf.jpg,earring_139,Earrings,1,train,dataset1
DS1_IMG_000978,train/Earrings/earring_140_jpg.rf.195e8df28bda641eb15158454cb50937.jpg,earring_140,Earrings,1,train,dataset1
DS1_IMG_000979,train/Earrings/earring_140_jpg.rf.4272fb176654867d926755b62fb75048.jpg,earring_140,Earrings,1,train,dataset1
DS1_IMG_000980,train/Earrings/earring_140_jpg.rf.e3103f9037762704132a8a151c7a2e47.jpg,earring_140,Earrings,1,train,dataset1
DS1_IMG_000981,train/Earrings/earring_142_jpg.rf.173848bdf4219da520049bfc5fb8ad6a.jpg,earring_142,Earrings,1,train,dataset1
DS1_IMG_000982,train/Earrings/earring_142_jpg.rf.9cc708a41ad951a37dc742d6b5314a93.jpg,earring_142,Earrings,1,train,dataset1
DS1_IMG_000983,train/Earrings/earring_142_jpg.rf.dd11850c92c8abd2fe55aafa035a9bdd.jpg,earring_142,Earrings,1,train,dataset1
DS1_IMG_000984,train/Earrings/earring_143_jpg.rf.551166e35f037a173d46e36cd40f52ba.jpg,earring_143,Earrings,1,train,dataset1
DS1_IMG_000985,train/Earrings/earring_143_jpg.rf.5cef744a36a93b5a96064a2dad64dbc5.jpg,earring_143,Earrings,1,train,dataset1
DS1_IMG_000986,train/Earrings/earring_143_jpg.rf.5dfe1a5208e41b218cbcb8b8aae8c68c.jpg,earring_143,Earrings,1,train,dataset1
DS1_IMG_000987,train/Earrings/earring_145_jpg.rf.0257fde76142fc0e9d30028c777ff3ef.jpg,earring_145,Earrings,1,train,dataset1
DS1_IMG_000988,train/Earrings/earring_145_jpg.rf.03adb428f0101db0a1d77e4fc24315b3.jpg,earring_145,Earrings,1,train,dataset1
DS1_IMG_000989,train/Earrings/earring_145_jpg.rf.389309cf9b6c5cf3658f150f070425ab.jpg,earring_145,Earrings,1,train,dataset1
DS1_IMG_000990,train/Earrings/earring_146_jpg.rf.5d8d0f591b29e147107b4377ab2a132c.jpg,earring_146,Earrings,1,train,dataset1
DS1_IMG_000991,train/Earrings/earring_146_jpg.rf.6f53cf63f8160ec02609ee61d679e0d5.jpg,earring_146,Earrings,1,train,dataset1
DS1_IMG_000992,train/Earrings/earring_146_jpg.rf.ac939ede47223f2e813e1be5062a3359.jpg,earring_146,Earrings,1,train,dataset1
DS1_IMG_000993,train/Earrings/earring_14_jpg.rf.12b2274b62f7ce460558910719b7690e.jpg,earring_14,Earrings,1,train,dataset1
DS1_IMG_000994,train/Earrings/earring_14_jpg.rf.23129e6b3d4db7ec173eb1d542b9ec53.jpg,earring_14,Earrings,1,train,dataset1
DS1_IMG_000995,train/Earrings/earring_14_jpg.rf.5ec8465d69c15aa168e36d09beb2032d.jpg,earring_14,Earrings,1,train,dataset1
DS1_IMG_000996,train/Earrings/earring_150_jpg.rf.7a8a8ca901d0627f75e35a28da8f5552.jpg,earring_150,Earrings,1,train,dataset1
DS1_IMG_000997,train/Earrings/earring_150_jpg.rf.cb2507e864179dbf082fd539a4c2935d.jpg,earring_150,Earrings,1,train,dataset1
DS1_IMG_000998,train/Earrings/earring_152_jpg.rf.1e4a587e232c3ebae8b10e43aa752799.jpg,earring_152,Earrings,1,train,dataset1
DS1_IMG_000999,train/Earrings/earring_152_jpg.rf.3d669cbf01e9d214cd1ec95f80cb93bf.jpg,earring_152,Earrings,1,train,dataset1
DS1_IMG_001000,train/Earrings/earring_152_jpg.rf.d0ad986a17402750c3706e1cc7330ab0.jpg,earring_152,Earrings,1,train,dataset1
DS1_IMG_001001,train/Earrings/earring_156_jpg.rf.60c1d94923b2ea3682bf2dff76727f95.jpg,earring_156,Earrings,1,train,dataset1
DS1_IMG_001002,train/Earrings/earring_156_jpg.rf.88fe22bb7b1c7cfc59b15cc8cb4859d4.jpg,earring_156,Earrings,1,train,dataset1
DS1_IMG_001003,train/Earrings/earring_156_jpg.rf.a943221a07d169b92eec15a3fec73c6f.jpg,earring_156,Earrings,1,train,dataset1
DS1_IMG_001004,train/Earrings/earring_157_jpg.rf.0ae9ce396fca8c7c0f5b7f3df31fea61.jpg,earring_157,Earrings,1,train,dataset1
DS1_IMG_001005,train/Earrings/earring_157_jpg.rf.421e8c8d7ec92539f04783687723558b.jpg,earring_157,Earrings,1,train,dataset1
DS1_IMG_001006,train/Earrings/earring_157_jpg.rf.582c955adba496b04c88aa6891fa7ea1.jpg,earring_157,Earrings,1,train,dataset1
DS1_IMG_001007,train/Earrings/earring_159_jpg.rf.0eb1d1874f2604a7f27e52a390ea1faa.jpg,earring_159,Earrings,1,train,dataset1
DS1_IMG_001008,train/Earrings/earring_159_jpg.rf.4de13adcb20ad4017eabeeff8376b886.jpg,earring_159,Earrings,1,train,dataset1
DS1_IMG_001009,train/Earrings/earring_159_jpg.rf.9c984fff9801c53019a4ca6cafae745a.jpg,earring_159,Earrings,1,train,dataset1
DS1_IMG_001010,train/Earrings/earring_15_jpg.rf.08cb331f0c620d67edaf9296bc8b7885.jpg,earring_15,Earrings,1,train,dataset1
DS1_IMG_001011,train/Earrings/earring_15_jpg.rf.782c916de6babdbd599d16d823c236ef.jpg,earring_15,Earrings,1,train,dataset1
DS1_IMG_001012,train/Earrings/earring_15_jpg.rf.95b88f047929db0128c379b4feda8a70.jpg,earring_15,Earrings,1,train,dataset1
DS1_IMG_001013,train/Earrings/earring_161_jpg.rf.2acb0fe3ca2afc71b950a2d081447e8d.jpg,earring_161,Earrings,1,train,dataset1
DS1_IMG_001014,train/Earrings/earring_161_jpg.rf.788966c51c4176ada94651f5e9ec3e9d.jpg,earring_161,Earrings,1,train,dataset1
DS1_IMG_001015,train/Earrings/earring_161_jpg.rf.d65f1146b8e52af9d31974f01e5f5433.jpg,earring_161,Earrings,1,train,dataset1
DS1_IMG_001016,train/Earrings/earring_162_jpg.rf.00906a704660f0c4658f09869de8de2e.jpg,earring_162,Earrings,1,train,dataset1
DS1_IMG_001017,train/Earrings/earring_162_jpg.rf.028c7aea316fc735a567f5a0c840dd48.jpg,earring_162,Earrings,1,train,dataset1
DS1_IMG_001018,train/Earrings/earring_162_jpg.rf.2d64d33c5ca9177ec1a19f717c240ff9.jpg,earring_162,Earrings,1,train,dataset1
DS1_IMG_001019,train/Earrings/earring_163_jpg.rf.757b6fe8f8ce4735cc642a5c457cc960.jpg,earring_163,Earrings,1,train,dataset1
DS1_IMG_001020,train/Earrings/earring_163_jpg.rf.97f9e87dc0ddf1e8346f4c16d42762b7.jpg,earring_163,Earrings,1,train,dataset1
DS1_IMG_001021,train/Earrings/earring_167_jpg.rf.16b36a6e5ef382677a8d1312b939b1c8.jpg,earring_167,Earrings,1,train,dataset1
DS1_IMG_001022,train/Earrings/earring_167_jpg.rf.d5a3c99c0b98145555957644ec9af680.jpg,earring_167,Earrings,1,train,dataset1
DS1_IMG_001023,train/Earrings/earring_167_jpg.rf.f91a0e8c1090e34f1921399d4d1c9a65.jpg,earring_167,Earrings,1,train,dataset1
DS1_IMG_001024,train/Earrings/earring_174_jpg.rf.50637076d016e5da2835afcc729ad560.jpg,earring_174,Earrings,1,train,dataset1
DS1_IMG_001025,train/Earrings/earring_174_jpg.rf.763b20c4a8b4cd4014217b6e58374d30.jpg,earring_174,Earrings,1,train,dataset1
DS1_IMG_001026,train/Earrings/earring_174_jpg.rf.9ba7719e3ee4a24c3dddd1b00776e9c2.jpg,earring_174,Earrings,1,train,dataset1
DS1_IMG_001027,train/Earrings/earring_175_jpg.rf.45c642407883080a1b8f18c66396716e.jpg,earring_175,Earrings,1,train,dataset1
DS1_IMG_001028,train/Earrings/earring_175_jpg.rf.e5b5517e0867ecf0f98cad9b0d1a2ad4.jpg,earring_175,Earrings,1,train,dataset1
DS1_IMG_001029,train/Earrings/earring_179_jpg.rf.00400514ea1ea133a65ce1666ee0c84f.jpg,earring_179,Earrings,1,train,dataset1
DS1_IMG_001030,train/Earrings/earring_179_jpg.rf.15c0a5a17b5137f4325c8a5af43d5cde.jpg,earring_179,Earrings,1,train,dataset1
DS1_IMG_001031,train/Earrings/earring_179_jpg.rf.278d335f5fbd953cd811250f76d6ae11.jpg,earring_179,Earrings,1,train,dataset1
DS1_IMG_001032,train/Earrings/earring_185_jpg.rf.1f93dc2056c24b6124e1ba9d5fab4a1a.jpg,earring_185,Earrings,1,train,dataset1
DS1_IMG_001033,train/Earrings/earring_185_jpg.rf.dd93a69425ad6aaa643f5194698fb2ab.jpg,earring_185,Earrings,1,train,dataset1
DS1_IMG_001034,train/Earrings/earring_189_jpg.rf.38e625cb4aec7ac2bc78bc2d5a1ba6f4.jpg,earring_189,Earrings,1,train,dataset1
DS1_IMG_001035,train/Earrings/earring_189_jpg.rf.a6fce1491710295f1f6bf751312424fb.jpg,earring_189,Earrings,1,train,dataset1
DS1_IMG_001036,train/Earrings/earring_189_jpg.rf.c50bbc7c2aa7392d5ab56b34ee418934.jpg,earring_189,Earrings,1,train,dataset1
DS1_IMG_001037,train/Earrings/earring_18_jpg.rf.67efc3424ce942049ebdff962f0dc5e0.jpg,earring_18,Earrings,1,train,dataset1
DS1_IMG_001038,train/Earrings/earring_18_jpg.rf.71402ea5c90a3864601360d91347a571.jpg,earring_18,Earrings,1,train,dataset1
DS1_IMG_001039,train/Earrings/earring_18_jpg.rf.cfd54fd4d482eef7398889cb2ec0ddf2.jpg,earring_18,Earrings,1,train,dataset1
DS1_IMG_001040,train/Earrings/earring_190_jpg.rf.a78480b072cf88f7707cee94172399bf.jpg,earring_190,Earrings,1,train,dataset1
DS1_IMG_001041,train/Earrings/earring_190_jpg.rf.deddf1f7db96f01e8bb014eceb61c317.jpg,earring_190,Earrings,1,train,dataset1
DS1_IMG_001042,train/Earrings/earring_190_jpg.rf.ede07ca54fabc5722a416a9937c871bc.jpg,earring_190,Earrings,1,train,dataset1
DS1_IMG_001043,train/Earrings/earring_194_jpg.rf.2d47f8fcefc3e8de7a5dccaf7e32e699.jpg,earring_194,Earrings,1,train,dataset1
DS1_IMG_001044,train/Earrings/earring_194_jpg.rf.de7bdd42b08fd88e971834c1b609e73d.jpg,earring_194,Earrings,1,train,dataset1
DS1_IMG_001045,train/Earrings/earring_194_jpg.rf.f05f889d269a51fbb5ef092ad6bc45ef.jpg,earring_194,Earrings,1,train,dataset1
DS1_IMG_001046,train/Earrings/earring_19_jpg.rf.0c525b7663d91acda8e2487ec2ae942b.jpg,earring_19,Earrings,1,train,dataset1
DS1_IMG_001047,train/Earrings/earring_19_jpg.rf.130d94f24600adaf329c7af737472827.jpg,earring_19,Earrings,1,train,dataset1
DS1_IMG_001048,train/Earrings/earring_19_jpg.rf.4c2296b28d66244760f9f5e2a5c04c8f.jpg,earring_19,Earrings,1,train,dataset1
DS1_IMG_001049,train/Earrings/earring_1_jpg.rf.4833a019f38dc7eb60dd928f28218fcb.jpg,earring_1,Earrings,1,train,dataset1
DS1_IMG_001050,train/Earrings/earring_1_jpg.rf.8057ce27500085bc4f5ab3a0765bf929.jpg,earring_1,Earrings,1,train,dataset1
DS1_IMG_001051,train/Earrings/earring_1_jpg.rf.ef08978389b000eb2df074d207d76833.jpg,earring_1,Earrings,1,train,dataset1
DS1_IMG_001052,train/Earrings/earring_200_jpg.rf.25e70394a8fda163c32fd3896a5d3789.jpg,earring_200,Earrings,1,train,dataset1
DS1_IMG_001053,train/Earrings/earring_200_jpg.rf.83e765fe0ad91913a679136a86dfc15c.jpg,earring_200,Earrings,1,train,dataset1
DS1_IMG_001054,train/Earrings/earring_201_jpg.rf.3a91554fb4a92750c9d49acef6c42134.jpg,earring_201,Earrings,1,train,dataset1
DS1_IMG_001055,train/Earrings/earring_201_jpg.rf.4d201bd93102759930d7126768f5503f.jpg,earring_201,Earrings,1,train,dataset1
DS1_IMG_001056,train/Earrings/earring_20241125_122504_787f7fc3_jpg.rf.025bcf6ac2276edf269f9ef1b9b05107.jpg,earring_20241125_122504_787f7fc3,Earrings,1,train,dataset1
DS1_IMG_001057,train/Earrings/earring_20241125_122504_787f7fc3_jpg.rf.247a450d37cd946a8c1093d356012076.jpg,earring_20241125_122504_787f7fc3,Earrings,1,train,dataset1
DS1_IMG_001058,train/Earrings/earring_20241125_122504_787f7fc3_jpg.rf.85b6c85af0fdde6292a2588951c83c10.jpg,earring_20241125_122504_787f7fc3,Earrings,1,train,dataset1
DS1_IMG_001059,train/Earrings/earring_20241125_122504_ffff2707_jpg.rf.18f05404266de54daac3cfcd0fd4136f.jpg,earring_20241125_122504_ffff2707,Earrings,1,train,dataset1
DS1_IMG_001060,train/Earrings/earring_20241125_122504_ffff2707_jpg.rf.3163de9214e4392c831d26ea76365522.jpg,earring_20241125_122504_ffff2707,Earrings,1,train,dataset1
DS1_IMG_001061,train/Earrings/earring_20241125_122504_ffff2707_jpg.rf.61001604fca56658de1110543b7be90a.jpg,earring_20241125_122504_ffff2707,Earrings,1,train,dataset1
DS1_IMG_001062,train/Earrings/earring_202_jpg.rf.26be90a1c81a3d2f6266280224b51064.jpg,earring_202,Earrings,1,train,dataset1
DS1_IMG_001063,train/Earrings/earring_202_jpg.rf.6fae29d5e7be167ca632091e83e99632.jpg,earring_202,Earrings,1,train,dataset1
DS1_IMG_001064,train/Earrings/earring_202_jpg.rf.cbcfe5ed52255d05f7cdb16de3522eb1.jpg,earring_202,Earrings,1,train,dataset1
DS1_IMG_001065,train/Earrings/earring_203_jpg.rf.14ca49dde3310d64e45f5fb38268c432.jpg,earring_203,Earrings,1,train,dataset1
DS1_IMG_001066,train/Earrings/earring_203_jpg.rf.43665630538d83bd6a627c3c4539be90.jpg,earring_203,Earrings,1,train,dataset1
DS1_IMG_001067,train/Earrings/earring_205_jpg.rf.410348db574459c9526c6ccf0b912f1d.jpg,earring_205,Earrings,1,train,dataset1
DS1_IMG_001068,train/Earrings/earring_205_jpg.rf.8ab0391973ca0d10821b915658752dd3.jpg,earring_205,Earrings,1,train,dataset1
DS1_IMG_001069,train/Earrings/earring_207_jpg.rf.f08c73651c0bcef34c653df1c9c04f34.jpg,earring_207,Earrings,1,train,dataset1
DS1_IMG_001070,train/Earrings/earring_210_jpg.rf.1cdf2b3fd5592404f9095ddc8717becc.jpg,earring_210,Earrings,1,train,dataset1
DS1_IMG_001071,train/Earrings/earring_210_jpg.rf.40e2d04294434691290d906dfc1afd7f.jpg,earring_210,Earrings,1,train,dataset1
DS1_IMG_001072,train/Earrings/earring_210_jpg.rf.c254cd6ce69dabccefecff36e7eb79b9.jpg,earring_210,Earrings,1,train,dataset1
DS1_IMG_001073,train/Earrings/earring_213_jpg.rf.996a355d799493289ee1de7957191f34.jpg,earring_213,Earrings,1,train,dataset1
DS1_IMG_001074,train/Earrings/earring_213_jpg.rf.9f34419386d98e5851f5f15bd9732629.jpg,earring_213,Earrings,1,train,dataset1
DS1_IMG_001075,train/Earrings/earring_219_jpg.rf.2e8e15373d11944bc67d4c0cb0cc60f8.jpg,earring_219,Earrings,1,train,dataset1
DS1_IMG_001076,train/Earrings/earring_219_jpg.rf.5fdc37042138a58a0edc610887e02713.jpg,earring_219,Earrings,1,train,dataset1
DS1_IMG_001077,train/Earrings/earring_219_jpg.rf.bb35ef5f50c9eb82d89538c38631b8c0.jpg,earring_219,Earrings,1,train,dataset1
DS1_IMG_001078,train/Earrings/earring_220_jpg.rf.41dc902621bf5a2918229257e87403f7.jpg,earring_220,Earrings,1,train,dataset1
DS1_IMG_001079,train/Earrings/earring_220_jpg.rf.47d290cba1effee9e51c02e34effb9e9.jpg,earring_220,Earrings,1,train,dataset1
DS1_IMG_001080,train/Earrings/earring_220_jpg.rf.c2a146221de758e075b521092cd8b033.jpg,earring_220,Earrings,1,train,dataset1
DS1_IMG_001081,train/Earrings/earring_222_jpg.rf.00a07dea0c11b92d770a44fd495fae50.jpg,earring_222,Earrings,1,train,dataset1
DS1_IMG_001082,train/Earrings/earring_222_jpg.rf.103ea304febcded735f662142d7e8281.jpg,earring_222,Earrings,1,train,dataset1
DS1_IMG_001083,train/Earrings/earring_222_jpg.rf.c58b86e3769a64109c344a53e52d9f80.jpg,earring_222,Earrings,1,train,dataset1
DS1_IMG_001084,train/Earrings/earring_225_jpg.rf.03106cd63a455d68aea2a2845bdeedc4.jpg,earring_225,Earrings,1,train,dataset1
DS1_IMG_001085,train/Earrings/earring_225_jpg.rf.1a79778efec74552ad8895745c5a5de6.jpg,earring_225,Earrings,1,train,dataset1
DS1_IMG_001086,train/Earrings/earring_225_jpg.rf.fa6d619ebe78b79a7ca5f65ce8017784.jpg,earring_225,Earrings,1,train,dataset1
DS1_IMG_001087,train/Earrings/earring_228_jpg.rf.6252d1fbf8abc812fe4b7171b0d4f5a6.jpg,earring_228,Earrings,1,train,dataset1
DS1_IMG_001088,train/Earrings/earring_228_jpg.rf.7ee1486a40b0d5145b0e01f001a35959.jpg,earring_228,Earrings,1,train,dataset1
DS1_IMG_001089,train/Earrings/earring_22_jpg.rf.37a6cad2c47328ab09026d0c7102155c.jpg,earring_22,Earrings,1,train,dataset1
DS1_IMG_001090,train/Earrings/earring_22_jpg.rf.402b7b81eb61aeb1dcb3047954674ba5.jpg,earring_22,Earrings,1,train,dataset1
DS1_IMG_001091,train/Earrings/earring_22_jpg.rf.922a0c6ee6e742cb5421a95558dc93ed.jpg,earring_22,Earrings,1,train,dataset1
DS1_IMG_001092,train/Earrings/earring_233_jpg.rf.2b4590d497e781ea8af185213b8a0604.jpg,earring_233,Earrings,1,train,dataset1
DS1_IMG_001093,train/Earrings/earring_233_jpg.rf.8119ceedd86e101b4daf4f6a0bb64dc4.jpg,earring_233,Earrings,1,train,dataset1
DS1_IMG_001094,train/Earrings/earring_233_jpg.rf.b7df54164bc49b7d8213f60461b040af.jpg,earring_233,Earrings,1,train,dataset1
DS1_IMG_001095,train/Earrings/earring_235_jpg.rf.26af7cf2f9de19b5dd337f0588da066d.jpg,earring_235,Earrings,1,train,dataset1
DS1_IMG_001096,train/Earrings/earring_235_jpg.rf.f1911e25fef7b4d7b47c6cec7ddca82b.jpg,earring_235,Earrings,1,train,dataset1
DS1_IMG_001097,train/Earrings/earring_236_jpg.rf.94a095c37e3030ff69edbf95fa814bfb.jpg,earring_236,Earrings,1,train,dataset1
DS1_IMG_001098,train/Earrings/earring_236_jpg.rf.e22fc58ed2049330c7ffb38386eb2312.jpg,earring_236,Earrings,1,train,dataset1
DS1_IMG_001099,train/Earrings/earring_236_jpg.rf.f60e799aab4a27f6e3fdc12e8893650c.jpg,earring_236,Earrings,1,train,dataset1
DS1_IMG_001100,train/Earrings/earring_239_jpg.rf.8cf7e71ddf6eb32add2ff0dc2df4b3b6.jpg,earring_239,Earrings,1,train,dataset1
DS1_IMG_001101,train/Earrings/earring_239_jpg.rf.a8f6377445482942e140d9f7b3d2c618.jpg,earring_239,Earrings,1,train,dataset1
DS1_IMG_001102,train/Earrings/earring_239_jpg.rf.dccf46e1e84c7e1f032b0fb818b53edb.jpg,earring_239,Earrings,1,train,dataset1
DS1_IMG_001103,train/Earrings/earring_23_jpg.rf.1661d5e0b8814c7a5a86b7c5d59cd4ec.jpg,earring_23,Earrings,1,train,dataset1
DS1_IMG_001104,train/Earrings/earring_23_jpg.rf.9c522cddcd6d483f9928a4336ee5859b.jpg,earring_23,Earrings,1,train,dataset1
DS1_IMG_001105,train/Earrings/earring_23_jpg.rf.ab8ddce0b98afd31a21e328c4e04f591.jpg,earring_23,Earrings,1,train,dataset1
DS1_IMG_001106,train/Earrings/earring_24_jpg.rf.2b587f01201887e1e0a3480af6dd0de0.jpg,earring_24,Earrings,1,train,dataset1
DS1_IMG_001107,train/Earrings/earring_24_jpg.rf.d71a1d7a274c8ddcea549f8420e5af32.jpg,earring_24,Earrings,1,train,dataset1
DS1_IMG_001108,train/Earrings/earring_24_jpg.rf.fb4cad4cc7621ad503cb22d78d1578ce.jpg,earring_24,Earrings,1,train,dataset1
DS1_IMG_001109,train/Earrings/earring_251_jpg.rf.5e803577667eebcf49b9b37fa85434bf.jpg,earring_251,Earrings,1,train,dataset1
DS1_IMG_001110,train/Earrings/earring_251_jpg.rf.63c9e3aa0195f03a2563e57041764b8a.jpg,earring_251,Earrings,1,train,dataset1
DS1_IMG_001111,train/Earrings/earring_251_jpg.rf.c11b3559071a2d539d3ff6c74138270f.jpg,earring_251,Earrings,1,train,dataset1
DS1_IMG_001112,train/Earrings/earring_255_jpg.rf.4ea132faee6ed1455629c6d25d9ec16f.jpg,earring_255,Earrings,1,train,dataset1
DS1_IMG_001113,train/Earrings/earring_255_jpg.rf.e969cd998e52c498f2d725eec1fc1d09.jpg,earring_255,Earrings,1,train,dataset1
DS1_IMG_001114,train/Earrings/earring_255_jpg.rf.fba81ec162252c5f7d18313054713881.jpg,earring_255,Earrings,1,train,dataset1
DS1_IMG_001115,train/Earrings/earring_256_jpg.rf.803359ffa0d6a461fad5a75b1f1427d9.jpg,earring_256,Earrings,1,train,dataset1
DS1_IMG_001116,train/Earrings/earring_256_jpg.rf.8a6606e95ca66219e06d9a0218305f91.jpg,earring_256,Earrings,1,train,dataset1
DS1_IMG_001117,train/Earrings/earring_256_jpg.rf.b7ba506771e04814d77178e9106a42c3.jpg,earring_256,Earrings,1,train,dataset1
DS1_IMG_001118,train/Earrings/earring_258_jpg.rf.14bf4bc7e4e0955541b3de1f6bbfcd79.jpg,earring_258,Earrings,1,train,dataset1
DS1_IMG_001119,train/Earrings/earring_258_jpg.rf.1a61abd5cc0484f1aad24ad83aa5b4e6.jpg,earring_258,Earrings,1,train,dataset1
DS1_IMG_001120,train/Earrings/earring_258_jpg.rf.350ea69b54a9b10bd627d1737a614dd0.jpg,earring_258,Earrings,1,train,dataset1
DS1_IMG_001121,train/Earrings/earring_260_jpg.rf.27ec170bce7a8d3c3057a74d8b4e0801.jpg,earring_260,Earrings,1,train,dataset1
DS1_IMG_001122,train/Earrings/earring_260_jpg.rf.dd8adbdeb032bbec8db863af313ed285.jpg,earring_260,Earrings,1,train,dataset1
DS1_IMG_001123,train/Earrings/earring_260_jpg.rf.ec4d78e03b592387841a90b47ac31490.jpg,earring_260,Earrings,1,train,dataset1
DS1_IMG_001124,train/Earrings/earring_262_jpg.rf.0dac3fca7c2d3eeec76f2be8fb8aeb35.jpg,earring_262,Earrings,1,train,dataset1
DS1_IMG_001125,train/Earrings/earring_262_jpg.rf.35522e591e4ab40398b1098d0b03c5a9.jpg,earring_262,Earrings,1,train,dataset1
DS1_IMG_001126,train/Earrings/earring_262_jpg.rf.f15fc666e9de8e2a1b21cde57fbde93d.jpg,earring_262,Earrings,1,train,dataset1
DS1_IMG_001127,train/Earrings/earring_264_jpg.rf.2ffece56d327f5ccfeb6599e453c2277.jpg,earring_264,Earrings,1,train,dataset1
DS1_IMG_001128,train/Earrings/earring_264_jpg.rf.305b285f6d13e20f8b4e1a717ba3941e.jpg,earring_264,Earrings,1,train,dataset1
DS1_IMG_001129,train/Earrings/earring_264_jpg.rf.c549889046b43372d917a6a0df84b75b.jpg,earring_264,Earrings,1,train,dataset1
DS1_IMG_001130,train/Earrings/earring_267_jpg.rf.6ddfc8c676e02d94c620cc4c7bbc56d1.jpg,earring_267,Earrings,1,train,dataset1
DS1_IMG_001131,train/Earrings/earring_267_jpg.rf.b1badaede9b1a0f4f23092af9146c028.jpg,earring_267,Earrings,1,train,dataset1
DS1_IMG_001132,train/Earrings/earring_268_jpg.rf.374cff540688669961b4d194c710e5af.jpg,earring_268,Earrings,1,train,dataset1
DS1_IMG_001133,train/Earrings/earring_268_jpg.rf.41a7cd8b3385845dda030d64337eaa80.jpg,earring_268,Earrings,1,train,dataset1
DS1_IMG_001134,train/Earrings/earring_268_jpg.rf.cb2eaadbced02f90b415e5508c7d2c4b.jpg,earring_268,Earrings,1,train,dataset1
DS1_IMG_001135,train/Earrings/earring_272_jpg.rf.9722a954d17c572344c5464fb860b1e8.jpg,earring_272,Earrings,1,train,dataset1
DS1_IMG_001136,train/Earrings/earring_272_jpg.rf.ba908ffa6b279f8f106b7d3f1e9df502.jpg,earring_272,Earrings,1,train,dataset1
DS1_IMG_001137,train/Earrings/earring_272_jpg.rf.fe7978e68caf956f4226bda95715d9ae.jpg,earring_272,Earrings,1,train,dataset1
DS1_IMG_001138,train/Earrings/earring_274_jpg.rf.3383edf32a7e6efc3fb58f62a88a45c7.jpg,earring_274,Earrings,1,train,dataset1
DS1_IMG_001139,train/Earrings/earring_274_jpg.rf.580388ef5ae150b5f7dc811da79576cb.jpg,earring_274,Earrings,1,train,dataset1
DS1_IMG_001140,train/Earrings/earring_274_jpg.rf.ad7a07502e105aad2f047665892dbb3f.jpg,earring_274,Earrings,1,train,dataset1
DS1_IMG_001141,train/Earrings/earring_275_jpg.rf.2dcc384bc041f3423c3f45c64f2c98cf.jpg,earring_275,Earrings,1,train,dataset1
DS1_IMG_001142,train/Earrings/earring_275_jpg.rf.409e2d3a4d68037a607f62bb8568f927.jpg,earring_275,Earrings,1,train,dataset1
DS1_IMG_001143,train/Earrings/earring_275_jpg.rf.ab98320b30f95d0a6d324eeb9aa5c83e.jpg,earring_275,Earrings,1,train,dataset1
DS1_IMG_001144,train/Earrings/earring_277_jpg.rf.43fce401e26468cb174ad221d0854340.jpg,earring_277,Earrings,1,train,dataset1
DS1_IMG_001145,train/Earrings/earring_277_jpg.rf.5be951fb505fc74e8eebbd1c3108634e.jpg,earring_277,Earrings,1,train,dataset1
DS1_IMG_001146,train/Earrings/earring_277_jpg.rf.a2787f6e1485acf2d30ed71de8393355.jpg,earring_277,Earrings,1,train,dataset1
DS1_IMG_001147,train/Earrings/earring_285_jpg.rf.6bb552ff0857004598ab57b9c9d34485.jpg,earring_285,Earrings,1,train,dataset1
DS1_IMG_001148,train/Earrings/earring_285_jpg.rf.87f9c3434b38c153086acc17e50a3d5b.jpg,earring_285,Earrings,1,train,dataset1
DS1_IMG_001149,train/Earrings/earring_285_jpg.rf.b9239444409b8ecf8d80fd337bbe9cf5.jpg,earring_285,Earrings,1,train,dataset1
DS1_IMG_001150,train/Earrings/earring_286_jpg.rf.4bbeb4b54428d09221f2c257074bc342.jpg,earring_286,Earrings,1,train,dataset1
DS1_IMG_001151,train/Earrings/earring_286_jpg.rf.f220b8a6985b4fcdfa366c36dc8b5024.jpg,earring_286,Earrings,1,train,dataset1
DS1_IMG_001152,train/Earrings/earring_286_jpg.rf.f30d574b96b75f827abe5cc83cdab923.jpg,earring_286,Earrings,1,train,dataset1
DS1_IMG_001153,train/Earrings/earring_289_jpg.rf.276307e6694dbe9c291009515cab1faa.jpg,earring_289,Earrings,1,train,dataset1
DS1_IMG_001154,train/Earrings/earring_289_jpg.rf.4f0ed5129fba129e820cc73fc4f78bf3.jpg,earring_289,Earrings,1,train,dataset1
DS1_IMG_001155,train/Earrings/earring_289_jpg.rf.f2d5afc06bebdc3cde9e6ab36f408fac.jpg,earring_289,Earrings,1,train,dataset1
DS1_IMG_001156,train/Earrings/earring_290_jpg.rf.0b27d549342c42c75ecb91bd45342613.jpg,earring_290,Earrings,1,train,dataset1
DS1_IMG_001157,train/Earrings/earring_290_jpg.rf.765882aeea97f20bd87cb4f299b99501.jpg,earring_290,Earrings,1,train,dataset1
DS1_IMG_001158,train/Earrings/earring_290_jpg.rf.cbac72d9b5d404a125fe0286a447c8cc.jpg,earring_290,Earrings,1,train,dataset1
DS1_IMG_001159,train/Earrings/earring_292_jpg.rf.c9696bd06da88f4df32599bcc7c6b6e1.jpg,earring_292,Earrings,1,train,dataset1
DS1_IMG_001160,train/Earrings/earring_292_jpg.rf.d6da8b2de3fd90ae19e90271a7fae6a6.jpg,earring_292,Earrings,1,train,dataset1
DS1_IMG_001161,train/Earrings/earring_292_jpg.rf.d6fa7487b54589f2b98ce0abdf4ae595.jpg,earring_292,Earrings,1,train,dataset1
DS1_IMG_001162,train/Earrings/earring_294_jpg.rf.e6b3fb9aeb98f9786dbd46164c29b0fd.jpg,earring_294,Earrings,1,train,dataset1
DS1_IMG_001163,train/Earrings/earring_294_jpg.rf.e786e8342b46e347c6b78ff4bdd6d222.jpg,earring_294,Earrings,1,train,dataset1
DS1_IMG_001164,train/Earrings/earring_295_jpg.rf.83278a308e575e68438258fe4334b0ff.jpg,earring_295,Earrings,1,train,dataset1
DS1_IMG_001165,train/Earrings/earring_295_jpg.rf.99a15e9eb0b04056410b6b67b4d14060.jpg,earring_295,Earrings,1,train,dataset1
DS1_IMG_001166,train/Earrings/earring_300_jpg.rf.35ac7ddf57a011a46c53728572a43d13.jpg,earring_300,Earrings,1,train,dataset1
DS1_IMG_001167,train/Earrings/earring_300_jpg.rf.9566a444149fd42091584b6b1b2bcf97.jpg,earring_300,Earrings,1,train,dataset1
DS1_IMG_001168,train/Earrings/earring_300_jpg.rf.cc4bbfb550d83d93d380cd36d9c1b985.jpg,earring_300,Earrings,1,train,dataset1
DS1_IMG_001169,train/Earrings/earring_301_jpg.rf.4a5ea8c9f4bbbc397eb945d4ad9830b5.jpg,earring_301,Earrings,1,train,dataset1
DS1_IMG_001170,train/Earrings/earring_301_jpg.rf.6dd1eb9f234ce174e8358a6c1ac7edfe.jpg,earring_301,Earrings,1,train,dataset1
DS1_IMG_001171,train/Earrings/earring_301_jpg.rf.73a43bafafaee3895683c95a48c11357.jpg,earring_301,Earrings,1,train,dataset1
DS1_IMG_001172,train/Earrings/earring_307_jpg.rf.434fd39823329f96f6c1bf41c509beb2.jpg,earring_307,Earrings,1,train,dataset1
DS1_IMG_001173,train/Earrings/earring_307_jpg.rf.ca35c123f5394f7ef870bfac8bf600e8.jpg,earring_307,Earrings,1,train,dataset1
DS1_IMG_001174,train/Earrings/earring_307_jpg.rf.fa67d543b5da40d732c76bafda44d62b.jpg,earring_307,Earrings,1,train,dataset1
DS1_IMG_001175,train/Earrings/earring_308_jpg.rf.06ee130fc2ce57fc61f9475177765e29.jpg,earring_308,Earrings,1,train,dataset1
DS1_IMG_001176,train/Earrings/earring_308_jpg.rf.4d197b0c3878f2c51036aae7e278e768.jpg,earring_308,Earrings,1,train,dataset1
DS1_IMG_001177,train/Earrings/earring_308_jpg.rf.8b8351c6e186089a6e0933b590b9db79.jpg,earring_308,Earrings,1,train,dataset1
DS1_IMG_001178,train/Earrings/earring_313_jpg.rf.74f965760395888500ebd14fb03c56c5.jpg,earring_313,Earrings,1,train,dataset1
DS1_IMG_001179,train/Earrings/earring_313_jpg.rf.b30f565d056d6a1358657ad13d7482db.jpg,earring_313,Earrings,1,train,dataset1
DS1_IMG_001180,train/Earrings/earring_313_jpg.rf.cace3f29f87e77d013523d2907ee2257.jpg,earring_313,Earrings,1,train,dataset1
DS1_IMG_001181,train/Earrings/earring_320_jpg.rf.8be7f2afa70acb7d7eafe094b66e6172.jpg,earring_320,Earrings,1,train,dataset1
DS1_IMG_001182,train/Earrings/earring_320_jpg.rf.d519bc71ff46d25c41eece8c982a4ded.jpg,earring_320,Earrings,1,train,dataset1
DS1_IMG_001183,train/Earrings/earring_320_jpg.rf.f083ebb2ddbf6fd4eb11c24cc47d6c68.jpg,earring_320,Earrings,1,train,dataset1
DS1_IMG_001184,train/Earrings/earring_323_jpg.rf.2ce85982a7ba25c23ff51cba0d6818ba.jpg,earring_323,Earrings,1,train,dataset1
DS1_IMG_001185,train/Earrings/earring_323_jpg.rf.855f9a759405af3195f04588b6dc46ca.jpg,earring_323,Earrings,1,train,dataset1
DS1_IMG_001186,train/Earrings/earring_323_jpg.rf.ce948e8f627e80c16ba57c79cf178e87.jpg,earring_323,Earrings,1,train,dataset1
DS1_IMG_001187,train/Earrings/earring_325_jpg.rf.194b7b1d448b8e5c3606908fe6fee53f.jpg,earring_325,Earrings,1,train,dataset1
DS1_IMG_001188,train/Earrings/earring_325_jpg.rf.f2275681dd37e11899613a8d332b6958.jpg,earring_325,Earrings,1,train,dataset1
DS1_IMG_001189,train/Earrings/earring_328_jpg.rf.55444bf8ca7f5db0ae658b9996024e7e.jpg,earring_328,Earrings,1,train,dataset1
DS1_IMG_001190,train/Earrings/earring_328_jpg.rf.e904fdfa1eac77d9d87accd12fbe1f24.jpg,earring_328,Earrings,1,train,dataset1
DS1_IMG_001191,train/Earrings/earring_331_jpg.rf.a2e491e26e5d01cc18772ebc23a057d4.jpg,earring_331,Earrings,1,train,dataset1
DS1_IMG_001192,train/Earrings/earring_331_jpg.rf.bd28582d437bd285e04773eb90aa1de7.jpg,earring_331,Earrings,1,train,dataset1
DS1_IMG_001193,train/Earrings/earring_331_jpg.rf.dff2e9660bc0bacb8a41297e804b1b6d.jpg,earring_331,Earrings,1,train,dataset1
DS1_IMG_001194,train/Earrings/earring_334_jpg.rf.0bf064374c33c57c7188c6cf66bba452.jpg,earring_334,Earrings,1,train,dataset1
DS1_IMG_001195,train/Earrings/earring_334_jpg.rf.6575903b395e57b726a33d65d64c91dc.jpg,earring_334,Earrings,1,train,dataset1
DS1_IMG_001196,train/Earrings/earring_334_jpg.rf.df33864b466ada47b6a6253eb695d8c5.jpg,earring_334,Earrings,1,train,dataset1
DS1_IMG_001197,train/Earrings/earring_335_jpg.rf.92b3813c41e67cc38c5041f45e425fa9.jpg,earring_335,Earrings,1,train,dataset1
DS1_IMG_001198,train/Earrings/earring_335_jpg.rf.9a1429a9434305c5bbfe31acae1491e3.jpg,earring_335,Earrings,1,train,dataset1
DS1_IMG_001199,train/Earrings/earring_335_jpg.rf.dc8b6529603f1950ea6c043cc14995d8.jpg,earring_335,Earrings,1,train,dataset1
DS1_IMG_001200,train/Earrings/earring_337_jpg.rf.0f87aaa2e5ea9d6470339649e3af8b19.jpg,earring_337,Earrings,1,train,dataset1
DS1_IMG_001201,train/Earrings/earring_337_jpg.rf.44145212271f7b2fa33ea5eb0d6be7c0.jpg,earring_337,Earrings,1,train,dataset1
DS1_IMG_001202,train/Earrings/earring_337_jpg.rf.bb6db3b507c23cfa9b1569286ec1242c.jpg,earring_337,Earrings,1,train,dataset1
DS1_IMG_001203,train/Earrings/earring_338_jpg.rf.22304215ace6e7bad797514c9e2eb527.jpg,earring_338,Earrings,1,train,dataset1
DS1_IMG_001204,train/Earrings/earring_338_jpg.rf.8dc5a89676d896c9355532868c984f2b.jpg,earring_338,Earrings,1,train,dataset1
DS1_IMG_001205,train/Earrings/earring_338_jpg.rf.be569862e59fbd6602ba6b90e4a28497.jpg,earring_338,Earrings,1,train,dataset1
DS1_IMG_001206,train/Earrings/earring_340_jpg.rf.29844a2b6cc5630c81a706901991593a.jpg,earring_340,Earrings,1,train,dataset1
DS1_IMG_001207,train/Earrings/earring_340_jpg.rf.7ebf1a92e599c9763c76d35d0f4c8f66.jpg,earring_340,Earrings,1,train,dataset1
DS1_IMG_001208,train/Earrings/earring_340_jpg.rf.bf38448386a8c6c167d1b6c11b607a89.jpg,earring_340,Earrings,1,train,dataset1
DS1_IMG_001209,train/Earrings/earring_344_jpg.rf.3a05f66360a5dd0d3ffa1d35010fa535.jpg,earring_344,Earrings,1,train,dataset1
DS1_IMG_001210,train/Earrings/earring_344_jpg.rf.493d08f14392cf84c88b8379bd1e65b2.jpg,earring_344,Earrings,1,train,dataset1
DS1_IMG_001211,train/Earrings/earring_344_jpg.rf.98e3f3cd2179455a9871315c7ff3acde.jpg,earring_344,Earrings,1,train,dataset1
DS1_IMG_001212,train/Earrings/earring_349_jpg.rf.482b7d07cc5049b3b97723ececee79ea.jpg,earring_349,Earrings,1,train,dataset1
DS1_IMG_001213,train/Earrings/earring_349_jpg.rf.5430cb2c98bec152bf81bc481b76c10e.jpg,earring_349,Earrings,1,train,dataset1
DS1_IMG_001214,train/Earrings/earring_349_jpg.rf.571e359e69bc7ca19870de9d89222a50.jpg,earring_349,Earrings,1,train,dataset1
DS1_IMG_001215,train/Earrings/earring_34_jpg.rf.6d84728a34ae3cb2809eba3ab870cb12.jpg,earring_34,Earrings,1,train,dataset1
DS1_IMG_001216,train/Earrings/earring_34_jpg.rf.b8a4f5a2f41ad5108d07327226cab165.jpg,earring_34,Earrings,1,train,dataset1
DS1_IMG_001217,train/Earrings/earring_34_jpg.rf.fa9f87ca102d7935e783ae5a26634208.jpg,earring_34,Earrings,1,train,dataset1
DS1_IMG_001218,train/Earrings/earring_353_jpg.rf.6864e446e99a3fc3e4ad8581c3d3d10e.jpg,earring_353,Earrings,1,train,dataset1
DS1_IMG_001219,train/Earrings/earring_353_jpg.rf.9281e44dd2dc08a3b471ba00bee2428e.jpg,earring_353,Earrings,1,train,dataset1
DS1_IMG_001220,train/Earrings/earring_353_jpg.rf.f4055da67e7720f3ca99c08f624ddf7c.jpg,earring_353,Earrings,1,train,dataset1
DS1_IMG_001221,train/Earrings/earring_357_jpg.rf.2b588b4c27fb3e8ba8a0fac0d287edfa.jpg,earring_357,Earrings,1,train,dataset1
DS1_IMG_001222,train/Earrings/earring_357_jpg.rf.6c40f064ff49bfec86feeb894174f736.jpg,earring_357,Earrings,1,train,dataset1
DS1_IMG_001223,train/Earrings/earring_357_jpg.rf.e56ca2ded07d50b0a73a5df0c6108863.jpg,earring_357,Earrings,1,train,dataset1
DS1_IMG_001224,train/Earrings/earring_358_jpg.rf.068fc88b5eeb7f1cc015c8ebd0f14686.jpg,earring_358,Earrings,1,train,dataset1
DS1_IMG_001225,train/Earrings/earring_358_jpg.rf.9e14200a6b3a270eaef5a68d0fd05f28.jpg,earring_358,Earrings,1,train,dataset1
DS1_IMG_001226,train/Earrings/earring_358_jpg.rf.ee38543183772b2d87afb037743d9eba.jpg,earring_358,Earrings,1,train,dataset1
DS1_IMG_001227,train/Earrings/earring_359_jpg.rf.5b1a01501efdbb454f8ce00e2e43c0d9.jpg,earring_359,Earrings,1,train,dataset1
DS1_IMG_001228,train/Earrings/earring_359_jpg.rf.98e7a120550e333c9798519748075a48.jpg,earring_359,Earrings,1,train,dataset1
DS1_IMG_001229,train/Earrings/earring_359_jpg.rf.f61323aff21ff23ee0e56c3a3a4d245a.jpg,earring_359,Earrings,1,train,dataset1
DS1_IMG_001230,train/Earrings/earring_363_jpg.rf.10df0a55f1a7eff92c558c8ddb8cfe11.jpg,earring_363,Earrings,1,train,dataset1
DS1_IMG_001231,train/Earrings/earring_363_jpg.rf.68d35c348b08c41aa18af86500272aaa.jpg,earring_363,Earrings,1,train,dataset1
DS1_IMG_001232,train/Earrings/earring_363_jpg.rf.da043b82c43d940af95be2ad6f8f25de.jpg,earring_363,Earrings,1,train,dataset1
DS1_IMG_001233,train/Earrings/earring_371_jpg.rf.3318b93fdb255e7ef7a8ee2575a50d12.jpg,earring_371,Earrings,1,train,dataset1
DS1_IMG_001234,train/Earrings/earring_371_jpg.rf.cf06ff73e96fd7fc475d48dbcfc00a0b.jpg,earring_371,Earrings,1,train,dataset1
DS1_IMG_001235,train/Earrings/earring_371_jpg.rf.d5981f22901b9fb478df6452a6ba623a.jpg,earring_371,Earrings,1,train,dataset1
DS1_IMG_001236,train/Earrings/earring_373_jpg.rf.0c189467afc6b72498d4da4f667016d6.jpg,earring_373,Earrings,1,train,dataset1
DS1_IMG_001237,train/Earrings/earring_373_jpg.rf.28e6400c56b02984011f47b8e9067a94.jpg,earring_373,Earrings,1,train,dataset1
DS1_IMG_001238,train/Earrings/earring_373_jpg.rf.3fb7262a1529d1b8ec4f747af080a117.jpg,earring_373,Earrings,1,train,dataset1
DS1_IMG_001239,train/Earrings/earring_374_jpg.rf.079cb7814364e01ef6e3faed569b30f4.jpg,earring_374,Earrings,1,train,dataset1
DS1_IMG_001240,train/Earrings/earring_374_jpg.rf.9c7ca4638d428a9ad9e029411262a866.jpg,earring_374,Earrings,1,train,dataset1
DS1_IMG_001241,train/Earrings/earring_374_jpg.rf.e7272edf032e90e2c9b086ca0e4cdd84.jpg,earring_374,Earrings,1,train,dataset1
DS1_IMG_001242,train/Earrings/earring_375_jpg.rf.74934c26a1cc589c28e367e181762937.jpg,earring_375,Earrings,1,train,dataset1
DS1_IMG_001243,train/Earrings/earring_375_jpg.rf.952124588b541c50a84158a8a88e7e09.jpg,earring_375,Earrings,1,train,dataset1
DS1_IMG_001244,train/Earrings/earring_379_jpg.rf.4f5ca8c0cba9d222dbe0d4909d1ae22e.jpg,earring_379,Earrings,1,train,dataset1
DS1_IMG_001245,train/Earrings/earring_379_jpg.rf.5ee54d660457d8d709428c9d2011ce7b.jpg,earring_379,Earrings,1,train,dataset1
DS1_IMG_001246,train/Earrings/earring_379_jpg.rf.9cbfb5f23c68aa7169838e7ebfd60982.jpg,earring_379,Earrings,1,train,dataset1
DS1_IMG_001247,train/Earrings/earring_380_jpg.rf.6fb898b9589180b8bdf9ca0c8e39d648.jpg,earring_380,Earrings,1,train,dataset1
DS1_IMG_001248,train/Earrings/earring_380_jpg.rf.7dcdd9112eb9138fee54b4a6cfe27baa.jpg,earring_380,Earrings,1,train,dataset1
DS1_IMG_001249,train/Earrings/earring_380_jpg.rf.bda5dea00450f1d68519e11a32cd13ea.jpg,earring_380,Earrings,1,train,dataset1
DS1_IMG_001250,train/Earrings/earring_381_jpg.rf.414a8c4679ca02ce3323d0ccf3ba6dcf.jpg,earring_381,Earrings,1,train,dataset1
DS1_IMG_001251,train/Earrings/earring_381_jpg.rf.7a1030b1a2f0850c7bcfa8b22e089da4.jpg,earring_381,Earrings,1,train,dataset1
DS1_IMG_001252,train/Earrings/earring_381_jpg.rf.b8a6c3dbe143b14209ded3be391607dd.jpg,earring_381,Earrings,1,train,dataset1
DS1_IMG_001253,train/Earrings/earring_382_jpg.rf.85bbc2ba08f9575a8ea09c231050465f.jpg,earring_382,Earrings,1,train,dataset1
DS1_IMG_001254,train/Earrings/earring_382_jpg.rf.cdb0f9fc2e09ba49d4d6403938c14e26.jpg,earring_382,Earrings,1,train,dataset1
DS1_IMG_001255,train/Earrings/earring_382_jpg.rf.d166dc075e6d0a8b70d6863f36fc62c5.jpg,earring_382,Earrings,1,train,dataset1
DS1_IMG_001256,train/Earrings/earring_391_jpg.rf.0501af0555d5e0835de336282627133b.jpg,earring_391,Earrings,1,train,dataset1
DS1_IMG_001257,train/Earrings/earring_391_jpg.rf.2f1d8c27e201d4cf3603762662044846.jpg,earring_391,Earrings,1,train,dataset1
DS1_IMG_001258,train/Earrings/earring_391_jpg.rf.d8b5224e6b1b419b135e2ca15075d891.jpg,earring_391,Earrings,1,train,dataset1
DS1_IMG_001259,train/Earrings/earring_392_jpg.rf.52ba8c2bd2cb2c67e8877e976a6c7a03.jpg,earring_392,Earrings,1,train,dataset1
DS1_IMG_001260,train/Earrings/earring_392_jpg.rf.96e69e65b0c0ad633cc983c557a45660.jpg,earring_392,Earrings,1,train,dataset1
DS1_IMG_001261,train/Earrings/earring_393_jpg.rf.6ef0482dc88a76164f1f0512766b88b9.jpg,earring_393,Earrings,1,train,dataset1
DS1_IMG_001262,train/Earrings/earring_393_jpg.rf.82dbc750a616f19c6861ec8bf14b7e36.jpg,earring_393,Earrings,1,train,dataset1
DS1_IMG_001263,train/Earrings/earring_393_jpg.rf.cd305bc9247cc8a459936069b0b9deae.jpg,earring_393,Earrings,1,train,dataset1
DS1_IMG_001264,train/Earrings/earring_395_jpg.rf.01fe24dd6c58f10b4932706296555f5b.jpg,earring_395,Earrings,1,train,dataset1
DS1_IMG_001265,train/Earrings/earring_395_jpg.rf.22641bf08725067eaa3063d20cc9243c.jpg,earring_395,Earrings,1,train,dataset1
DS1_IMG_001266,train/Earrings/earring_395_jpg.rf.57a7f7cc296130d67719c8265031a005.jpg,earring_395,Earrings,1,train,dataset1
DS1_IMG_001267,train/Earrings/earring_398_jpg.rf.40765bae25a3d5eb28fd4f46cbb2f92c.jpg,earring_398,Earrings,1,train,dataset1
DS1_IMG_001268,train/Earrings/earring_398_jpg.rf.755237c098d7d758ae3df0a32728fb46.jpg,earring_398,Earrings,1,train,dataset1
DS1_IMG_001269,train/Earrings/earring_404_jpg.rf.e8ad1ee07dd82c5361f8fee6087d14b7.jpg,earring_404,Earrings,1,train,dataset1
DS1_IMG_001270,train/Earrings/earring_40_jpg.rf.af7d457b31ca6e42a5048964f722693c.jpg,earring_40,Earrings,1,train,dataset1
DS1_IMG_001271,train/Earrings/earring_40_jpg.rf.b1b062567cf6d053f002f0841ca627c3.jpg,earring_40,Earrings,1,train,dataset1
DS1_IMG_001272,train/Earrings/earring_40_jpg.rf.eacda0862b5b6d33de5168cf03823886.jpg,earring_40,Earrings,1,train,dataset1
DS1_IMG_001273,train/Earrings/earring_411_jpg.rf.87a66a01d2709eab71865580e34524a3.jpg,earring_411,Earrings,1,train,dataset1
DS1_IMG_001274,train/Earrings/earring_411_jpg.rf.be5ccb093cb0cd299266707a0621ca1b.jpg,earring_411,Earrings,1,train,dataset1
DS1_IMG_001275,train/Earrings/earring_414_jpg.rf.a7867fc0feb4f0b95109ac3b1e83c81c.jpg,earring_414,Earrings,1,train,dataset1
DS1_IMG_001276,train/Earrings/earring_414_jpg.rf.baa2590746b0cca890e26015f7006982.jpg,earring_414,Earrings,1,train,dataset1
DS1_IMG_001277,train/Earrings/earring_416_jpg.rf.02af8c51fb6466688af867f9c3e57ad5.jpg,earring_416,Earrings,1,train,dataset1
DS1_IMG_001278,train/Earrings/earring_416_jpg.rf.4bb5286cd4ae940834bcd62571e123b2.jpg,earring_416,Earrings,1,train,dataset1
DS1_IMG_001279,train/Earrings/earring_416_jpg.rf.8900b56fed476dfbd0950b188302ac58.jpg,earring_416,Earrings,1,train,dataset1
DS1_IMG_001280,train/Earrings/earring_422_jpg.rf.1f707343ad99488f5b13413fa20e13ee.jpg,earring_422,Earrings,1,train,dataset1
DS1_IMG_001281,train/Earrings/earring_422_jpg.rf.4b352ba258de725cf1d3dcdf916776ab.jpg,earring_422,Earrings,1,train,dataset1
DS1_IMG_001282,train/Earrings/earring_422_jpg.rf.58343174772026edb4f076abed943ced.jpg,earring_422,Earrings,1,train,dataset1
DS1_IMG_001283,train/Earrings/earring_429_jpg.rf.405fc6270714a6924112096d9496801c.jpg,earring_429,Earrings,1,train,dataset1
DS1_IMG_001284,train/Earrings/earring_429_jpg.rf.b4417bb8e3f6133454b90b1757449d7c.jpg,earring_429,Earrings,1,train,dataset1
DS1_IMG_001285,train/Earrings/earring_429_jpg.rf.f5c0733b81725bf4fcaa4411d740fc1e.jpg,earring_429,Earrings,1,train,dataset1
DS1_IMG_001286,train/Earrings/earring_431_jpg.rf.0dce4b8a7188932fb39e4a41fd0f5307.jpg,earring_431,Earrings,1,train,dataset1
DS1_IMG_001287,train/Earrings/earring_431_jpg.rf.2c47ca31b2d8b9ced40019eeadfd62d2.jpg,earring_431,Earrings,1,train,dataset1
DS1_IMG_001288,train/Earrings/earring_433_jpg.rf.2336f19ebe59e258f47069c162b85225.jpg,earring_433,Earrings,1,train,dataset1
DS1_IMG_001289,train/Earrings/earring_433_jpg.rf.a1181f25ea76e9ec391a18c80f4eddb7.jpg,earring_433,Earrings,1,train,dataset1
DS1_IMG_001290,train/Earrings/earring_433_jpg.rf.ed5b0cad3e493366c9a8c5e862a73832.jpg,earring_433,Earrings,1,train,dataset1
DS1_IMG_001291,train/Earrings/earring_435_jpg.rf.052c5dbf5fae8ccc4fdec8ce6c3217fb.jpg,earring_435,Earrings,1,train,dataset1
DS1_IMG_001292,train/Earrings/earring_435_jpg.rf.af24e241ea3e554f584336737c258c4b.jpg,earring_435,Earrings,1,train,dataset1
DS1_IMG_001293,train/Earrings/earring_436_jpg.rf.01935d08f7b53cf24b9f0704a0d46488.jpg,earring_436,Earrings,1,train,dataset1
DS1_IMG_001294,train/Earrings/earring_436_jpg.rf.86a0d9bf41e76f75c802c5b6261ddd49.jpg,earring_436,Earrings,1,train,dataset1
DS1_IMG_001295,train/Earrings/earring_436_jpg.rf.af63060b3b1814027c119a65d86d5113.jpg,earring_436,Earrings,1,train,dataset1
DS1_IMG_001296,train/Earrings/earring_43_jpg.rf.11722527ff4dbfd74c8e05740852b48e.jpg,earring_43,Earrings,1,train,dataset1
DS1_IMG_001297,train/Earrings/earring_43_jpg.rf.e4de0c83ec298c6234c64f679149ad8f.jpg,earring_43,Earrings,1,train,dataset1
DS1_IMG_001298,train/Earrings/earring_441_jpg.rf.038ba70a3398405a7416bb8e4b399dec.jpg,earring_441,Earrings,1,train,dataset1
DS1_IMG_001299,train/Earrings/earring_441_jpg.rf.4dab358432ebc60114a44a43eba51978.jpg,earring_441,Earrings,1,train,dataset1
DS1_IMG_001300,train/Earrings/earring_441_jpg.rf.64976557eba84d13c70f0cd49533d886.jpg,earring_441,Earrings,1,train,dataset1
DS1_IMG_001301,train/Earrings/earring_443_jpg.rf.18273d9fdd8dc24527b8207313502cf8.jpg,earring_443,Earrings,1,train,dataset1
DS1_IMG_001302,train/Earrings/earring_443_jpg.rf.32149954ae260b380530eaf0dc591c3b.jpg,earring_443,Earrings,1,train,dataset1
DS1_IMG_001303,train/Earrings/earring_443_jpg.rf.8acbec653d92c52aa7aa9273682c1f59.jpg,earring_443,Earrings,1,train,dataset1
DS1_IMG_001304,train/Earrings/earring_444_jpg.rf.6206af981a0ab6b1b556057ddf3bf4f1.jpg,earring_444,Earrings,1,train,dataset1
DS1_IMG_001305,train/Earrings/earring_444_jpg.rf.c123dad0ec9d602fc6e28dd8cbd598f5.jpg,earring_444,Earrings,1,train,dataset1
DS1_IMG_001306,train/Earrings/earring_444_jpg.rf.f2995e08489b87071fb24fac49b50a43.jpg,earring_444,Earrings,1,train,dataset1
DS1_IMG_001307,train/Earrings/earring_447_jpg.rf.25307bfc11cec8ee6cc7bb5e367e9ebb.jpg,earring_447,Earrings,1,train,dataset1
DS1_IMG_001308,train/Earrings/earring_447_jpg.rf.7abfb219584e612352908c08ee7e6de3.jpg,earring_447,Earrings,1,train,dataset1
DS1_IMG_001309,train/Earrings/earring_447_jpg.rf.e3ea003c0ee9e133389d414f7f5ecc56.jpg,earring_447,Earrings,1,train,dataset1
DS1_IMG_001310,train/Earrings/earring_448_jpg.rf.1334ea7bcdce714ce2eb21c49d5f3d1d.jpg,earring_448,Earrings,1,train,dataset1
DS1_IMG_001311,train/Earrings/earring_448_jpg.rf.ecdc961774b6e317d5c938503564a687.jpg,earring_448,Earrings,1,train,dataset1
DS1_IMG_001312,train/Earrings/earring_448_jpg.rf.f492611260dc48cabc5fd4238b2c2199.jpg,earring_448,Earrings,1,train,dataset1
DS1_IMG_001313,train/Earrings/earring_450_jpg.rf.0896aac78caf297508771ec674e96dc9.jpg,earring_450,Earrings,1,train,dataset1
DS1_IMG_001314,train/Earrings/earring_450_jpg.rf.3cebf63e74ae227800c4c5d99a3cb1b5.jpg,earring_450,Earrings,1,train,dataset1
DS1_IMG_001315,train/Earrings/earring_450_jpg.rf.e905ab83cb1ea1badea6be003c57c374.jpg,earring_450,Earrings,1,train,dataset1
DS1_IMG_001316,train/Earrings/earring_45_jpg.rf.9dfb2cc3e5ee540bc3070d5d54285dc2.jpg,earring_45,Earrings,1,train,dataset1
DS1_IMG_001317,train/Earrings/earring_45_jpg.rf.a5139de3fdf9ef9d8bd97b7142bf3674.jpg,earring_45,Earrings,1,train,dataset1
DS1_IMG_001318,train/Earrings/earring_45_jpg.rf.f0b3fd450c20215569d366246cbe9e63.jpg,earring_45,Earrings,1,train,dataset1
DS1_IMG_001319,train/Earrings/earring_463_jpg.rf.899613805534901eda58488c7c9089ea.jpg,earring_463,Earrings,1,train,dataset1
DS1_IMG_001320,train/Earrings/earring_463_jpg.rf.cbb9db0aea6fbf52ad7c4b00de45fa01.jpg,earring_463,Earrings,1,train,dataset1
DS1_IMG_001321,train/Earrings/earring_463_jpg.rf.df06d36341bed02dcf4de6d75d350af4.jpg,earring_463,Earrings,1,train,dataset1
DS1_IMG_001322,train/Earrings/earring_466_jpg.rf.53e2606021ddc8d9130a832bc8261b06.jpg,earring_466,Earrings,1,train,dataset1
DS1_IMG_001323,train/Earrings/earring_466_jpg.rf.6a5530db40c50ce4d7700df05aa011fb.jpg,earring_466,Earrings,1,train,dataset1
DS1_IMG_001324,train/Earrings/earring_467_jpg.rf.3064ffb2ca41b45865579c3a91fc07bb.jpg,earring_467,Earrings,1,train,dataset1
DS1_IMG_001325,train/Earrings/earring_467_jpg.rf.45166987600afdbfc3ee376736cb5e7d.jpg,earring_467,Earrings,1,train,dataset1
DS1_IMG_001326,train/Earrings/earring_467_jpg.rf.7f0d6d91a74896334f7354538a961ae0.jpg,earring_467,Earrings,1,train,dataset1
DS1_IMG_001327,train/Earrings/earring_468_jpg.rf.1908ec83a9f222f5242d038a8ad9b588.jpg,earring_468,Earrings,1,train,dataset1
DS1_IMG_001328,train/Earrings/earring_468_jpg.rf.78711f55a236b58ac4c6dcc7578cee3b.jpg,earring_468,Earrings,1,train,dataset1
DS1_IMG_001329,train/Earrings/earring_472_jpg.rf.0d0c8e552f1eb70b22081cfc931e7780.jpg,earring_472,Earrings,1,train,dataset1
DS1_IMG_001330,train/Earrings/earring_472_jpg.rf.bd034118bd54854034b66b00e0f8b738.jpg,earring_472,Earrings,1,train,dataset1
DS1_IMG_001331,train/Earrings/earring_475_jpg.rf.8fb73a827e01fc6d006dc608f17a5a18.jpg,earring_475,Earrings,1,train,dataset1
DS1_IMG_001332,train/Earrings/earring_475_jpg.rf.c668a4efdad08d4c7955770b66fd746a.jpg,earring_475,Earrings,1,train,dataset1
DS1_IMG_001333,train/Earrings/earring_47_jpg.rf.6b2932ac4510059a7be6254a1aee14d8.jpg,earring_47,Earrings,1,train,dataset1
DS1_IMG_001334,train/Earrings/earring_47_jpg.rf.7b337a3627bada48f6849a6cc97d88dd.jpg,earring_47,Earrings,1,train,dataset1
DS1_IMG_001335,train/Earrings/earring_47_jpg.rf.b2d9de58a0cb3b04f6dcd457d8ea3299.jpg,earring_47,Earrings,1,train,dataset1
DS1_IMG_001336,train/Earrings/earring_52_jpg.rf.3e626a9cc529f5dff7f167c125bc43ed.jpg,earring_52,Earrings,1,train,dataset1
DS1_IMG_001337,train/Earrings/earring_52_jpg.rf.c8946a669ba8e8e27aaa4cac7d66b1b3.jpg,earring_52,Earrings,1,train,dataset1
DS1_IMG_001338,train/Earrings/earring_52_jpg.rf.f736bae6ef462140c8f89b72501b2989.jpg,earring_52,Earrings,1,train,dataset1
DS1_IMG_001339,train/Earrings/earring_55_jpg.rf.0813b2a9addf2c5f8d4e4c0459239cbf.jpg,earring_55,Earrings,1,train,dataset1
DS1_IMG_001340,train/Earrings/earring_55_jpg.rf.6aa5940741c4af159744cb5b99fdd0b3.jpg,earring_55,Earrings,1,train,dataset1
DS1_IMG_001341,train/Earrings/earring_55_jpg.rf.c30a142e55cc40c83556d35ddeeddc77.jpg,earring_55,Earrings,1,train,dataset1
DS1_IMG_001342,train/Earrings/earring_56_jpg.rf.4d023e5ae2084964ed196b16945d6427.jpg,earring_56,Earrings,1,train,dataset1
DS1_IMG_001343,train/Earrings/earring_56_jpg.rf.a70278e44685db69fbf268da296067f2.jpg,earring_56,Earrings,1,train,dataset1
DS1_IMG_001344,train/Earrings/earring_56_jpg.rf.b9b1c863928f6ae13e15339ea02d1024.jpg,earring_56,Earrings,1,train,dataset1
DS1_IMG_001345,train/Earrings/earring_57_jpg.rf.4b4d861f6449da24527fededb76fd02e.jpg,earring_57,Earrings,1,train,dataset1
DS1_IMG_001346,train/Earrings/earring_57_jpg.rf.69adaaa06554903d95e26e573961c99f.jpg,earring_57,Earrings,1,train,dataset1
DS1_IMG_001347,train/Earrings/earring_57_jpg.rf.c79aa01ec5bd0b9178a730749552add6.jpg,earring_57,Earrings,1,train,dataset1
DS1_IMG_001348,train/Earrings/earring_58_jpg.rf.45770b2bc34bbdb33831f12f842e810f.jpg,earring_58,Earrings,1,train,dataset1
DS1_IMG_001349,train/Earrings/earring_58_jpg.rf.bbafc8588fe896caa88bf518626e2aec.jpg,earring_58,Earrings,1,train,dataset1
DS1_IMG_001350,train/Earrings/earring_58_jpg.rf.eb1969531a47742e646297c3a429ea97.jpg,earring_58,Earrings,1,train,dataset1
DS1_IMG_001351,train/Earrings/earring_5_jpg.rf.391647b3a2ac0bd4d11bd829ed211e46.jpg,earring_5,Earrings,1,train,dataset1
DS1_IMG_001352,train/Earrings/earring_5_jpg.rf.777ab9eea00bfaf44344980cb53d3e57.jpg,earring_5,Earrings,1,train,dataset1
DS1_IMG_001353,train/Earrings/earring_5_jpg.rf.ecb2e537e68f073c556c0d7fdddf70a5.jpg,earring_5,Earrings,1,train,dataset1
DS1_IMG_001354,train/Earrings/earring_66_jpg.rf.7d835c14db04e2122ab52136750ddfec.jpg,earring_66,Earrings,1,train,dataset1
DS1_IMG_001355,train/Earrings/earring_66_jpg.rf.fe3ad4831eb745adc99d91c6f9aad536.jpg,earring_66,Earrings,1,train,dataset1
DS1_IMG_001356,train/Earrings/earring_67_jpg.rf.16a023132025681bcb695591e334ed94.jpg,earring_67,Earrings,1,train,dataset1
DS1_IMG_001357,train/Earrings/earring_67_jpg.rf.f942034f58d8445c686950a793ee70d7.jpg,earring_67,Earrings,1,train,dataset1
DS1_IMG_001358,train/Earrings/earring_72_jpg.rf.635c8848c33b825ef326ed2e3c531399.jpg,earring_72,Earrings,1,train,dataset1
DS1_IMG_001359,train/Earrings/earring_72_jpg.rf.7b3a9cabd271e533c2c77d39a7593b65.jpg,earring_72,Earrings,1,train,dataset1
DS1_IMG_001360,train/Earrings/earring_72_jpg.rf.f354844f1b43480ca98b4babdd3541dc.jpg,earring_72,Earrings,1,train,dataset1
DS1_IMG_001361,train/Earrings/earring_73_jpg.rf.2339ab9b15bc355b8ad3d3ab568b790b.jpg,earring_73,Earrings,1,train,dataset1
DS1_IMG_001362,train/Earrings/earring_73_jpg.rf.6b4315fd1c136eefa979f8caa39016e9.jpg,earring_73,Earrings,1,train,dataset1
DS1_IMG_001363,train/Earrings/earring_73_jpg.rf.e2a94ef57b08c92342df6bd05625194c.jpg,earring_73,Earrings,1,train,dataset1
DS1_IMG_001364,train/Earrings/earring_76_jpg.rf.339dc88272b9aaaf173da07fbdcde4f3.jpg,earring_76,Earrings,1,train,dataset1
DS1_IMG_001365,train/Earrings/earring_76_jpg.rf.aede7bd2462b604527685562094d8ce8.jpg,earring_76,Earrings,1,train,dataset1
DS1_IMG_001366,train/Earrings/earring_76_jpg.rf.eb1be531631809e354402584d6ffb9b8.jpg,earring_76,Earrings,1,train,dataset1
DS1_IMG_001367,train/Earrings/earring_77_jpg.rf.41593197bb5147183a3a1129a722f0bf.jpg,earring_77,Earrings,1,train,dataset1
DS1_IMG_001368,train/Earrings/earring_77_jpg.rf.704a9fab86febeff0fa2ed5ac5608f3e.jpg,earring_77,Earrings,1,train,dataset1
DS1_IMG_001369,train/Earrings/earring_77_jpg.rf.f45a5ac86ffc0e8ad2a6d987319d3cb7.jpg,earring_77,Earrings,1,train,dataset1
DS1_IMG_001370,train/Earrings/earring_7_jpg.rf.0601b068d7254829d2352e6c0bbe6e16.jpg,earring_7,Earrings,1,train,dataset1
DS1_IMG_001371,train/Earrings/earring_7_jpg.rf.1e26811daaf328f6b71c0ab41505a752.jpg,earring_7,Earrings,1,train,dataset1
DS1_IMG_001372,train/Earrings/earring_82_jpg.rf.2b79a32b91bca4d81a24d421f2c4a026.jpg,earring_82,Earrings,1,train,dataset1
DS1_IMG_001373,train/Earrings/earring_82_jpg.rf.71e970bbc70bb7d0de464b7f518b002c.jpg,earring_82,Earrings,1,train,dataset1
DS1_IMG_001374,train/Earrings/earring_82_jpg.rf.8a2ffefe77185a3caa6763d155377a8a.jpg,earring_82,Earrings,1,train,dataset1
DS1_IMG_001375,train/Earrings/earring_83_jpg.rf.0b35f58e83ee46d019a8c243215cb973.jpg,earring_83,Earrings,1,train,dataset1
DS1_IMG_001376,train/Earrings/earring_83_jpg.rf.31b45d701e7d9e9dbc0a84d201d65292.jpg,earring_83,Earrings,1,train,dataset1
DS1_IMG_001377,train/Earrings/earring_88_jpg.rf.5901024a1f2dd4fbf2077c3e7caa1f44.jpg,earring_88,Earrings,1,train,dataset1
DS1_IMG_001378,train/Earrings/earring_88_jpg.rf.728df963b2dc7589bd50df24d2aefdb2.jpg,earring_88,Earrings,1,train,dataset1
DS1_IMG_001379,train/Earrings/earring_88_jpg.rf.9f1ad997a189fae11847ecf23b6589ab.jpg,earring_88,Earrings,1,train,dataset1
DS1_IMG_001380,train/Earrings/earring_89_jpg.rf.2169c07f2673e5ff0a359ab8c2b61ffa.jpg,earring_89,Earrings,1,train,dataset1
DS1_IMG_001381,train/Earrings/earring_89_jpg.rf.4b5f6fdaabd9d28df9468472c937c5b4.jpg,earring_89,Earrings,1,train,dataset1
DS1_IMG_001382,train/Earrings/earring_89_jpg.rf.4c35c287277ec976a84dd23b738dacfe.jpg,earring_89,Earrings,1,train,dataset1
DS1_IMG_001383,train/Earrings/earring_94_jpg.rf.03ad0fd68d45e5beac4c5e358f7e0916.jpg,earring_94,Earrings,1,train,dataset1
DS1_IMG_001384,train/Earrings/earring_94_jpg.rf.9ac80a2dc25ecb28e6ce5425adebb513.jpg,earring_94,Earrings,1,train,dataset1
DS1_IMG_001385,train/Earrings/earring_94_jpg.rf.c169e01e79616181bfbe09e03b4c8ac3.jpg,earring_94,Earrings,1,train,dataset1
DS1_IMG_001386,train/Earrings/earring_98_jpg.rf.d80100af89e4ba72cc09f84450343f14.jpg,earring_98,Earrings,1,train,dataset1
DS1_IMG_001387,train/Earrings/earring_98_jpg.rf.e90f645c065dd336aec34b122df91aa2.jpg,earring_98,Earrings,1,train,dataset1
DS1_IMG_001388,train/Earrings/earring_98_jpg.rf.fa4ac9cc8bd9007a403d85f759a796dc.jpg,earring_98,Earrings,1,train,dataset1
DS1_IMG_001389,train/Earrings/earring_99_jpg.rf.36f6252f0745c68b39c0e0eea005cdf3.jpg,earring_99,Earrings,1,train,dataset1
DS1_IMG_001390,train/Earrings/earring_99_jpg.rf.564b347caf46a1fc2d87130b6e102366.jpg,earring_99,Earrings,1,train,dataset1
DS1_IMG_001391,train/Earrings/earring_99_jpg.rf.9b32dbb43febce97cfdd011bcef71e73.jpg,earring_99,Earrings,1,train,dataset1
DS1_IMG_001392,train/Earrings/earring_9_jpg.rf.2ba899a61fe0bcb88d7a1a8b209adcca.jpg,earring_9,Earrings,1,train,dataset1
DS1_IMG_001393,train/Earrings/earring_9_jpg.rf.a033926800ea26d8833b29526ac4add8.jpg,earring_9,Earrings,1,train,dataset1
DS1_IMG_001394,train/Earrings/earring_9_jpg.rf.f26fa5ecd529f54620eb8330a37ee538.jpg,earring_9,Earrings,1,train,dataset1
DS1_IMG_001395,train/Earrings/images-24-_jpeg.rf.554e571dd6d3f52f45b0d9b0884d7240.jpg,images-24-,Earrings,1,train,dataset1
DS1_IMG_001396,train/Earrings/images-24-_jpeg.rf.5f45af920562654f6caaa857f5ceb6b3.jpg,images-24-,Earrings,1,train,dataset1
DS1_IMG_001397,train/Earrings/images-24-_jpeg.rf.d72fb70f06835130dfb5f4bc92499b0b.jpg,images-24-,Earrings,1,train,dataset1
DS1_IMG_001398,train/Earrings/images-25-_jpeg.rf.3ee1925e71ed3d43287f10b472382513.jpg,images-25-,Earrings,1,train,dataset1
DS1_IMG_001399,train/Earrings/images-25-_jpeg.rf.8035667d3c48c678bcb42638bf027ad2.jpg,images-25-,Earrings,1,train,dataset1
DS1_IMG_001400,train/Earrings/images-25-_jpeg.rf.bbf599aeb384db8be698194c2c03cbde.jpg,images-25-,Earrings,1,train,dataset1
DS1_IMG_001401,train/Earrings/images-29-_jpeg.rf.0e45ca272272ad6090e3b74826887716.jpg,images-29-,Earrings,1,train,dataset1
DS1_IMG_001402,train/Earrings/images-29-_jpeg.rf.1b974705cbb4e9e78ee709db22a09e0b.jpg,images-29-,Earrings,1,train,dataset1
DS1_IMG_001403,train/Earrings/images-29-_jpeg.rf.9af2dd429de7c310e4cd12592b736525.jpg,images-29-,Earrings,1,train,dataset1
DS1_IMG_001404,train/Earrings/images-3-_jpeg.rf.c94fa6be5bbf0f7208d5bc0cd467ac01.jpg,images-3-,Earrings,1,train,dataset1
DS1_IMG_001405,train/Earrings/images-3-_jpeg.rf.db3c90f51acc2305db966607e8ed078d.jpg,images-3-,Earrings,1,train,dataset1
DS1_IMG_001406,train/Earrings/images-3-_jpeg.rf.f56a93ce9b5c4c882322c4c171a293c2.jpg,images-3-,Earrings,1,train,dataset1
DS1_IMG_001407,train/Earrings/images-30-_jpeg.rf.50dc7d3151671cc9f608bca00495b957.jpg,images-30-,Earrings,1,train,dataset1
DS1_IMG_001408,train/Earrings/images-30-_jpeg.rf.68dedf2eac73ddd0de3dc2678d27df23.jpg,images-30-,Earrings,1,train,dataset1
DS1_IMG_001409,train/Earrings/images-30-_jpeg.rf.fc09f2eb7ff30788b58c3b2f29cbe4f9.jpg,images-30-,Earrings,1,train,dataset1
DS1_IMG_001410,train/Earrings/images-31-_jpeg.rf.350b2600770956f2e854824a5e9aae74.jpg,images-31-,Earrings,1,train,dataset1
DS1_IMG_001411,train/Earrings/images-31-_jpeg.rf.6cb838f9280408eb08e6ea52ce7b92cd.jpg,images-31-,Earrings,1,train,dataset1
DS1_IMG_001412,train/Earrings/images-31-_jpeg.rf.ac3280d2798fa656b8497072f7ee3bed.jpg,images-31-,Earrings,1,train,dataset1
DS1_IMG_001413,train/Earrings/images-34-_jpeg.rf.1306c09448e34c913a11aa3d1c5aa02a.jpg,images-34-,Earrings,1,train,dataset1
DS1_IMG_001414,train/Earrings/images-34-_jpeg.rf.14f3f6c51346ea9efb4c3e039756337f.jpg,images-34-,Earrings,1,train,dataset1
DS1_IMG_001415,train/Earrings/images-34-_jpeg.rf.67d9aac246091a263f6c723af2d74062.jpg,images-34-,Earrings,1,train,dataset1
DS1_IMG_001416,train/Earrings/images-37-_jpeg.rf.089b79f6b280e94552e283df57a6ab81.jpg,images-37-,Earrings,1,train,dataset1
DS1_IMG_001417,train/Earrings/images-37-_jpeg.rf.2c2b166d3b479d741ac7365cdad05c1b.jpg,images-37-,Earrings,1,train,dataset1
DS1_IMG_001418,train/Earrings/images-37-_jpeg.rf.ae34c95cd2e5820a30d11bb74837fa18.jpg,images-37-,Earrings,1,train,dataset1
DS1_IMG_001419,train/Earrings/images-38-_jpeg.rf.0bcc99c47de18163fe5814a7f0c8f24e.jpg,images-38-,Earrings,1,train,dataset1
DS1_IMG_001420,train/Earrings/images-38-_jpeg.rf.72c1732600182a43f6796f42d77f012e.jpg,images-38-,Earrings,1,train,dataset1
DS1_IMG_001421,train/Earrings/images-38-_jpeg.rf.756116158856b45945069fe42a5fa5b5.jpg,images-38-,Earrings,1,train,dataset1
DS1_IMG_001422,train/Earrings/images-39-_jpeg.rf.03205af5b513245bacdb299e1e76489b.jpg,images-39-,Earrings,1,train,dataset1
DS1_IMG_001423,train/Earrings/images-39-_jpeg.rf.f049262f2ea5721f4a2b307cbe30459f.jpg,images-39-,Earrings,1,train,dataset1
DS1_IMG_001424,train/Earrings/images-39-_jpeg.rf.fcfb85140e657e3201d03fb5b94396e5.jpg,images-39-,Earrings,1,train,dataset1
DS1_IMG_001425,train/Earrings/images-4-_jpeg.rf.0a692a5d032fb10e841e15ba3fd426ea.jpg,images-4-,Earrings,1,train,dataset1
DS1_IMG_001426,train/Earrings/images-4-_jpeg.rf.1ab0d0153fd28fbab19763c74c0b9edf.jpg,images-4-,Earrings,1,train,dataset1
DS1_IMG_001427,train/Earrings/images-4-_jpeg.rf.daca04c3aebaaef79a75780bce9ea9e6.jpg,images-4-,Earrings,1,train,dataset1
DS1_IMG_001428,train/Earrings/images-40-_jpeg.rf.47e70c2d06cfa8a334a26a06dd4f90d2.jpg,images-40-,Earrings,1,train,dataset1
DS1_IMG_001429,train/Earrings/images-40-_jpeg.rf.9c06ba97d3b0a41e0070a9622effa121.jpg,images-40-,Earrings,1,train,dataset1
DS1_IMG_001430,train/Earrings/images-40-_jpeg.rf.9e1b490f647b66ff60507e92f07ee986.jpg,images-40-,Earrings,1,train,dataset1
DS1_IMG_001431,train/Earrings/images-44-_jpeg.rf.84f22ea3297db623775e2df9fb7d1558.jpg,images-44-,Earrings,1,train,dataset1
DS1_IMG_001432,train/Earrings/images-44-_jpeg.rf.9e05a398a529422a00b2b8a4022952dd.jpg,images-44-,Earrings,1,train,dataset1
DS1_IMG_001433,train/Earrings/images-44-_jpeg.rf.c470eec5e7f0980b55e8c225c54f6dcf.jpg,images-44-,Earrings,1,train,dataset1
DS1_IMG_001434,train/Earrings/images-46-_jpeg.rf.144490d123103eb859e2fde2ffbb1eab.jpg,images-46-,Earrings,1,train,dataset1
DS1_IMG_001435,train/Earrings/images-46-_jpeg.rf.29dc909108fa6dc149d7b104bfe685d7.jpg,images-46-,Earrings,1,train,dataset1
DS1_IMG_001436,train/Earrings/images-46-_jpeg.rf.fdad4f9bc546ca127461cc45f87ea9d3.jpg,images-46-,Earrings,1,train,dataset1
DS1_IMG_001437,train/Earrings/images-60-_jpeg.rf.178603909a6d416c44b2165eebbb7e55.jpg,images-60-,Earrings,1,train,dataset1
DS1_IMG_001438,train/Earrings/images-60-_jpeg.rf.e7b90991698bdc088bde4f439a593292.jpg,images-60-,Earrings,1,train,dataset1
DS1_IMG_001439,train/Earrings/images-60-_jpeg.rf.f416e778c54488284c6d240330662597.jpg,images-60-,Earrings,1,train,dataset1
DS1_IMG_001440,train/Earrings/images-61-_jpeg.rf.2be08f1210b6dcef63e563a92098b145.jpg,images-61-,Earrings,1,train,dataset1
DS1_IMG_001441,train/Earrings/images-61-_jpeg.rf.91708fa3312e66841b3710a9ce234d04.jpg,images-61-,Earrings,1,train,dataset1
DS1_IMG_001442,train/Earrings/images-61-_jpeg.rf.949475c9691bc407ee7b442b0fb99e12.jpg,images-61-,Earrings,1,train,dataset1
DS1_IMG_001443,train/Earrings/images-67-_jpeg.rf.0ac2bd00f47478e954b0ad79f6ac114e.jpg,images-67-,Earrings,1,train,dataset1
DS1_IMG_001444,train/Earrings/images-67-_jpeg.rf.3213c20121a57464ea0bca148eb9f65b.jpg,images-67-,Earrings,1,train,dataset1
DS1_IMG_001445,train/Earrings/images-67-_jpeg.rf.cbd8ed06386abf3f11c44d10e3159b9d.jpg,images-67-,Earrings,1,train,dataset1
DS1_IMG_001446,train/Earrings/images-71-_jpeg.rf.93b08c52e45d07e2b234e90641e73d4b.jpg,images-71-,Earrings,1,train,dataset1
DS1_IMG_001447,train/Earrings/images-71-_jpeg.rf.9c9158df77c5197e42513665fb2b2a51.jpg,images-71-,Earrings,1,train,dataset1
DS1_IMG_001448,train/Earrings/images-71-_jpeg.rf.b7573a0f626d2b62506d10688c3949de.jpg,images-71-,Earrings,1,train,dataset1
DS1_IMG_001449,train/Earrings/images-72-_jpeg.rf.279c65cafeb1e321e8d6f26cbbeb5e16.jpg,images-72-,Earrings,1,train,dataset1
DS1_IMG_001450,train/Earrings/images-72-_jpeg.rf.cf97644804b7e19837a3143782f6a317.jpg,images-72-,Earrings,1,train,dataset1
DS1_IMG_001451,train/Earrings/images-72-_jpeg.rf.eb2feafbb2070df9915789173990ea2d.jpg,images-72-,Earrings,1,train,dataset1
DS1_IMG_001452,train/Earrings/images-74-_jpeg.rf.ab91f851108c764df9ff0329863002bc.jpg,images-74-,Earrings,1,train,dataset1
DS1_IMG_001453,train/Earrings/images-74-_jpeg.rf.b60cc4134c1c493d8df6b47d50b8c16b.jpg,images-74-,Earrings,1,train,dataset1
DS1_IMG_001454,train/Earrings/images-74-_jpeg.rf.da41c91f201bbd547a5fb8c2696abfcc.jpg,images-74-,Earrings,1,train,dataset1
DS1_IMG_001455,train/Earrings/images-77-_jpeg.rf.0af6d9c647234887c0c902b3602a6d86.jpg,images-77-,Earrings,1,train,dataset1
DS1_IMG_001456,train/Earrings/images-77-_jpeg.rf.1ca8e6b111ffefdcc1dffdfdf61c3ec0.jpg,images-77-,Earrings,1,train,dataset1
DS1_IMG_001457,train/Earrings/images-77-_jpeg.rf.d676be874356f51d64cc6885c86cd015.jpg,images-77-,Earrings,1,train,dataset1
DS1_IMG_001458,train/Earrings/images-78-_jpeg.rf.9a1bc9d3fd4208200358978fb7e3536f.jpg,images-78-,Earrings,1,train,dataset1
DS1_IMG_001459,train/Earrings/images-78-_jpeg.rf.e0d725f668b1d5fea97cc737ef0ae831.jpg,images-78-,Earrings,1,train,dataset1
DS1_IMG_001460,train/Earrings/images-79-_jpeg.rf.4663c5b82aa298947cf960089b7210bc.jpg,images-79-,Earrings,1,train,dataset1
DS1_IMG_001461,train/Earrings/images-79-_jpeg.rf.ade367281fa680f2a6ca0de475e3e47e.jpg,images-79-,Earrings,1,train,dataset1
DS1_IMG_001462,train/Earrings/images-79-_jpeg.rf.b3e6ab72f9b6ba0630740adc212956f1.jpg,images-79-,Earrings,1,train,dataset1
DS1_IMG_001463,train/Earrings/images-8-_jpeg.rf.14b44b1bb17e2100ef39ae5974ede10c.jpg,images-8-,Earrings,1,train,dataset1
DS1_IMG_001464,train/Earrings/images-8-_jpeg.rf.7c9f05bef7918b74a5f6c43d9b2b6b1f.jpg,images-8-,Earrings,1,train,dataset1
DS1_IMG_001465,train/Earrings/images-8-_jpeg.rf.ef8ac378440ac6289eadb91083ffb75b.jpg,images-8-,Earrings,1,train,dataset1
DS1_IMG_001466,train/Earrings/images-80-_jpeg.rf.70819a93214a8e36c7efcb27a09e5cef.jpg,images-80-,Earrings,1,train,dataset1
DS1_IMG_001467,train/Earrings/images-80-_jpeg.rf.7fd661d9ee8902e2bf270cf16daa352d.jpg,images-80-,Earrings,1,train,dataset1
DS1_IMG_001468,train/Earrings/images-80-_jpeg.rf.9de10d1766526e7330dcaf0652b35e6d.jpg,images-80-,Earrings,1,train,dataset1
DS1_IMG_001469,train/Earrings/images-82-_jpeg.rf.a7049b33a1a450614a720e34e3a9a5b6.jpg,images-82-,Earrings,1,train,dataset1
DS1_IMG_001470,train/Earrings/images-82-_jpeg.rf.f23f9e47f1cb152685cc5e1d6c47009e.jpg,images-82-,Earrings,1,train,dataset1
DS1_IMG_001471,train/Earrings/images-82-_jpeg.rf.f276ea586f63427ce18f4f0e9e4d4c22.jpg,images-82-,Earrings,1,train,dataset1
DS1_IMG_001472,train/Earrings/images-85-_jpeg.rf.204a55c45636ca49bc40577a76f2d216.jpg,images-85-,Earrings,1,train,dataset1
DS1_IMG_001473,train/Earrings/images-85-_jpeg.rf.3b6a5a17070796a594d36d5c16567d7a.jpg,images-85-,Earrings,1,train,dataset1
DS1_IMG_001474,train/Earrings/images-85-_jpeg.rf.795620ccc6149c4ced802f87b1ed4cda.jpg,images-85-,Earrings,1,train,dataset1
DS1_IMG_001475,train/Earrings/images-86-_jpeg.rf.2ab7f239f42d0fca55a3690c307ee7a9.jpg,images-86-,Earrings,1,train,dataset1
DS1_IMG_001476,train/Earrings/images-86-_jpeg.rf.5f65ff2f2c0e413e5877aec0882deb6c.jpg,images-86-,Earrings,1,train,dataset1
DS1_IMG_001477,train/Earrings/images-86-_jpeg.rf.f9a6602c5bc56eedf18ec73e23413c72.jpg,images-86-,Earrings,1,train,dataset1
DS1_IMG_001478,train/Earrings/images-91-_jpeg.rf.037f09a0a125639cdb9cb8a1981234da.jpg,images-91-,Earrings,1,train,dataset1
DS1_IMG_001479,train/Earrings/images-91-_jpeg.rf.4174c46b60735533b35ff5b4a2bb010d.jpg,images-91-,Earrings,1,train,dataset1
DS1_IMG_001480,train/Earrings/images-91-_jpeg.rf.bd2747b33b2012df567fef2d3ad35554.jpg,images-91-,Earrings,1,train,dataset1
DS1_IMG_001481,train/Earrings/images-97-_jpeg.rf.070331bbbd9049ee88e87f6ddfa74fc6.jpg,images-97-,Earrings,1,train,dataset1
DS1_IMG_001482,train/Earrings/images-97-_jpeg.rf.88ea82dc4a6afdb205d5c8f0386577ec.jpg,images-97-,Earrings,1,train,dataset1
DS1_IMG_001483,train/Earrings/images-97-_jpeg.rf.dde7f09a4cecc6d403eb0130b2268c48.jpg,images-97-,Earrings,1,train,dataset1
DS1_IMG_001484,train/Earrings/kundan-polki-gold-earring-250x250_jpg.rf.0309c4547b2200eee788ca87e5a2eafa.jpg,kundan-polki-gold-earring-250x250,Earrings,1,train,dataset1
DS1_IMG_001485,train/Earrings/kundan-polki-gold-earring-250x250_jpg.rf.266da80325b27fce20f0f676e4fab6fd.jpg,kundan-polki-gold-earring-250x250,Earrings,1,train,dataset1
DS1_IMG_001486,train/Earrings/kundan-polki-gold-earring-250x250_jpg.rf.a264a3c8670a8fc3f7d731623f1a578c.jpg,kundan-polki-gold-earring-250x250,Earrings,1,train,dataset1
DS1_IMG_001487,train/Earrings/marshall_pierce_company_chicago_fine_jewelry_pearl_and_diamond_bracelet_256-10305_jpg.rf.3ac9e8e4eb7465929a6661feef5bd9c5.jpg,marshall_pierce_company_chicago_fine_jewelry_pearl_and_diamond_bracelet_256-10305,Earrings,1,train,dataset1
DS1_IMG_001488,train/Earrings/marshall_pierce_company_chicago_fine_jewelry_pearl_and_diamond_bracelet_256-10305_jpg.rf.5762149ec5cabd318aa2783c8013c2d2.jpg,marshall_pierce_company_chicago_fine_jewelry_pearl_and_diamond_bracelet_256-10305,Earrings,1,train,dataset1
DS1_IMG_001489,train/Earrings/marshall_pierce_company_chicago_fine_jewelry_pearl_and_diamond_bracelet_256-10305_jpg.rf.fe26f5b1a7b4bedebcc7e212255afee4.jpg,marshall_pierce_company_chicago_fine_jewelry_pearl_and_diamond_bracelet_256-10305,Earrings,1,train,dataset1
DS1_IMG_001490,train/Earrings/necklace_20241125_122545_0000c0fc_jpg.rf.23ea123891b7fa8378755b784e644d8d.jpg,necklace_20241125_122545_0000c0fc,Earrings,1,train,dataset1
DS1_IMG_001491,train/Earrings/necklace_20241125_122545_0000c0fc_jpg.rf.8f04de242e19b5c906072cda1447ffe0.jpg,necklace_20241125_122545_0000c0fc,Earrings,1,train,dataset1
DS1_IMG_001492,train/Earrings/necklace_20241125_122545_0000c0fc_jpg.rf.a34e0bcc4cf5ad6a8a0e45144d223b14.jpg,necklace_20241125_122545_0000c0fc,Earrings,1,train,dataset1
DS1_IMG_001493,train/Earrings/necklace_20241125_122545_0060089f_jpg.rf.8dcb2dbfaa714c092ec9c5299f219393.jpg,necklace_20241125_122545_0060089f,Earrings,1,train,dataset1
DS1_IMG_001494,train/Earrings/necklace_20241125_122545_0060089f_jpg.rf.c1230fbd99fc219ad72fb58639896327.jpg,necklace_20241125_122545_0060089f,Earrings,1,train,dataset1
DS1_IMG_001495,train/Earrings/necklace_20241125_122545_0060089f_jpg.rf.ff8605f2ed34c53ed728a96ccbe8f713.jpg,necklace_20241125_122545_0060089f,Earrings,1,train,dataset1
DS1_IMG_001496,train/Earrings/necklace_20241125_122545_3ee281b9_jpg.rf.26a4d809c250a57b38f8ddc4ce2ad5bf.jpg,necklace_20241125_122545_3ee281b9,Earrings,1,train,dataset1
DS1_IMG_001497,train/Earrings/necklace_20241125_122545_3ee281b9_jpg.rf.7adb7aa99ddf362691fc76b0b10a8b4d.jpg,necklace_20241125_122545_3ee281b9,Earrings,1,train,dataset1
DS1_IMG_001498,train/Earrings/necklace_20241125_122545_3ee281b9_jpg.rf.c6a25dd2c89a8a0a7b4bca192e49c2db.jpg,necklace_20241125_122545_3ee281b9,Earrings,1,train,dataset1
DS1_IMG_001499,train/Earrings/necklace_20241125_122546_003e5a18_jpg.rf.7fc8eb23e18c1214ab9c1a4c65114ccd.jpg,necklace_20241125_122546_003e5a18,Earrings,1,train,dataset1
DS1_IMG_001500,train/Earrings/necklace_20241125_122546_003e5a18_jpg.rf.9b4bb76763e079128878f10870a1f7ef.jpg,necklace_20241125_122546_003e5a18,Earrings,1,train,dataset1
DS1_IMG_001501,train/Earrings/necklace_20241125_122546_003e5a18_jpg.rf.bdfd8cc957eea57057d516cff74fb2dd.jpg,necklace_20241125_122546_003e5a18,Earrings,1,train,dataset1
DS1_IMG_001502,train/Earrings/new-tassel-turquiose-silk-thread-earrings-fringe-with-resin-stone_553269_1534919450_1_600x600_jpg.rf.0f99b778dfd5162b3cf4a6e88619ca8d.jpg,new-tassel-turquiose-silk-thread-earrings-fringe-with-resin-stone_553269_1534919450_1_600x600,Earrings,1,train,dataset1
DS1_IMG_001503,train/Earrings/new-tassel-turquiose-silk-thread-earrings-fringe-with-resin-stone_553269_1534919450_1_600x600_jpg.rf.d910c7b5f516a090eaeb2b0d1a5e2471.jpg,new-tassel-turquiose-silk-thread-earrings-fringe-with-resin-stone_553269_1534919450_1_600x600,Earrings,1,train,dataset1
DS1_IMG_001504,train/Earrings/new-tassel-turquiose-silk-thread-earrings-fringe-with-resin-stone_553269_1534919450_1_600x600_jpg.rf.e3226fe938195b41d108b8cba165d67f.jpg,new-tassel-turquiose-silk-thread-earrings-fringe-with-resin-stone_553269_1534919450_1_600x600,Earrings,1,train,dataset1
DS1_IMG_001505,train/Earrings/other_20241125_122356_ffffd381_jpg.rf.29c225b97a6afcce1339ee8e93b5a194.jpg,other_20241125_122356_ffffd381,Earrings,1,train,dataset1
DS1_IMG_001506,train/Earrings/other_20241125_122356_ffffd381_jpg.rf.8dcdc19251976c30dd1a114f043da883.jpg,other_20241125_122356_ffffd381,Earrings,1,train,dataset1
DS1_IMG_001507,train/Earrings/other_20241125_122356_ffffd381_jpg.rf.cd2f8966ab0d7a46875958b5e6727821.jpg,other_20241125_122356_ffffd381,Earrings,1,train,dataset1
DS1_IMG_001508,train/Earrings/other_20241125_122356_ffffdbc9_jpg.rf.2e4d447b8d3e16ad3067440ca6fcac12.jpg,other_20241125_122356_ffffdbc9,Earrings,1,train,dataset1
DS1_IMG_001509,train/Earrings/other_20241125_122356_ffffdbc9_jpg.rf.31bd7ba9ee515d014ad790ff36f11abf.jpg,other_20241125_122356_ffffdbc9,Earrings,1,train,dataset1
DS1_IMG_001510,train/Earrings/other_20241125_122356_ffffdbc9_jpg.rf.8eb96ed20695af20334501767a376679.jpg,other_20241125_122356_ffffdbc9,Earrings,1,train,dataset1
DS1_IMG_001511,train/Earrings/other_20241125_122356_fffffbdb_jpg.rf.7a9f409da846777b16da63da1392a26a.jpg,other_20241125_122356_fffffbdb,Earrings,1,train,dataset1
DS1_IMG_001512,train/Earrings/other_20241125_122356_fffffbdb_jpg.rf.d7bf70cacf4b11f13197267b2a960244.jpg,other_20241125_122356_fffffbdb,Earrings,1,train,dataset1
DS1_IMG_001513,train/Earrings/other_20241125_122356_fffffbdb_jpg.rf.e728ee42db03e602a4dc47d1012b1446.jpg,other_20241125_122356_fffffbdb,Earrings,1,train,dataset1
DS1_IMG_001514,train/Earrings/other_20241125_122356_ffffffdb_jpg.rf.6d59a4fb5dd87382986c838e0b897789.jpg,other_20241125_122356_ffffffdb,Earrings,1,train,dataset1
DS1_IMG_001515,train/Earrings/other_20241125_122356_ffffffdb_jpg.rf.7b3e96432b1b111fdbf1599dc2bce9b3.jpg,other_20241125_122356_ffffffdb,Earrings,1,train,dataset1
DS1_IMG_001516,train/Earrings/other_20241125_122356_ffffffdb_jpg.rf.9f9e350a77379126a3e8bf84f4be5366.jpg,other_20241125_122356_ffffffdb,Earrings,1,train,dataset1
DS1_IMG_001517,train/Earrings/pirouette_by_harry_winston_earrings__diamond__EADPRFPRSPIR_trans-1h_png.rf.01547890470cad7c854fb99e5f25319d.jpg,pirouette_by_harry_winston_earrings__diamond__EADPRFPRSPIR_trans-1h,Earrings,1,train,dataset1
DS1_IMG_001518,train/Earrings/pirouette_by_harry_winston_earrings__diamond__EADPRFPRSPIR_trans-1h_png.rf.35d1e945cdbabcdd90e2c3ea7201b37f.jpg,pirouette_by_harry_winston_earrings__diamond__EADPRFPRSPIR_trans-1h,Earrings,1,train,dataset1
DS1_IMG_001519,train/Earrings/pirouette_by_harry_winston_earrings__diamond__EADPRFPRSPIR_trans-1h_png.rf.7d2d26e921eeb54a3ece6211401e3221.jpg,pirouette_by_harry_winston_earrings__diamond__EADPRFPRSPIR_trans-1h,Earrings,1,train,dataset1
DS1_IMG_001520,train/Earrings/ramleela-earrings-black_jpg.rf.670138184d2b0fb8b876704340e854b9.jpg,ramleela-earrings-black,Earrings,1,train,dataset1
DS1_IMG_001521,train/Earrings/ramleela-earrings-black_jpg.rf.756cc70183721060db183383f32ac35c.jpg,ramleela-earrings-black,Earrings,1,train,dataset1
DS1_IMG_001522,train/Earrings/ramleela-earrings-black_jpg.rf.ad97917b703190fe55b53819d05b513d.jpg,ramleela-earrings-black,Earrings,1,train,dataset1
DS1_IMG_001523,train/Earrings/ybear-31772a-you-bella-original-imaez9n7sh8djtfc_jpeg.rf.5f39db86e609a48e8c83ae926149171b.jpg,ybear-31772a-you-bella-original-imaez9n7sh8djtfc,Earrings,1,train,dataset1
DS1_IMG_001524,train/Earrings/ybear-31772a-you-bella-original-imaez9n7sh8djtfc_jpeg.rf.779586492770389bd75910b2f9293c5a.jpg,ybear-31772a-you-bella-original-imaez9n7sh8djtfc,Earrings,1,train,dataset1
DS1_IMG_001525,train/Earrings/ybear-31772a-you-bella-original-imaez9n7sh8djtfc_jpeg.rf.8747c406578df5893a1833e120826597.jpg,ybear-31772a-you-bella-original-imaez9n7sh8djtfc,Earrings,1,train,dataset1
DS1_IMG_001526,train/Necklace/IMG_0129_28b216fe_JPG.rf.1f4cb4ec7ddc25276816d983898349be.jpg,IMG_0129_28b216fe,Necklace,2,train,dataset1
DS1_IMG_001527,train/Necklace/IMG_0129_28b216fe_JPG.rf.d3f66b502f83386d6105a327a85d7174.jpg,IMG_0129_28b216fe,Necklace,2,train,dataset1
DS1_IMG_001528,train/Necklace/IMG_0129_28b216fe_JPG.rf.ea969aa1410c8cbb5688bebc21ea1ba4.jpg,IMG_0129_28b216fe,Necklace,2,train,dataset1
DS1_IMG_001529,train/Necklace/IMG_0135_c69f859a_JPG.rf.8989ea734f6e932ea6dd86f999d0f4f3.jpg,IMG_0135_c69f859a,Necklace,2,train,dataset1
DS1_IMG_001530,train/Necklace/IMG_0135_c69f859a_JPG.rf.c85ebe2c7f155957f8a786902c87cde5.jpg,IMG_0135_c69f859a,Necklace,2,train,dataset1
DS1_IMG_001531,train/Necklace/IMG_0135_c69f859a_JPG.rf.cdd5cfa3bb3fb6e5f3bd4155353338fc.jpg,IMG_0135_c69f859a,Necklace,2,train,dataset1
DS1_IMG_001532,train/Necklace/IMG_0137_e742e894_JPG.rf.36bdacbd0209a0eb029c06ce31dcc516.jpg,IMG_0137_e742e894,Necklace,2,train,dataset1
DS1_IMG_001533,train/Necklace/IMG_0137_e742e894_JPG.rf.5a4b07b7c6cc5c40e9cabac93040d6bc.jpg,IMG_0137_e742e894,Necklace,2,train,dataset1
DS1_IMG_001534,train/Necklace/IMG_0137_e742e894_JPG.rf.c8be6e7b0ff035da7bd961316e0166f2.jpg,IMG_0137_e742e894,Necklace,2,train,dataset1
DS1_IMG_001535,train/Necklace/IMG_0142_e6abfd92_JPG.rf.2c45ccd4d11e065e62fea6215c86ce57.jpg,IMG_0142_e6abfd92,Necklace,2,train,dataset1
DS1_IMG_001536,train/Necklace/IMG_0142_e6abfd92_JPG.rf.5ec126ed74aafb414c7233669ece2a8d.jpg,IMG_0142_e6abfd92,Necklace,2,train,dataset1
DS1_IMG_001537,train/Necklace/IMG_0142_e6abfd92_JPG.rf.8f4ef69c88b057bd3d811290bcac0e22.jpg,IMG_0142_e6abfd92,Necklace,2,train,dataset1
DS1_IMG_001538,train/Necklace/IMG_0145_eac6d841_JPG.rf.34ec97c644dd73886611a7772e39f891.jpg,IMG_0145_eac6d841,Necklace,2,train,dataset1
DS1_IMG_001539,train/Necklace/IMG_0145_eac6d841_JPG.rf.b51a1c8b79b16c618d3d35bd4343b5de.jpg,IMG_0145_eac6d841,Necklace,2,train,dataset1
DS1_IMG_001540,train/Necklace/IMG_0145_eac6d841_JPG.rf.ca9fb7b8f413c9882ed5c9725b129fec.jpg,IMG_0145_eac6d841,Necklace,2,train,dataset1
DS1_IMG_001541,train/Necklace/IMG_0152_3a64c24c_JPG.rf.2e12f6cd7b322449a11b8332f1a3215a.jpg,IMG_0152_3a64c24c,Necklace,2,train,dataset1
DS1_IMG_001542,train/Necklace/IMG_0152_3a64c24c_JPG.rf.7101e9b88bb5cd523ebce5c2f5d30158.jpg,IMG_0152_3a64c24c,Necklace,2,train,dataset1
DS1_IMG_001543,train/Necklace/IMG_0152_3a64c24c_JPG.rf.9a4192b050da170566fc9179405f5c55.jpg,IMG_0152_3a64c24c,Necklace,2,train,dataset1
DS1_IMG_001544,train/Necklace/IMG_0157_b671fd42_JPG.rf.50ce001ab6a953c7c0dfe7ea7a01b308.jpg,IMG_0157_b671fd42,Necklace,2,train,dataset1
DS1_IMG_001545,train/Necklace/IMG_0157_b671fd42_JPG.rf.cef2ebe40b7acf6397d2a3959b694d9f.jpg,IMG_0157_b671fd42,Necklace,2,train,dataset1
DS1_IMG_001546,train/Necklace/IMG_0157_b671fd42_JPG.rf.f5e7c2f6b0f8a415e95a25d8b67bc0e8.jpg,IMG_0157_b671fd42,Necklace,2,train,dataset1
DS1_IMG_001547,train/Necklace/IMG_0159_0913ba51_JPG.rf.21a53230ce9af3471d0d889d07a94a85.jpg,IMG_0159_0913ba51,Necklace,2,train,dataset1
DS1_IMG_001548,train/Necklace/IMG_0159_0913ba51_JPG.rf.bb55c17580030defa86f37f0098bee22.jpg,IMG_0159_0913ba51,Necklace,2,train,dataset1
DS1_IMG_001549,train/Necklace/IMG_0159_0913ba51_JPG.rf.d4ac7bba6794eedfbb706ce2d789534e.jpg,IMG_0159_0913ba51,Necklace,2,train,dataset1
DS1_IMG_001550,train/Necklace/IMG_0186_0e5aee5b_JPG.rf.a4b05cc1e6fbf2cbf956422ef9ba55a7.jpg,IMG_0186_0e5aee5b,Necklace,2,train,dataset1
DS1_IMG_001551,train/Necklace/IMG_0186_0e5aee5b_JPG.rf.bbef98d24b1bf8a696f9fbc1c5c82f1e.jpg,IMG_0186_0e5aee5b,Necklace,2,train,dataset1
DS1_IMG_001552,train/Necklace/IMG_0186_0e5aee5b_JPG.rf.f46a825df5bbae7f81d4b95fc2b3ba2b.jpg,IMG_0186_0e5aee5b,Necklace,2,train,dataset1
DS1_IMG_001553,train/Necklace/IMG_0187_fa1879f6_JPG.rf.8c0bd6039f09672dfb24dac77606a054.jpg,IMG_0187_fa1879f6,Necklace,2,train,dataset1
DS1_IMG_001554,train/Necklace/IMG_0187_fa1879f6_JPG.rf.b123ead295c1c4386b4b177c70db10d5.jpg,IMG_0187_fa1879f6,Necklace,2,train,dataset1
DS1_IMG_001555,train/Necklace/IMG_0187_fa1879f6_JPG.rf.b5d35ba41825bb12201917b2902a6452.jpg,IMG_0187_fa1879f6,Necklace,2,train,dataset1
DS1_IMG_001556,train/Necklace/IMG_0200_852e67be_JPG.rf.252787962b31b9d134a749dcd45827e6.jpg,IMG_0200_852e67be,Necklace,2,train,dataset1
DS1_IMG_001557,train/Necklace/IMG_0200_852e67be_JPG.rf.6913056319f85d05ef8155dee272d467.jpg,IMG_0200_852e67be,Necklace,2,train,dataset1
DS1_IMG_001558,train/Necklace/IMG_0200_852e67be_JPG.rf.dce0619303566e944a061218a4f966fc.jpg,IMG_0200_852e67be,Necklace,2,train,dataset1
DS1_IMG_001559,train/Necklace/IMG_0210_d2345e07_JPG.rf.0c7262571817a803be4d6c8ec492b243.jpg,IMG_0210_d2345e07,Necklace,2,train,dataset1
DS1_IMG_001560,train/Necklace/IMG_0210_d2345e07_JPG.rf.3f4c1f84174f14d1a77cb4c743d286ed.jpg,IMG_0210_d2345e07,Necklace,2,train,dataset1
DS1_IMG_001561,train/Necklace/IMG_0210_d2345e07_JPG.rf.7a6b4feace3a533c6bb918f346002f53.jpg,IMG_0210_d2345e07,Necklace,2,train,dataset1
DS1_IMG_001562,train/Necklace/IMG_0216_add264f1_JPG.rf.29b11eb2f366258d4d11b9647c34b9e2.jpg,IMG_0216_add264f1,Necklace,2,train,dataset1
DS1_IMG_001563,train/Necklace/IMG_0216_add264f1_JPG.rf.50de616d8fc6f34ef342ea926a3946ff.jpg,IMG_0216_add264f1,Necklace,2,train,dataset1
DS1_IMG_001564,train/Necklace/IMG_0216_add264f1_JPG.rf.ddafe9c329962152ccd12cbf3e0e242e.jpg,IMG_0216_add264f1,Necklace,2,train,dataset1
DS1_IMG_001565,train/Necklace/IMG_0221_33a1c287_JPG.rf.6c1210ab547290570524dd2df9327e44.jpg,IMG_0221_33a1c287,Necklace,2,train,dataset1
DS1_IMG_001566,train/Necklace/IMG_0221_33a1c287_JPG.rf.7895ae1467aafdfc1bdd768a87ecebd9.jpg,IMG_0221_33a1c287,Necklace,2,train,dataset1
DS1_IMG_001567,train/Necklace/IMG_0221_33a1c287_JPG.rf.91853cfba3faea1cc7f867409f705e87.jpg,IMG_0221_33a1c287,Necklace,2,train,dataset1
DS1_IMG_001568,train/Necklace/IMG_0226_7ea5156e_JPG.rf.91494ba7857a7ba5d452d00ab04e9172.jpg,IMG_0226_7ea5156e,Necklace,2,train,dataset1
DS1_IMG_001569,train/Necklace/IMG_0226_7ea5156e_JPG.rf.9e25f8cbcc34c928c105e7cb5406202a.jpg,IMG_0226_7ea5156e,Necklace,2,train,dataset1
DS1_IMG_001570,train/Necklace/IMG_0226_7ea5156e_JPG.rf.fd5fd552411712c3ac12bda3c187dd0f.jpg,IMG_0226_7ea5156e,Necklace,2,train,dataset1
DS1_IMG_001571,train/Necklace/IMG_0229_277b9ba2_JPG.rf.6e37e7f53cc19afb1ff4eb2e1d95a61b.jpg,IMG_0229_277b9ba2,Necklace,2,train,dataset1
DS1_IMG_001572,train/Necklace/IMG_0229_277b9ba2_JPG.rf.b1058c52eb0e0defb9f812cb40480388.jpg,IMG_0229_277b9ba2,Necklace,2,train,dataset1
DS1_IMG_001573,train/Necklace/IMG_0229_277b9ba2_JPG.rf.b80d6bb89c18578b01eed610994e261e.jpg,IMG_0229_277b9ba2,Necklace,2,train,dataset1
DS1_IMG_001574,train/Necklace/IMG_0230_f447860f_JPG.rf.52de240804626dd8630e7c444f27b597.jpg,IMG_0230_f447860f,Necklace,2,train,dataset1
DS1_IMG_001575,train/Necklace/IMG_0230_f447860f_JPG.rf.b7b185f05490c0ac77f4947e9f4e5f98.jpg,IMG_0230_f447860f,Necklace,2,train,dataset1
DS1_IMG_001576,train/Necklace/IMG_0230_f447860f_JPG.rf.c9f0606a6ed576552288f762968aade1.jpg,IMG_0230_f447860f,Necklace,2,train,dataset1
DS1_IMG_001577,train/Necklace/IMG_0239_fed2d21f_JPG.rf.732d0235ec1fd500b17c19d09a605b5e.jpg,IMG_0239_fed2d21f,Necklace,2,train,dataset1
DS1_IMG_001578,train/Necklace/IMG_0239_fed2d21f_JPG.rf.dedc33c018f2fbbaec41844172fb8854.jpg,IMG_0239_fed2d21f,Necklace,2,train,dataset1
DS1_IMG_001579,train/Necklace/IMG_0239_fed2d21f_JPG.rf.f9b9e1e4d62eaaf3c694f77087348584.jpg,IMG_0239_fed2d21f,Necklace,2,train,dataset1
DS1_IMG_001580,train/Necklace/IMG_0246_5ca42499_JPG.rf.298512b44dac5cd4771d0091d7ebb3cf.jpg,IMG_0246_5ca42499,Necklace,2,train,dataset1
DS1_IMG_001581,train/Necklace/IMG_0246_5ca42499_JPG.rf.adc3233b19505b42517d6f26f2bd0442.jpg,IMG_0246_5ca42499,Necklace,2,train,dataset1
DS1_IMG_001582,train/Necklace/IMG_0246_5ca42499_JPG.rf.e01d67abfc0c4d79fadd14409ec693aa.jpg,IMG_0246_5ca42499,Necklace,2,train,dataset1
DS1_IMG_001583,train/Necklace/IMG_0252_3e5fcc52_JPG.rf.6b4521e112c1cb7735cfb7d84b8604ff.jpg,IMG_0252_3e5fcc52,Necklace,2,train,dataset1
DS1_IMG_001584,train/Necklace/IMG_0252_3e5fcc52_JPG.rf.926cee5c4e3551313b9f2cba2104e45a.jpg,IMG_0252_3e5fcc52,Necklace,2,train,dataset1
DS1_IMG_001585,train/Necklace/IMG_0252_3e5fcc52_JPG.rf.d2c722ab232c7d1e96c6c91c6481be25.jpg,IMG_0252_3e5fcc52,Necklace,2,train,dataset1
DS1_IMG_001586,train/Necklace/IMG_0253_868b6574_JPG.rf.165772e0f191613b5a45d21f5431a894.jpg,IMG_0253_868b6574,Necklace,2,train,dataset1
DS1_IMG_001587,train/Necklace/IMG_0253_868b6574_JPG.rf.b050a2d6d1be50b781679211f9fe3fb2.jpg,IMG_0253_868b6574,Necklace,2,train,dataset1
DS1_IMG_001588,train/Necklace/IMG_0253_868b6574_JPG.rf.edc1a0a37d43f979ee08f4c96c766b87.jpg,IMG_0253_868b6574,Necklace,2,train,dataset1
DS1_IMG_001589,train/Necklace/IMG_0263_53d56de3_JPG.rf.d9569f1ee653865dad1165424e77378c.jpg,IMG_0263_53d56de3,Necklace,2,train,dataset1
DS1_IMG_001590,train/Necklace/IMG_0263_53d56de3_JPG.rf.e271e7cbab72e80bab4844ad6940b71d.jpg,IMG_0263_53d56de3,Necklace,2,train,dataset1
DS1_IMG_001591,train/Necklace/IMG_0263_53d56de3_JPG.rf.fc2f7fd00be284b94f716486dd18598f.jpg,IMG_0263_53d56de3,Necklace,2,train,dataset1
DS1_IMG_001592,train/Necklace/IMG_0268_7fe8f468_JPG.rf.248cf995114ebc7a3112362724c58c05.jpg,IMG_0268_7fe8f468,Necklace,2,train,dataset1
DS1_IMG_001593,train/Necklace/IMG_0268_7fe8f468_JPG.rf.888228f5e8717a9ad636ed17b8c6785b.jpg,IMG_0268_7fe8f468,Necklace,2,train,dataset1
DS1_IMG_001594,train/Necklace/IMG_0268_7fe8f468_JPG.rf.bf85ad73c0443e96bc8f92ee16679c2e.jpg,IMG_0268_7fe8f468,Necklace,2,train,dataset1
DS1_IMG_001595,train/Necklace/IMG_0271_9289ffcf_JPG.rf.007bd987682a7b4707e7b0e577517720.jpg,IMG_0271_9289ffcf,Necklace,2,train,dataset1
DS1_IMG_001596,train/Necklace/IMG_0271_9289ffcf_JPG.rf.64881b30b675fc8aee2c25010249513c.jpg,IMG_0271_9289ffcf,Necklace,2,train,dataset1
DS1_IMG_001597,train/Necklace/IMG_0271_9289ffcf_JPG.rf.72d309e1885edcb8e5ab4d829e306b66.jpg,IMG_0271_9289ffcf,Necklace,2,train,dataset1
DS1_IMG_001598,train/Necklace/IMG_0353_6a02a141_jpg.rf.1614b4130d95919420f2e127e32ff9c2.jpg,IMG_0353_6a02a141,Necklace,2,train,dataset1
DS1_IMG_001599,train/Necklace/IMG_0353_6a02a141_jpg.rf.7f398a49d69216d084b160b00dc33c4c.jpg,IMG_0353_6a02a141,Necklace,2,train,dataset1
DS1_IMG_001600,train/Necklace/IMG_0353_6a02a141_jpg.rf.cb979a7aa233198787452ca84518f770.jpg,IMG_0353_6a02a141,Necklace,2,train,dataset1
DS1_IMG_001601,train/Necklace/IMG_0354-1-_d915b5d7_jpg.rf.0a91b2998393916587ce57ba164c9be0.jpg,IMG_0354-1-_d915b5d7,Necklace,2,train,dataset1
DS1_IMG_001602,train/Necklace/IMG_0354-1-_d915b5d7_jpg.rf.60994d3d7e1e330dba911d4fc97b7c0a.jpg,IMG_0354-1-_d915b5d7,Necklace,2,train,dataset1
DS1_IMG_001603,train/Necklace/IMG_0354-1-_d915b5d7_jpg.rf.b1a46b521b6609f8fd60a5ad7c5fc1f9.jpg,IMG_0354-1-_d915b5d7,Necklace,2,train,dataset1
DS1_IMG_001604,train/Necklace/IMG_0356_1ffc084f_jpg.rf.79b4c2d3695e824cc905bc91ef674eda.jpg,IMG_0356_1ffc084f,Necklace,2,train,dataset1
DS1_IMG_001605,train/Necklace/IMG_0356_1ffc084f_jpg.rf.be6914a8f35489a2151cde2aade00e6d.jpg,IMG_0356_1ffc084f,Necklace,2,train,dataset1
DS1_IMG_001606,train/Necklace/IMG_0356_1ffc084f_jpg.rf.fda047e42a0d67bd2b874d007e72b132.jpg,IMG_0356_1ffc084f,Necklace,2,train,dataset1
DS1_IMG_001607,train/Necklace/IMG_0357_c117f72c_jpg.rf.955f3398170e6ba22146e739a7ff3d1f.jpg,IMG_0357_c117f72c,Necklace,2,train,dataset1
DS1_IMG_001608,train/Necklace/IMG_0357_c117f72c_jpg.rf.98088d0cafac6e43025f983a5259aba5.jpg,IMG_0357_c117f72c,Necklace,2,train,dataset1
DS1_IMG_001609,train/Necklace/IMG_0357_c117f72c_jpg.rf.bb41ffc0b2a656ecfd920d43ab7283de.jpg,IMG_0357_c117f72c,Necklace,2,train,dataset1
DS1_IMG_001610,train/Necklace/IMG_0358_097d4a90_jpg.rf.0702c5bf0f8f9e5084b924e5cb09b25c.jpg,IMG_0358_097d4a90,Necklace,2,train,dataset1
DS1_IMG_001611,train/Necklace/IMG_0358_097d4a90_jpg.rf.16a7d3043b08284a55b320c045ae8411.jpg,IMG_0358_097d4a90,Necklace,2,train,dataset1
DS1_IMG_001612,train/Necklace/IMG_0358_097d4a90_jpg.rf.90dc3cb9bd8e23180103526120823930.jpg,IMG_0358_097d4a90,Necklace,2,train,dataset1
DS1_IMG_001613,train/Necklace/IMG_0359-1-_c0fb471e_JPG.rf.b9f1ba4046df2eae0f48b6bd45add8d9.jpg,IMG_0359-1-_c0fb471e,Necklace,2,train,dataset1
DS1_IMG_001614,train/Necklace/IMG_0359-1-_c0fb471e_JPG.rf.bc884d590630e2aeec52b2e6108d6238.jpg,IMG_0359-1-_c0fb471e,Necklace,2,train,dataset1
DS1_IMG_001615,train/Necklace/IMG_0359-1-_c0fb471e_JPG.rf.d008ab0f789e2c7c6ae8dda2bed16a83.jpg,IMG_0359-1-_c0fb471e,Necklace,2,train,dataset1
DS1_IMG_001616,train/Necklace/IMG_0361-1-_96c02b91_JPG.rf.12fdbc260148369b34109896ab965922.jpg,IMG_0361-1-_96c02b91,Necklace,2,train,dataset1
DS1_IMG_001617,train/Necklace/IMG_0361-1-_96c02b91_JPG.rf.9a4f410f8ad026b7611e36dfbf02d0d1.jpg,IMG_0361-1-_96c02b91,Necklace,2,train,dataset1
DS1_IMG_001618,train/Necklace/IMG_0361-1-_96c02b91_JPG.rf.c14f121fe38422b20d93d187ff4b000c.jpg,IMG_0361-1-_96c02b91,Necklace,2,train,dataset1
DS1_IMG_001619,train/Necklace/IMG_0362_94565be1_jpg.rf.808ce5ac8c41ebe96f743b466d16ae7c.jpg,IMG_0362_94565be1,Necklace,2,train,dataset1
DS1_IMG_001620,train/Necklace/IMG_0362_94565be1_jpg.rf.887f598184634ebf6ec77f7e96eabe75.jpg,IMG_0362_94565be1,Necklace,2,train,dataset1
DS1_IMG_001621,train/Necklace/IMG_0362_94565be1_jpg.rf.b6690f36e2182c605a068606aaedbec4.jpg,IMG_0362_94565be1,Necklace,2,train,dataset1
DS1_IMG_001622,train/Necklace/IMG_0366_f6cb13e0_jpg.rf.5404c1c05cb86904ba3e8f99a782607a.jpg,IMG_0366_f6cb13e0,Necklace,2,train,dataset1
DS1_IMG_001623,train/Necklace/IMG_0366_f6cb13e0_jpg.rf.5c6ad87b10977b8d55de8ff2131c680c.jpg,IMG_0366_f6cb13e0,Necklace,2,train,dataset1
DS1_IMG_001624,train/Necklace/IMG_0366_f6cb13e0_jpg.rf.b8b801cd71d050bd2fefa161a063ea5b.jpg,IMG_0366_f6cb13e0,Necklace,2,train,dataset1
DS1_IMG_001625,train/Necklace/IMG_0367_0ff124ca_jpg.rf.0f99b02a5b4d60102d958c6360baa8c9.jpg,IMG_0367_0ff124ca,Necklace,2,train,dataset1
DS1_IMG_001626,train/Necklace/IMG_0367_0ff124ca_jpg.rf.54604f5d5f6816875b962bb7c74d62cf.jpg,IMG_0367_0ff124ca,Necklace,2,train,dataset1
DS1_IMG_001627,train/Necklace/IMG_0367_0ff124ca_jpg.rf.fcf264d6872529bcf3cc7a17e04f9b69.jpg,IMG_0367_0ff124ca,Necklace,2,train,dataset1
DS1_IMG_001628,train/Necklace/IMG_0368_aab176d5_jpg.rf.2c2273a346b3d807553aa4367eaac0f5.jpg,IMG_0368_aab176d5,Necklace,2,train,dataset1
DS1_IMG_001629,train/Necklace/IMG_0368_aab176d5_jpg.rf.6c174373e52203834cbdc4a7d3d2ab26.jpg,IMG_0368_aab176d5,Necklace,2,train,dataset1
DS1_IMG_001630,train/Necklace/IMG_0368_aab176d5_jpg.rf.e150bae5c27d94e607d428c76b25eaed.jpg,IMG_0368_aab176d5,Necklace,2,train,dataset1
DS1_IMG_001631,train/Necklace/IMG_0370-1-_b41d77c3_jpg.rf.38804ec6a2098874688a4e68926d0561.jpg,IMG_0370-1-_b41d77c3,Necklace,2,train,dataset1
DS1_IMG_001632,train/Necklace/IMG_0370-1-_b41d77c3_jpg.rf.d66883715fafc93dbec6d08f300dba0e.jpg,IMG_0370-1-_b41d77c3,Necklace,2,train,dataset1
DS1_IMG_001633,train/Necklace/IMG_0370-1-_b41d77c3_jpg.rf.f4b6009fee6fb64c5527cee25c18f5d4.jpg,IMG_0370-1-_b41d77c3,Necklace,2,train,dataset1
DS1_IMG_001634,train/Necklace/IMG_0372_f5eaaa3c_jpg.rf.31c9ea859f9c952930ba3744c83c4b9e.jpg,IMG_0372_f5eaaa3c,Necklace,2,train,dataset1
DS1_IMG_001635,train/Necklace/IMG_0372_f5eaaa3c_jpg.rf.7eec424d33f96b31a9f15c13620997c3.jpg,IMG_0372_f5eaaa3c,Necklace,2,train,dataset1
DS1_IMG_001636,train/Necklace/IMG_0372_f5eaaa3c_jpg.rf.b4f1228b1fd15d5346c92c9df8e79d77.jpg,IMG_0372_f5eaaa3c,Necklace,2,train,dataset1
DS1_IMG_001637,train/Necklace/IMG_0374-1-_fb1ebf1c_JPG.rf.27287d62c338f231790c825d96181e3b.jpg,IMG_0374-1-_fb1ebf1c,Necklace,2,train,dataset1
DS1_IMG_001638,train/Necklace/IMG_0374-1-_fb1ebf1c_JPG.rf.49137a49d0fcf0142975aa8ac3921d5b.jpg,IMG_0374-1-_fb1ebf1c,Necklace,2,train,dataset1
DS1_IMG_001639,train/Necklace/IMG_0374-1-_fb1ebf1c_JPG.rf.80562b838762f2cb22b83a79290c9489.jpg,IMG_0374-1-_fb1ebf1c,Necklace,2,train,dataset1
DS1_IMG_001640,train/Necklace/IMG_0374_482d525e_jpg.rf.5ae17c9635503729926d768a55cc37c3.jpg,IMG_0374_482d525e,Necklace,2,train,dataset1
DS1_IMG_001641,train/Necklace/IMG_0374_482d525e_jpg.rf.6a2e1168227bd91e9e3ea6ec489e7988.jpg,IMG_0374_482d525e,Necklace,2,train,dataset1
DS1_IMG_001642,train/Necklace/IMG_0374_482d525e_jpg.rf.81e251b0a8fb1030c8dd254340ce6c45.jpg,IMG_0374_482d525e,Necklace,2,train,dataset1
DS1_IMG_001643,train/Necklace/IMG_0375_8dd90976_jpg.rf.25006f85dea42861066850f2996607d3.jpg,IMG_0375_8dd90976,Necklace,2,train,dataset1
DS1_IMG_001644,train/Necklace/IMG_0375_8dd90976_jpg.rf.6d1da4679ce141f2aea869ca798f40ec.jpg,IMG_0375_8dd90976,Necklace,2,train,dataset1
DS1_IMG_001645,train/Necklace/IMG_0375_8dd90976_jpg.rf.b24df59f9c8d4f990e875b2ce8daa5d0.jpg,IMG_0375_8dd90976,Necklace,2,train,dataset1
DS1_IMG_001646,train/Necklace/IMG_0376_82651860_jpg.rf.26275b61c6a1022fa4b966f78fa11917.jpg,IMG_0376_82651860,Necklace,2,train,dataset1
DS1_IMG_001647,train/Necklace/IMG_0376_82651860_jpg.rf.363a670a0feb5764a0d0e2a610428911.jpg,IMG_0376_82651860,Necklace,2,train,dataset1
DS1_IMG_001648,train/Necklace/IMG_0376_82651860_jpg.rf.d3fb2030556bc9719a68da491e661ef3.jpg,IMG_0376_82651860,Necklace,2,train,dataset1
DS1_IMG_001649,train/Necklace/IMG_0378_b2d85931_jpg.rf.a3fea993dc929732a15f89fe327892ac.jpg,IMG_0378_b2d85931,Necklace,2,train,dataset1
DS1_IMG_001650,train/Necklace/IMG_0378_b2d85931_jpg.rf.cb03df89f4ac78a4c12b74ddcaf11ff0.jpg,IMG_0378_b2d85931,Necklace,2,train,dataset1
DS1_IMG_001651,train/Necklace/IMG_0378_b2d85931_jpg.rf.f24115d6d4ce33674ec8450ba49a3245.jpg,IMG_0378_b2d85931,Necklace,2,train,dataset1
DS1_IMG_001652,train/Necklace/IMG_0379-1-_2c400e67_JPG.rf.6cb0cbd59b21a9b544216f4a6a93bcc5.jpg,IMG_0379-1-_2c400e67,Necklace,2,train,dataset1
DS1_IMG_001653,train/Necklace/IMG_0379-1-_2c400e67_JPG.rf.84ece0f2d5532d56887053bf9da5e548.jpg,IMG_0379-1-_2c400e67,Necklace,2,train,dataset1
DS1_IMG_001654,train/Necklace/IMG_0379-1-_2c400e67_JPG.rf.91686b3220abb8c104e79bd3ab258f51.jpg,IMG_0379-1-_2c400e67,Necklace,2,train,dataset1
DS1_IMG_001655,train/Necklace/IMG_0382-1-_bb3327df_JPG.rf.2efcf0d3bd49b06116018b11efd7fdb9.jpg,IMG_0382-1-_bb3327df,Necklace,2,train,dataset1
DS1_IMG_001656,train/Necklace/IMG_0382-1-_bb3327df_JPG.rf.8a385887afebd65554de0ff4b05dbff6.jpg,IMG_0382-1-_bb3327df,Necklace,2,train,dataset1
DS1_IMG_001657,train/Necklace/IMG_0382-1-_bb3327df_JPG.rf.bd1e836dcda8b6934cdd680ece05b4b1.jpg,IMG_0382-1-_bb3327df,Necklace,2,train,dataset1
DS1_IMG_001658,train/Necklace/IMG_0383-1-_f83db48d_jpg.rf.1a06921265641b808443f7d941a0d33b.jpg,IMG_0383-1-_f83db48d,Necklace,2,train,dataset1
DS1_IMG_001659,train/Necklace/IMG_0383-1-_f83db48d_jpg.rf.2ea77e0ba8a803486ded9894b8b735bc.jpg,IMG_0383-1-_f83db48d,Necklace,2,train,dataset1
DS1_IMG_001660,train/Necklace/IMG_0383-1-_f83db48d_jpg.rf.39898512a4455eb733107207dd48e130.jpg,IMG_0383-1-_f83db48d,Necklace,2,train,dataset1
DS1_IMG_001661,train/Necklace/IMG_0384-1-_7496447f_JPG.rf.34154ef64a0cd2212599b8abc833fbec.jpg,IMG_0384-1-_7496447f,Necklace,2,train,dataset1
DS1_IMG_001662,train/Necklace/IMG_0384-1-_7496447f_JPG.rf.b227809b26d4c4f222220249a51bc40f.jpg,IMG_0384-1-_7496447f,Necklace,2,train,dataset1
DS1_IMG_001663,train/Necklace/IMG_0384-1-_7496447f_JPG.rf.d352c138790587664db8bab51e335a61.jpg,IMG_0384-1-_7496447f,Necklace,2,train,dataset1
DS1_IMG_001664,train/Necklace/IMG_0384_ae22c619_jpg.rf.0e9dbbee00fd43585dc3fb3361abcc50.jpg,IMG_0384_ae22c619,Necklace,2,train,dataset1
DS1_IMG_001665,train/Necklace/IMG_0384_ae22c619_jpg.rf.3064a611cc1d3da31d10e58cb4802d5f.jpg,IMG_0384_ae22c619,Necklace,2,train,dataset1
DS1_IMG_001666,train/Necklace/IMG_0384_ae22c619_jpg.rf.74a4a1ea2fb8ffad5813ff280bda6d3a.jpg,IMG_0384_ae22c619,Necklace,2,train,dataset1
DS1_IMG_001667,train/Necklace/IMG_0386_fb581654_jpg.rf.1b3ce80b56dfb8f4933468b9f461d07a.jpg,IMG_0386_fb581654,Necklace,2,train,dataset1
DS1_IMG_001668,train/Necklace/IMG_0386_fb581654_jpg.rf.3db1896e54af55d725da74ec2116debd.jpg,IMG_0386_fb581654,Necklace,2,train,dataset1
DS1_IMG_001669,train/Necklace/IMG_0386_fb581654_jpg.rf.aaad7b017ea571edfafc698d678cc47b.jpg,IMG_0386_fb581654,Necklace,2,train,dataset1
DS1_IMG_001670,train/Necklace/IMG_0387_0c33e2d2_jpg.rf.218022b4567545405b16f7f41e1814c6.jpg,IMG_0387_0c33e2d2,Necklace,2,train,dataset1
DS1_IMG_001671,train/Necklace/IMG_0387_0c33e2d2_jpg.rf.3de7c84aa49cf43b16498c9ecba4e28f.jpg,IMG_0387_0c33e2d2,Necklace,2,train,dataset1
DS1_IMG_001672,train/Necklace/IMG_0387_0c33e2d2_jpg.rf.dd1950f3698fd153ed56897aa7bee1a5.jpg,IMG_0387_0c33e2d2,Necklace,2,train,dataset1
DS1_IMG_001673,train/Necklace/IMG_0388_f427e539_jpg.rf.60d405cf46227326c147482c4c070c53.jpg,IMG_0388_f427e539,Necklace,2,train,dataset1
DS1_IMG_001674,train/Necklace/IMG_0388_f427e539_jpg.rf.782e85692990570e794f6a9bb8558911.jpg,IMG_0388_f427e539,Necklace,2,train,dataset1
DS1_IMG_001675,train/Necklace/IMG_0388_f427e539_jpg.rf.e2850439823004daa71a404cf549f0e4.jpg,IMG_0388_f427e539,Necklace,2,train,dataset1
DS1_IMG_001676,train/Necklace/IMG_0389-1-_d101b981_jpg.rf.5af90ecaec2b6050f6f7e896fcd3ece1.jpg,IMG_0389-1-_d101b981,Necklace,2,train,dataset1
DS1_IMG_001677,train/Necklace/IMG_0389-1-_d101b981_jpg.rf.5bc337dd153780cc4f487434f6a8f552.jpg,IMG_0389-1-_d101b981,Necklace,2,train,dataset1
DS1_IMG_001678,train/Necklace/IMG_0389-1-_d101b981_jpg.rf.c911231591a77150299efa7922185b87.jpg,IMG_0389-1-_d101b981,Necklace,2,train,dataset1
DS1_IMG_001679,train/Necklace/IMG_0390_fafb7e18_jpg.rf.514b19b501b09f34ba72b8ebda083d13.jpg,IMG_0390_fafb7e18,Necklace,2,train,dataset1
DS1_IMG_001680,train/Necklace/IMG_0390_fafb7e18_jpg.rf.82df967b4c6a16c501468dd258368b2f.jpg,IMG_0390_fafb7e18,Necklace,2,train,dataset1
DS1_IMG_001681,train/Necklace/IMG_0390_fafb7e18_jpg.rf.ff69ce82cbd7788583a810022854d406.jpg,IMG_0390_fafb7e18,Necklace,2,train,dataset1
DS1_IMG_001682,train/Necklace/IMG_0392-1-_db5412cc_jpg.rf.08024b8ac4384327290e6fd63ab07aba.jpg,IMG_0392-1-_db5412cc,Necklace,2,train,dataset1
DS1_IMG_001683,train/Necklace/IMG_0392-1-_db5412cc_jpg.rf.6388bdcc52d38f705038fdbcc09f56bd.jpg,IMG_0392-1-_db5412cc,Necklace,2,train,dataset1
DS1_IMG_001684,train/Necklace/IMG_0392-1-_db5412cc_jpg.rf.fc3c48927792fe5480d99037cce64b4b.jpg,IMG_0392-1-_db5412cc,Necklace,2,train,dataset1
DS1_IMG_001685,train/Necklace/IMG_0400_49c223c9_jpg.rf.1a39a846b14971415924ff8498391650.jpg,IMG_0400_49c223c9,Necklace,2,train,dataset1
DS1_IMG_001686,train/Necklace/IMG_0400_49c223c9_jpg.rf.d1a03de26703e2fd710376299d8e71d5.jpg,IMG_0400_49c223c9,Necklace,2,train,dataset1
DS1_IMG_001687,train/Necklace/IMG_0400_49c223c9_jpg.rf.f383227098385296f335484180990082.jpg,IMG_0400_49c223c9,Necklace,2,train,dataset1
DS1_IMG_001688,train/Necklace/IMG_0403_66e58417_jpg.rf.124ce534ef58d7e1734baaf96d3542a7.jpg,IMG_0403_66e58417,Necklace,2,train,dataset1
DS1_IMG_001689,train/Necklace/IMG_0403_66e58417_jpg.rf.8445fa2e7d504acca6de5f2551b031c2.jpg,IMG_0403_66e58417,Necklace,2,train,dataset1
DS1_IMG_001690,train/Necklace/IMG_0403_66e58417_jpg.rf.fc9f11b7ddd4a4fb2db8d48fd3d88b72.jpg,IMG_0403_66e58417,Necklace,2,train,dataset1
DS1_IMG_001691,train/Necklace/IMG_0405-1-_152ce555_jpg.rf.40f1d80ba372ca0dcaffa4ed6171c080.jpg,IMG_0405-1-_152ce555,Necklace,2,train,dataset1
DS1_IMG_001692,train/Necklace/IMG_0405-1-_152ce555_jpg.rf.5d78faf9deb58b4015754b5b04eb2c71.jpg,IMG_0405-1-_152ce555,Necklace,2,train,dataset1
DS1_IMG_001693,train/Necklace/IMG_0405-1-_152ce555_jpg.rf.de2cb4eb8edca75c6e11aeeb03148928.jpg,IMG_0405-1-_152ce555,Necklace,2,train,dataset1
DS1_IMG_001694,train/Necklace/IMG_0407_ec7ab43a_jpg.rf.4fd621307717db0ec61bc215392666cb.jpg,IMG_0407_ec7ab43a,Necklace,2,train,dataset1
DS1_IMG_001695,train/Necklace/IMG_0407_ec7ab43a_jpg.rf.901e7bb202b3626d2b03c55c6d6cb930.jpg,IMG_0407_ec7ab43a,Necklace,2,train,dataset1
DS1_IMG_001696,train/Necklace/IMG_0407_ec7ab43a_jpg.rf.bc9b2d4cd6eddcfe9facaf947df02ed4.jpg,IMG_0407_ec7ab43a,Necklace,2,train,dataset1
DS1_IMG_001697,train/Necklace/IMG_0408-1-_17232ae9_jpg.rf.17f19b2a4778046382cb92cb47b9cce9.jpg,IMG_0408-1-_17232ae9,Necklace,2,train,dataset1
DS1_IMG_001698,train/Necklace/IMG_0408-1-_17232ae9_jpg.rf.63cecf5ba7cb778889d1345c1138eff9.jpg,IMG_0408-1-_17232ae9,Necklace,2,train,dataset1
DS1_IMG_001699,train/Necklace/IMG_0408-1-_17232ae9_jpg.rf.e42072686fb0e02033b43ebad67c0e0e.jpg,IMG_0408-1-_17232ae9,Necklace,2,train,dataset1
DS1_IMG_001700,train/Necklace/IMG_0408-1-_d7a3d4a0_JPG.rf.154abad09bd8fa40e15958b1fe2ab4d9.jpg,IMG_0408-1-_d7a3d4a0,Necklace,2,train,dataset1
DS1_IMG_001701,train/Necklace/IMG_0408-1-_d7a3d4a0_JPG.rf.92307c171d98e11939bb732f54cc46fa.jpg,IMG_0408-1-_d7a3d4a0,Necklace,2,train,dataset1
DS1_IMG_001702,train/Necklace/IMG_0408-1-_d7a3d4a0_JPG.rf.a1ba121d489e40882c035b82c7bcc282.jpg,IMG_0408-1-_d7a3d4a0,Necklace,2,train,dataset1
DS1_IMG_001703,train/Necklace/IMG_0409-1-_cdbf4f1e_jpg.rf.41b97ca5f6309dc74bc33a7b53d2f690.jpg,IMG_0409-1-_cdbf4f1e,Necklace,2,train,dataset1
DS1_IMG_001704,train/Necklace/IMG_0409-1-_cdbf4f1e_jpg.rf.6096c9524c4b617e72e373d58c80b071.jpg,IMG_0409-1-_cdbf4f1e,Necklace,2,train,dataset1
DS1_IMG_001705,train/Necklace/IMG_0409-1-_cdbf4f1e_jpg.rf.803d3dc2a8ae60125c806819ffe3ea51.jpg,IMG_0409-1-_cdbf4f1e,Necklace,2,train,dataset1
DS1_IMG_001706,train/Necklace/IMG_0411_1d0115a1_jpg.rf.6e078e59a8767b1975dbe96500ba173c.jpg,IMG_0411_1d0115a1,Necklace,2,train,dataset1
DS1_IMG_001707,train/Necklace/IMG_0411_1d0115a1_jpg.rf.84854cb622e800c29153211fe064588c.jpg,IMG_0411_1d0115a1,Necklace,2,train,dataset1
DS1_IMG_001708,train/Necklace/IMG_0411_1d0115a1_jpg.rf.99a7eb04e53d4c86f0475d31de237a62.jpg,IMG_0411_1d0115a1,Necklace,2,train,dataset1
DS1_IMG_001709,train/Necklace/IMG_0414-1-_9d1a0021_jpg.rf.528e9da59d101fca19bac98d629e3a19.jpg,IMG_0414-1-_9d1a0021,Necklace,2,train,dataset1
DS1_IMG_001710,train/Necklace/IMG_0414-1-_9d1a0021_jpg.rf.b8b15bc9b494809f661a8febbaaad716.jpg,IMG_0414-1-_9d1a0021,Necklace,2,train,dataset1
DS1_IMG_001711,train/Necklace/IMG_0414-1-_9d1a0021_jpg.rf.f541bb84d65954f8ebc4003baff16643.jpg,IMG_0414-1-_9d1a0021,Necklace,2,train,dataset1
DS1_IMG_001712,train/Necklace/IMG_0417-1-_efc3eb92_jpg.rf.0140117f3faeb7c00d9ec72f3d7c6785.jpg,IMG_0417-1-_efc3eb92,Necklace,2,train,dataset1
DS1_IMG_001713,train/Necklace/IMG_0417-1-_efc3eb92_jpg.rf.0a43a2e3419bc8a1d1adbddda0ace43e.jpg,IMG_0417-1-_efc3eb92,Necklace,2,train,dataset1
DS1_IMG_001714,train/Necklace/IMG_0417-1-_efc3eb92_jpg.rf.43a9222e7503694a1fedb49741f5a261.jpg,IMG_0417-1-_efc3eb92,Necklace,2,train,dataset1
DS1_IMG_001715,train/Necklace/IMG_0418-1-_dfa90eef_jpg.rf.0c6f002941c1a78de56285191cccb468.jpg,IMG_0418-1-_dfa90eef,Necklace,2,train,dataset1
DS1_IMG_001716,train/Necklace/IMG_0418-1-_dfa90eef_jpg.rf.31ed0a7ac4aaad8dfc03857e55984908.jpg,IMG_0418-1-_dfa90eef,Necklace,2,train,dataset1
DS1_IMG_001717,train/Necklace/IMG_0418-1-_dfa90eef_jpg.rf.dd65a29cf0de844f8533e07cf416ef24.jpg,IMG_0418-1-_dfa90eef,Necklace,2,train,dataset1
DS1_IMG_001718,train/Necklace/IMG_0419_2058b182_jpg.rf.0690f1616b7b8e23979b470e526b5551.jpg,IMG_0419_2058b182,Necklace,2,train,dataset1
DS1_IMG_001719,train/Necklace/IMG_0419_2058b182_jpg.rf.8dce50a8f8dda8c1d49992ec5d65210c.jpg,IMG_0419_2058b182,Necklace,2,train,dataset1
DS1_IMG_001720,train/Necklace/IMG_0419_2058b182_jpg.rf.9904e968c305f8fafb5720c8f9ac063e.jpg,IMG_0419_2058b182,Necklace,2,train,dataset1
DS1_IMG_001721,train/Necklace/IMG_0421-1-_77c3f84b_jpg.rf.3a45ceb8b67b3e4f99884ecb3de2ed02.jpg,IMG_0421-1-_77c3f84b,Necklace,2,train,dataset1
DS1_IMG_001722,train/Necklace/IMG_0421-1-_77c3f84b_jpg.rf.c2c04a39859ffbe4d038e22820477d51.jpg,IMG_0421-1-_77c3f84b,Necklace,2,train,dataset1
DS1_IMG_001723,train/Necklace/IMG_0421-1-_77c3f84b_jpg.rf.de9d44c5af096b55310f04d0c7586c87.jpg,IMG_0421-1-_77c3f84b,Necklace,2,train,dataset1
DS1_IMG_001724,train/Necklace/IMG_0422_952b81fc_jpg.rf.1d50f905176e3b38c348fd2823467369.jpg,IMG_0422_952b81fc,Necklace,2,train,dataset1
DS1_IMG_001725,train/Necklace/IMG_0422_952b81fc_jpg.rf.2168085f782f7000403add0a4609b10d.jpg,IMG_0422_952b81fc,Necklace,2,train,dataset1
DS1_IMG_001726,train/Necklace/IMG_0422_952b81fc_jpg.rf.d34ae56c09ad94852cd7ae491d5afc48.jpg,IMG_0422_952b81fc,Necklace,2,train,dataset1
DS1_IMG_001727,train/Necklace/IMG_0423-1-_418ca6c7_jpg.rf.05d26e577db52e6d726f3372778471d1.jpg,IMG_0423-1-_418ca6c7,Necklace,2,train,dataset1
DS1_IMG_001728,train/Necklace/IMG_0423-1-_418ca6c7_jpg.rf.1f236d0644e9dd31c282eae264e10cc9.jpg,IMG_0423-1-_418ca6c7,Necklace,2,train,dataset1
DS1_IMG_001729,train/Necklace/IMG_0423-1-_418ca6c7_jpg.rf.3161ab469f7286896cd3146ed9a1a53f.jpg,IMG_0423-1-_418ca6c7,Necklace,2,train,dataset1
DS1_IMG_001730,train/Necklace/IMG_0423-1-_82d5c3d0_JPG.rf.0bde5e895e60cae10ff6b74c503fb95a.jpg,IMG_0423-1-_82d5c3d0,Necklace,2,train,dataset1
DS1_IMG_001731,train/Necklace/IMG_0423-1-_82d5c3d0_JPG.rf.4a9184314ff227a0855cd795b30f9e76.jpg,IMG_0423-1-_82d5c3d0,Necklace,2,train,dataset1
DS1_IMG_001732,train/Necklace/IMG_0423-1-_82d5c3d0_JPG.rf.a1ba4748e84c64efb6634703b279b41e.jpg,IMG_0423-1-_82d5c3d0,Necklace,2,train,dataset1
DS1_IMG_001733,train/Necklace/IMG_0441-1-_97d821c1_JPG.rf.59b3f5f788b71e8a61e123b681d0ab9e.jpg,IMG_0441-1-_97d821c1,Necklace,2,train,dataset1
DS1_IMG_001734,train/Necklace/IMG_0441-1-_97d821c1_JPG.rf.9a4e01a9ec643172f1de12996e83cf33.jpg,IMG_0441-1-_97d821c1,Necklace,2,train,dataset1
DS1_IMG_001735,train/Necklace/IMG_0441-1-_97d821c1_JPG.rf.ef34beccadf2053113959a89073efe80.jpg,IMG_0441-1-_97d821c1,Necklace,2,train,dataset1
DS1_IMG_001736,train/Necklace/IMG_0442_7e7a3b25_jpg.rf.06b1e003d8fcae1413ac7ccf90744d00.jpg,IMG_0442_7e7a3b25,Necklace,2,train,dataset1
DS1_IMG_001737,train/Necklace/IMG_0442_7e7a3b25_jpg.rf.391da5cd3a57c5b43216bcb3d26cc359.jpg,IMG_0442_7e7a3b25,Necklace,2,train,dataset1
DS1_IMG_001738,train/Necklace/IMG_0442_7e7a3b25_jpg.rf.77aecf732a209222c84c49cf35feb533.jpg,IMG_0442_7e7a3b25,Necklace,2,train,dataset1
DS1_IMG_001739,train/Necklace/IMG_0443-1-_c71881f1_JPG.rf.1ba254dd01e0764c77cf496124083936.jpg,IMG_0443-1-_c71881f1,Necklace,2,train,dataset1
DS1_IMG_001740,train/Necklace/IMG_0443-1-_c71881f1_JPG.rf.6c5d0a5e7c9bec48d420550c0df1f476.jpg,IMG_0443-1-_c71881f1,Necklace,2,train,dataset1
DS1_IMG_001741,train/Necklace/IMG_0443-1-_c71881f1_JPG.rf.90acf46b2a63a433935de3a41daa6473.jpg,IMG_0443-1-_c71881f1,Necklace,2,train,dataset1
DS1_IMG_001742,train/Necklace/IMG_0443_f63037a4_jpg.rf.45d17f09701d9f5e5921fbc5ea9aaede.jpg,IMG_0443_f63037a4,Necklace,2,train,dataset1
DS1_IMG_001743,train/Necklace/IMG_0443_f63037a4_jpg.rf.676863caaf1d5696f9075fd7532c304a.jpg,IMG_0443_f63037a4,Necklace,2,train,dataset1
DS1_IMG_001744,train/Necklace/IMG_0443_f63037a4_jpg.rf.a99d869040cd5a279d902cd8ec56d7d7.jpg,IMG_0443_f63037a4,Necklace,2,train,dataset1
DS1_IMG_001745,train/Necklace/IMG_0445-1-_af8d2be9_JPG.rf.283a0c7fb7ed968c814236db875ca2e3.jpg,IMG_0445-1-_af8d2be9,Necklace,2,train,dataset1
DS1_IMG_001746,train/Necklace/IMG_0445-1-_af8d2be9_JPG.rf.9a012adb178c6fe1cc9ead6959e696f5.jpg,IMG_0445-1-_af8d2be9,Necklace,2,train,dataset1
DS1_IMG_001747,train/Necklace/IMG_0445-1-_af8d2be9_JPG.rf.d7d40fd8342f3a3aa2114e73aae20eb8.jpg,IMG_0445-1-_af8d2be9,Necklace,2,train,dataset1
DS1_IMG_001748,train/Necklace/IMG_0445-1-_b8f8397e_jpg.rf.1415007c6bd8d0f9de39a7aa76592141.jpg,IMG_0445-1-_b8f8397e,Necklace,2,train,dataset1
DS1_IMG_001749,train/Necklace/IMG_0445-1-_b8f8397e_jpg.rf.730458d84211890aca348a323a121177.jpg,IMG_0445-1-_b8f8397e,Necklace,2,train,dataset1
DS1_IMG_001750,train/Necklace/IMG_0445-1-_b8f8397e_jpg.rf.ddda92248fdf692a19f2199d1df3582b.jpg,IMG_0445-1-_b8f8397e,Necklace,2,train,dataset1
DS1_IMG_001751,train/Necklace/IMG_0446-1-_49de66a8_JPG.rf.151ab0919c3414d91bd8b0deeaba55db.jpg,IMG_0446-1-_49de66a8,Necklace,2,train,dataset1
DS1_IMG_001752,train/Necklace/IMG_0446-1-_49de66a8_JPG.rf.f63b1626f223d9b8b301ac6bcc40ccb4.jpg,IMG_0446-1-_49de66a8,Necklace,2,train,dataset1
DS1_IMG_001753,train/Necklace/IMG_0446-1-_49de66a8_JPG.rf.f732b901dafaac0475eb226ae5ebe92b.jpg,IMG_0446-1-_49de66a8,Necklace,2,train,dataset1
DS1_IMG_001754,train/Necklace/IMG_0446_a6870ce8_jpg.rf.17ea35c9da46df80ce8063806e2a7fbd.jpg,IMG_0446_a6870ce8,Necklace,2,train,dataset1
DS1_IMG_001755,train/Necklace/IMG_0446_a6870ce8_jpg.rf.5ec15d8d1a97ea3d0b693e1bf527d5b5.jpg,IMG_0446_a6870ce8,Necklace,2,train,dataset1
DS1_IMG_001756,train/Necklace/IMG_0446_a6870ce8_jpg.rf.89a55a13ec5c42e9e3e2d7f498f615f3.jpg,IMG_0446_a6870ce8,Necklace,2,train,dataset1
DS1_IMG_001757,train/Necklace/IMG_0447_50c25d6a_jpg.rf.2a142e5518a035672e74d962a792ec2b.jpg,IMG_0447_50c25d6a,Necklace,2,train,dataset1
DS1_IMG_001758,train/Necklace/IMG_0447_50c25d6a_jpg.rf.34d394463341303d5fbf586543e395a3.jpg,IMG_0447_50c25d6a,Necklace,2,train,dataset1
DS1_IMG_001759,train/Necklace/IMG_0447_50c25d6a_jpg.rf.c4bb0c413607c73f8162eb2114aec8fc.jpg,IMG_0447_50c25d6a,Necklace,2,train,dataset1
DS1_IMG_001760,train/Necklace/IMG_0449-1-_8a2f3c81_jpg.rf.3515696d21724f0d26583f196b090a00.jpg,IMG_0449-1-_8a2f3c81,Necklace,2,train,dataset1
DS1_IMG_001761,train/Necklace/IMG_0449-1-_8a2f3c81_jpg.rf.e155555099c1d26d9936ef37dd08fc6d.jpg,IMG_0449-1-_8a2f3c81,Necklace,2,train,dataset1
DS1_IMG_001762,train/Necklace/IMG_0449-1-_8a2f3c81_jpg.rf.fbd07ab6f8b0ab1e2523a86a79e8e26e.jpg,IMG_0449-1-_8a2f3c81,Necklace,2,train,dataset1
DS1_IMG_001763,train/Necklace/IMG_0450-1-_c85c1b81_JPG.rf.5c22d8e95eb2b2690e6cfb8587075877.jpg,IMG_0450-1-_c85c1b81,Necklace,2,train,dataset1
DS1_IMG_001764,train/Necklace/IMG_0450-1-_c85c1b81_JPG.rf.816dc89797353d00d1a445e7cfc5a1cd.jpg,IMG_0450-1-_c85c1b81,Necklace,2,train,dataset1
DS1_IMG_001765,train/Necklace/IMG_0450-1-_c85c1b81_JPG.rf.f3205bbc09d1041a966cca82139c3695.jpg,IMG_0450-1-_c85c1b81,Necklace,2,train,dataset1
DS1_IMG_001766,train/Necklace/IMG_0451-1-_5b0f9da9_JPG.rf.45bba6d726a7da4b231a3415cabb279c.jpg,IMG_0451-1-_5b0f9da9,Necklace,2,train,dataset1
DS1_IMG_001767,train/Necklace/IMG_0451-1-_5b0f9da9_JPG.rf.6643c2e2c016ddf8ca0376b1c3b0ce54.jpg,IMG_0451-1-_5b0f9da9,Necklace,2,train,dataset1
DS1_IMG_001768,train/Necklace/IMG_0451-1-_5b0f9da9_JPG.rf.ec7c3b1fa6635ad95370f4d466578340.jpg,IMG_0451-1-_5b0f9da9,Necklace,2,train,dataset1
DS1_IMG_001769,train/Necklace/IMG_0456_143d0eba_JPG.rf.25bba2cf6f29a94fdbc91696ade37008.jpg,IMG_0456_143d0eba,Necklace,2,train,dataset1
DS1_IMG_001770,train/Necklace/IMG_0456_143d0eba_JPG.rf.2eeaa16355b71be03180e4418ee392fe.jpg,IMG_0456_143d0eba,Necklace,2,train,dataset1
DS1_IMG_001771,train/Necklace/IMG_0456_143d0eba_JPG.rf.d6b2b6d916adade911614d72cd4f7990.jpg,IMG_0456_143d0eba,Necklace,2,train,dataset1
DS1_IMG_001772,train/Necklace/IMG_0469_a45c8b59_jpg.rf.130c7f12fc764e4af4d8e4d3cb6a0bf6.jpg,IMG_0469_a45c8b59,Necklace,2,train,dataset1
DS1_IMG_001773,train/Necklace/IMG_0469_a45c8b59_jpg.rf.13bbb6441cc4dad529f90fc8a7ce4171.jpg,IMG_0469_a45c8b59,Necklace,2,train,dataset1
DS1_IMG_001774,train/Necklace/IMG_0469_a45c8b59_jpg.rf.3898f4d003a8b45f9af38dc6b24da5b0.jpg,IMG_0469_a45c8b59,Necklace,2,train,dataset1
DS1_IMG_001775,train/Necklace/IMG_0470_ff45ff87_jpg.rf.624e5c73175b9d1f2223a098c810ee95.jpg,IMG_0470_ff45ff87,Necklace,2,train,dataset1
DS1_IMG_001776,train/Necklace/IMG_0470_ff45ff87_jpg.rf.70f0d1a5b76b3f9bc140f3b5907e5063.jpg,IMG_0470_ff45ff87,Necklace,2,train,dataset1
DS1_IMG_001777,train/Necklace/IMG_0470_ff45ff87_jpg.rf.76ac517086ff9455913efc209c3ad0e8.jpg,IMG_0470_ff45ff87,Necklace,2,train,dataset1
DS1_IMG_001778,train/Necklace/IMG_0471-1-_8fce9a01_JPG.rf.55b4ff0d19d8272705a830aaed01089a.jpg,IMG_0471-1-_8fce9a01,Necklace,2,train,dataset1
DS1_IMG_001779,train/Necklace/IMG_0471-1-_8fce9a01_JPG.rf.917cd081081b8d96d44f81665ff45bab.jpg,IMG_0471-1-_8fce9a01,Necklace,2,train,dataset1
DS1_IMG_001780,train/Necklace/IMG_0471-1-_8fce9a01_JPG.rf.f3c2bd5dec95c72b168cbb771b5a3cc0.jpg,IMG_0471-1-_8fce9a01,Necklace,2,train,dataset1
DS1_IMG_001781,train/Necklace/IMG_0472_b36c4cb6_jpg.rf.9a520d67e4c04f4c2dfd9d9038c5b0fd.jpg,IMG_0472_b36c4cb6,Necklace,2,train,dataset1
DS1_IMG_001782,train/Necklace/IMG_0472_b36c4cb6_jpg.rf.b4dee10fd70f8f80c490523a88568752.jpg,IMG_0472_b36c4cb6,Necklace,2,train,dataset1
DS1_IMG_001783,train/Necklace/IMG_0472_b36c4cb6_jpg.rf.d10532148075e2ec84fe7be1496b40ef.jpg,IMG_0472_b36c4cb6,Necklace,2,train,dataset1
DS1_IMG_001784,train/Necklace/IMG_0473_8e642e35_jpg.rf.3d4d146b4f188535705cde88fcff9474.jpg,IMG_0473_8e642e35,Necklace,2,train,dataset1
DS1_IMG_001785,train/Necklace/IMG_0473_8e642e35_jpg.rf.3d8f1dbf939f2eff3c0e3bbe18759d5d.jpg,IMG_0473_8e642e35,Necklace,2,train,dataset1
DS1_IMG_001786,train/Necklace/IMG_0473_8e642e35_jpg.rf.4b12b0fb2bd7ba4bed35d05947fbb0b3.jpg,IMG_0473_8e642e35,Necklace,2,train,dataset1
DS1_IMG_001787,train/Necklace/IMG_0476-1-_7c255155_JPG.rf.0ac59abfbc1a2442a044182cd49ccdb2.jpg,IMG_0476-1-_7c255155,Necklace,2,train,dataset1
DS1_IMG_001788,train/Necklace/IMG_0476-1-_7c255155_JPG.rf.ab542dcd4ac74317e07bb1e18695dce6.jpg,IMG_0476-1-_7c255155,Necklace,2,train,dataset1
DS1_IMG_001789,train/Necklace/IMG_0476-1-_7c255155_JPG.rf.ff94ead2a724c9012e97b6aff3f48b28.jpg,IMG_0476-1-_7c255155,Necklace,2,train,dataset1
DS1_IMG_001790,train/Necklace/IMG_0489-1-_27e95fd4_JPG.rf.cb8b9d758612d96b72abd8ec2473d4e2.jpg,IMG_0489-1-_27e95fd4,Necklace,2,train,dataset1
DS1_IMG_001791,train/Necklace/IMG_0489-1-_27e95fd4_JPG.rf.e19013eaf05801542fd02b0ca53f95e4.jpg,IMG_0489-1-_27e95fd4,Necklace,2,train,dataset1
DS1_IMG_001792,train/Necklace/IMG_0489-1-_27e95fd4_JPG.rf.f8a96563b880d620301cb413694eb1ba.jpg,IMG_0489-1-_27e95fd4,Necklace,2,train,dataset1
DS1_IMG_001793,train/Necklace/IMG_0494_f515e86e_jpg.rf.557285c31fccaa770c1615146155f045.jpg,IMG_0494_f515e86e,Necklace,2,train,dataset1
DS1_IMG_001794,train/Necklace/IMG_0494_f515e86e_jpg.rf.8035876252edfdac4148c619fc8863da.jpg,IMG_0494_f515e86e,Necklace,2,train,dataset1
DS1_IMG_001795,train/Necklace/IMG_0494_f515e86e_jpg.rf.c001c4e54ea4460a9cb2173e983d5ced.jpg,IMG_0494_f515e86e,Necklace,2,train,dataset1
DS1_IMG_001796,train/Necklace/IMG_0496_22d9fcf1_jpg.rf.2d6c64c62d2416f284cf7f94d5351d05.jpg,IMG_0496_22d9fcf1,Necklace,2,train,dataset1
DS1_IMG_001797,train/Necklace/IMG_0496_22d9fcf1_jpg.rf.9e90e54d167cc68c4a29515481efd62b.jpg,IMG_0496_22d9fcf1,Necklace,2,train,dataset1
DS1_IMG_001798,train/Necklace/IMG_0496_22d9fcf1_jpg.rf.e0fb9c6a639e9391ce3a5c474b9619a6.jpg,IMG_0496_22d9fcf1,Necklace,2,train,dataset1
DS1_IMG_001799,train/Necklace/IMG_0497-1-_8fdd236c_JPG.rf.46f9468548d78105918d89d81ebad1c5.jpg,IMG_0497-1-_8fdd236c,Necklace,2,train,dataset1
DS1_IMG_001800,train/Necklace/IMG_0497-1-_8fdd236c_JPG.rf.8e02e8fe06d361c5c4bd2dfa493d11ee.jpg,IMG_0497-1-_8fdd236c,Necklace,2,train,dataset1
DS1_IMG_001801,train/Necklace/IMG_0497-1-_8fdd236c_JPG.rf.e4a1013a29dbf3ca2f3c3b85ee82aec6.jpg,IMG_0497-1-_8fdd236c,Necklace,2,train,dataset1
DS1_IMG_001802,train/Necklace/IMG_0497-1-_991979e3_jpg.rf.8a58b665e70a53f8c54ab56650456bc2.jpg,IMG_0497-1-_991979e3,Necklace,2,train,dataset1
DS1_IMG_001803,train/Necklace/IMG_0497-1-_991979e3_jpg.rf.9c3e791d97e7890255fbe655080dcaa1.jpg,IMG_0497-1-_991979e3,Necklace,2,train,dataset1
DS1_IMG_001804,train/Necklace/IMG_0497-1-_991979e3_jpg.rf.d392faf3916a79edf19dc6a78c5612f2.jpg,IMG_0497-1-_991979e3,Necklace,2,train,dataset1
DS1_IMG_001805,train/Necklace/IMG_0506-1-_d1bc4b55_jpg.rf.273243d5797dc15acf3a325c0b3817e8.jpg,IMG_0506-1-_d1bc4b55,Necklace,2,train,dataset1
DS1_IMG_001806,train/Necklace/IMG_0506-1-_d1bc4b55_jpg.rf.a6c93fdc1e7acb6365ab88c521511ea0.jpg,IMG_0506-1-_d1bc4b55,Necklace,2,train,dataset1
DS1_IMG_001807,train/Necklace/IMG_0506-1-_d1bc4b55_jpg.rf.ad03909887bc755f869a60b418310ba7.jpg,IMG_0506-1-_d1bc4b55,Necklace,2,train,dataset1
DS1_IMG_001808,train/Necklace/IMG_0507-1-_6ff3dd37_jpg.rf.9a778a85c1d9842baad83e9eb588af84.jpg,IMG_0507-1-_6ff3dd37,Necklace,2,train,dataset1
DS1_IMG_001809,train/Necklace/IMG_0507-1-_6ff3dd37_jpg.rf.9e2e99d78a2afa77aa94c98bd0bb7838.jpg,IMG_0507-1-_6ff3dd37,Necklace,2,train,dataset1
DS1_IMG_001810,train/Necklace/IMG_0507-1-_6ff3dd37_jpg.rf.9fa1b9b4098ce33a99967c66761167b5.jpg,IMG_0507-1-_6ff3dd37,Necklace,2,train,dataset1
DS1_IMG_001811,train/Necklace/IMG_0509_ce16adf3_jpg.rf.4031637a92a093e1da3363221682e7ef.jpg,IMG_0509_ce16adf3,Necklace,2,train,dataset1
DS1_IMG_001812,train/Necklace/IMG_0509_ce16adf3_jpg.rf.4b521da1495aa76268e3faf9d6b619b3.jpg,IMG_0509_ce16adf3,Necklace,2,train,dataset1
DS1_IMG_001813,train/Necklace/IMG_0509_ce16adf3_jpg.rf.e9f00dd327fe6f3e32857eb6ce05494d.jpg,IMG_0509_ce16adf3,Necklace,2,train,dataset1
DS1_IMG_001814,train/Necklace/IMG_0510-1-_a522d11d_JPG.rf.0fac5df178f7ea32a1deb18976a19ffa.jpg,IMG_0510-1-_a522d11d,Necklace,2,train,dataset1
DS1_IMG_001815,train/Necklace/IMG_0510-1-_a522d11d_JPG.rf.658369caf871d4dae1e2a6b9134d25a0.jpg,IMG_0510-1-_a522d11d,Necklace,2,train,dataset1
DS1_IMG_001816,train/Necklace/IMG_0510-1-_a522d11d_JPG.rf.6fc9bd56ce637d9bd40637b10777d2e2.jpg,IMG_0510-1-_a522d11d,Necklace,2,train,dataset1
DS1_IMG_001817,train/Necklace/IMG_0511-1-_7102e7de_jpg.rf.ae939c25b0a54ffa1f1f3d3878f6f135.jpg,IMG_0511-1-_7102e7de,Necklace,2,train,dataset1
DS1_IMG_001818,train/Necklace/IMG_0511-1-_7102e7de_jpg.rf.b5060d478d89200f65e4f87347ae8df3.jpg,IMG_0511-1-_7102e7de,Necklace,2,train,dataset1
DS1_IMG_001819,train/Necklace/IMG_0511-1-_7102e7de_jpg.rf.e844b5e1d034e81531e8cdda7b7253ed.jpg,IMG_0511-1-_7102e7de,Necklace,2,train,dataset1
DS1_IMG_001820,train/Necklace/IMG_0512_0c5aaaee_jpg.rf.3068aa757ceafe7cfbbde9fd03c43fc3.jpg,IMG_0512_0c5aaaee,Necklace,2,train,dataset1
DS1_IMG_001821,train/Necklace/IMG_0512_0c5aaaee_jpg.rf.4c0874078d93243602972c9970ad32af.jpg,IMG_0512_0c5aaaee,Necklace,2,train,dataset1
DS1_IMG_001822,train/Necklace/IMG_0512_0c5aaaee_jpg.rf.7d182e798b93b4d0b95003e05a89b580.jpg,IMG_0512_0c5aaaee,Necklace,2,train,dataset1
DS1_IMG_001823,train/Necklace/IMG_0513_6e66a86e_jpg.rf.1d62ceda29ad15ecb7258e3ad3d1c1a8.jpg,IMG_0513_6e66a86e,Necklace,2,train,dataset1
DS1_IMG_001824,train/Necklace/IMG_0513_6e66a86e_jpg.rf.4c62673d1bf9935afd0968da7fcdbae4.jpg,IMG_0513_6e66a86e,Necklace,2,train,dataset1
DS1_IMG_001825,train/Necklace/IMG_0513_6e66a86e_jpg.rf.a2e6188e1658e5185f03ec499c78bba0.jpg,IMG_0513_6e66a86e,Necklace,2,train,dataset1
DS1_IMG_001826,train/Necklace/IMG_0514_4b186d77_jpg.rf.8f08cd4e1be9fe4ced1f748884e479fd.jpg,IMG_0514_4b186d77,Necklace,2,train,dataset1
DS1_IMG_001827,train/Necklace/IMG_0514_4b186d77_jpg.rf.9febed58e74703d856d3d57af8229f8a.jpg,IMG_0514_4b186d77,Necklace,2,train,dataset1
DS1_IMG_001828,train/Necklace/IMG_0514_4b186d77_jpg.rf.f8b2897591317de2a59498a46e55defc.jpg,IMG_0514_4b186d77,Necklace,2,train,dataset1
DS1_IMG_001829,train/Necklace/IMG_0517-1-_0f0f3a97_JPG.rf.047c8a0be1ca3c36dfab6456b88ad0d6.jpg,IMG_0517-1-_0f0f3a97,Necklace,2,train,dataset1
DS1_IMG_001830,train/Necklace/IMG_0517-1-_0f0f3a97_JPG.rf.b889740f3e239c1de922ecc0d6cadfaf.jpg,IMG_0517-1-_0f0f3a97,Necklace,2,train,dataset1
DS1_IMG_001831,train/Necklace/IMG_0517-1-_0f0f3a97_JPG.rf.df0680f4b9a4b20bbaec4a753d8ed4da.jpg,IMG_0517-1-_0f0f3a97,Necklace,2,train,dataset1
DS1_IMG_001832,train/Necklace/IMG_0517-1-_b36d44c9_jpg.rf.32f2cf765bb40d5ed2222dc2b8404fc5.jpg,IMG_0517-1-_b36d44c9,Necklace,2,train,dataset1
DS1_IMG_001833,train/Necklace/IMG_0517-1-_b36d44c9_jpg.rf.93b19b042e25b68ae19b5972bda07bc5.jpg,IMG_0517-1-_b36d44c9,Necklace,2,train,dataset1
DS1_IMG_001834,train/Necklace/IMG_0517-1-_b36d44c9_jpg.rf.e0aaf9275f038d495482503d18bdef5e.jpg,IMG_0517-1-_b36d44c9,Necklace,2,train,dataset1
DS1_IMG_001835,train/Necklace/IMG_0518-1-_ae28c627_jpg.rf.093f818be7a8113689807279472baa25.jpg,IMG_0518-1-_ae28c627,Necklace,2,train,dataset1
DS1_IMG_001836,train/Necklace/IMG_0518-1-_ae28c627_jpg.rf.62d7420bab2947875e8e7f5021cd3088.jpg,IMG_0518-1-_ae28c627,Necklace,2,train,dataset1
DS1_IMG_001837,train/Necklace/IMG_0518-1-_ae28c627_jpg.rf.fceb6f9b4206932e5bf0177b47e34e0b.jpg,IMG_0518-1-_ae28c627,Necklace,2,train,dataset1
DS1_IMG_001838,train/Necklace/IMG_0519-1-_c5e59472_jpg.rf.1537e98c95d02e95577480c713cf1cc9.jpg,IMG_0519-1-_c5e59472,Necklace,2,train,dataset1
DS1_IMG_001839,train/Necklace/IMG_0519-1-_c5e59472_jpg.rf.46c85fedb1ddcaed6e6e7062174cbdc9.jpg,IMG_0519-1-_c5e59472,Necklace,2,train,dataset1
DS1_IMG_001840,train/Necklace/IMG_0519-1-_c5e59472_jpg.rf.59c26272333ca03f6a44189aa5f68fb2.jpg,IMG_0519-1-_c5e59472,Necklace,2,train,dataset1
DS1_IMG_001841,train/Necklace/IMG_0520_2e644d1c_jpg.rf.4aebff529216f0e99d3d9891bb13cdce.jpg,IMG_0520_2e644d1c,Necklace,2,train,dataset1
DS1_IMG_001842,train/Necklace/IMG_0520_2e644d1c_jpg.rf.4ea7865100b2fdf61d675283224f9b07.jpg,IMG_0520_2e644d1c,Necklace,2,train,dataset1
DS1_IMG_001843,train/Necklace/IMG_0520_2e644d1c_jpg.rf.c20a13a8fe13c93b0f69c81ff8aca759.jpg,IMG_0520_2e644d1c,Necklace,2,train,dataset1
DS1_IMG_001844,train/Necklace/IMG_0521_281c4ff3_jpg.rf.953011eb4e846fafb34030570b18694c.jpg,IMG_0521_281c4ff3,Necklace,2,train,dataset1
DS1_IMG_001845,train/Necklace/IMG_0521_281c4ff3_jpg.rf.b4311d575552ab885418ffee574cabf9.jpg,IMG_0521_281c4ff3,Necklace,2,train,dataset1
DS1_IMG_001846,train/Necklace/IMG_0521_281c4ff3_jpg.rf.fa1d6d1f7f99ca630c5d52c940281ce7.jpg,IMG_0521_281c4ff3,Necklace,2,train,dataset1
DS1_IMG_001847,train/Necklace/IMG_0522-1-_9ec6abe2_JPG.rf.0f1db523f4a439fa5d46d1430a93cff4.jpg,IMG_0522-1-_9ec6abe2,Necklace,2,train,dataset1
DS1_IMG_001848,train/Necklace/IMG_0522-1-_9ec6abe2_JPG.rf.25b2190a812a1337e5b2006f258a2a4d.jpg,IMG_0522-1-_9ec6abe2,Necklace,2,train,dataset1
DS1_IMG_001849,train/Necklace/IMG_0522-1-_9ec6abe2_JPG.rf.35ebf6ac6732365a0ae5032370d0c270.jpg,IMG_0522-1-_9ec6abe2,Necklace,2,train,dataset1
DS1_IMG_001850,train/Necklace/IMG_0522-1-_a5859c09_jpg.rf.8589fcb80d1f008ecad4eab98734f8c2.jpg,IMG_0522-1-_a5859c09,Necklace,2,train,dataset1
DS1_IMG_001851,train/Necklace/IMG_0522-1-_a5859c09_jpg.rf.af7d7f664fb4bbee2214c4ebc216f8bf.jpg,IMG_0522-1-_a5859c09,Necklace,2,train,dataset1
DS1_IMG_001852,train/Necklace/IMG_0522-1-_a5859c09_jpg.rf.cae91a12c192e3e7eb4ea9fb81765ddb.jpg,IMG_0522-1-_a5859c09,Necklace,2,train,dataset1
DS1_IMG_001853,train/Necklace/IMG_0523-1-_04e38f89_JPG.rf.3a6e9230524bca53f127aec8614b2fa1.jpg,IMG_0523-1-_04e38f89,Necklace,2,train,dataset1
DS1_IMG_001854,train/Necklace/IMG_0523-1-_04e38f89_JPG.rf.832086ccbacfb1b25a0381c0123581fc.jpg,IMG_0523-1-_04e38f89,Necklace,2,train,dataset1
DS1_IMG_001855,train/Necklace/IMG_0523-1-_04e38f89_JPG.rf.c6fee3ec006e18018fefd2f3647fbb67.jpg,IMG_0523-1-_04e38f89,Necklace,2,train,dataset1
DS1_IMG_001856,train/Necklace/IMG_0525_5424396e_jpg.rf.122ac0a91a489b6ea542c318982feced.jpg,IMG_0525_5424396e,Necklace,2,train,dataset1
DS1_IMG_001857,train/Necklace/IMG_0525_5424396e_jpg.rf.4c9a3cd3ac5a7ce6843c49078bb1b520.jpg,IMG_0525_5424396e,Necklace,2,train,dataset1
DS1_IMG_001858,train/Necklace/IMG_0525_5424396e_jpg.rf.bb6678d9f8e631d64e7ee14cb8f9de0e.jpg,IMG_0525_5424396e,Necklace,2,train,dataset1
DS1_IMG_001859,train/Necklace/IMG_0526-1-_9b0c913e_jpg.rf.685c7342fbb8bc44c1dba02c24b7ca57.jpg,IMG_0526-1-_9b0c913e,Necklace,2,train,dataset1
DS1_IMG_001860,train/Necklace/IMG_0526-1-_9b0c913e_jpg.rf.9f87b28e63c33a89191a2684d303660f.jpg,IMG_0526-1-_9b0c913e,Necklace,2,train,dataset1
DS1_IMG_001861,train/Necklace/IMG_0526-1-_9b0c913e_jpg.rf.b897c0226436a4c92b9538cf52fb8bda.jpg,IMG_0526-1-_9b0c913e,Necklace,2,train,dataset1
DS1_IMG_001862,train/Necklace/IMG_0528-1-_08d6a9f7_JPG.rf.5b7d732642d02a34fc49e41747e5af66.jpg,IMG_0528-1-_08d6a9f7,Necklace,2,train,dataset1
DS1_IMG_001863,train/Necklace/IMG_0528-1-_08d6a9f7_JPG.rf.a3883a42cabb7fe2bb537c3f66aec6b5.jpg,IMG_0528-1-_08d6a9f7,Necklace,2,train,dataset1
DS1_IMG_001864,train/Necklace/IMG_0528-1-_08d6a9f7_JPG.rf.b06036f2c28bd842bf3d75fd105d9d1d.jpg,IMG_0528-1-_08d6a9f7,Necklace,2,train,dataset1
DS1_IMG_001865,train/Necklace/IMG_0529_c0e7d577_jpg.rf.aeccc7cfc16802f51b14df4eb3a3ffc3.jpg,IMG_0529_c0e7d577,Necklace,2,train,dataset1
DS1_IMG_001866,train/Necklace/IMG_0529_c0e7d577_jpg.rf.d2f362bac1e06a1e5aaccd208fee674b.jpg,IMG_0529_c0e7d577,Necklace,2,train,dataset1
DS1_IMG_001867,train/Necklace/IMG_0529_c0e7d577_jpg.rf.fb7a40c4b8ada606a2e7cacd3e7c29a7.jpg,IMG_0529_c0e7d577,Necklace,2,train,dataset1
DS1_IMG_001868,train/Necklace/IMG_0531_416555c6_jpg.rf.240f586e1ad98098edcb8b9422584c06.jpg,IMG_0531_416555c6,Necklace,2,train,dataset1
DS1_IMG_001869,train/Necklace/IMG_0531_416555c6_jpg.rf.4329f37c8fb24e5dde30d7a066ed1fdb.jpg,IMG_0531_416555c6,Necklace,2,train,dataset1
DS1_IMG_001870,train/Necklace/IMG_0531_416555c6_jpg.rf.e75f47bf977004a4988848fb797abb5c.jpg,IMG_0531_416555c6,Necklace,2,train,dataset1
DS1_IMG_001871,train/Necklace/IMG_0533_dd520d54_jpg.rf.0382492a961b5f171521db10539b43d0.jpg,IMG_0533_dd520d54,Necklace,2,train,dataset1
DS1_IMG_001872,train/Necklace/IMG_0533_dd520d54_jpg.rf.1219cb9d6d4eb5b3bd76df8bbdacd44a.jpg,IMG_0533_dd520d54,Necklace,2,train,dataset1
DS1_IMG_001873,train/Necklace/IMG_0533_dd520d54_jpg.rf.b96b9ac357e7e444de6cb73f0e9391e7.jpg,IMG_0533_dd520d54,Necklace,2,train,dataset1
DS1_IMG_001874,train/Necklace/IMG_0534-1-_2468e128_JPG.rf.1c96db2679f2c0b6437da056b0b25cae.jpg,IMG_0534-1-_2468e128,Necklace,2,train,dataset1
DS1_IMG_001875,train/Necklace/IMG_0534-1-_2468e128_JPG.rf.826dfa4a25d8e0376cabcbefc31453ad.jpg,IMG_0534-1-_2468e128,Necklace,2,train,dataset1
DS1_IMG_001876,train/Necklace/IMG_0534-1-_2468e128_JPG.rf.85dbabd72c2e18e8ac5203b6f702ca91.jpg,IMG_0534-1-_2468e128,Necklace,2,train,dataset1
DS1_IMG_001877,train/Necklace/IMG_0535_a92bf730_jpg.rf.0f21f4508b00b10ef494b37e99e93e65.jpg,IMG_0535_a92bf730,Necklace,2,train,dataset1
DS1_IMG_001878,train/Necklace/IMG_0535_a92bf730_jpg.rf.2fe98eac2f9a5a06122be1e2f2410665.jpg,IMG_0535_a92bf730,Necklace,2,train,dataset1
DS1_IMG_001879,train/Necklace/IMG_0535_a92bf730_jpg.rf.705045bf356d2d8a64127b78d27c1845.jpg,IMG_0535_a92bf730,Necklace,2,train,dataset1
DS1_IMG_001880,train/Necklace/IMG_0536_1d38da7a_jpg.rf.37cb657c378a5501a5dc926abb2cd63d.jpg,IMG_0536_1d38da7a,Necklace,2,train,dataset1
DS1_IMG_001881,train/Necklace/IMG_0536_1d38da7a_jpg.rf.b7d015cf92e14409b84439e21afbfd30.jpg,IMG_0536_1d38da7a,Necklace,2,train,dataset1
DS1_IMG_001882,train/Necklace/IMG_0536_1d38da7a_jpg.rf.e9aeb7240513c8aff13bc4e65c7993c1.jpg,IMG_0536_1d38da7a,Necklace,2,train,dataset1
DS1_IMG_001883,train/Necklace/IMG_0537-1-_6492be50_JPG.rf.0427279c4d516cdad612ee3c82236e9a.jpg,IMG_0537-1-_6492be50,Necklace,2,train,dataset1
DS1_IMG_001884,train/Necklace/IMG_0537-1-_6492be50_JPG.rf.8bc556b2ee4c0b69a7442f93219118f0.jpg,IMG_0537-1-_6492be50,Necklace,2,train,dataset1
DS1_IMG_001885,train/Necklace/IMG_0537-1-_6492be50_JPG.rf.d64a36ec30682fe392ab8774f410efe5.jpg,IMG_0537-1-_6492be50,Necklace,2,train,dataset1
DS1_IMG_001886,train/Necklace/IMG_0538_ac61ff4e_jpg.rf.4de837d260cd90a7bac7b414fb0d1e29.jpg,IMG_0538_ac61ff4e,Necklace,2,train,dataset1
DS1_IMG_001887,train/Necklace/IMG_0538_ac61ff4e_jpg.rf.5815442c384598aaf050218be2235833.jpg,IMG_0538_ac61ff4e,Necklace,2,train,dataset1
DS1_IMG_001888,train/Necklace/IMG_0538_ac61ff4e_jpg.rf.82c5be981b69b3d5bd7be7aad7c2f267.jpg,IMG_0538_ac61ff4e,Necklace,2,train,dataset1
DS1_IMG_001889,train/Necklace/IMG_0540_319674ee_jpg.rf.195ed475997ec62b2e251f7886efa4fb.jpg,IMG_0540_319674ee,Necklace,2,train,dataset1
DS1_IMG_001890,train/Necklace/IMG_0540_319674ee_jpg.rf.2f600aef6b0da6c25e0469e8d09cb157.jpg,IMG_0540_319674ee,Necklace,2,train,dataset1
DS1_IMG_001891,train/Necklace/IMG_0540_319674ee_jpg.rf.3992fdad8921d4ebe7c0ac5a79287c30.jpg,IMG_0540_319674ee,Necklace,2,train,dataset1
DS1_IMG_001892,train/Necklace/IMG_0541_ffaa9648_jpg.rf.a74f974c7b0038f76a80a238b9f30f3b.jpg,IMG_0541_ffaa9648,Necklace,2,train,dataset1
DS1_IMG_001893,train/Necklace/IMG_0541_ffaa9648_jpg.rf.c20dd062d142bc42a1ba01f84bc8074b.jpg,IMG_0541_ffaa9648,Necklace,2,train,dataset1
DS1_IMG_001894,train/Necklace/IMG_0541_ffaa9648_jpg.rf.e40530f95a2c432cf3139570adf91082.jpg,IMG_0541_ffaa9648,Necklace,2,train,dataset1
DS1_IMG_001895,train/Necklace/IMG_0545_a839ce5b_jpg.rf.174daa3591a990dd282136371b2083eb.jpg,IMG_0545_a839ce5b,Necklace,2,train,dataset1
DS1_IMG_001896,train/Necklace/IMG_0545_a839ce5b_jpg.rf.a902913a697af2f273605fe6927a9611.jpg,IMG_0545_a839ce5b,Necklace,2,train,dataset1
DS1_IMG_001897,train/Necklace/IMG_0545_a839ce5b_jpg.rf.d22fc5194b029f7ef711d0077a1e4467.jpg,IMG_0545_a839ce5b,Necklace,2,train,dataset1
DS1_IMG_001898,train/Necklace/IMG_0546_4a5339a8_jpg.rf.4c8402b79a89907b0ada2546a20b6076.jpg,IMG_0546_4a5339a8,Necklace,2,train,dataset1
DS1_IMG_001899,train/Necklace/IMG_0546_4a5339a8_jpg.rf.9cbe502b58d2fbe3d56395320c865cc4.jpg,IMG_0546_4a5339a8,Necklace,2,train,dataset1
DS1_IMG_001900,train/Necklace/IMG_0546_4a5339a8_jpg.rf.f6a9c8089ea366ceae3b5ea9147b99ce.jpg,IMG_0546_4a5339a8,Necklace,2,train,dataset1
DS1_IMG_001901,train/Necklace/IMG_0550_811f0770_jpg.rf.0d12e75fe94740e2879a91f0677192ad.jpg,IMG_0550_811f0770,Necklace,2,train,dataset1
DS1_IMG_001902,train/Necklace/IMG_0550_811f0770_jpg.rf.5ced30a36d8a89263087b0f51fc6e27f.jpg,IMG_0550_811f0770,Necklace,2,train,dataset1
DS1_IMG_001903,train/Necklace/IMG_0550_811f0770_jpg.rf.e9a37c9ed1cba5d6f299236af80d979f.jpg,IMG_0550_811f0770,Necklace,2,train,dataset1
DS1_IMG_001904,train/Necklace/IMG_0552-1-_09b51294_jpg.rf.0ad17ce1c6c34e359251a79d5181d3ba.jpg,IMG_0552-1-_09b51294,Necklace,2,train,dataset1
DS1_IMG_001905,train/Necklace/IMG_0552-1-_09b51294_jpg.rf.5dbfda59d3fbdbab5f1a300c13cb026e.jpg,IMG_0552-1-_09b51294,Necklace,2,train,dataset1
DS1_IMG_001906,train/Necklace/IMG_0552-1-_09b51294_jpg.rf.d379e4a5734f3110356e967bebdb6858.jpg,IMG_0552-1-_09b51294,Necklace,2,train,dataset1
DS1_IMG_001907,train/Necklace/IMG_0553-1-_919866de_JPG.rf.0f39ae735b36d32c7a35cdb54fc64beb.jpg,IMG_0553-1-_919866de,Necklace,2,train,dataset1
DS1_IMG_001908,train/Necklace/IMG_0553-1-_919866de_JPG.rf.31648d96a8ae53e72a774e992635bbce.jpg,IMG_0553-1-_919866de,Necklace,2,train,dataset1
DS1_IMG_001909,train/Necklace/IMG_0553-1-_919866de_JPG.rf.42a2efe311638e5bccec38a2adf8d281.jpg,IMG_0553-1-_919866de,Necklace,2,train,dataset1
DS1_IMG_001910,train/Necklace/IMG_0553_f7093d1c_jpg.rf.102544433cf49afba4ab31337b1e2bc9.jpg,IMG_0553_f7093d1c,Necklace,2,train,dataset1
DS1_IMG_001911,train/Necklace/IMG_0553_f7093d1c_jpg.rf.30c5ae1b741e2b61b0946831eb6ef340.jpg,IMG_0553_f7093d1c,Necklace,2,train,dataset1
DS1_IMG_001912,train/Necklace/IMG_0553_f7093d1c_jpg.rf.365a070bb437f36c429fde5918565b0c.jpg,IMG_0553_f7093d1c,Necklace,2,train,dataset1
DS1_IMG_001913,train/Necklace/IMG_0555_d4b9ccc1_jpg.rf.1bfb4f672ac20ba1978d343818d1788a.jpg,IMG_0555_d4b9ccc1,Necklace,2,train,dataset1
DS1_IMG_001914,train/Necklace/IMG_0555_d4b9ccc1_jpg.rf.4cc91d64ee50a8ad441f80ace0536bb5.jpg,IMG_0555_d4b9ccc1,Necklace,2,train,dataset1
DS1_IMG_001915,train/Necklace/IMG_0555_d4b9ccc1_jpg.rf.588348f881dcb52acbd18f76ac6d19cd.jpg,IMG_0555_d4b9ccc1,Necklace,2,train,dataset1
DS1_IMG_001916,train/Necklace/IMG_0557_f6f772f1_jpg.rf.0b2a2ce3ac87c3e2d2a488eeca63bb33.jpg,IMG_0557_f6f772f1,Necklace,2,train,dataset1
DS1_IMG_001917,train/Necklace/IMG_0557_f6f772f1_jpg.rf.113f1c56ac772533fadfe6ea874c89d9.jpg,IMG_0557_f6f772f1,Necklace,2,train,dataset1
DS1_IMG_001918,train/Necklace/IMG_0557_f6f772f1_jpg.rf.618a27bb8f6b694d4a18465b76fb8cff.jpg,IMG_0557_f6f772f1,Necklace,2,train,dataset1
DS1_IMG_001919,train/Necklace/IMG_0559-1-_dec238f7_jpg.rf.55e7e51332c084d422c4162af03e7a38.jpg,IMG_0559-1-_dec238f7,Necklace,2,train,dataset1
DS1_IMG_001920,train/Necklace/IMG_0559-1-_dec238f7_jpg.rf.7e5c0ef2b84bbd673f175d891a4f0b3c.jpg,IMG_0559-1-_dec238f7,Necklace,2,train,dataset1
DS1_IMG_001921,train/Necklace/IMG_0559-1-_dec238f7_jpg.rf.f61d54d2fb9059655da1e7a7e89c3f3e.jpg,IMG_0559-1-_dec238f7,Necklace,2,train,dataset1
DS1_IMG_001922,train/Necklace/IMG_0560_ca3fce77_jpg.rf.4199b20a7474cdc0c85bca8819761e2e.jpg,IMG_0560_ca3fce77,Necklace,2,train,dataset1
DS1_IMG_001923,train/Necklace/IMG_0560_ca3fce77_jpg.rf.db580ecfaa4c7b6c25c483d32afba72d.jpg,IMG_0560_ca3fce77,Necklace,2,train,dataset1
DS1_IMG_001924,train/Necklace/IMG_0560_ca3fce77_jpg.rf.e42a1b565b2740b19ce7ec5da7148217.jpg,IMG_0560_ca3fce77,Necklace,2,train,dataset1
DS1_IMG_001925,train/Necklace/IMG_0561-1-_4d34b2d5_JPG.rf.11830df2492915011251c1cf7bbf87aa.jpg,IMG_0561-1-_4d34b2d5,Necklace,2,train,dataset1
DS1_IMG_001926,train/Necklace/IMG_0561-1-_4d34b2d5_JPG.rf.8cc5450bc9631a1bda686c02fed6b8fd.jpg,IMG_0561-1-_4d34b2d5,Necklace,2,train,dataset1
DS1_IMG_001927,train/Necklace/IMG_0561-1-_4d34b2d5_JPG.rf.c02bbcf44d5dbaa422cfb433238b7d82.jpg,IMG_0561-1-_4d34b2d5,Necklace,2,train,dataset1
DS1_IMG_001928,train/Necklace/IMG_0565-1-_1c4a9d64_JPG.rf.39aee749245fe04fa2381f80a4cb302b.jpg,IMG_0565-1-_1c4a9d64,Necklace,2,train,dataset1
DS1_IMG_001929,train/Necklace/IMG_0565-1-_1c4a9d64_JPG.rf.a20a38dedadcc316ba35fa10d1ee08e9.jpg,IMG_0565-1-_1c4a9d64,Necklace,2,train,dataset1
DS1_IMG_001930,train/Necklace/IMG_0565-1-_1c4a9d64_JPG.rf.c3ada065f693b0947fdb99c108d368d1.jpg,IMG_0565-1-_1c4a9d64,Necklace,2,train,dataset1
DS1_IMG_001931,train/Necklace/IMG_0565_b6bceb68_jpg.rf.0dfce8bb30641d6683994cd2a135f916.jpg,IMG_0565_b6bceb68,Necklace,2,train,dataset1
DS1_IMG_001932,train/Necklace/IMG_0565_b6bceb68_jpg.rf.52ecf0f4e2ca76f40ce17c6532fe824f.jpg,IMG_0565_b6bceb68,Necklace,2,train,dataset1
DS1_IMG_001933,train/Necklace/IMG_0565_b6bceb68_jpg.rf.91fd9090c7549dfc09ba856cc7f5648a.jpg,IMG_0565_b6bceb68,Necklace,2,train,dataset1
DS1_IMG_001934,train/Necklace/IMG_0566-1-_758c0b30_jpg.rf.2a7721be81e20e588b806226431545dc.jpg,IMG_0566-1-_758c0b30,Necklace,2,train,dataset1
DS1_IMG_001935,train/Necklace/IMG_0566-1-_758c0b30_jpg.rf.7f5539e8c7fd26df376f1fa8abde2d59.jpg,IMG_0566-1-_758c0b30,Necklace,2,train,dataset1
DS1_IMG_001936,train/Necklace/IMG_0566-1-_758c0b30_jpg.rf.da4e084e7c3e00c1d437012b84137289.jpg,IMG_0566-1-_758c0b30,Necklace,2,train,dataset1
DS1_IMG_001937,train/Necklace/IMG_0566-1-_cee42ca7_JPG.rf.509240d0d35830a1e0a7e2a6e7b56838.jpg,IMG_0566-1-_cee42ca7,Necklace,2,train,dataset1
DS1_IMG_001938,train/Necklace/IMG_0566-1-_cee42ca7_JPG.rf.b4c524bb0a0768eaa2ac0b50d0e2f005.jpg,IMG_0566-1-_cee42ca7,Necklace,2,train,dataset1
DS1_IMG_001939,train/Necklace/IMG_0566-1-_cee42ca7_JPG.rf.c4c0a409dc6a06a2e865b28844f43223.jpg,IMG_0566-1-_cee42ca7,Necklace,2,train,dataset1
DS1_IMG_001940,train/Necklace/IMG_0568_75bfef59_jpg.rf.3d58dc275a98692aa3c507855e126c8d.jpg,IMG_0568_75bfef59,Necklace,2,train,dataset1
DS1_IMG_001941,train/Necklace/IMG_0568_75bfef59_jpg.rf.6e2a571e2a841280d9d63b65e7200ce6.jpg,IMG_0568_75bfef59,Necklace,2,train,dataset1
DS1_IMG_001942,train/Necklace/IMG_0568_75bfef59_jpg.rf.b48f51f52a7d0715a60723947d3a39ae.jpg,IMG_0568_75bfef59,Necklace,2,train,dataset1
DS1_IMG_001943,train/Necklace/IMG_0570_9ab4d0cd_jpg.rf.3d9a8b2d52cff6dbfbeb1825f52ff434.jpg,IMG_0570_9ab4d0cd,Necklace,2,train,dataset1
DS1_IMG_001944,train/Necklace/IMG_0570_9ab4d0cd_jpg.rf.7f9016bbce51349cc6aed4815cb46add.jpg,IMG_0570_9ab4d0cd,Necklace,2,train,dataset1
DS1_IMG_001945,train/Necklace/IMG_0570_9ab4d0cd_jpg.rf.a3bf9c2191b93175b50f395cf44a8e4e.jpg,IMG_0570_9ab4d0cd,Necklace,2,train,dataset1
DS1_IMG_001946,train/Necklace/IMG_0571-1-_42cd3d7d_jpg.rf.0dab9ed6939646bf5957d46a98f7a0fd.jpg,IMG_0571-1-_42cd3d7d,Necklace,2,train,dataset1
DS1_IMG_001947,train/Necklace/IMG_0571-1-_42cd3d7d_jpg.rf.3366533ea14697d0bd32c84453806593.jpg,IMG_0571-1-_42cd3d7d,Necklace,2,train,dataset1
DS1_IMG_001948,train/Necklace/IMG_0571-1-_42cd3d7d_jpg.rf.defb5f608bee70250b9315cf39b64a23.jpg,IMG_0571-1-_42cd3d7d,Necklace,2,train,dataset1
DS1_IMG_001949,train/Necklace/IMG_0571-1-_c98324ac_JPG.rf.5b4ef086e8f6f8ac29d62060708609c5.jpg,IMG_0571-1-_c98324ac,Necklace,2,train,dataset1
DS1_IMG_001950,train/Necklace/IMG_0571-1-_c98324ac_JPG.rf.e82cbea33d342831f29c7d3884cac829.jpg,IMG_0571-1-_c98324ac,Necklace,2,train,dataset1
DS1_IMG_001951,train/Necklace/IMG_0571-1-_c98324ac_JPG.rf.ec64e2bae7257aaa17f40713e67c26e3.jpg,IMG_0571-1-_c98324ac,Necklace,2,train,dataset1
DS1_IMG_001952,train/Necklace/IMG_0574-1-_0bfb033e_JPG.rf.2d04bf74ef484536f64c13b78cc88e70.jpg,IMG_0574-1-_0bfb033e,Necklace,2,train,dataset1
DS1_IMG_001953,train/Necklace/IMG_0574-1-_0bfb033e_JPG.rf.3576422bb86f1157a6c53b0eb3ddbfbe.jpg,IMG_0574-1-_0bfb033e,Necklace,2,train,dataset1
DS1_IMG_001954,train/Necklace/IMG_0574-1-_0bfb033e_JPG.rf.bdb1ee797d80f5fa92a718e3b67d9495.jpg,IMG_0574-1-_0bfb033e,Necklace,2,train,dataset1
DS1_IMG_001955,train/Necklace/IMG_0574-1-_518159dc_jpg.rf.2e50fd0ea042a146f25134917ddfa036.jpg,IMG_0574-1-_518159dc,Necklace,2,train,dataset1
DS1_IMG_001956,train/Necklace/IMG_0574-1-_518159dc_jpg.rf.7164a82675f62b7206cfb685e94797ec.jpg,IMG_0574-1-_518159dc,Necklace,2,train,dataset1
DS1_IMG_001957,train/Necklace/IMG_0574-1-_518159dc_jpg.rf.e74b3218b1bbeb0d511b494f943be013.jpg,IMG_0574-1-_518159dc,Necklace,2,train,dataset1
DS1_IMG_001958,train/Necklace/IMG_0575_d24d70ee_jpg.rf.3a60534c07c56af871d00590b7fc8210.jpg,IMG_0575_d24d70ee,Necklace,2,train,dataset1
DS1_IMG_001959,train/Necklace/IMG_0575_d24d70ee_jpg.rf.a51e928c0e7e0e5e2db2f73195efd8cb.jpg,IMG_0575_d24d70ee,Necklace,2,train,dataset1
DS1_IMG_001960,train/Necklace/IMG_0575_d24d70ee_jpg.rf.d8babf255de54ab01e1b4616a049eba0.jpg,IMG_0575_d24d70ee,Necklace,2,train,dataset1
DS1_IMG_001961,train/Necklace/IMG_0577_7fa1d243_jpg.rf.68dfb669b1fc7eabce2de899bf22001f.jpg,IMG_0577_7fa1d243,Necklace,2,train,dataset1
DS1_IMG_001962,train/Necklace/IMG_0577_7fa1d243_jpg.rf.91dff0900c46382b98109ffbe3586a86.jpg,IMG_0577_7fa1d243,Necklace,2,train,dataset1
DS1_IMG_001963,train/Necklace/IMG_0577_7fa1d243_jpg.rf.c303b22764e96104731cbd8a4a9da83e.jpg,IMG_0577_7fa1d243,Necklace,2,train,dataset1
DS1_IMG_001964,train/Necklace/IMG_0578-1-_02688771_jpg.rf.5a7dc4b2c5308748bf6ad8e6ee3b76e1.jpg,IMG_0578-1-_02688771,Necklace,2,train,dataset1
DS1_IMG_001965,train/Necklace/IMG_0578-1-_02688771_jpg.rf.a63bb370740c9e587106a39982ced94f.jpg,IMG_0578-1-_02688771,Necklace,2,train,dataset1
DS1_IMG_001966,train/Necklace/IMG_0578-1-_02688771_jpg.rf.e6e407a37d95ba9ed27e846098614222.jpg,IMG_0578-1-_02688771,Necklace,2,train,dataset1
DS1_IMG_001967,train/Necklace/IMG_0581_2ce97edc_jpg.rf.475f519b99f269702cf2f8a28ab93397.jpg,IMG_0581_2ce97edc,Necklace,2,train,dataset1
DS1_IMG_001968,train/Necklace/IMG_0581_2ce97edc_jpg.rf.ed79ff51ff1bf2bebae4c36909034e9c.jpg,IMG_0581_2ce97edc,Necklace,2,train,dataset1
DS1_IMG_001969,train/Necklace/IMG_0581_2ce97edc_jpg.rf.f9dcc1320fed65a9cddfe17766827923.jpg,IMG_0581_2ce97edc,Necklace,2,train,dataset1
DS1_IMG_001970,train/Necklace/IMG_0583-Copy_d1d61f9e_jpg.rf.18e8f88255e3c00c7086dd456ae67823.jpg,IMG_0583-Copy_d1d61f9e,Necklace,2,train,dataset1
DS1_IMG_001971,train/Necklace/IMG_0583-Copy_d1d61f9e_jpg.rf.51a369ae9f6429831dbdaaa3ac0ac35b.jpg,IMG_0583-Copy_d1d61f9e,Necklace,2,train,dataset1
DS1_IMG_001972,train/Necklace/IMG_0583-Copy_d1d61f9e_jpg.rf.d57a3619d0d0ccce09f886ec25b17564.jpg,IMG_0583-Copy_d1d61f9e,Necklace,2,train,dataset1
DS1_IMG_001973,train/Necklace/IMG_0584_7150a47d_jpg.rf.14d5c7157febd02b63611540b1c803bb.jpg,IMG_0584_7150a47d,Necklace,2,train,dataset1
DS1_IMG_001974,train/Necklace/IMG_0584_7150a47d_jpg.rf.4f451af54961edf2efdb547b6fd0e881.jpg,IMG_0584_7150a47d,Necklace,2,train,dataset1
DS1_IMG_001975,train/Necklace/IMG_0584_7150a47d_jpg.rf.dc43a378168a230057ee6d66e8c29bf8.jpg,IMG_0584_7150a47d,Necklace,2,train,dataset1
DS1_IMG_001976,train/Necklace/IMG_0586_952d41e8_jpg.rf.1a09c1a93d085075080e5f9739c83093.jpg,IMG_0586_952d41e8,Necklace,2,train,dataset1
DS1_IMG_001977,train/Necklace/IMG_0586_952d41e8_jpg.rf.7a1bcfaf7d4b793511150bb6c30eee26.jpg,IMG_0586_952d41e8,Necklace,2,train,dataset1
DS1_IMG_001978,train/Necklace/IMG_0586_952d41e8_jpg.rf.ebdbc97a72c7dfa78b0ed7db210a9264.jpg,IMG_0586_952d41e8,Necklace,2,train,dataset1
DS1_IMG_001979,train/Necklace/IMG_0587-Copy_dcf6aedf_jpg.rf.0ce9779072ed5a53eae5d34ee352e988.jpg,IMG_0587-Copy_dcf6aedf,Necklace,2,train,dataset1
DS1_IMG_001980,train/Necklace/IMG_0587-Copy_dcf6aedf_jpg.rf.3d63a2157784efdc70605bb039a08138.jpg,IMG_0587-Copy_dcf6aedf,Necklace,2,train,dataset1
DS1_IMG_001981,train/Necklace/IMG_0587-Copy_dcf6aedf_jpg.rf.a4d713d8fa62af26c5510ac0c37e40bf.jpg,IMG_0587-Copy_dcf6aedf,Necklace,2,train,dataset1
DS1_IMG_001982,train/Necklace/IMG_0588-Copy_27548d5c_jpg.rf.341016e7648714c058e185bec8b311b7.jpg,IMG_0588-Copy_27548d5c,Necklace,2,train,dataset1
DS1_IMG_001983,train/Necklace/IMG_0588-Copy_27548d5c_jpg.rf.cea98d9e05933ff8626ce2411fd97006.jpg,IMG_0588-Copy_27548d5c,Necklace,2,train,dataset1
DS1_IMG_001984,train/Necklace/IMG_0588-Copy_27548d5c_jpg.rf.fd4c5fdaedaaa4735a83e887ec324068.jpg,IMG_0588-Copy_27548d5c,Necklace,2,train,dataset1
DS1_IMG_001985,train/Necklace/IMG_0589-1-_7972f252_JPG.rf.8e3365f740a3f98b02ce5f71b7b9d862.jpg,IMG_0589-1-_7972f252,Necklace,2,train,dataset1
DS1_IMG_001986,train/Necklace/IMG_0589-1-_7972f252_JPG.rf.ae99b0fc77ed59c480a1ad2a4432002b.jpg,IMG_0589-1-_7972f252,Necklace,2,train,dataset1
DS1_IMG_001987,train/Necklace/IMG_0589-1-_7972f252_JPG.rf.f4b237ee69fcb00aa53417a877913ec3.jpg,IMG_0589-1-_7972f252,Necklace,2,train,dataset1
DS1_IMG_001988,train/Necklace/IMG_0589-1-_bcc80d73_jpg.rf.b728376f43cdf41e63c0f1a57f1aaa6f.jpg,IMG_0589-1-_bcc80d73,Necklace,2,train,dataset1
DS1_IMG_001989,train/Necklace/IMG_0589-1-_bcc80d73_jpg.rf.d472788a88c77a2fad1d741561584afc.jpg,IMG_0589-1-_bcc80d73,Necklace,2,train,dataset1
DS1_IMG_001990,train/Necklace/IMG_0589-1-_bcc80d73_jpg.rf.fe2db6f97cfc151f5e82c7d7d3282a2c.jpg,IMG_0589-1-_bcc80d73,Necklace,2,train,dataset1
DS1_IMG_001991,train/Necklace/IMG_0591-1-Copy_5f3b2c50_JPG.rf.50ac52351d10b627485b5c3094882077.jpg,IMG_0591-1-Copy_5f3b2c50,Necklace,2,train,dataset1
DS1_IMG_001992,train/Necklace/IMG_0591-1-Copy_5f3b2c50_JPG.rf.b9675d1608ab2ed3f58aaae7b89c9d42.jpg,IMG_0591-1-Copy_5f3b2c50,Necklace,2,train,dataset1
DS1_IMG_001993,train/Necklace/IMG_0591-1-Copy_5f3b2c50_JPG.rf.f13865204b18956faae1b54fed8d9ba2.jpg,IMG_0591-1-Copy_5f3b2c50,Necklace,2,train,dataset1
DS1_IMG_001994,train/Necklace/IMG_0591-Copy_508274c3_jpg.rf.0529791d3f43638757f537b060d2ff22.jpg,IMG_0591-Copy_508274c3,Necklace,2,train,dataset1
DS1_IMG_001995,train/Necklace/IMG_0591-Copy_508274c3_jpg.rf.3cbd6893ac390b54139af78a7b018dcb.jpg,IMG_0591-Copy_508274c3,Necklace,2,train,dataset1
DS1_IMG_001996,train/Necklace/IMG_0591-Copy_508274c3_jpg.rf.a4460b7229e372e2f2f965ae7f1e446f.jpg,IMG_0591-Copy_508274c3,Necklace,2,train,dataset1
DS1_IMG_001997,train/Necklace/IMG_0593_9dbd2a91_jpg.rf.37f7cad04214be737e10a352606c552c.jpg,IMG_0593_9dbd2a91,Necklace,2,train,dataset1
DS1_IMG_001998,train/Necklace/IMG_0593_9dbd2a91_jpg.rf.cae8ed46095828c34acc66d3bf4b6083.jpg,IMG_0593_9dbd2a91,Necklace,2,train,dataset1
DS1_IMG_001999,train/Necklace/IMG_0594_d9adff21_jpg.rf.09843aa3f76b18cf71ae9cce09a2945f.jpg,IMG_0594_d9adff21,Necklace,2,train,dataset1
DS1_IMG_002000,train/Necklace/IMG_0594_d9adff21_jpg.rf.2bc8b5b1424b5e2ef86fc86d11392ac6.jpg,IMG_0594_d9adff21,Necklace,2,train,dataset1
DS1_IMG_002001,train/Necklace/IMG_0594_d9adff21_jpg.rf.73be615396a1f67eb58b45c9a2c280cc.jpg,IMG_0594_d9adff21,Necklace,2,train,dataset1
DS1_IMG_002002,train/Necklace/IMG_0595-Copy_1be1bec8_jpg.rf.2e87c02146be07bdb6d6225f95547526.jpg,IMG_0595-Copy_1be1bec8,Necklace,2,train,dataset1
DS1_IMG_002003,train/Necklace/IMG_0595-Copy_1be1bec8_jpg.rf.339df27da259c35bffe231d786cccb1a.jpg,IMG_0595-Copy_1be1bec8,Necklace,2,train,dataset1
DS1_IMG_002004,train/Necklace/IMG_0595-Copy_1be1bec8_jpg.rf.d11980a153f67eb993b40cf3c48e5f98.jpg,IMG_0595-Copy_1be1bec8,Necklace,2,train,dataset1
DS1_IMG_002005,train/Necklace/IMG_0597-1-_ef4736be_JPG.rf.9717229d4bb3232895c6e4952dadb997.jpg,IMG_0597-1-_ef4736be,Necklace,2,train,dataset1
DS1_IMG_002006,train/Necklace/IMG_0597-1-_ef4736be_JPG.rf.989535f1384c367d59fc8ef098b05177.jpg,IMG_0597-1-_ef4736be,Necklace,2,train,dataset1
DS1_IMG_002007,train/Necklace/IMG_0597-1-_ef4736be_JPG.rf.9dfbc90195b46c7285f2fb80ba09a1e4.jpg,IMG_0597-1-_ef4736be,Necklace,2,train,dataset1
DS1_IMG_002008,train/Necklace/IMG_0597_c2983434_jpg.rf.5552d222289a1c75b36b64a55f80ae8b.jpg,IMG_0597_c2983434,Necklace,2,train,dataset1
DS1_IMG_002009,train/Necklace/IMG_0597_c2983434_jpg.rf.5f9f1ddb6e75128c9a9ec6efb855c88f.jpg,IMG_0597_c2983434,Necklace,2,train,dataset1
DS1_IMG_002010,train/Necklace/IMG_0597_c2983434_jpg.rf.628b567fc651117c66cfd2c13f396bd5.jpg,IMG_0597_c2983434,Necklace,2,train,dataset1
DS1_IMG_002011,train/Necklace/IMG_0598_55b6ccea_JPG.rf.2758455ce20ae7633990eb51ce66d543.jpg,IMG_0598_55b6ccea,Necklace,2,train,dataset1
DS1_IMG_002012,train/Necklace/IMG_0598_55b6ccea_JPG.rf.472a3101876f3d8270a09a82eddc0ecc.jpg,IMG_0598_55b6ccea,Necklace,2,train,dataset1
DS1_IMG_002013,train/Necklace/IMG_0598_55b6ccea_JPG.rf.508732825f884d8f12c4409bbb5bd344.jpg,IMG_0598_55b6ccea,Necklace,2,train,dataset1
DS1_IMG_002014,train/Necklace/IMG_0599_062a6428_jpg.rf.35af96ab0d0b03380a3de4d68604f1ee.jpg,IMG_0599_062a6428,Necklace,2,train,dataset1
DS1_IMG_002015,train/Necklace/IMG_0599_062a6428_jpg.rf.7154b745fb3885fa2ede34e297cf8131.jpg,IMG_0599_062a6428,Necklace,2,train,dataset1
DS1_IMG_002016,train/Necklace/IMG_0599_062a6428_jpg.rf.a87b010e2aaf09a4d599050bc58dda0a.jpg,IMG_0599_062a6428,Necklace,2,train,dataset1
DS1_IMG_002017,train/Necklace/IMG_0601-Copy_9c8347db_jpg.rf.d923e41002a6a899967086dba79314ff.jpg,IMG_0601-Copy_9c8347db,Necklace,2,train,dataset1
DS1_IMG_002018,train/Necklace/IMG_0601-Copy_9c8347db_jpg.rf.ec7c1ff0e72eefd2a3980d1ec034aa46.jpg,IMG_0601-Copy_9c8347db,Necklace,2,train,dataset1
DS1_IMG_002019,train/Necklace/IMG_0601-Copy_9c8347db_jpg.rf.f2a9e954acf64628408db54d96e351ea.jpg,IMG_0601-Copy_9c8347db,Necklace,2,train,dataset1
DS1_IMG_002020,train/Necklace/IMG_0603-1-_387660cd_JPG.rf.1f3defefbf754482aa8091817a9f1b3f.jpg,IMG_0603-1-_387660cd,Necklace,2,train,dataset1
DS1_IMG_002021,train/Necklace/IMG_0603-1-_387660cd_JPG.rf.467181bef0a16d458b526d80519429ab.jpg,IMG_0603-1-_387660cd,Necklace,2,train,dataset1
DS1_IMG_002022,train/Necklace/IMG_0603-1-_387660cd_JPG.rf.d379af141a5fad3127ea3520040124c7.jpg,IMG_0603-1-_387660cd,Necklace,2,train,dataset1
DS1_IMG_002023,train/Necklace/IMG_0603-1-_5c5083d3_jpg.rf.492e1f0d7f07947424705460a8cd89bd.jpg,IMG_0603-1-_5c5083d3,Necklace,2,train,dataset1
DS1_IMG_002024,train/Necklace/IMG_0603-1-_5c5083d3_jpg.rf.796d6d26ca27b57dd85876f7e0f04bba.jpg,IMG_0603-1-_5c5083d3,Necklace,2,train,dataset1
DS1_IMG_002025,train/Necklace/IMG_0603-1-_5c5083d3_jpg.rf.a8c5b8f25871798e1da310f4eb181e7e.jpg,IMG_0603-1-_5c5083d3,Necklace,2,train,dataset1
DS1_IMG_002026,train/Necklace/IMG_0607_b8d72a77_jpg.rf.4b37368fa1329df4e4d8bf14bea4cddc.jpg,IMG_0607_b8d72a77,Necklace,2,train,dataset1
DS1_IMG_002027,train/Necklace/IMG_0607_b8d72a77_jpg.rf.65d24b02d04a3e217b3a83e406b41696.jpg,IMG_0607_b8d72a77,Necklace,2,train,dataset1
DS1_IMG_002028,train/Necklace/IMG_0607_b8d72a77_jpg.rf.edd165595a5e68de70bba9aed22c7848.jpg,IMG_0607_b8d72a77,Necklace,2,train,dataset1
DS1_IMG_002029,train/Necklace/IMG_0611_fe713fd9_jpg.rf.a84facbd208126ecbaee70e5bafd7e53.jpg,IMG_0611_fe713fd9,Necklace,2,train,dataset1
DS1_IMG_002030,train/Necklace/IMG_0611_fe713fd9_jpg.rf.bba3b6e17dfe34c260a6aa28172b0706.jpg,IMG_0611_fe713fd9,Necklace,2,train,dataset1
DS1_IMG_002031,train/Necklace/IMG_0611_fe713fd9_jpg.rf.fbc1328e332a16ce99df729b79914987.jpg,IMG_0611_fe713fd9,Necklace,2,train,dataset1
DS1_IMG_002032,train/Necklace/IMG_0612_18d97c27_jpg.rf.244371cb59053c989e24ec599289ef28.jpg,IMG_0612_18d97c27,Necklace,2,train,dataset1
DS1_IMG_002033,train/Necklace/IMG_0612_18d97c27_jpg.rf.c55e567dc72544270fbc62d40564f1da.jpg,IMG_0612_18d97c27,Necklace,2,train,dataset1
DS1_IMG_002034,train/Necklace/IMG_0612_18d97c27_jpg.rf.f0b3e95a7c3c8a949345417cbadceeb7.jpg,IMG_0612_18d97c27,Necklace,2,train,dataset1
DS1_IMG_002035,train/Necklace/IMG_0615_e7840e87_JPG.rf.3e1101e2c1fcc668d3ef76c2235abe22.jpg,IMG_0615_e7840e87,Necklace,2,train,dataset1
DS1_IMG_002036,train/Necklace/IMG_0615_e7840e87_JPG.rf.7053f6c03fe65af3e345a812edda0df0.jpg,IMG_0615_e7840e87,Necklace,2,train,dataset1
DS1_IMG_002037,train/Necklace/IMG_0615_e7840e87_JPG.rf.d849f90d3dc05cb4239e0db3923efd62.jpg,IMG_0615_e7840e87,Necklace,2,train,dataset1
DS1_IMG_002038,train/Necklace/IMG_0616_6ca1e5d7_jpg.rf.20c4532edb1524d4e454ea35b418e49f.jpg,IMG_0616_6ca1e5d7,Necklace,2,train,dataset1
DS1_IMG_002039,train/Necklace/IMG_0616_6ca1e5d7_jpg.rf.6265bbf7df5e467db966297736acf04a.jpg,IMG_0616_6ca1e5d7,Necklace,2,train,dataset1
DS1_IMG_002040,train/Necklace/IMG_0616_6ca1e5d7_jpg.rf.9fef76ff7571856200b092db8c5e61f3.jpg,IMG_0616_6ca1e5d7,Necklace,2,train,dataset1
DS1_IMG_002041,train/Necklace/IMG_0618-Copy_204a414e_JPG.rf.161061db8ae79bf3be97723354b65185.jpg,IMG_0618-Copy_204a414e,Necklace,2,train,dataset1
DS1_IMG_002042,train/Necklace/IMG_0618-Copy_204a414e_JPG.rf.695c51132e5448a9cee2ebdbd05a8372.jpg,IMG_0618-Copy_204a414e,Necklace,2,train,dataset1
DS1_IMG_002043,train/Necklace/IMG_0618-Copy_204a414e_JPG.rf.f37f086787a5c3600f24a1906b50f126.jpg,IMG_0618-Copy_204a414e,Necklace,2,train,dataset1
DS1_IMG_002044,train/Necklace/IMG_0619_jpg.rf.2026ceac3ec1b01f699aaccf3b09b5c0.jpg,IMG_0619,Necklace,2,train,dataset1
DS1_IMG_002045,train/Necklace/IMG_0619_jpg.rf.83f64418b4c6eabe9eef4d54f3d0705f.jpg,IMG_0619,Necklace,2,train,dataset1
DS1_IMG_002046,train/Necklace/IMG_0619_jpg.rf.fb21afccf2159ff82487f907782290a9.jpg,IMG_0619,Necklace,2,train,dataset1
DS1_IMG_002047,train/Necklace/IMG_0622_jpg.rf.812080d1f7cced016a7b3020b8992699.jpg,IMG_0622,Necklace,2,train,dataset1
DS1_IMG_002048,train/Necklace/IMG_0622_jpg.rf.927892f5b84a987325bfe795398e08ce.jpg,IMG_0622,Necklace,2,train,dataset1
DS1_IMG_002049,train/Necklace/IMG_0622_jpg.rf.eb8694d56afae35e9123635c4d99741b.jpg,IMG_0622,Necklace,2,train,dataset1
DS1_IMG_002050,train/Necklace/IMG_0623_8d504cf2_jpg.rf.42af618f37309330b5cbda1658469a90.jpg,IMG_0623_8d504cf2,Necklace,2,train,dataset1
DS1_IMG_002051,train/Necklace/IMG_0623_8d504cf2_jpg.rf.9c20ed3b19befa318d6b4fc22cb6c782.jpg,IMG_0623_8d504cf2,Necklace,2,train,dataset1
DS1_IMG_002052,train/Necklace/IMG_0623_8d504cf2_jpg.rf.df7bb48f79ce5fdb8ee67538d792609d.jpg,IMG_0623_8d504cf2,Necklace,2,train,dataset1
DS1_IMG_002053,train/Necklace/IMG_0624_8f9f8c09_jpg.rf.4b143c0c4a0571f11330a297ebcaa390.jpg,IMG_0624_8f9f8c09,Necklace,2,train,dataset1
DS1_IMG_002054,train/Necklace/IMG_0624_8f9f8c09_jpg.rf.e6ee5e1ea53cb3fdd43c073d8ef264b6.jpg,IMG_0624_8f9f8c09,Necklace,2,train,dataset1
DS1_IMG_002055,train/Necklace/IMG_0625-1-_d93fcd5c_JPG.rf.12350de523a00fe3064c50e7c08808ac.jpg,IMG_0625-1-_d93fcd5c,Necklace,2,train,dataset1
DS1_IMG_002056,train/Necklace/IMG_0625-1-_d93fcd5c_JPG.rf.8b24f70e6ac6d798fefd47bd9e17b41a.jpg,IMG_0625-1-_d93fcd5c,Necklace,2,train,dataset1
DS1_IMG_002057,train/Necklace/IMG_0625-1-_d93fcd5c_JPG.rf.ee176f9f6497fa6c7f3d733532936aac.jpg,IMG_0625-1-_d93fcd5c,Necklace,2,train,dataset1
DS1_IMG_002058,train/Necklace/IMG_0626_4ff2e363_jpg.rf.0667c502872ea8cd12da313806698275.jpg,IMG_0626_4ff2e363,Necklace,2,train,dataset1
DS1_IMG_002059,train/Necklace/IMG_0626_4ff2e363_jpg.rf.c19612bc54c784044b4b52642c3b7e76.jpg,IMG_0626_4ff2e363,Necklace,2,train,dataset1
DS1_IMG_002060,train/Necklace/IMG_0627-1-_97df84b3_JPG.rf.8eaceb1d0a0a494bca7feff5917df965.jpg,IMG_0627-1-_97df84b3,Necklace,2,train,dataset1
DS1_IMG_002061,train/Necklace/IMG_0627-1-_97df84b3_JPG.rf.9b796417be4a355b4a3208e342015e2e.jpg,IMG_0627-1-_97df84b3,Necklace,2,train,dataset1
DS1_IMG_002062,train/Necklace/IMG_0627-1-_97df84b3_JPG.rf.a799be14bf9dbb63abaea95654482229.jpg,IMG_0627-1-_97df84b3,Necklace,2,train,dataset1
DS1_IMG_002063,train/Necklace/IMG_0628_71c27f0b_jpg.rf.70aaee7a5881b83457cf1bc220c067e1.jpg,IMG_0628_71c27f0b,Necklace,2,train,dataset1
DS1_IMG_002064,train/Necklace/IMG_0628_71c27f0b_jpg.rf.b504f336c20f923cdd424ddd44b77139.jpg,IMG_0628_71c27f0b,Necklace,2,train,dataset1
DS1_IMG_002065,train/Necklace/IMG_0628_71c27f0b_jpg.rf.ef0a5288662aadfa6eaf1b66e7ff645f.jpg,IMG_0628_71c27f0b,Necklace,2,train,dataset1
DS1_IMG_002066,train/Necklace/IMG_0630_9aab2bac_jpg.rf.1ac6e5d6c1303d2839cd6ecefc285bdc.jpg,IMG_0630_9aab2bac,Necklace,2,train,dataset1
DS1_IMG_002067,train/Necklace/IMG_0630_9aab2bac_jpg.rf.8b54703da7256125a62ddbd2a8b222ec.jpg,IMG_0630_9aab2bac,Necklace,2,train,dataset1
DS1_IMG_002068,train/Necklace/IMG_0630_9aab2bac_jpg.rf.aa04eb363ffe5fd047c8919c06de28ea.jpg,IMG_0630_9aab2bac,Necklace,2,train,dataset1
DS1_IMG_002069,train/Necklace/IMG_0926_6340d852_jpg.rf.9c9544afad320489ec6b593eab6f2531.jpg,IMG_0926_6340d852,Necklace,2,train,dataset1
DS1_IMG_002070,train/Necklace/IMG_0926_6340d852_jpg.rf.d25073e2ab26328d8a08e36e6341c197.jpg,IMG_0926_6340d852,Necklace,2,train,dataset1
DS1_IMG_002071,train/Necklace/IMG_0926_6340d852_jpg.rf.d3ecb2b482912d3fd0669d69b206f8a9.jpg,IMG_0926_6340d852,Necklace,2,train,dataset1
DS1_IMG_002072,train/Necklace/IMG_0928_a9b8f949_jpg.rf.498d26e222cef23b067a937f49dc0616.jpg,IMG_0928_a9b8f949,Necklace,2,train,dataset1
DS1_IMG_002073,train/Necklace/IMG_0928_a9b8f949_jpg.rf.bf8f8d7f6f474346ce1f04101028900f.jpg,IMG_0928_a9b8f949,Necklace,2,train,dataset1
DS1_IMG_002074,train/Necklace/IMG_0928_a9b8f949_jpg.rf.d6655170d1a15c485548861b7d86a4c3.jpg,IMG_0928_a9b8f949,Necklace,2,train,dataset1
DS1_IMG_002075,train/Necklace/IMG_0929_c33c5f88_jpg.rf.2d82890de011ac118a557664f63d6370.jpg,IMG_0929_c33c5f88,Necklace,2,train,dataset1
DS1_IMG_002076,train/Necklace/IMG_0929_c33c5f88_jpg.rf.96f4044f9fad5cdf11a41f342e0fb4bc.jpg,IMG_0929_c33c5f88,Necklace,2,train,dataset1
DS1_IMG_002077,train/Necklace/IMG_0934_527e6c46_jpg.rf.463b5724c71af3c29c647f0e1c22a19b.jpg,IMG_0934_527e6c46,Necklace,2,train,dataset1
DS1_IMG_002078,train/Necklace/IMG_0934_527e6c46_jpg.rf.dbd7fbcef9cee699c2a973d3415cb8d7.jpg,IMG_0934_527e6c46,Necklace,2,train,dataset1
DS1_IMG_002079,train/Necklace/IMG_0934_527e6c46_jpg.rf.f39b9959c7473de5ec6d46dd78e2f76a.jpg,IMG_0934_527e6c46,Necklace,2,train,dataset1
DS1_IMG_002080,train/Necklace/IMG_0935_5dd387f0_jpg.rf.7f2c83b4c8bfe934a804ec918ce3fb39.jpg,IMG_0935_5dd387f0,Necklace,2,train,dataset1
DS1_IMG_002081,train/Necklace/IMG_0935_5dd387f0_jpg.rf.d53fbc6d44bbe78370c3c28324a999fb.jpg,IMG_0935_5dd387f0,Necklace,2,train,dataset1
DS1_IMG_002082,train/Necklace/IMG_0935_5dd387f0_jpg.rf.f84dcd8c70bfc6c2ada7796938788452.jpg,IMG_0935_5dd387f0,Necklace,2,train,dataset1
DS1_IMG_002083,train/Necklace/IMG_0937_5faf1cd0_jpg.rf.727fb956079503cb9893de46cb2c5ffe.jpg,IMG_0937_5faf1cd0,Necklace,2,train,dataset1
DS1_IMG_002084,train/Necklace/IMG_0937_5faf1cd0_jpg.rf.8337112533e832fc5a8b2c3608dee1fe.jpg,IMG_0937_5faf1cd0,Necklace,2,train,dataset1
DS1_IMG_002085,train/Necklace/IMG_0937_5faf1cd0_jpg.rf.a4d1b3fb1894191e7b5fdf70abc89663.jpg,IMG_0937_5faf1cd0,Necklace,2,train,dataset1
DS1_IMG_002086,train/Necklace/IMG_0943_839d50ba_jpg.rf.05444991334438d4488c997e3db1213f.jpg,IMG_0943_839d50ba,Necklace,2,train,dataset1
DS1_IMG_002087,train/Necklace/IMG_0943_839d50ba_jpg.rf.3e1a84660e16635baf5e8c4136b3dfab.jpg,IMG_0943_839d50ba,Necklace,2,train,dataset1
DS1_IMG_002088,train/Necklace/IMG_0943_839d50ba_jpg.rf.860275d2daf7462f6311116caf38442c.jpg,IMG_0943_839d50ba,Necklace,2,train,dataset1
DS1_IMG_002089,train/Necklace/IMG_1298_c573ac13_JPG.rf.ba16f20bdea27eec611bdd7b7d6b002a.jpg,IMG_1298_c573ac13,Necklace,2,train,dataset1
DS1_IMG_002090,train/Necklace/IMG_1298_c573ac13_JPG.rf.bf2a53266facfa92e7bd12c9e2103351.jpg,IMG_1298_c573ac13,Necklace,2,train,dataset1
DS1_IMG_002091,train/Necklace/IMG_1298_c573ac13_JPG.rf.f5772cfebd6b32f41004415477c75375.jpg,IMG_1298_c573ac13,Necklace,2,train,dataset1
DS1_IMG_002092,train/Necklace/IMG_1299_18b800ce_JPG.rf.5a6aca828da5d1d34f27bf2da1143049.jpg,IMG_1299_18b800ce,Necklace,2,train,dataset1
DS1_IMG_002093,train/Necklace/IMG_1299_18b800ce_JPG.rf.5f173e1a591ac22d6840a7ae102993f5.jpg,IMG_1299_18b800ce,Necklace,2,train,dataset1
DS1_IMG_002094,train/Necklace/IMG_1299_18b800ce_JPG.rf.62260e8d66f67cba6e79cfc0d45a5c6f.jpg,IMG_1299_18b800ce,Necklace,2,train,dataset1
DS1_IMG_002095,train/Necklace/IMG_1301_a537f31e_JPG.rf.2328fe77849f581c1bd7b70f9efff9be.jpg,IMG_1301_a537f31e,Necklace,2,train,dataset1
DS1_IMG_002096,train/Necklace/IMG_1301_a537f31e_JPG.rf.3915025a1f347a886c20767debdf7b17.jpg,IMG_1301_a537f31e,Necklace,2,train,dataset1
DS1_IMG_002097,train/Necklace/IMG_1301_a537f31e_JPG.rf.74918abe54abe00c75cdc24cbe87641d.jpg,IMG_1301_a537f31e,Necklace,2,train,dataset1
DS1_IMG_002098,train/Necklace/IMG_1302_427aa0b7_JPG.rf.745387dc5d65b720cc11162e30d25d37.jpg,IMG_1302_427aa0b7,Necklace,2,train,dataset1
DS1_IMG_002099,train/Necklace/IMG_1302_427aa0b7_JPG.rf.c5918e2bc4c0ebcf1dcd2ff841585f84.jpg,IMG_1302_427aa0b7,Necklace,2,train,dataset1
DS1_IMG_002100,train/Necklace/IMG_1302_427aa0b7_JPG.rf.f3ae812079eeabe975317835d9664201.jpg,IMG_1302_427aa0b7,Necklace,2,train,dataset1
DS1_IMG_002101,train/Necklace/IMG_1307_f75838a8_JPG.rf.45e24f3df918873e8a45bf1037c2faf9.jpg,IMG_1307_f75838a8,Necklace,2,train,dataset1
DS1_IMG_002102,train/Necklace/IMG_1307_f75838a8_JPG.rf.7ab1612355c21ce2c27c7f0e9fa6fa61.jpg,IMG_1307_f75838a8,Necklace,2,train,dataset1
DS1_IMG_002103,train/Necklace/IMG_1307_f75838a8_JPG.rf.ffd4affe547165edc94b332ed1e7d856.jpg,IMG_1307_f75838a8,Necklace,2,train,dataset1
DS1_IMG_002104,train/Necklace/IMG_1309_699b4ad9_JPG.rf.4961d215c15c8ee52cbb78562edcb8bb.jpg,IMG_1309_699b4ad9,Necklace,2,train,dataset1
DS1_IMG_002105,train/Necklace/IMG_1309_699b4ad9_JPG.rf.88048a7d22d2fdd632c18a1025f56ca6.jpg,IMG_1309_699b4ad9,Necklace,2,train,dataset1
DS1_IMG_002106,train/Necklace/IMG_1309_699b4ad9_JPG.rf.ceb5f79fa8e6a46dcdf248672d8fc2bd.jpg,IMG_1309_699b4ad9,Necklace,2,train,dataset1
DS1_IMG_002107,train/Necklace/IMG_1315_0a72873a_JPG.rf.5b781903fbed338c2da50a6c93d733af.jpg,IMG_1315_0a72873a,Necklace,2,train,dataset1
DS1_IMG_002108,train/Necklace/IMG_1315_0a72873a_JPG.rf.70d4cb16f25a520e546b22cb62b14820.jpg,IMG_1315_0a72873a,Necklace,2,train,dataset1
DS1_IMG_002109,train/Necklace/IMG_1315_0a72873a_JPG.rf.8f4844afc2297d9166fca046fd1515e6.jpg,IMG_1315_0a72873a,Necklace,2,train,dataset1
DS1_IMG_002110,train/Necklace/IMG_1318_c39bdc55_JPG.rf.43ea4a50a27d43be38b69d88758ae2f7.jpg,IMG_1318_c39bdc55,Necklace,2,train,dataset1
DS1_IMG_002111,train/Necklace/IMG_1318_c39bdc55_JPG.rf.d95365769794332ca54af09feede3e94.jpg,IMG_1318_c39bdc55,Necklace,2,train,dataset1
DS1_IMG_002112,train/Necklace/IMG_1318_c39bdc55_JPG.rf.f880e948d808fc36243462c4a80bde90.jpg,IMG_1318_c39bdc55,Necklace,2,train,dataset1
DS1_IMG_002113,train/Necklace/IMG_1319_d47f3dcc_JPG.rf.0829135a5b8727fd5ab6b49bd82b0c27.jpg,IMG_1319_d47f3dcc,Necklace,2,train,dataset1
DS1_IMG_002114,train/Necklace/IMG_1319_d47f3dcc_JPG.rf.3b6623518aaa92fa114da24ef95123da.jpg,IMG_1319_d47f3dcc,Necklace,2,train,dataset1
DS1_IMG_002115,train/Necklace/IMG_1319_d47f3dcc_JPG.rf.5e0661d30fdcfe8a3b811051b6034c6a.jpg,IMG_1319_d47f3dcc,Necklace,2,train,dataset1
DS1_IMG_002116,train/Necklace/IMG_1320_14748a53_JPG.rf.6139fb3db4ffce7e2d9f0e1cf331b21d.jpg,IMG_1320_14748a53,Necklace,2,train,dataset1
DS1_IMG_002117,train/Necklace/IMG_1320_14748a53_JPG.rf.aa3fb3d8260466ef85e7b07541ecead4.jpg,IMG_1320_14748a53,Necklace,2,train,dataset1
DS1_IMG_002118,train/Necklace/IMG_1320_14748a53_JPG.rf.ae71c7a7ebb043702af854554965f9c4.jpg,IMG_1320_14748a53,Necklace,2,train,dataset1
DS1_IMG_002119,train/Necklace/IMG_1321_e921dba0_JPG.rf.7900c86c3fe29e385d7be36808dc5062.jpg,IMG_1321_e921dba0,Necklace,2,train,dataset1
DS1_IMG_002120,train/Necklace/IMG_1321_e921dba0_JPG.rf.a9883b4fb91c19f1c2bd30d2291701a3.jpg,IMG_1321_e921dba0,Necklace,2,train,dataset1
DS1_IMG_002121,train/Necklace/IMG_1321_e921dba0_JPG.rf.bdeeba3c6a48662e853fec34772dce68.jpg,IMG_1321_e921dba0,Necklace,2,train,dataset1
DS1_IMG_002122,train/Necklace/IMG_1322_18fbb6e1_JPG.rf.0a75cfffc6ed53e5c03f7f498a9f5757.jpg,IMG_1322_18fbb6e1,Necklace,2,train,dataset1
DS1_IMG_002123,train/Necklace/IMG_1322_18fbb6e1_JPG.rf.744f02a2debc51daac34ab79e10096a9.jpg,IMG_1322_18fbb6e1,Necklace,2,train,dataset1
DS1_IMG_002124,train/Necklace/IMG_1322_18fbb6e1_JPG.rf.f28805e90fcd514c43e1f84d266ab242.jpg,IMG_1322_18fbb6e1,Necklace,2,train,dataset1
DS1_IMG_002125,train/Necklace/IMG_1323_89d043bd_JPG.rf.25cd593a43737da1ea4edf1838c30c4a.jpg,IMG_1323_89d043bd,Necklace,2,train,dataset1
DS1_IMG_002126,train/Necklace/IMG_1323_89d043bd_JPG.rf.655455abfbc9a5b28d20c42805f24e8c.jpg,IMG_1323_89d043bd,Necklace,2,train,dataset1
DS1_IMG_002127,train/Necklace/IMG_1323_89d043bd_JPG.rf.c2eb6019c40135f61e0fb4b28a6576b2.jpg,IMG_1323_89d043bd,Necklace,2,train,dataset1
DS1_IMG_002128,train/Necklace/IMG_1324_ddbeb74a_JPG.rf.2ce073c4b87bae5f979b88799970e2a9.jpg,IMG_1324_ddbeb74a,Necklace,2,train,dataset1
DS1_IMG_002129,train/Necklace/IMG_1324_ddbeb74a_JPG.rf.c026d21e627855f8e775fcf68114c584.jpg,IMG_1324_ddbeb74a,Necklace,2,train,dataset1
DS1_IMG_002130,train/Necklace/IMG_1324_ddbeb74a_JPG.rf.dda8864b97acb0d559e9e3d2b9fca6af.jpg,IMG_1324_ddbeb74a,Necklace,2,train,dataset1
DS1_IMG_002131,train/Necklace/IMG_1325_b4445359_JPG.rf.6cc59f76e6b8d03060be39576018172c.jpg,IMG_1325_b4445359,Necklace,2,train,dataset1
DS1_IMG_002132,train/Necklace/IMG_1325_b4445359_JPG.rf.802da6e9e9edbc9876b8b30a420a0027.jpg,IMG_1325_b4445359,Necklace,2,train,dataset1
DS1_IMG_002133,train/Necklace/IMG_1325_b4445359_JPG.rf.d9df479bf820a5ccb2c13f756b9118c3.jpg,IMG_1325_b4445359,Necklace,2,train,dataset1
DS1_IMG_002134,train/Necklace/IMG_1326_9c846176_JPG.rf.1ba3569e400794c87c33276afe94826a.jpg,IMG_1326_9c846176,Necklace,2,train,dataset1
DS1_IMG_002135,train/Necklace/IMG_1326_9c846176_JPG.rf.2c45dfab9d4735d08cc9a0787e1e9d10.jpg,IMG_1326_9c846176,Necklace,2,train,dataset1
DS1_IMG_002136,train/Necklace/IMG_1326_9c846176_JPG.rf.74d5bea7bccf4035eb5e4c57fdc1c1d3.jpg,IMG_1326_9c846176,Necklace,2,train,dataset1
DS1_IMG_002137,train/Necklace/IMG_1327_27f56fac_JPG.rf.3fde5697665845cd39253684e94ece89.jpg,IMG_1327_27f56fac,Necklace,2,train,dataset1
DS1_IMG_002138,train/Necklace/IMG_1327_27f56fac_JPG.rf.c1f514696152ae4ca72d9bdf66ab52f0.jpg,IMG_1327_27f56fac,Necklace,2,train,dataset1
DS1_IMG_002139,train/Necklace/IMG_1327_27f56fac_JPG.rf.d21761f9f67aba82d101104e4ffc3136.jpg,IMG_1327_27f56fac,Necklace,2,train,dataset1
DS1_IMG_002140,train/Necklace/IMG_1329_155a0a9a_JPG.rf.a2fc1d602f7b898eacf18d59be83781e.jpg,IMG_1329_155a0a9a,Necklace,2,train,dataset1
DS1_IMG_002141,train/Necklace/IMG_1329_155a0a9a_JPG.rf.b7ffcfe6d0abdc2822a32a66ddd35113.jpg,IMG_1329_155a0a9a,Necklace,2,train,dataset1
DS1_IMG_002142,train/Necklace/IMG_1329_155a0a9a_JPG.rf.dce937fd8cf40408050e0be364f39ada.jpg,IMG_1329_155a0a9a,Necklace,2,train,dataset1
DS1_IMG_002143,train/Necklace/IMG_1332_417f1275_JPG.rf.0cfebb3e1c2a067edc888377bae2be7c.jpg,IMG_1332_417f1275,Necklace,2,train,dataset1
DS1_IMG_002144,train/Necklace/IMG_1332_417f1275_JPG.rf.21406376f5151cae578078e4f7e9e1ed.jpg,IMG_1332_417f1275,Necklace,2,train,dataset1
DS1_IMG_002145,train/Necklace/IMG_1332_417f1275_JPG.rf.c619cd7fb467cf7f8a61ad8ca33a0a05.jpg,IMG_1332_417f1275,Necklace,2,train,dataset1
DS1_IMG_002146,train/Necklace/IMG_1333_0f88f4d4_JPG.rf.a948e95c065533c324fa3c13194096cf.jpg,IMG_1333_0f88f4d4,Necklace,2,train,dataset1
DS1_IMG_002147,train/Necklace/IMG_1333_0f88f4d4_JPG.rf.b01b66076b805f25511ed785714d80b2.jpg,IMG_1333_0f88f4d4,Necklace,2,train,dataset1
DS1_IMG_002148,train/Necklace/IMG_1333_0f88f4d4_JPG.rf.ca86be5f7460844212eb395e575b6217.jpg,IMG_1333_0f88f4d4,Necklace,2,train,dataset1
DS1_IMG_002149,train/Necklace/IMG_1334_09eb1a6d_JPG.rf.2f9f3d78310b4427820ff53936aed2a9.jpg,IMG_1334_09eb1a6d,Necklace,2,train,dataset1
DS1_IMG_002150,train/Necklace/IMG_1334_09eb1a6d_JPG.rf.36959768d001caae1b43d20fea31b3fd.jpg,IMG_1334_09eb1a6d,Necklace,2,train,dataset1
DS1_IMG_002151,train/Necklace/IMG_1334_09eb1a6d_JPG.rf.76e6bec4195616e818dcf76dc044ef80.jpg,IMG_1334_09eb1a6d,Necklace,2,train,dataset1
DS1_IMG_002152,train/Necklace/IMG_1335_dce3e04d_JPG.rf.263490192b493f68ab600a86b89e154e.jpg,IMG_1335_dce3e04d,Necklace,2,train,dataset1
DS1_IMG_002153,train/Necklace/IMG_1335_dce3e04d_JPG.rf.66731dfa4861352b4aaa95c4e52c31d8.jpg,IMG_1335_dce3e04d,Necklace,2,train,dataset1
DS1_IMG_002154,train/Necklace/IMG_1335_dce3e04d_JPG.rf.b162a669e1895d867e2c940ce8da3f18.jpg,IMG_1335_dce3e04d,Necklace,2,train,dataset1
DS1_IMG_002155,train/Necklace/IMG_1336_fa158a54_JPG.rf.0c160315105a0f6d2809aa8cfde1f40e.jpg,IMG_1336_fa158a54,Necklace,2,train,dataset1
DS1_IMG_002156,train/Necklace/IMG_1336_fa158a54_JPG.rf.49cda0b0f25c88f2b6aa18bd92a036a7.jpg,IMG_1336_fa158a54,Necklace,2,train,dataset1
DS1_IMG_002157,train/Necklace/IMG_1336_fa158a54_JPG.rf.e8c9443607819159fa6aae387d7e1c41.jpg,IMG_1336_fa158a54,Necklace,2,train,dataset1
DS1_IMG_002158,train/Necklace/IMG_1339_be32dfe7_JPG.rf.18aac126f79613e18d7bf7ef3695080e.jpg,IMG_1339_be32dfe7,Necklace,2,train,dataset1
DS1_IMG_002159,train/Necklace/IMG_1339_be32dfe7_JPG.rf.57999f2351c63441fd372a7bcaa39d36.jpg,IMG_1339_be32dfe7,Necklace,2,train,dataset1
DS1_IMG_002160,train/Necklace/IMG_1339_be32dfe7_JPG.rf.b63e9fc003f1058e7dd3f61e6de3f5e8.jpg,IMG_1339_be32dfe7,Necklace,2,train,dataset1
DS1_IMG_002161,train/Necklace/IMG_1343_d043a3ba_JPG.rf.107a6d0d92c33da93d5bfa923a0dcfb4.jpg,IMG_1343_d043a3ba,Necklace,2,train,dataset1
DS1_IMG_002162,train/Necklace/IMG_1343_d043a3ba_JPG.rf.2648186ac0a479264730a11fe786a8fa.jpg,IMG_1343_d043a3ba,Necklace,2,train,dataset1
DS1_IMG_002163,train/Necklace/IMG_1343_d043a3ba_JPG.rf.731e463b40aae6ec50a44c7de1104e87.jpg,IMG_1343_d043a3ba,Necklace,2,train,dataset1
DS1_IMG_002164,train/Necklace/IMG_1344_55a5877e_JPG.rf.61b59f3e6902c78ef3fc7ac1842eaa04.jpg,IMG_1344_55a5877e,Necklace,2,train,dataset1
DS1_IMG_002165,train/Necklace/IMG_1344_55a5877e_JPG.rf.96e6d7ce48393866dd88e14f6b07843a.jpg,IMG_1344_55a5877e,Necklace,2,train,dataset1
DS1_IMG_002166,train/Necklace/IMG_1344_55a5877e_JPG.rf.f25c32688e11d93b9d75f4a7c26b6166.jpg,IMG_1344_55a5877e,Necklace,2,train,dataset1
DS1_IMG_002167,train/Necklace/IMG_1347_0e60935e_JPG.rf.3e0c17505b0ca731c1a058d9c20b7ccc.jpg,IMG_1347_0e60935e,Necklace,2,train,dataset1
DS1_IMG_002168,train/Necklace/IMG_1347_0e60935e_JPG.rf.6c4e9f6f4dd5e5ec3a0a243e69652411.jpg,IMG_1347_0e60935e,Necklace,2,train,dataset1
DS1_IMG_002169,train/Necklace/IMG_1347_0e60935e_JPG.rf.908b6d1637b5b5665e9e1d7b3bea26f6.jpg,IMG_1347_0e60935e,Necklace,2,train,dataset1
DS1_IMG_002170,train/Necklace/IMG_1348_a70adbb4_JPG.rf.122da5b7a28319d18133f163fa697bd9.jpg,IMG_1348_a70adbb4,Necklace,2,train,dataset1
DS1_IMG_002171,train/Necklace/IMG_1348_a70adbb4_JPG.rf.13c3ffaefda2be107b4ee6028d1460b8.jpg,IMG_1348_a70adbb4,Necklace,2,train,dataset1
DS1_IMG_002172,train/Necklace/IMG_1348_a70adbb4_JPG.rf.f07749356729a00331ffaf66a3ef9763.jpg,IMG_1348_a70adbb4,Necklace,2,train,dataset1
DS1_IMG_002173,train/Necklace/IMG_1352_0833b860_JPG.rf.56b9edda7fc4601c65d4e879b01eb8f9.jpg,IMG_1352_0833b860,Necklace,2,train,dataset1
DS1_IMG_002174,train/Necklace/IMG_1352_0833b860_JPG.rf.fbefbf5ad159e6866163484baa19e46e.jpg,IMG_1352_0833b860,Necklace,2,train,dataset1
DS1_IMG_002175,train/Necklace/IMG_1352_0833b860_JPG.rf.fc979ec98f3b87186db94f406e74028c.jpg,IMG_1352_0833b860,Necklace,2,train,dataset1
DS1_IMG_002176,train/Necklace/IMG_1355_bc26eb16_JPG.rf.2d119add7264356b40c14ab28f29cfc7.jpg,IMG_1355_bc26eb16,Necklace,2,train,dataset1
DS1_IMG_002177,train/Necklace/IMG_1355_bc26eb16_JPG.rf.58929e08bdbd044f0150128bee4740d0.jpg,IMG_1355_bc26eb16,Necklace,2,train,dataset1
DS1_IMG_002178,train/Necklace/IMG_1355_bc26eb16_JPG.rf.914e86681c48dd3cadef73b825c9d4e4.jpg,IMG_1355_bc26eb16,Necklace,2,train,dataset1
DS1_IMG_002179,train/Necklace/IMG_1356_b0c1730a_JPG.rf.6be9c082ed3e71956698b774eabc68ff.jpg,IMG_1356_b0c1730a,Necklace,2,train,dataset1
DS1_IMG_002180,train/Necklace/IMG_1356_b0c1730a_JPG.rf.6eddeb9ca8f6107daf37bc225e4cf848.jpg,IMG_1356_b0c1730a,Necklace,2,train,dataset1
DS1_IMG_002181,train/Necklace/IMG_1356_b0c1730a_JPG.rf.c51c887256fec93caca3d6a67fd5092d.jpg,IMG_1356_b0c1730a,Necklace,2,train,dataset1
DS1_IMG_002182,train/Necklace/IMG_1357_a815d20f_JPG.rf.7c2de74650251013c83cfe66705e0e66.jpg,IMG_1357_a815d20f,Necklace,2,train,dataset1
DS1_IMG_002183,train/Necklace/IMG_1357_a815d20f_JPG.rf.c392c87f614dedbe2d40cbde3795a2d3.jpg,IMG_1357_a815d20f,Necklace,2,train,dataset1
DS1_IMG_002184,train/Necklace/IMG_1357_a815d20f_JPG.rf.c5140abffde507962ce8405c0f0a4d2a.jpg,IMG_1357_a815d20f,Necklace,2,train,dataset1
DS1_IMG_002185,train/Necklace/IMG_1359_9feef6f7_JPG.rf.643c31f3fae8ee38b96b68967a561301.jpg,IMG_1359_9feef6f7,Necklace,2,train,dataset1
DS1_IMG_002186,train/Necklace/IMG_1359_9feef6f7_JPG.rf.86746dbdb7d764e9863fd7a6db5772ba.jpg,IMG_1359_9feef6f7,Necklace,2,train,dataset1
DS1_IMG_002187,train/Necklace/IMG_1359_9feef6f7_JPG.rf.a92a06cda20ed92be32eab0cafc509fe.jpg,IMG_1359_9feef6f7,Necklace,2,train,dataset1
DS1_IMG_002188,train/Necklace/IMG_1371_c4aa0275_JPG.rf.10dcb1468c9ebc98119bb527a7412807.jpg,IMG_1371_c4aa0275,Necklace,2,train,dataset1
DS1_IMG_002189,train/Necklace/IMG_1371_c4aa0275_JPG.rf.3551557f94f19a6bef87dd34e4bbbaff.jpg,IMG_1371_c4aa0275,Necklace,2,train,dataset1
DS1_IMG_002190,train/Necklace/IMG_1371_c4aa0275_JPG.rf.d33765d89347f8a401ff02b683b65936.jpg,IMG_1371_c4aa0275,Necklace,2,train,dataset1
DS1_IMG_002191,train/Necklace/IMG_1374_d961f0cb_JPG.rf.0c1d533445a0f910f66669211b4794d6.jpg,IMG_1374_d961f0cb,Necklace,2,train,dataset1
DS1_IMG_002192,train/Necklace/IMG_1374_d961f0cb_JPG.rf.4ae575d6b14be3d4a7975b17646eb5db.jpg,IMG_1374_d961f0cb,Necklace,2,train,dataset1
DS1_IMG_002193,train/Necklace/IMG_1374_d961f0cb_JPG.rf.92839b81a605bf8fc16772cbe5b1b473.jpg,IMG_1374_d961f0cb,Necklace,2,train,dataset1
DS1_IMG_002194,train/Necklace/IMG_1375_a9efde0a_JPG.rf.79902d385e129098a56ca596dcf20b83.jpg,IMG_1375_a9efde0a,Necklace,2,train,dataset1
DS1_IMG_002195,train/Necklace/IMG_1375_a9efde0a_JPG.rf.b85c1ce2c504553927f0e7bd7349e7cf.jpg,IMG_1375_a9efde0a,Necklace,2,train,dataset1
DS1_IMG_002196,train/Necklace/IMG_1375_a9efde0a_JPG.rf.e359b8bbb63ca5d73345f5b388a6caff.jpg,IMG_1375_a9efde0a,Necklace,2,train,dataset1
DS1_IMG_002197,train/Necklace/IMG_1381_a38c3673_JPG.rf.11a45205160ea47c01997cf82dd0e0d7.jpg,IMG_1381_a38c3673,Necklace,2,train,dataset1
DS1_IMG_002198,train/Necklace/IMG_1381_a38c3673_JPG.rf.a2b0148a9a080e1c077af56ffa6b2404.jpg,IMG_1381_a38c3673,Necklace,2,train,dataset1
DS1_IMG_002199,train/Necklace/IMG_1381_a38c3673_JPG.rf.e3264384fa060cf8855ad1b7d52af797.jpg,IMG_1381_a38c3673,Necklace,2,train,dataset1
DS1_IMG_002200,train/Necklace/IMG_1383_d2995f70_JPG.rf.449e210676f364ec06452460b0d8e8b3.jpg,IMG_1383_d2995f70,Necklace,2,train,dataset1
DS1_IMG_002201,train/Necklace/IMG_1383_d2995f70_JPG.rf.7117c8c7a03565497a8827651642e810.jpg,IMG_1383_d2995f70,Necklace,2,train,dataset1
DS1_IMG_002202,train/Necklace/IMG_1383_d2995f70_JPG.rf.8ad3b77ade1af94aed356b428f2d3244.jpg,IMG_1383_d2995f70,Necklace,2,train,dataset1
DS1_IMG_002203,train/Necklace/IMG_1384_a5dcb6bd_JPG.rf.56c57b932dcb451ac4a08ac36a43198e.jpg,IMG_1384_a5dcb6bd,Necklace,2,train,dataset1
DS1_IMG_002204,train/Necklace/IMG_1384_a5dcb6bd_JPG.rf.a7191ee5213c9788e2adc3c6551ae087.jpg,IMG_1384_a5dcb6bd,Necklace,2,train,dataset1
DS1_IMG_002205,train/Necklace/IMG_1384_a5dcb6bd_JPG.rf.a95fda3980d87feee2989a02767256ad.jpg,IMG_1384_a5dcb6bd,Necklace,2,train,dataset1
DS1_IMG_002206,train/Necklace/IMG_1396_89a03e43_JPG.rf.9e003e93286d7b17cabed8f6237118c0.jpg,IMG_1396_89a03e43,Necklace,2,train,dataset1
DS1_IMG_002207,train/Necklace/IMG_1396_89a03e43_JPG.rf.c95a03b49808c3877fe6d714ebf6de8f.jpg,IMG_1396_89a03e43,Necklace,2,train,dataset1
DS1_IMG_002208,train/Necklace/IMG_1396_89a03e43_JPG.rf.dcfe1031f417a5250fa2be0e6bad5e5f.jpg,IMG_1396_89a03e43,Necklace,2,train,dataset1
DS1_IMG_002209,train/Necklace/IMG_1397_967fc1a8_JPG.rf.269cbfddf50dfba80fba0fe98567e4e2.jpg,IMG_1397_967fc1a8,Necklace,2,train,dataset1
DS1_IMG_002210,train/Necklace/IMG_1397_967fc1a8_JPG.rf.bd43a23974914df72b51429c70723521.jpg,IMG_1397_967fc1a8,Necklace,2,train,dataset1
DS1_IMG_002211,train/Necklace/IMG_1397_967fc1a8_JPG.rf.db82882f4cfd1bf818b30f8200764ca5.jpg,IMG_1397_967fc1a8,Necklace,2,train,dataset1
DS1_IMG_002212,train/Necklace/IMG_1399_ec43f3b7_JPG.rf.1f12c888332d296dec0696e3e13c9a81.jpg,IMG_1399_ec43f3b7,Necklace,2,train,dataset1
DS1_IMG_002213,train/Necklace/IMG_1399_ec43f3b7_JPG.rf.95a6012165b724b9d9cda0d4f1082282.jpg,IMG_1399_ec43f3b7,Necklace,2,train,dataset1
DS1_IMG_002214,train/Necklace/IMG_1399_ec43f3b7_JPG.rf.dd56dd779675fec0e2a035ec5e51abad.jpg,IMG_1399_ec43f3b7,Necklace,2,train,dataset1
DS1_IMG_002215,train/Necklace/IMG_1400_56ff7cdf_JPG.rf.006bc919877ff0bc4cbf564439175b3a.jpg,IMG_1400_56ff7cdf,Necklace,2,train,dataset1
DS1_IMG_002216,train/Necklace/IMG_1400_56ff7cdf_JPG.rf.028ab9d81c0bb3afe364a3090120b16b.jpg,IMG_1400_56ff7cdf,Necklace,2,train,dataset1
DS1_IMG_002217,train/Necklace/IMG_1400_56ff7cdf_JPG.rf.2830a7dca5b7d13aa71c5846db5c5aff.jpg,IMG_1400_56ff7cdf,Necklace,2,train,dataset1
DS1_IMG_002218,train/Necklace/IMG_1401_21592662_JPG.rf.4905f655c0af239837c0e6e6eb2de686.jpg,IMG_1401_21592662,Necklace,2,train,dataset1
DS1_IMG_002219,train/Necklace/IMG_1401_21592662_JPG.rf.81d8dcbb20daa21f6ccbf1159caa26a5.jpg,IMG_1401_21592662,Necklace,2,train,dataset1
DS1_IMG_002220,train/Necklace/IMG_1401_21592662_JPG.rf.a7fc70901b9e366173784119c2494126.jpg,IMG_1401_21592662,Necklace,2,train,dataset1
DS1_IMG_002221,train/Necklace/IMG_1405_5541fb44_JPG.rf.07830fe96b782b238da5c4ff0d348c15.jpg,IMG_1405_5541fb44,Necklace,2,train,dataset1
DS1_IMG_002222,train/Necklace/IMG_1405_5541fb44_JPG.rf.0fa2ef4ad033e8b2c2ebd7a65620ba18.jpg,IMG_1405_5541fb44,Necklace,2,train,dataset1
DS1_IMG_002223,train/Necklace/IMG_1405_5541fb44_JPG.rf.599fbdf58dee9f01275147b0cb160943.jpg,IMG_1405_5541fb44,Necklace,2,train,dataset1
DS1_IMG_002224,train/Necklace/IMG_1415_be6e8509_JPG.rf.163a0e7b665844d4a814248fe8cadbd3.jpg,IMG_1415_be6e8509,Necklace,2,train,dataset1
DS1_IMG_002225,train/Necklace/IMG_1415_be6e8509_JPG.rf.a0bc886fa40e232df0792644153b9598.jpg,IMG_1415_be6e8509,Necklace,2,train,dataset1
DS1_IMG_002226,train/Necklace/IMG_1415_be6e8509_JPG.rf.a9e58f5f1eaddb04c28a429a39bc00d8.jpg,IMG_1415_be6e8509,Necklace,2,train,dataset1
DS1_IMG_002227,train/Necklace/IMG_1416_f7a2507a_JPG.rf.098977c1e947f7037bdefcfef7cfed5a.jpg,IMG_1416_f7a2507a,Necklace,2,train,dataset1
DS1_IMG_002228,train/Necklace/IMG_1416_f7a2507a_JPG.rf.09bb97aa8fd9f95e8a4481a25787dd55.jpg,IMG_1416_f7a2507a,Necklace,2,train,dataset1
DS1_IMG_002229,train/Necklace/IMG_1416_f7a2507a_JPG.rf.cd5064986c065e2c2387a73d37cf04ae.jpg,IMG_1416_f7a2507a,Necklace,2,train,dataset1
DS1_IMG_002230,train/Necklace/IMG_1417_36151206_JPG.rf.10fa9c26cd6b077dba3c710d0a4019ce.jpg,IMG_1417_36151206,Necklace,2,train,dataset1
DS1_IMG_002231,train/Necklace/IMG_1417_36151206_JPG.rf.76076cf50c9bee5071ba9aee0d0b97b6.jpg,IMG_1417_36151206,Necklace,2,train,dataset1
DS1_IMG_002232,train/Necklace/IMG_1417_36151206_JPG.rf.b66537f8fedfddc97f70327696c3ff37.jpg,IMG_1417_36151206,Necklace,2,train,dataset1
DS1_IMG_002233,train/Necklace/IMG_1418_e024fd67_JPG.rf.02e67348c2911bcc34fdacead5ce6d88.jpg,IMG_1418_e024fd67,Necklace,2,train,dataset1
DS1_IMG_002234,train/Necklace/IMG_1418_e024fd67_JPG.rf.c8d91aa827a60f2972eb9bf08880edd5.jpg,IMG_1418_e024fd67,Necklace,2,train,dataset1
DS1_IMG_002235,train/Necklace/IMG_1418_e024fd67_JPG.rf.d35a364af4f8223ce1280a5d0c2a261d.jpg,IMG_1418_e024fd67,Necklace,2,train,dataset1
DS1_IMG_002236,train/Necklace/IMG_1419_5168252a_JPG.rf.0ed48d98065924f6b1c45ee161ca12b7.jpg,IMG_1419_5168252a,Necklace,2,train,dataset1
DS1_IMG_002237,train/Necklace/IMG_1419_5168252a_JPG.rf.726024e10d7a7332bd2d80be4c0b39f0.jpg,IMG_1419_5168252a,Necklace,2,train,dataset1
DS1_IMG_002238,train/Necklace/IMG_1419_5168252a_JPG.rf.d5f666401a2e850c598ba87450f7c735.jpg,IMG_1419_5168252a,Necklace,2,train,dataset1
DS1_IMG_002239,train/Necklace/IMG_1420_38ab7dc3_JPG.rf.2ba30a8ed0a918b8b05268bd26403633.jpg,IMG_1420_38ab7dc3,Necklace,2,train,dataset1
DS1_IMG_002240,train/Necklace/IMG_1420_38ab7dc3_JPG.rf.3bab46cb4ebf2bc980813b5f43ad8aa8.jpg,IMG_1420_38ab7dc3,Necklace,2,train,dataset1
DS1_IMG_002241,train/Necklace/IMG_1420_38ab7dc3_JPG.rf.ed12e653d15d341363859831d229e727.jpg,IMG_1420_38ab7dc3,Necklace,2,train,dataset1
DS1_IMG_002242,train/Necklace/IMG_1422_cf8efbc5_JPG.rf.1d3e491e6cdf288e466b98b278af6e07.jpg,IMG_1422_cf8efbc5,Necklace,2,train,dataset1
DS1_IMG_002243,train/Necklace/IMG_1422_cf8efbc5_JPG.rf.64ffbf374094149258793b1932c9f321.jpg,IMG_1422_cf8efbc5,Necklace,2,train,dataset1
DS1_IMG_002244,train/Necklace/IMG_1422_cf8efbc5_JPG.rf.a237b9101a02832e52fbf8135cf62557.jpg,IMG_1422_cf8efbc5,Necklace,2,train,dataset1
DS1_IMG_002245,train/Necklace/IMG_1423_06b4257e_JPG.rf.4bd6f40293a88fdfa52edf8dc38063f1.jpg,IMG_1423_06b4257e,Necklace,2,train,dataset1
DS1_IMG_002246,train/Necklace/IMG_1423_06b4257e_JPG.rf.6f8a5b75c3c39bd25d1f27fe02f7088c.jpg,IMG_1423_06b4257e,Necklace,2,train,dataset1
DS1_IMG_002247,train/Necklace/IMG_1423_06b4257e_JPG.rf.9d9ccac59dbba347dd60e88bb22d52bb.jpg,IMG_1423_06b4257e,Necklace,2,train,dataset1
DS1_IMG_002248,train/Necklace/IMG_1425_afa4cc70_JPG.rf.08d59abd31ab06b64850ec898f5e063c.jpg,IMG_1425_afa4cc70,Necklace,2,train,dataset1
DS1_IMG_002249,train/Necklace/IMG_1425_afa4cc70_JPG.rf.71e6cb1f53c1b744893bcd5788dda297.jpg,IMG_1425_afa4cc70,Necklace,2,train,dataset1
DS1_IMG_002250,train/Necklace/IMG_1425_afa4cc70_JPG.rf.d38554947cc1cfd6e82a52f92fb72850.jpg,IMG_1425_afa4cc70,Necklace,2,train,dataset1
DS1_IMG_002251,train/Necklace/IMG_1426_737cab57_JPG.rf.35998c0e5d9f5d2031880f245001d6e4.jpg,IMG_1426_737cab57,Necklace,2,train,dataset1
DS1_IMG_002252,train/Necklace/IMG_1426_737cab57_JPG.rf.5ba80de8b7089ae4c9b71de18ba0e23e.jpg,IMG_1426_737cab57,Necklace,2,train,dataset1
DS1_IMG_002253,train/Necklace/IMG_1426_737cab57_JPG.rf.8ef5096391e410a1425fa76c92617ebd.jpg,IMG_1426_737cab57,Necklace,2,train,dataset1
DS1_IMG_002254,train/Necklace/IMG_1427_cdea756b_JPG.rf.5f1474c97047f616addd6ec9c9cff1e9.jpg,IMG_1427_cdea756b,Necklace,2,train,dataset1
DS1_IMG_002255,train/Necklace/IMG_1427_cdea756b_JPG.rf.855c0acea717f8f6f124f9b182d85111.jpg,IMG_1427_cdea756b,Necklace,2,train,dataset1
DS1_IMG_002256,train/Necklace/IMG_1427_cdea756b_JPG.rf.e38813e34b9a78447680757c5e190464.jpg,IMG_1427_cdea756b,Necklace,2,train,dataset1
DS1_IMG_002257,train/Necklace/IMG_1428_5e4c7d87_JPG.rf.0692f98e7f164d4f576d19553dd2f057.jpg,IMG_1428_5e4c7d87,Necklace,2,train,dataset1
DS1_IMG_002258,train/Necklace/IMG_1428_5e4c7d87_JPG.rf.3b15b8e1f082e62d76b6cf19f5764f51.jpg,IMG_1428_5e4c7d87,Necklace,2,train,dataset1
DS1_IMG_002259,train/Necklace/IMG_1428_5e4c7d87_JPG.rf.c300883440aaeaeb26acd1d558afd8f4.jpg,IMG_1428_5e4c7d87,Necklace,2,train,dataset1
DS1_IMG_002260,train/Necklace/IMG_1433_eb6c3a20_JPG.rf.a7f862dbff991dc7c96529113242cf66.jpg,IMG_1433_eb6c3a20,Necklace,2,train,dataset1
DS1_IMG_002261,train/Necklace/IMG_1433_eb6c3a20_JPG.rf.e14bd12f604b9199a4a527323ddbd1b9.jpg,IMG_1433_eb6c3a20,Necklace,2,train,dataset1
DS1_IMG_002262,train/Necklace/IMG_1433_eb6c3a20_JPG.rf.ea5640db337b0bf9e728ac082890945c.jpg,IMG_1433_eb6c3a20,Necklace,2,train,dataset1
DS1_IMG_002263,train/Necklace/IMG_1434_690fd9a5_JPG.rf.3171e1ca64788b7061ffa5e2592a9fe0.jpg,IMG_1434_690fd9a5,Necklace,2,train,dataset1
DS1_IMG_002264,train/Necklace/IMG_1434_690fd9a5_JPG.rf.b595e1e914af895b7ce202bf39202300.jpg,IMG_1434_690fd9a5,Necklace,2,train,dataset1
DS1_IMG_002265,train/Necklace/IMG_1434_690fd9a5_JPG.rf.cfbd94c4c47846344c4d3109d7f5bf95.jpg,IMG_1434_690fd9a5,Necklace,2,train,dataset1
DS1_IMG_002266,train/Necklace/IMG_1435_aec49ee8_JPG.rf.300fe9abc5a4aea5bcd9210a0cb249c3.jpg,IMG_1435_aec49ee8,Necklace,2,train,dataset1
DS1_IMG_002267,train/Necklace/IMG_1435_aec49ee8_JPG.rf.770809ac0cf724ec8285a34089ff162a.jpg,IMG_1435_aec49ee8,Necklace,2,train,dataset1
DS1_IMG_002268,train/Necklace/IMG_1435_aec49ee8_JPG.rf.9609b037c97703d54246b09a2b280f45.jpg,IMG_1435_aec49ee8,Necklace,2,train,dataset1
DS1_IMG_002269,train/Necklace/IMG_1437_cbc308b5_JPG.rf.09790643ce5fee82c54347651f4bdb1a.jpg,IMG_1437_cbc308b5,Necklace,2,train,dataset1
DS1_IMG_002270,train/Necklace/IMG_1437_cbc308b5_JPG.rf.312ad1c157143c90251f41bd55b74a87.jpg,IMG_1437_cbc308b5,Necklace,2,train,dataset1
DS1_IMG_002271,train/Necklace/IMG_1437_cbc308b5_JPG.rf.6b408fd669829811d279213931e9775b.jpg,IMG_1437_cbc308b5,Necklace,2,train,dataset1
DS1_IMG_002272,train/Necklace/IMG_1442_e0bc488a_JPG.rf.004a548de582b60479e17715cac61373.jpg,IMG_1442_e0bc488a,Necklace,2,train,dataset1
DS1_IMG_002273,train/Necklace/IMG_1442_e0bc488a_JPG.rf.4327e51e0aca84a6969727fbe3387de6.jpg,IMG_1442_e0bc488a,Necklace,2,train,dataset1
DS1_IMG_002274,train/Necklace/IMG_1442_e0bc488a_JPG.rf.9ea6aa150edc4c33a97a1c6a083bb775.jpg,IMG_1442_e0bc488a,Necklace,2,train,dataset1
DS1_IMG_002275,train/Necklace/IMG_1444_95c54494_JPG.rf.10fe729a529632c8f5d83a76e87b444c.jpg,IMG_1444_95c54494,Necklace,2,train,dataset1
DS1_IMG_002276,train/Necklace/IMG_1444_95c54494_JPG.rf.48243a07f7a6e7889058198b0b555e64.jpg,IMG_1444_95c54494,Necklace,2,train,dataset1
DS1_IMG_002277,train/Necklace/IMG_1444_95c54494_JPG.rf.79230b8cb45acebaf33a10d670846ab6.jpg,IMG_1444_95c54494,Necklace,2,train,dataset1
DS1_IMG_002278,train/Necklace/IMG_1445_78f0e344_JPG.rf.177977fc0d12ae7776c92c73d27943d4.jpg,IMG_1445_78f0e344,Necklace,2,train,dataset1
DS1_IMG_002279,train/Necklace/IMG_1445_78f0e344_JPG.rf.5727cb3d2008388d3f0bc36666bf9f22.jpg,IMG_1445_78f0e344,Necklace,2,train,dataset1
DS1_IMG_002280,train/Necklace/IMG_1445_78f0e344_JPG.rf.d85829c54e7d5e97a94a35f27bb59ae7.jpg,IMG_1445_78f0e344,Necklace,2,train,dataset1
DS1_IMG_002281,train/Necklace/IMG_1449_3b359112_JPG.rf.1cbf74f0633e8d05abbab69c012254ef.jpg,IMG_1449_3b359112,Necklace,2,train,dataset1
DS1_IMG_002282,train/Necklace/IMG_1449_3b359112_JPG.rf.27b00a5f4516c475fd6817f5d9401e50.jpg,IMG_1449_3b359112,Necklace,2,train,dataset1
DS1_IMG_002283,train/Necklace/IMG_1449_3b359112_JPG.rf.ef4b75ef0f54dde2bbaac593dd82f79b.jpg,IMG_1449_3b359112,Necklace,2,train,dataset1
DS1_IMG_002284,train/Necklace/IMG_1453_4a0ca50d_JPG.rf.768faff1f844fddd3c787796fa815249.jpg,IMG_1453_4a0ca50d,Necklace,2,train,dataset1
DS1_IMG_002285,train/Necklace/IMG_1453_4a0ca50d_JPG.rf.c421f2dcd3f636a74bb8dc2082534f9f.jpg,IMG_1453_4a0ca50d,Necklace,2,train,dataset1
DS1_IMG_002286,train/Necklace/IMG_1453_4a0ca50d_JPG.rf.dc8cba26c7ff621bc6db662ad8eb26e1.jpg,IMG_1453_4a0ca50d,Necklace,2,train,dataset1
DS1_IMG_002287,train/Necklace/IMG_1454_66a32aea_JPG.rf.2c6fd0c35c0ce59e8c77b466a4386fab.jpg,IMG_1454_66a32aea,Necklace,2,train,dataset1
DS1_IMG_002288,train/Necklace/IMG_1454_66a32aea_JPG.rf.a8b1283d27586e62d7a3e8dfcd074d03.jpg,IMG_1454_66a32aea,Necklace,2,train,dataset1
DS1_IMG_002289,train/Necklace/IMG_1454_66a32aea_JPG.rf.a9da20a4d24ee23751a89b0ddebca639.jpg,IMG_1454_66a32aea,Necklace,2,train,dataset1
DS1_IMG_002290,train/Necklace/IMG_1455_0130a1fb_JPG.rf.5a9e2f67e63bcca30f47278738768cbe.jpg,IMG_1455_0130a1fb,Necklace,2,train,dataset1
DS1_IMG_002291,train/Necklace/IMG_1455_0130a1fb_JPG.rf.97b50225c064fba957795fb2742088ff.jpg,IMG_1455_0130a1fb,Necklace,2,train,dataset1
DS1_IMG_002292,train/Necklace/IMG_1455_0130a1fb_JPG.rf.982ec6ff6914aafa833ae9bf623b7cc5.jpg,IMG_1455_0130a1fb,Necklace,2,train,dataset1
DS1_IMG_002293,train/Necklace/IMG_1456_e4316976_JPG.rf.0b96be4a615319a54145b2fcf018dcd9.jpg,IMG_1456_e4316976,Necklace,2,train,dataset1
DS1_IMG_002294,train/Necklace/IMG_1456_e4316976_JPG.rf.c60c51e3a4d6f2dff5ad63a241f3c72d.jpg,IMG_1456_e4316976,Necklace,2,train,dataset1
DS1_IMG_002295,train/Necklace/IMG_1456_e4316976_JPG.rf.dbe96012f77c4e877143e9073b08d5ce.jpg,IMG_1456_e4316976,Necklace,2,train,dataset1
DS1_IMG_002296,train/Necklace/IMG_1459_fe4145cc_JPG.rf.8e7855a63d21a00a66a0380c42230cb8.jpg,IMG_1459_fe4145cc,Necklace,2,train,dataset1
DS1_IMG_002297,train/Necklace/IMG_1459_fe4145cc_JPG.rf.bd0ea42f3efe2de052410d76962eece3.jpg,IMG_1459_fe4145cc,Necklace,2,train,dataset1
DS1_IMG_002298,train/Necklace/IMG_1459_fe4145cc_JPG.rf.fbaeb9b0a04cdc06119d2a27dfa9848c.jpg,IMG_1459_fe4145cc,Necklace,2,train,dataset1
DS1_IMG_002299,train/Necklace/IMG_1462_75d8e03c_JPG.rf.1a8d738f4c6ba5f513b93d3a246cd684.jpg,IMG_1462_75d8e03c,Necklace,2,train,dataset1
DS1_IMG_002300,train/Necklace/IMG_1462_75d8e03c_JPG.rf.2396afbec580d5967bd6cca34d805ff9.jpg,IMG_1462_75d8e03c,Necklace,2,train,dataset1
DS1_IMG_002301,train/Necklace/IMG_1462_75d8e03c_JPG.rf.add9844896e388423c6331cb1d6008ba.jpg,IMG_1462_75d8e03c,Necklace,2,train,dataset1
DS1_IMG_002302,train/Necklace/IMG_1463_ad1463d3_JPG.rf.b6dcaada2fe1c2a896a66a3e5c70cd28.jpg,IMG_1463_ad1463d3,Necklace,2,train,dataset1
DS1_IMG_002303,train/Necklace/IMG_1463_ad1463d3_JPG.rf.ddedcb9b6e805163a2f3b82c519a72d0.jpg,IMG_1463_ad1463d3,Necklace,2,train,dataset1
DS1_IMG_002304,train/Necklace/IMG_1463_ad1463d3_JPG.rf.e553bc50855fa24fcd25d3d2527bbe57.jpg,IMG_1463_ad1463d3,Necklace,2,train,dataset1
DS1_IMG_002305,train/Necklace/IMG_1470_f4ebcbcc_JPG.rf.4873ce0ca80380c21ae400725ce28fd4.jpg,IMG_1470_f4ebcbcc,Necklace,2,train,dataset1
DS1_IMG_002306,train/Necklace/IMG_1470_f4ebcbcc_JPG.rf.92ec267ee84ccfec87d53495e7fb6910.jpg,IMG_1470_f4ebcbcc,Necklace,2,train,dataset1
DS1_IMG_002307,train/Necklace/IMG_1470_f4ebcbcc_JPG.rf.f25b464757a7bce924aa279fffc8f754.jpg,IMG_1470_f4ebcbcc,Necklace,2,train,dataset1
DS1_IMG_002308,train/Necklace/IMG_1472_e366edf3_JPG.rf.8fc53fc2b02550ef6498b30de1dd76d1.jpg,IMG_1472_e366edf3,Necklace,2,train,dataset1
DS1_IMG_002309,train/Necklace/IMG_1472_e366edf3_JPG.rf.dd85e2cd15f39bbe0cc1049a20139d62.jpg,IMG_1472_e366edf3,Necklace,2,train,dataset1
DS1_IMG_002310,train/Necklace/IMG_1472_e366edf3_JPG.rf.e593b88eef1357a3d343daf659eb6813.jpg,IMG_1472_e366edf3,Necklace,2,train,dataset1
DS1_IMG_002311,train/Necklace/IMG_1473_ca12a281_JPG.rf.1403e8e80e7a4e6ccce94ff1517a33a2.jpg,IMG_1473_ca12a281,Necklace,2,train,dataset1
DS1_IMG_002312,train/Necklace/IMG_1473_ca12a281_JPG.rf.8748ad64272a848892afc60dc6248714.jpg,IMG_1473_ca12a281,Necklace,2,train,dataset1
DS1_IMG_002313,train/Necklace/IMG_1473_ca12a281_JPG.rf.c63195df17349dd8ef1584bdd0d3b8ef.jpg,IMG_1473_ca12a281,Necklace,2,train,dataset1
DS1_IMG_002314,train/Necklace/IMG_1479_dbef442c_JPG.rf.0425621e8d14da8d9969a28b67aedefa.jpg,IMG_1479_dbef442c,Necklace,2,train,dataset1
DS1_IMG_002315,train/Necklace/IMG_1479_dbef442c_JPG.rf.679cb7e0c85ac419742c0c27cb1e4b93.jpg,IMG_1479_dbef442c,Necklace,2,train,dataset1
DS1_IMG_002316,train/Necklace/IMG_1479_dbef442c_JPG.rf.7e4de2a326fd9dd23d6a18ead82a3a93.jpg,IMG_1479_dbef442c,Necklace,2,train,dataset1
DS1_IMG_002317,train/Necklace/IMG_1480_5340f091_JPG.rf.1b2813dfddccbab3d75d6068b564dade.jpg,IMG_1480_5340f091,Necklace,2,train,dataset1
DS1_IMG_002318,train/Necklace/IMG_1480_5340f091_JPG.rf.2dc083dc8334d46863177d69e25750b9.jpg,IMG_1480_5340f091,Necklace,2,train,dataset1
DS1_IMG_002319,train/Necklace/IMG_1480_5340f091_JPG.rf.966527eb24dd7e9d684355329fbeada0.jpg,IMG_1480_5340f091,Necklace,2,train,dataset1
DS1_IMG_002320,train/Necklace/IMG_1485_00597536_JPG.rf.575739e41dfa9978e9f8d1f6ca44c6c9.jpg,IMG_1485_00597536,Necklace,2,train,dataset1
DS1_IMG_002321,train/Necklace/IMG_1485_00597536_JPG.rf.aaf6782a9e59e2eb73ead70e1ad560ba.jpg,IMG_1485_00597536,Necklace,2,train,dataset1
DS1_IMG_002322,train/Necklace/IMG_1485_00597536_JPG.rf.c1a1d9cf320fc0dff151d9f67d233316.jpg,IMG_1485_00597536,Necklace,2,train,dataset1
DS1_IMG_002323,train/Necklace/IMG_1486_9788ba28_JPG.rf.530ba76eba27b6c9c46cbcb8d0465fcb.jpg,IMG_1486_9788ba28,Necklace,2,train,dataset1
DS1_IMG_002324,train/Necklace/IMG_1486_9788ba28_JPG.rf.92fb904ad26011d8872c4411f9685ee1.jpg,IMG_1486_9788ba28,Necklace,2,train,dataset1
DS1_IMG_002325,train/Necklace/IMG_1486_9788ba28_JPG.rf.c55be8d6ddc4eeec1cff4ee504fe085b.jpg,IMG_1486_9788ba28,Necklace,2,train,dataset1
DS1_IMG_002326,train/Necklace/IMG_1489_4f181c16_JPG.rf.0fce2d64116e76cabd2effb73a5219ee.jpg,IMG_1489_4f181c16,Necklace,2,train,dataset1
DS1_IMG_002327,train/Necklace/IMG_1489_4f181c16_JPG.rf.66361e7c1de96ba1854d82b522eae1fb.jpg,IMG_1489_4f181c16,Necklace,2,train,dataset1
DS1_IMG_002328,train/Necklace/IMG_1489_4f181c16_JPG.rf.8e130a6a5dbf59a7f9d05212a1c68152.jpg,IMG_1489_4f181c16,Necklace,2,train,dataset1
DS1_IMG_002329,train/Necklace/IMG_1490_e62643b3_JPG.rf.00ef698a2e6449358dd0f4046e71c2a5.jpg,IMG_1490_e62643b3,Necklace,2,train,dataset1
DS1_IMG_002330,train/Necklace/IMG_1490_e62643b3_JPG.rf.04a8a6c7833b56cbdd2e73bb82cede15.jpg,IMG_1490_e62643b3,Necklace,2,train,dataset1
DS1_IMG_002331,train/Necklace/IMG_1490_e62643b3_JPG.rf.8a2e4b331c719666df7cfeb497ba0b92.jpg,IMG_1490_e62643b3,Necklace,2,train,dataset1
DS1_IMG_002332,train/Necklace/IMG_1492_e5ad24ca_JPG.rf.c54d5f57d5c4fe423a381bcb6f2efacf.jpg,IMG_1492_e5ad24ca,Necklace,2,train,dataset1
DS1_IMG_002333,train/Necklace/IMG_1492_e5ad24ca_JPG.rf.cc28998b082e158527783936cf13e5b7.jpg,IMG_1492_e5ad24ca,Necklace,2,train,dataset1
DS1_IMG_002334,train/Necklace/IMG_1492_e5ad24ca_JPG.rf.cd2c0547be715421e4233c6a28d667aa.jpg,IMG_1492_e5ad24ca,Necklace,2,train,dataset1
DS1_IMG_002335,train/Necklace/IMG_1494_8c69fd98_JPG.rf.c873bccf3d1cbfcaf26a0cced9317ca1.jpg,IMG_1494_8c69fd98,Necklace,2,train,dataset1
DS1_IMG_002336,train/Necklace/IMG_1494_8c69fd98_JPG.rf.e4039dd2ffd73899e32d68cc78610db4.jpg,IMG_1494_8c69fd98,Necklace,2,train,dataset1
DS1_IMG_002337,train/Necklace/IMG_1494_8c69fd98_JPG.rf.e8e93508717449a9b8eaaf26a04284f1.jpg,IMG_1494_8c69fd98,Necklace,2,train,dataset1
DS1_IMG_002338,train/Necklace/IMG_1496_85f14f8c_JPG.rf.4e748f33c7d485afd9c0f7ec050bf471.jpg,IMG_1496_85f14f8c,Necklace,2,train,dataset1
DS1_IMG_002339,train/Necklace/IMG_1496_85f14f8c_JPG.rf.c91427ac2ef73292aca418a810521ff9.jpg,IMG_1496_85f14f8c,Necklace,2,train,dataset1
DS1_IMG_002340,train/Necklace/IMG_1496_85f14f8c_JPG.rf.f46d4f10a662c82a49bb1c6d436fea2b.jpg,IMG_1496_85f14f8c,Necklace,2,train,dataset1
DS1_IMG_002341,train/Necklace/IMG_1497_29f8159d_JPG.rf.075f583137bbdef2691a2cb3d0b61090.jpg,IMG_1497_29f8159d,Necklace,2,train,dataset1
DS1_IMG_002342,train/Necklace/IMG_1497_29f8159d_JPG.rf.6940a95a1333bd46530a6b4a6dc22436.jpg,IMG_1497_29f8159d,Necklace,2,train,dataset1
DS1_IMG_002343,train/Necklace/IMG_1497_29f8159d_JPG.rf.f995bd14fcb0fb6b38a2c18553c681c9.jpg,IMG_1497_29f8159d,Necklace,2,train,dataset1
DS1_IMG_002344,train/Necklace/IMG_1498_35b77cf3_JPG.rf.811e86a9cffac71e5df8c6d0505f6a99.jpg,IMG_1498_35b77cf3,Necklace,2,train,dataset1
DS1_IMG_002345,train/Necklace/IMG_1498_35b77cf3_JPG.rf.c9854c3ee9b2bc5df42a1c06c534c081.jpg,IMG_1498_35b77cf3,Necklace,2,train,dataset1
DS1_IMG_002346,train/Necklace/IMG_1498_35b77cf3_JPG.rf.d655dcc2eb99c4d2f079565014c64080.jpg,IMG_1498_35b77cf3,Necklace,2,train,dataset1
DS1_IMG_002347,train/Necklace/IMG_1501_db1caed6_JPG.rf.3ad2aedfc3562f26717ec6b93f7fe33f.jpg,IMG_1501_db1caed6,Necklace,2,train,dataset1
DS1_IMG_002348,train/Necklace/IMG_1501_db1caed6_JPG.rf.efa0cff98c8e01bdcc7473eac34879b1.jpg,IMG_1501_db1caed6,Necklace,2,train,dataset1
DS1_IMG_002349,train/Necklace/IMG_1501_db1caed6_JPG.rf.f2bac49fca3e9d2352f41ee6432b553d.jpg,IMG_1501_db1caed6,Necklace,2,train,dataset1
DS1_IMG_002350,train/Necklace/IMG_1502_42366e19_JPG.rf.a2b1fc17d2198ae85fc3c71ce7dcc624.jpg,IMG_1502_42366e19,Necklace,2,train,dataset1
DS1_IMG_002351,train/Necklace/IMG_1502_42366e19_JPG.rf.c94452985967e0794f7941ff8401687d.jpg,IMG_1502_42366e19,Necklace,2,train,dataset1
DS1_IMG_002352,train/Necklace/IMG_1502_42366e19_JPG.rf.caa955640797f2f6852b9220deffb32f.jpg,IMG_1502_42366e19,Necklace,2,train,dataset1
DS1_IMG_002353,train/Necklace/IMG_1503_7c88ee1e_JPG.rf.abd0d8a6d0755d23325d8b8e2e21bc42.jpg,IMG_1503_7c88ee1e,Necklace,2,train,dataset1
DS1_IMG_002354,train/Necklace/IMG_1503_7c88ee1e_JPG.rf.c330f313e6fb63482d9670399afb9e24.jpg,IMG_1503_7c88ee1e,Necklace,2,train,dataset1
DS1_IMG_002355,train/Necklace/IMG_1503_7c88ee1e_JPG.rf.f1ece2d0f9b508ebd4346ed3ee17e746.jpg,IMG_1503_7c88ee1e,Necklace,2,train,dataset1
DS1_IMG_002356,train/Necklace/IMG_1504_2a4e4e87_JPG.rf.3a019551dc7d599ac39ffdce2b7d642a.jpg,IMG_1504_2a4e4e87,Necklace,2,train,dataset1
DS1_IMG_002357,train/Necklace/IMG_1504_2a4e4e87_JPG.rf.a1e6fc0d5c2491c61a78cb4a71386c12.jpg,IMG_1504_2a4e4e87,Necklace,2,train,dataset1
DS1_IMG_002358,train/Necklace/IMG_1504_2a4e4e87_JPG.rf.ec89cc32b19303ad53d4b4e025d362b9.jpg,IMG_1504_2a4e4e87,Necklace,2,train,dataset1
DS1_IMG_002359,train/Necklace/IMG_1505_3d0b0679_JPG.rf.be8e29f090cb0e671e4da888965907ca.jpg,IMG_1505_3d0b0679,Necklace,2,train,dataset1
DS1_IMG_002360,train/Necklace/IMG_1505_3d0b0679_JPG.rf.ebcd3bd63c13be81e174c296ab9395fc.jpg,IMG_1505_3d0b0679,Necklace,2,train,dataset1
DS1_IMG_002361,train/Necklace/IMG_1505_3d0b0679_JPG.rf.f00a314fc37309c3c4b66b549d57f0e9.jpg,IMG_1505_3d0b0679,Necklace,2,train,dataset1
DS1_IMG_002362,train/Necklace/IMG_1506_0374e2bd_JPG.rf.0cf189f4e979ed3042b3e10d5e1e6901.jpg,IMG_1506_0374e2bd,Necklace,2,train,dataset1
DS1_IMG_002363,train/Necklace/IMG_1506_0374e2bd_JPG.rf.9ac954c93b62a0a76760c13e1f5de796.jpg,IMG_1506_0374e2bd,Necklace,2,train,dataset1
DS1_IMG_002364,train/Necklace/IMG_1506_0374e2bd_JPG.rf.d83800a49a654952917d89cffc189403.jpg,IMG_1506_0374e2bd,Necklace,2,train,dataset1
DS1_IMG_002365,train/Necklace/IMG_1507_fd8f9e4f_JPG.rf.10f0e0c0836b3cd4c03c2e1c81128fc0.jpg,IMG_1507_fd8f9e4f,Necklace,2,train,dataset1
DS1_IMG_002366,train/Necklace/IMG_1507_fd8f9e4f_JPG.rf.9af8a79c8680748ff8cec7e57c85acc8.jpg,IMG_1507_fd8f9e4f,Necklace,2,train,dataset1
DS1_IMG_002367,train/Necklace/IMG_1507_fd8f9e4f_JPG.rf.bd9f3429636023f649eaf1fccf435b5b.jpg,IMG_1507_fd8f9e4f,Necklace,2,train,dataset1
DS1_IMG_002368,train/Necklace/IMG_1509_313cb201_JPG.rf.552007b2f4733e2d2e2d4a9673abd42a.jpg,IMG_1509_313cb201,Necklace,2,train,dataset1
DS1_IMG_002369,train/Necklace/IMG_1509_313cb201_JPG.rf.6dd547b7aaf4efb35014f9a3ff8cc199.jpg,IMG_1509_313cb201,Necklace,2,train,dataset1
DS1_IMG_002370,train/Necklace/IMG_1509_313cb201_JPG.rf.94466ce5fc25714f2ca3cbc4835e5012.jpg,IMG_1509_313cb201,Necklace,2,train,dataset1
DS1_IMG_002371,train/Necklace/IMG_1514_c34815b0_JPG.rf.6cc8acf3e5c432caf9f54247973f368c.jpg,IMG_1514_c34815b0,Necklace,2,train,dataset1
DS1_IMG_002372,train/Necklace/IMG_1514_c34815b0_JPG.rf.ef8773fe9fc6db34681eca73181061cb.jpg,IMG_1514_c34815b0,Necklace,2,train,dataset1
DS1_IMG_002373,train/Necklace/IMG_1514_c34815b0_JPG.rf.f781f9232ea141730d9e02963fc8bfaa.jpg,IMG_1514_c34815b0,Necklace,2,train,dataset1
DS1_IMG_002374,train/Necklace/IMG_1516_91e67c23_JPG.rf.87e8a2a12e9e4478a308efd415a3c7f4.jpg,IMG_1516_91e67c23,Necklace,2,train,dataset1
DS1_IMG_002375,train/Necklace/IMG_1516_91e67c23_JPG.rf.d6ba25625c609131fb2de288dfcf81fd.jpg,IMG_1516_91e67c23,Necklace,2,train,dataset1
DS1_IMG_002376,train/Necklace/IMG_1516_91e67c23_JPG.rf.eacac70a668b292b05a0a624ac839170.jpg,IMG_1516_91e67c23,Necklace,2,train,dataset1
DS1_IMG_002377,train/Necklace/IMG_1517_78a814f8_JPG.rf.f3bb7aecff6c88573d7f4a204fb0c6a3.jpg,IMG_1517_78a814f8,Necklace,2,train,dataset1
DS1_IMG_002378,train/Necklace/IMG_1517_78a814f8_JPG.rf.f4ed6288982578bc99a422b96b010b63.jpg,IMG_1517_78a814f8,Necklace,2,train,dataset1
DS1_IMG_002379,train/Necklace/IMG_1517_78a814f8_JPG.rf.ff5fa3f2234718cb0f7a7c5b47b3500c.jpg,IMG_1517_78a814f8,Necklace,2,train,dataset1
DS1_IMG_002380,train/Necklace/IMG_1518_943d08e8_JPG.rf.8f0f2fb73f8f7409f9a57094fccb842b.jpg,IMG_1518_943d08e8,Necklace,2,train,dataset1
DS1_IMG_002381,train/Necklace/IMG_1518_943d08e8_JPG.rf.cfc53c11d4cc62b798bbd2d87f80c578.jpg,IMG_1518_943d08e8,Necklace,2,train,dataset1
DS1_IMG_002382,train/Necklace/IMG_1518_943d08e8_JPG.rf.f187972e3db2fd61b42c02cf64cf5896.jpg,IMG_1518_943d08e8,Necklace,2,train,dataset1
DS1_IMG_002383,train/Necklace/IMG_1519_1bc4479f_JPG.rf.0e68f005c1a411cf206854d36ce6deda.jpg,IMG_1519_1bc4479f,Necklace,2,train,dataset1
DS1_IMG_002384,train/Necklace/IMG_1519_1bc4479f_JPG.rf.70552bbb31c3f9f42ff22d331ac4ed07.jpg,IMG_1519_1bc4479f,Necklace,2,train,dataset1
DS1_IMG_002385,train/Necklace/IMG_1519_1bc4479f_JPG.rf.fbc49cb5eb945870e871f5c2a84ac947.jpg,IMG_1519_1bc4479f,Necklace,2,train,dataset1
DS1_IMG_002386,train/Necklace/IMG_1522_a06d2db5_JPG.rf.3018712d79ae5dc99608a3cad1bfba85.jpg,IMG_1522_a06d2db5,Necklace,2,train,dataset1
DS1_IMG_002387,train/Necklace/IMG_1522_a06d2db5_JPG.rf.5c0e5b7cbc4fd73afee51d0d471c1c8c.jpg,IMG_1522_a06d2db5,Necklace,2,train,dataset1
DS1_IMG_002388,train/Necklace/IMG_1522_a06d2db5_JPG.rf.a7363d75a0a722121e485b9d246e36d4.jpg,IMG_1522_a06d2db5,Necklace,2,train,dataset1
DS1_IMG_002389,train/Necklace/IMG_1526_713a4ad1_JPG.rf.4d1b04bf7071437719dc672c1bb84d71.jpg,IMG_1526_713a4ad1,Necklace,2,train,dataset1
DS1_IMG_002390,train/Necklace/IMG_1526_713a4ad1_JPG.rf.73a15ae72cdc7304bc017099955803c5.jpg,IMG_1526_713a4ad1,Necklace,2,train,dataset1
DS1_IMG_002391,train/Necklace/IMG_1526_713a4ad1_JPG.rf.e8b330013a3c8ecfcbdc87b26b3b7f77.jpg,IMG_1526_713a4ad1,Necklace,2,train,dataset1
DS1_IMG_002392,train/Necklace/IMG_1527_5469a3b3_JPG.rf.09d7607123185594d3a62142c99f6d12.jpg,IMG_1527_5469a3b3,Necklace,2,train,dataset1
DS1_IMG_002393,train/Necklace/IMG_1527_5469a3b3_JPG.rf.207cc2b86a5a7a381564a7f4b8657e84.jpg,IMG_1527_5469a3b3,Necklace,2,train,dataset1
DS1_IMG_002394,train/Necklace/IMG_1527_5469a3b3_JPG.rf.d447000b88d3ef23fc3efcd2b9863428.jpg,IMG_1527_5469a3b3,Necklace,2,train,dataset1
DS1_IMG_002395,train/Necklace/IMG_1529_9822ebb6_JPG.rf.341369bde69d2208c9d88e54d6645c89.jpg,IMG_1529_9822ebb6,Necklace,2,train,dataset1
DS1_IMG_002396,train/Necklace/IMG_1529_9822ebb6_JPG.rf.4d3386ea0b22e372dbcff37dec40913b.jpg,IMG_1529_9822ebb6,Necklace,2,train,dataset1
DS1_IMG_002397,train/Necklace/IMG_1529_9822ebb6_JPG.rf.5bd963d1a0cbe0f01c669bf7bfa59342.jpg,IMG_1529_9822ebb6,Necklace,2,train,dataset1
DS1_IMG_002398,train/Necklace/IMG_1536_7f9b1214_JPG.rf.35621582750bf9b2de223d13c5ebf11d.jpg,IMG_1536_7f9b1214,Necklace,2,train,dataset1
DS1_IMG_002399,train/Necklace/IMG_1536_7f9b1214_JPG.rf.921ac3dec68ad0444169f9058da4d2d2.jpg,IMG_1536_7f9b1214,Necklace,2,train,dataset1
DS1_IMG_002400,train/Necklace/IMG_1536_7f9b1214_JPG.rf.ba19161405df401f2bed48d234634e97.jpg,IMG_1536_7f9b1214,Necklace,2,train,dataset1
DS1_IMG_002401,train/Necklace/IMG_1539_876e76ca_JPG.rf.15cadbb46e1e6bcf870c55480944a5cb.jpg,IMG_1539_876e76ca,Necklace,2,train,dataset1
DS1_IMG_002402,train/Necklace/IMG_1539_876e76ca_JPG.rf.8271ad171b0e99fe65a8627f369eef97.jpg,IMG_1539_876e76ca,Necklace,2,train,dataset1
DS1_IMG_002403,train/Necklace/IMG_1539_876e76ca_JPG.rf.fa4ca683dd005c29286cbe030fe5d27c.jpg,IMG_1539_876e76ca,Necklace,2,train,dataset1
DS1_IMG_002404,train/Necklace/IMG_1541_7b49174a_JPG.rf.9a050c92c509ab457eb43073d44da3d6.jpg,IMG_1541_7b49174a,Necklace,2,train,dataset1
DS1_IMG_002405,train/Necklace/IMG_1541_7b49174a_JPG.rf.c3d4b529f567dfb5ed780efa1e6f4404.jpg,IMG_1541_7b49174a,Necklace,2,train,dataset1
DS1_IMG_002406,train/Necklace/IMG_1541_7b49174a_JPG.rf.f7c738c93a96308587fd239c6025aec7.jpg,IMG_1541_7b49174a,Necklace,2,train,dataset1
DS1_IMG_002407,train/Necklace/IMG_1542_c869448e_JPG.rf.1b7d85b0cf6b33424540078f6922ec08.jpg,IMG_1542_c869448e,Necklace,2,train,dataset1
DS1_IMG_002408,train/Necklace/IMG_1542_c869448e_JPG.rf.4e8c3c8f640b718ad048d1bd6c398846.jpg,IMG_1542_c869448e,Necklace,2,train,dataset1
DS1_IMG_002409,train/Necklace/IMG_1542_c869448e_JPG.rf.acde24c4ce669ccf57a82d942774ef84.jpg,IMG_1542_c869448e,Necklace,2,train,dataset1
DS1_IMG_002410,train/Necklace/IMG_1543_5ac56f1d_JPG.rf.4aca45f0468369ea9f02c0dfac95ce61.jpg,IMG_1543_5ac56f1d,Necklace,2,train,dataset1
DS1_IMG_002411,train/Necklace/IMG_1543_5ac56f1d_JPG.rf.5baa56e8e811be9803e239ad4480cca3.jpg,IMG_1543_5ac56f1d,Necklace,2,train,dataset1
DS1_IMG_002412,train/Necklace/IMG_1543_5ac56f1d_JPG.rf.a093bd71151ce8fd7a44df1789679459.jpg,IMG_1543_5ac56f1d,Necklace,2,train,dataset1
DS1_IMG_002413,train/Necklace/IMG_1557_abf86615_JPG.rf.1bbebd25cebbc137c97653ab59e001e3.jpg,IMG_1557_abf86615,Necklace,2,train,dataset1
DS1_IMG_002414,train/Necklace/IMG_1557_abf86615_JPG.rf.4f9571f2410d8ba6ba40fb052a8ad69a.jpg,IMG_1557_abf86615,Necklace,2,train,dataset1
DS1_IMG_002415,train/Necklace/IMG_1557_abf86615_JPG.rf.8ccec170ccc6aaca09b182ee7713989c.jpg,IMG_1557_abf86615,Necklace,2,train,dataset1
DS1_IMG_002416,train/Necklace/IMG_1558_55df10fa_JPG.rf.071b2391ba3d054d5b96cc1b069f7c27.jpg,IMG_1558_55df10fa,Necklace,2,train,dataset1
DS1_IMG_002417,train/Necklace/IMG_1558_55df10fa_JPG.rf.ac2560ed431fb9a9f122c0bc4f8385b2.jpg,IMG_1558_55df10fa,Necklace,2,train,dataset1
DS1_IMG_002418,train/Necklace/IMG_1558_55df10fa_JPG.rf.f50145b35d358c4bd8f3c5ac7daba7f5.jpg,IMG_1558_55df10fa,Necklace,2,train,dataset1
DS1_IMG_002419,train/Necklace/IMG_1559_7d0bdaef_JPG.rf.09ba227f07fada9dd15aaf427bab567f.jpg,IMG_1559_7d0bdaef,Necklace,2,train,dataset1
DS1_IMG_002420,train/Necklace/IMG_1559_7d0bdaef_JPG.rf.95baae546f9750c26e280e8578526fdb.jpg,IMG_1559_7d0bdaef,Necklace,2,train,dataset1
DS1_IMG_002421,train/Necklace/IMG_1559_7d0bdaef_JPG.rf.d6f272c2d990154cf894bae7ec823f65.jpg,IMG_1559_7d0bdaef,Necklace,2,train,dataset1
DS1_IMG_002422,train/Necklace/IMG_1561_e477fbff_JPG.rf.0e129335a155b5d8fbee95c88dee6571.jpg,IMG_1561_e477fbff,Necklace,2,train,dataset1
DS1_IMG_002423,train/Necklace/IMG_1561_e477fbff_JPG.rf.6b3191b99b00d6f04454bcb14733156f.jpg,IMG_1561_e477fbff,Necklace,2,train,dataset1
DS1_IMG_002424,train/Necklace/IMG_1561_e477fbff_JPG.rf.ae5796573305c4d906b7c4fa94fc66ef.jpg,IMG_1561_e477fbff,Necklace,2,train,dataset1
DS1_IMG_002425,train/Necklace/IMG_1565_a7eca0e0_JPG.rf.5d5797f0ca988af40094af14aac655e1.jpg,IMG_1565_a7eca0e0,Necklace,2,train,dataset1
DS1_IMG_002426,train/Necklace/IMG_1565_a7eca0e0_JPG.rf.91d917aa25976416d608a6406979482b.jpg,IMG_1565_a7eca0e0,Necklace,2,train,dataset1
DS1_IMG_002427,train/Necklace/IMG_1565_a7eca0e0_JPG.rf.fa1633eed53ae5a9b3fe1fcaaed37d3b.jpg,IMG_1565_a7eca0e0,Necklace,2,train,dataset1
DS1_IMG_002428,train/Necklace/IMG_1573_3b6aa91a_JPG.rf.3758a8db51f9301132700214bb0e4501.jpg,IMG_1573_3b6aa91a,Necklace,2,train,dataset1
DS1_IMG_002429,train/Necklace/IMG_1573_3b6aa91a_JPG.rf.4de02683bb841337a3b02962bd3ff4bc.jpg,IMG_1573_3b6aa91a,Necklace,2,train,dataset1
DS1_IMG_002430,train/Necklace/IMG_1573_3b6aa91a_JPG.rf.da0801d4bfb2cae93b06d703903e6b4b.jpg,IMG_1573_3b6aa91a,Necklace,2,train,dataset1
DS1_IMG_002431,train/Necklace/IMG_1575_9dfb858d_JPG.rf.23588dcb5e3e76f28541ee61417e9c95.jpg,IMG_1575_9dfb858d,Necklace,2,train,dataset1
DS1_IMG_002432,train/Necklace/IMG_1575_9dfb858d_JPG.rf.33a2b498ffbc596721728c8acc96760e.jpg,IMG_1575_9dfb858d,Necklace,2,train,dataset1
DS1_IMG_002433,train/Necklace/IMG_1575_9dfb858d_JPG.rf.85a5653678e1c7186dff4f974cbc9466.jpg,IMG_1575_9dfb858d,Necklace,2,train,dataset1
DS1_IMG_002434,train/Necklace/IMG_1576_5ef4529e_JPG.rf.0c33ed2ecdb6dc3cfd4e3e2b5223d10c.jpg,IMG_1576_5ef4529e,Necklace,2,train,dataset1
DS1_IMG_002435,train/Necklace/IMG_1576_5ef4529e_JPG.rf.20c20f6f7bc4f7830713ac5f8e344f4a.jpg,IMG_1576_5ef4529e,Necklace,2,train,dataset1
DS1_IMG_002436,train/Necklace/IMG_1576_5ef4529e_JPG.rf.c1cc253a9d47d4ba0188dc4676bd1425.jpg,IMG_1576_5ef4529e,Necklace,2,train,dataset1
DS1_IMG_002437,train/Necklace/IMG_1580_b78f12f1_JPG.rf.05b4a4c8fd9f891b64720021546ac4cb.jpg,IMG_1580_b78f12f1,Necklace,2,train,dataset1
DS1_IMG_002438,train/Necklace/IMG_1580_b78f12f1_JPG.rf.38336b725cebb27ca951c69a25ec1e51.jpg,IMG_1580_b78f12f1,Necklace,2,train,dataset1
DS1_IMG_002439,train/Necklace/IMG_1580_b78f12f1_JPG.rf.d9d5714f5c2bbec35454198fad9c4f12.jpg,IMG_1580_b78f12f1,Necklace,2,train,dataset1
DS1_IMG_002440,train/Necklace/IMG_1581_5d961c06_JPG.rf.1c3dc1bfb72974d041961b0ce2f5ecb5.jpg,IMG_1581_5d961c06,Necklace,2,train,dataset1
DS1_IMG_002441,train/Necklace/IMG_1581_5d961c06_JPG.rf.9d7170452797fb9d47d9022a45b94ffe.jpg,IMG_1581_5d961c06,Necklace,2,train,dataset1
DS1_IMG_002442,train/Necklace/IMG_1581_5d961c06_JPG.rf.cd920c221f083fb1c00433dd96866773.jpg,IMG_1581_5d961c06,Necklace,2,train,dataset1
DS1_IMG_002443,train/Necklace/IMG_1582_c5b50c94_JPG.rf.6b48f4d633ca597246d4af42fbaa8986.jpg,IMG_1582_c5b50c94,Necklace,2,train,dataset1
DS1_IMG_002444,train/Necklace/IMG_1582_c5b50c94_JPG.rf.c2ccb07cf887b6deae56cd3966ab4622.jpg,IMG_1582_c5b50c94,Necklace,2,train,dataset1
DS1_IMG_002445,train/Necklace/IMG_1582_c5b50c94_JPG.rf.e52373e3ea01912e8149d9246f748f17.jpg,IMG_1582_c5b50c94,Necklace,2,train,dataset1
DS1_IMG_002446,train/Necklace/IMG_1583_94401dfd_JPG.rf.18dda52b344b6de446161b0ec8ce6c7f.jpg,IMG_1583_94401dfd,Necklace,2,train,dataset1
DS1_IMG_002447,train/Necklace/IMG_1583_94401dfd_JPG.rf.98d6cc3a685a22008b9ac2e9fb4ddb27.jpg,IMG_1583_94401dfd,Necklace,2,train,dataset1
DS1_IMG_002448,train/Necklace/IMG_1583_94401dfd_JPG.rf.c1725d95d85a71554d12e652c2211e6c.jpg,IMG_1583_94401dfd,Necklace,2,train,dataset1
DS1_IMG_002449,train/Necklace/IMG_1593_8bc3f678_JPG.rf.bf675c60c3fd11e4f10f8d5c4ce78cc1.jpg,IMG_1593_8bc3f678,Necklace,2,train,dataset1
DS1_IMG_002450,train/Necklace/IMG_1593_8bc3f678_JPG.rf.d7fd6709585d5442ff7d1b65aac25503.jpg,IMG_1593_8bc3f678,Necklace,2,train,dataset1
DS1_IMG_002451,train/Necklace/IMG_1593_8bc3f678_JPG.rf.fb11979321686b72afe75c7bbf6cba7b.jpg,IMG_1593_8bc3f678,Necklace,2,train,dataset1
DS1_IMG_002452,train/Necklace/IMG_1594_c147353b_JPG.rf.0073f5f5a1341e57eb04f43eda34ffb7.jpg,IMG_1594_c147353b,Necklace,2,train,dataset1
DS1_IMG_002453,train/Necklace/IMG_1594_c147353b_JPG.rf.3e8add9728e6f2f179ba02c081fdc605.jpg,IMG_1594_c147353b,Necklace,2,train,dataset1
DS1_IMG_002454,train/Necklace/IMG_1594_c147353b_JPG.rf.755e52fc8f7068b8e1e38eee00d54887.jpg,IMG_1594_c147353b,Necklace,2,train,dataset1
DS1_IMG_002455,train/Necklace/IMG_1600_a36eeaec_JPG.rf.819439cda84ea510af91ce003847115d.jpg,IMG_1600_a36eeaec,Necklace,2,train,dataset1
DS1_IMG_002456,train/Necklace/IMG_1600_a36eeaec_JPG.rf.b0bf716c4f9cccddb2c6cb76b01c58fb.jpg,IMG_1600_a36eeaec,Necklace,2,train,dataset1
DS1_IMG_002457,train/Necklace/IMG_1600_a36eeaec_JPG.rf.f3461ff0c2df04bbc9b44eecc626e46d.jpg,IMG_1600_a36eeaec,Necklace,2,train,dataset1
DS1_IMG_002458,train/Necklace/IMG_1606_2dae5067_JPG.rf.97a268e72ea042961917217f05d1ce61.jpg,IMG_1606_2dae5067,Necklace,2,train,dataset1
DS1_IMG_002459,train/Necklace/IMG_1606_2dae5067_JPG.rf.d67a55ae7fbed4254bdae6e43005c523.jpg,IMG_1606_2dae5067,Necklace,2,train,dataset1
DS1_IMG_002460,train/Necklace/IMG_1606_2dae5067_JPG.rf.dd874f10efc91fbdbb1bfd374470dd16.jpg,IMG_1606_2dae5067,Necklace,2,train,dataset1
DS1_IMG_002461,train/Necklace/IMG_1607_3f933a99_JPG.rf.099c3e0f974ab49e16116b4983a9f9f3.jpg,IMG_1607_3f933a99,Necklace,2,train,dataset1
DS1_IMG_002462,train/Necklace/IMG_1607_3f933a99_JPG.rf.b21678e75af0101fd8bca6017d312233.jpg,IMG_1607_3f933a99,Necklace,2,train,dataset1
DS1_IMG_002463,train/Necklace/IMG_1607_3f933a99_JPG.rf.d7559e3e7a8a4c079d06817ee937a633.jpg,IMG_1607_3f933a99,Necklace,2,train,dataset1
DS1_IMG_002464,train/Necklace/IMG_1608_8bfc7527_JPG.rf.7701e454c4e805e8073eaf4882683baa.jpg,IMG_1608_8bfc7527,Necklace,2,train,dataset1
DS1_IMG_002465,train/Necklace/IMG_1608_8bfc7527_JPG.rf.9b0321524157905d350c259e1c5e12d5.jpg,IMG_1608_8bfc7527,Necklace,2,train,dataset1
DS1_IMG_002466,train/Necklace/IMG_1608_8bfc7527_JPG.rf.c09c02440ac8c0ca88d25b9bb25bdae3.jpg,IMG_1608_8bfc7527,Necklace,2,train,dataset1
DS1_IMG_002467,train/Necklace/IMG_1613_82dee47b_JPG.rf.94f555770aaa0239a36b732d968b841b.jpg,IMG_1613_82dee47b,Necklace,2,train,dataset1
DS1_IMG_002468,train/Necklace/IMG_1613_82dee47b_JPG.rf.9ad03b5de5f411a561615eec48f6b90d.jpg,IMG_1613_82dee47b,Necklace,2,train,dataset1
DS1_IMG_002469,train/Necklace/IMG_1613_82dee47b_JPG.rf.c6643686d4c5a3659826dfff7c2e45ac.jpg,IMG_1613_82dee47b,Necklace,2,train,dataset1
DS1_IMG_002470,train/Necklace/IMG_1615_a599501b_JPG.rf.0b61a3a0b0556a72151027c29deaa812.jpg,IMG_1615_a599501b,Necklace,2,train,dataset1
DS1_IMG_002471,train/Necklace/IMG_1615_a599501b_JPG.rf.2f499c9a13919da15ba2a33b0218f9df.jpg,IMG_1615_a599501b,Necklace,2,train,dataset1
DS1_IMG_002472,train/Necklace/IMG_1615_a599501b_JPG.rf.acb00b2b0e6d25fe2486bbd0d44dd9bf.jpg,IMG_1615_a599501b,Necklace,2,train,dataset1
DS1_IMG_002473,train/Necklace/IMG_1616_0ba2ce22_JPG.rf.4c1e1affe9ed6b18a4e9eae3afc24f1d.jpg,IMG_1616_0ba2ce22,Necklace,2,train,dataset1
DS1_IMG_002474,train/Necklace/IMG_1616_0ba2ce22_JPG.rf.6f071657484204f474d67e2ebb25e533.jpg,IMG_1616_0ba2ce22,Necklace,2,train,dataset1
DS1_IMG_002475,train/Necklace/IMG_1616_0ba2ce22_JPG.rf.fbf93f39a6af9d12a4e8fbeaea0ad70a.jpg,IMG_1616_0ba2ce22,Necklace,2,train,dataset1
DS1_IMG_002476,train/Necklace/IMG_1618_9be13a7d_JPG.rf.34ef5f00dad783f60ae120c2df08e70d.jpg,IMG_1618_9be13a7d,Necklace,2,train,dataset1
DS1_IMG_002477,train/Necklace/IMG_1618_9be13a7d_JPG.rf.9001537861ba8c1f3d4dcc575c015c0a.jpg,IMG_1618_9be13a7d,Necklace,2,train,dataset1
DS1_IMG_002478,train/Necklace/IMG_1624_23dc9804_JPG.rf.3c6fd02b1af1f9988b328f6962a2c88b.jpg,IMG_1624_23dc9804,Necklace,2,train,dataset1
DS1_IMG_002479,train/Necklace/IMG_1624_23dc9804_JPG.rf.53b7ce98f55d92d48c1e073ca032b79e.jpg,IMG_1624_23dc9804,Necklace,2,train,dataset1
DS1_IMG_002480,train/Necklace/IMG_1624_23dc9804_JPG.rf.b9f16db3fc89c4f8b830e2246599bc06.jpg,IMG_1624_23dc9804,Necklace,2,train,dataset1
DS1_IMG_002481,train/Necklace/IMG_1625_eb2ce9b7_JPG.rf.3225e5be60163dc11899105484352092.jpg,IMG_1625_eb2ce9b7,Necklace,2,train,dataset1
DS1_IMG_002482,train/Necklace/IMG_1625_eb2ce9b7_JPG.rf.9cf92cb04c9920162c95501be5f8dc94.jpg,IMG_1625_eb2ce9b7,Necklace,2,train,dataset1
DS1_IMG_002483,train/Necklace/IMG_1628_4758fe4d_JPG.rf.4326d15c72577ca83da91aa7d036d6eb.jpg,IMG_1628_4758fe4d,Necklace,2,train,dataset1
DS1_IMG_002484,train/Necklace/IMG_1628_4758fe4d_JPG.rf.9638363ab3b9f09dbc1bdfec1a81813f.jpg,IMG_1628_4758fe4d,Necklace,2,train,dataset1
DS1_IMG_002485,train/Necklace/IMG_1628_4758fe4d_JPG.rf.ddc664458d41211f61a3ea30cf2c3f0b.jpg,IMG_1628_4758fe4d,Necklace,2,train,dataset1
DS1_IMG_002486,train/Necklace/IMG_1629_29e8bbcb_JPG.rf.5c12e59dd8a4abc1a4c00860e641c7bf.jpg,IMG_1629_29e8bbcb,Necklace,2,train,dataset1
DS1_IMG_002487,train/Necklace/IMG_1629_29e8bbcb_JPG.rf.ada84dbaca6327aa3a32a2cb41ee4f01.jpg,IMG_1629_29e8bbcb,Necklace,2,train,dataset1
DS1_IMG_002488,train/Necklace/IMG_1629_29e8bbcb_JPG.rf.b34d9245cc9a7317117ec9a57400b430.jpg,IMG_1629_29e8bbcb,Necklace,2,train,dataset1
DS1_IMG_002489,train/Necklace/IMG_1633_f37c3c0e_JPG.rf.509ffed9e2072af088025b979730df06.jpg,IMG_1633_f37c3c0e,Necklace,2,train,dataset1
DS1_IMG_002490,train/Necklace/IMG_1633_f37c3c0e_JPG.rf.ba6181f1ee9077d0476b5b6454637063.jpg,IMG_1633_f37c3c0e,Necklace,2,train,dataset1
DS1_IMG_002491,train/Necklace/IMG_1633_f37c3c0e_JPG.rf.d5f9ca5bb50d73151e68def67641812b.jpg,IMG_1633_f37c3c0e,Necklace,2,train,dataset1
DS1_IMG_002492,train/Necklace/IMG_1634_9ee1ed82_JPG.rf.0268cd6ff7629a4c745836036826fd52.jpg,IMG_1634_9ee1ed82,Necklace,2,train,dataset1
DS1_IMG_002493,train/Necklace/IMG_1634_9ee1ed82_JPG.rf.1641a486a6043ee64d52d0c1f1fd2afa.jpg,IMG_1634_9ee1ed82,Necklace,2,train,dataset1
DS1_IMG_002494,train/Necklace/IMG_1636_124d8ecb_JPG.rf.aa8c1f0a21cea1ad76479c7bb56409ec.jpg,IMG_1636_124d8ecb,Necklace,2,train,dataset1
DS1_IMG_002495,train/Necklace/IMG_1636_124d8ecb_JPG.rf.e8156233c173d38d9cb5f936f21700f7.jpg,IMG_1636_124d8ecb,Necklace,2,train,dataset1
DS1_IMG_002496,train/Necklace/IMG_1639_3633c2cb_JPG.rf.421b31596640e3651485a851dbb82fdd.jpg,IMG_1639_3633c2cb,Necklace,2,train,dataset1
DS1_IMG_002497,train/Necklace/IMG_1639_3633c2cb_JPG.rf.51ad9c09292f9ce17ba48e1141b7157f.jpg,IMG_1639_3633c2cb,Necklace,2,train,dataset1
DS1_IMG_002498,train/Necklace/IMG_1639_3633c2cb_JPG.rf.60d3313cd50903719920f9f6eb27087e.jpg,IMG_1639_3633c2cb,Necklace,2,train,dataset1
DS1_IMG_002499,train/Necklace/IMG_1640_678a5667_JPG.rf.41f53b2411ed624e53721e3c0e24ffcd.jpg,IMG_1640_678a5667,Necklace,2,train,dataset1
DS1_IMG_002500,train/Necklace/IMG_1640_678a5667_JPG.rf.a412f428527997c25e8c50036ae97516.jpg,IMG_1640_678a5667,Necklace,2,train,dataset1
DS1_IMG_002501,train/Necklace/IMG_1640_678a5667_JPG.rf.d49e58c2190d597e5e88dbb022dbd351.jpg,IMG_1640_678a5667,Necklace,2,train,dataset1
DS1_IMG_002502,train/Necklace/IMG_1650_ce440f91_JPG.rf.406612c2c62454228c8f0ed18bbf1eb9.jpg,IMG_1650_ce440f91,Necklace,2,train,dataset1
DS1_IMG_002503,train/Necklace/IMG_1650_ce440f91_JPG.rf.8e49075ea7ceec51c520903859478221.jpg,IMG_1650_ce440f91,Necklace,2,train,dataset1
DS1_IMG_002504,train/Necklace/IMG_1650_ce440f91_JPG.rf.d4b84a40a05f979209951c59599e9bb1.jpg,IMG_1650_ce440f91,Necklace,2,train,dataset1
DS1_IMG_002505,train/Necklace/IMG_1653_1e4785d4_JPG.rf.4b4e3bb46a08531fd7689edcb0a6a480.jpg,IMG_1653_1e4785d4,Necklace,2,train,dataset1
DS1_IMG_002506,train/Necklace/IMG_1653_1e4785d4_JPG.rf.4f967b3fdc2f20c9607ac59a8ea69d97.jpg,IMG_1653_1e4785d4,Necklace,2,train,dataset1
DS1_IMG_002507,train/Necklace/IMG_1653_1e4785d4_JPG.rf.d85de0a413611f003f09f21d1ef8b612.jpg,IMG_1653_1e4785d4,Necklace,2,train,dataset1
DS1_IMG_002508,train/Necklace/IMG_1654_bee25db3_JPG.rf.8449821c162ce973fa03ed1cb71806db.jpg,IMG_1654_bee25db3,Necklace,2,train,dataset1
DS1_IMG_002509,train/Necklace/IMG_1654_bee25db3_JPG.rf.84e777da39b320d1088ca29938c56703.jpg,IMG_1654_bee25db3,Necklace,2,train,dataset1
DS1_IMG_002510,train/Necklace/IMG_1654_bee25db3_JPG.rf.d82be8f7508e8ba0bc4f653f17aceec6.jpg,IMG_1654_bee25db3,Necklace,2,train,dataset1
DS1_IMG_002511,train/Necklace/IMG_1656_0a0a3538_JPG.rf.73d26c872173eb2170d1d7f8e25afc11.jpg,IMG_1656_0a0a3538,Necklace,2,train,dataset1
DS1_IMG_002512,train/Necklace/IMG_1656_0a0a3538_JPG.rf.9a4a7a968ab8dbd15d56ade7a409abbb.jpg,IMG_1656_0a0a3538,Necklace,2,train,dataset1
DS1_IMG_002513,train/Necklace/IMG_1656_0a0a3538_JPG.rf.a41a9420603684820a76d230b0b4e500.jpg,IMG_1656_0a0a3538,Necklace,2,train,dataset1
DS1_IMG_002514,train/Necklace/IMG_1659_16d29e1a_JPG.rf.1575cd700080696f5fc1eee30a793b55.jpg,IMG_1659_16d29e1a,Necklace,2,train,dataset1
DS1_IMG_002515,train/Necklace/IMG_1659_16d29e1a_JPG.rf.ae35ffc6242434b52b347ab7d7f5cc96.jpg,IMG_1659_16d29e1a,Necklace,2,train,dataset1
DS1_IMG_002516,train/Necklace/IMG_1659_16d29e1a_JPG.rf.bba815ec466a3e02ba9c529f14df1dbf.jpg,IMG_1659_16d29e1a,Necklace,2,train,dataset1
DS1_IMG_002517,train/Necklace/IMG_1660_f168ee6d_JPG.rf.a7526c0f02944b43ab2f4ce87ab64241.jpg,IMG_1660_f168ee6d,Necklace,2,train,dataset1
DS1_IMG_002518,train/Necklace/IMG_1660_f168ee6d_JPG.rf.eb40467a2b545fb5b3c8a918fc1820a8.jpg,IMG_1660_f168ee6d,Necklace,2,train,dataset1
DS1_IMG_002519,train/Necklace/IMG_1661_b8cce3c6_JPG.rf.1ac696bd21f04713c775e567818372be.jpg,IMG_1661_b8cce3c6,Necklace,2,train,dataset1
DS1_IMG_002520,train/Necklace/IMG_1661_b8cce3c6_JPG.rf.cd419e2173952dafe9e2f3440a94d415.jpg,IMG_1661_b8cce3c6,Necklace,2,train,dataset1
DS1_IMG_002521,train/Necklace/IMG_1661_b8cce3c6_JPG.rf.cda6f6d0be2a14c9cd43e1471330a1d9.jpg,IMG_1661_b8cce3c6,Necklace,2,train,dataset1
DS1_IMG_002522,train/Necklace/IMG_1662_645efc6c_JPG.rf.45596bbb42c2d0b34b7666642143a861.jpg,IMG_1662_645efc6c,Necklace,2,train,dataset1
DS1_IMG_002523,train/Necklace/IMG_1663_eff78f77_JPG.rf.5eaa70e275dca5d4192aca8abcb504b5.jpg,IMG_1663_eff78f77,Necklace,2,train,dataset1
DS1_IMG_002524,train/Necklace/IMG_1675_ccf1a520_JPG.rf.1bccc64d3e149dd34ce56225ccca014d.jpg,IMG_1675_ccf1a520,Necklace,2,train,dataset1
DS1_IMG_002525,train/Necklace/IMG_1675_ccf1a520_JPG.rf.3bc8f7b77a16bee9bab9a74cd7f4b19e.jpg,IMG_1675_ccf1a520,Necklace,2,train,dataset1
DS1_IMG_002526,train/Necklace/IMG_1675_ccf1a520_JPG.rf.67cf048c95397b57780ad2a45bac6ff3.jpg,IMG_1675_ccf1a520,Necklace,2,train,dataset1
DS1_IMG_002527,train/Necklace/IMG_1679_fee7e734_JPG.rf.0e473b0f25d3d5223075626fd4b49b76.jpg,IMG_1679_fee7e734,Necklace,2,train,dataset1
DS1_IMG_002528,train/Necklace/IMG_1679_fee7e734_JPG.rf.41692404e505a4ef13caeae9a95d29b8.jpg,IMG_1679_fee7e734,Necklace,2,train,dataset1
DS1_IMG_002529,train/Necklace/IMG_1679_fee7e734_JPG.rf.fdf54a87cd1832e1ca2ecb6f16486d23.jpg,IMG_1679_fee7e734,Necklace,2,train,dataset1
DS1_IMG_002530,train/Necklace/IMG_1848_3add4b11_JPG.rf.17bbb0ec7181706981d0887d66cd592c.jpg,IMG_1848_3add4b11,Necklace,2,train,dataset1
DS1_IMG_002531,train/Necklace/IMG_1848_3add4b11_JPG.rf.cd9fd1600417d4f38ee6931c17ff60cb.jpg,IMG_1848_3add4b11,Necklace,2,train,dataset1
DS1_IMG_002532,train/Necklace/IMG_1848_3add4b11_JPG.rf.f33722277e1d1fe3943a1ac4cfebed0a.jpg,IMG_1848_3add4b11,Necklace,2,train,dataset1
DS1_IMG_002533,train/Necklace/IMG_1850_77cd24da_JPG.rf.137d4301ef88727cf7f7e190a6db3147.jpg,IMG_1850_77cd24da,Necklace,2,train,dataset1
DS1_IMG_002534,train/Necklace/IMG_1850_77cd24da_JPG.rf.464091b636369fe9a22348b70f9154a4.jpg,IMG_1850_77cd24da,Necklace,2,train,dataset1
DS1_IMG_002535,train/Necklace/IMG_1850_77cd24da_JPG.rf.c575df10c780322b98a79b8dc29d37c0.jpg,IMG_1850_77cd24da,Necklace,2,train,dataset1
DS1_IMG_002536,train/Necklace/IMG_1851_25444e5b_JPG.rf.43ab03c40296d1e73d1514a2f9547a1e.jpg,IMG_1851_25444e5b,Necklace,2,train,dataset1
DS1_IMG_002537,train/Necklace/IMG_1851_25444e5b_JPG.rf.5241ae66c2fdbd6dd15d22a0e707477f.jpg,IMG_1851_25444e5b,Necklace,2,train,dataset1
DS1_IMG_002538,train/Necklace/IMG_1851_25444e5b_JPG.rf.e50f1a096eb2e1c41b2db7bb854ae3d2.jpg,IMG_1851_25444e5b,Necklace,2,train,dataset1
DS1_IMG_002539,train/Necklace/IMG_1852_bbf859cc_JPG.rf.9440968cbfe35d8e0778bfed21b172a9.jpg,IMG_1852_bbf859cc,Necklace,2,train,dataset1
DS1_IMG_002540,train/Necklace/IMG_1852_bbf859cc_JPG.rf.a42b143850b812fc79f124ae587c4c15.jpg,IMG_1852_bbf859cc,Necklace,2,train,dataset1
DS1_IMG_002541,train/Necklace/IMG_1852_bbf859cc_JPG.rf.c480e530f39496f045bb49a44d480e3d.jpg,IMG_1852_bbf859cc,Necklace,2,train,dataset1
DS1_IMG_002542,train/Necklace/IMG_1854_54846a87_JPG.rf.015e43e079b700cf12ce02b1e36624fe.jpg,IMG_1854_54846a87,Necklace,2,train,dataset1
DS1_IMG_002543,train/Necklace/IMG_1854_54846a87_JPG.rf.052514dd76820d377978c3a7e6d5e6f2.jpg,IMG_1854_54846a87,Necklace,2,train,dataset1
DS1_IMG_002544,train/Necklace/IMG_1854_54846a87_JPG.rf.724f92d7d3b0fb70be4c6785d71d08ea.jpg,IMG_1854_54846a87,Necklace,2,train,dataset1
DS1_IMG_002545,train/Necklace/IMG_1855_8b7f24a5_JPG.rf.3faab6ada46274e92ac32a5f644ba3dc.jpg,IMG_1855_8b7f24a5,Necklace,2,train,dataset1
DS1_IMG_002546,train/Necklace/IMG_1855_8b7f24a5_JPG.rf.a081d007b9c80c76d521f0c9524fcb9a.jpg,IMG_1855_8b7f24a5,Necklace,2,train,dataset1
DS1_IMG_002547,train/Necklace/IMG_1855_8b7f24a5_JPG.rf.d935a04d0827cde203f5ad56c1f7709b.jpg,IMG_1855_8b7f24a5,Necklace,2,train,dataset1
DS1_IMG_002548,train/Necklace/IMG_1859_70939f18_JPG.rf.4a6503e2728411728d0fa84202723956.jpg,IMG_1859_70939f18,Necklace,2,train,dataset1
DS1_IMG_002549,train/Necklace/IMG_1859_70939f18_JPG.rf.5a01e4f10d6dede51ed004de95b01761.jpg,IMG_1859_70939f18,Necklace,2,train,dataset1
DS1_IMG_002550,train/Necklace/IMG_1859_70939f18_JPG.rf.9451b4162cacd632ef4b054326f87bba.jpg,IMG_1859_70939f18,Necklace,2,train,dataset1
DS1_IMG_002551,train/Necklace/IMG_1861_d6aec339_JPG.rf.5dcf3d40d828d7031da4b6b9dcafa98e.jpg,IMG_1861_d6aec339,Necklace,2,train,dataset1
DS1_IMG_002552,train/Necklace/IMG_1861_d6aec339_JPG.rf.a639d5463c47b5702508863cba282ee3.jpg,IMG_1861_d6aec339,Necklace,2,train,dataset1
DS1_IMG_002553,train/Necklace/IMG_1861_d6aec339_JPG.rf.f64a501bf7fa9e46f6cd9dc1ba30fe81.jpg,IMG_1861_d6aec339,Necklace,2,train,dataset1
DS1_IMG_002554,train/Necklace/IMG_1862_cff5a31d_JPG.rf.133a5ea3c16541530d9b6fe294d8fc85.jpg,IMG_1862_cff5a31d,Necklace,2,train,dataset1
DS1_IMG_002555,train/Necklace/IMG_1862_cff5a31d_JPG.rf.34302c168d3e1b93572c280db02e7300.jpg,IMG_1862_cff5a31d,Necklace,2,train,dataset1
DS1_IMG_002556,train/Necklace/IMG_1862_cff5a31d_JPG.rf.97e1103ab72fdae396c069ff763031e4.jpg,IMG_1862_cff5a31d,Necklace,2,train,dataset1
DS1_IMG_002557,train/Necklace/IMG_1863_8494810c_JPG.rf.120243ca3019d4183abf893d9496359c.jpg,IMG_1863_8494810c,Necklace,2,train,dataset1
DS1_IMG_002558,train/Necklace/IMG_1863_8494810c_JPG.rf.e72c8ea566bec71709cb8cac04bb8f00.jpg,IMG_1863_8494810c,Necklace,2,train,dataset1
DS1_IMG_002559,train/Necklace/IMG_1863_8494810c_JPG.rf.f6b21f77759149deb2ecc5f64e9fc266.jpg,IMG_1863_8494810c,Necklace,2,train,dataset1
DS1_IMG_002560,train/Necklace/IMG_1864_f6bd77dc_JPG.rf.16b2746ac3109373a5747022981130c5.jpg,IMG_1864_f6bd77dc,Necklace,2,train,dataset1
DS1_IMG_002561,train/Necklace/IMG_1864_f6bd77dc_JPG.rf.67c3437f6f4b609f572d6a13f20adda2.jpg,IMG_1864_f6bd77dc,Necklace,2,train,dataset1
DS1_IMG_002562,train/Necklace/IMG_1864_f6bd77dc_JPG.rf.c83a11d47000982ce30f5b8bbd35f81a.jpg,IMG_1864_f6bd77dc,Necklace,2,train,dataset1
DS1_IMG_002563,train/Necklace/IMG_1868_1da28c1b_JPG.rf.65d0dbeddd9e5585ef58db14d7472422.jpg,IMG_1868_1da28c1b,Necklace,2,train,dataset1
DS1_IMG_002564,train/Necklace/IMG_1868_1da28c1b_JPG.rf.c32af295005b8f79be41f9f24b7f97f1.jpg,IMG_1868_1da28c1b,Necklace,2,train,dataset1
DS1_IMG_002565,train/Necklace/IMG_1868_1da28c1b_JPG.rf.dfc176bf5490b7258563d4171e371897.jpg,IMG_1868_1da28c1b,Necklace,2,train,dataset1
DS1_IMG_002566,train/Necklace/IMG_1869_3dd27dc4_JPG.rf.1e8a66b172620e9824392768b089eac3.jpg,IMG_1869_3dd27dc4,Necklace,2,train,dataset1
DS1_IMG_002567,train/Necklace/IMG_1869_3dd27dc4_JPG.rf.f437260368a01f1817d39b31676b8c1c.jpg,IMG_1869_3dd27dc4,Necklace,2,train,dataset1
DS1_IMG_002568,train/Necklace/IMG_1869_3dd27dc4_JPG.rf.fad6952547aeb1e08f37537f665f3035.jpg,IMG_1869_3dd27dc4,Necklace,2,train,dataset1
DS1_IMG_002569,train/Necklace/IMG_1871_019335e4_JPG.rf.bfa6190b254a8afdcfb3e30c1aedf148.jpg,IMG_1871_019335e4,Necklace,2,train,dataset1
DS1_IMG_002570,train/Necklace/IMG_1871_019335e4_JPG.rf.cd3ca03980e5f0f1a5c5c1be15e3932e.jpg,IMG_1871_019335e4,Necklace,2,train,dataset1
DS1_IMG_002571,train/Necklace/IMG_1871_019335e4_JPG.rf.d6ef50afb4d592502731e0ccd10d0fb3.jpg,IMG_1871_019335e4,Necklace,2,train,dataset1
DS1_IMG_002572,train/Necklace/IMG_2136_4adadf95_JPG.rf.56f5e059448b85b04d8176a7784dac15.jpg,IMG_2136_4adadf95,Necklace,2,train,dataset1
DS1_IMG_002573,train/Necklace/IMG_2136_4adadf95_JPG.rf.643a7ea16584927bc5324f5edcc1194c.jpg,IMG_2136_4adadf95,Necklace,2,train,dataset1
DS1_IMG_002574,train/Necklace/IMG_2136_4adadf95_JPG.rf.bd02a0196bd5205fbf8f05c2a268234e.jpg,IMG_2136_4adadf95,Necklace,2,train,dataset1
DS1_IMG_002575,train/Necklace/IMG_2137_46d22b6f_JPG.rf.0f5926cec9bd7438359fe21d9fdeb276.jpg,IMG_2137_46d22b6f,Necklace,2,train,dataset1
DS1_IMG_002576,train/Necklace/IMG_2137_46d22b6f_JPG.rf.58e7dc4baefa8b7f9c6133e26515771d.jpg,IMG_2137_46d22b6f,Necklace,2,train,dataset1
DS1_IMG_002577,train/Necklace/IMG_2137_46d22b6f_JPG.rf.8e530fb94cbf24870727a7c2a6ed7a35.jpg,IMG_2137_46d22b6f,Necklace,2,train,dataset1
DS1_IMG_002578,train/Necklace/IMG_2138_1b7d6c4d_JPG.rf.08a8e1d0d487beab2e0031688d88744e.jpg,IMG_2138_1b7d6c4d,Necklace,2,train,dataset1
DS1_IMG_002579,train/Necklace/IMG_2138_1b7d6c4d_JPG.rf.4509193c7bb057429c5fae689949356c.jpg,IMG_2138_1b7d6c4d,Necklace,2,train,dataset1
DS1_IMG_002580,train/Necklace/IMG_2138_1b7d6c4d_JPG.rf.83a207a92c7a68d344da9acfea619a9b.jpg,IMG_2138_1b7d6c4d,Necklace,2,train,dataset1
DS1_IMG_002581,train/Necklace/IMG_2140_8a53c9a9_JPG.rf.150f714eedb60b380697bb8bf86216b7.jpg,IMG_2140_8a53c9a9,Necklace,2,train,dataset1
DS1_IMG_002582,train/Necklace/IMG_2140_8a53c9a9_JPG.rf.475876734a8d2b3da5e94a7535b68a15.jpg,IMG_2140_8a53c9a9,Necklace,2,train,dataset1
DS1_IMG_002583,train/Necklace/IMG_2140_8a53c9a9_JPG.rf.947cd1c484d64aadec56e7d04ec623db.jpg,IMG_2140_8a53c9a9,Necklace,2,train,dataset1
DS1_IMG_002584,train/Necklace/IMG_2141_c94e8e9a_JPG.rf.0bcdd1bdee4b5c26a9d1c94cf662e039.jpg,IMG_2141_c94e8e9a,Necklace,2,train,dataset1
DS1_IMG_002585,train/Necklace/IMG_2141_c94e8e9a_JPG.rf.de7b7e6cb5fd8403e04965590160ee09.jpg,IMG_2141_c94e8e9a,Necklace,2,train,dataset1
DS1_IMG_002586,train/Necklace/IMG_2141_c94e8e9a_JPG.rf.f930135420547c4843a46b2471ed3080.jpg,IMG_2141_c94e8e9a,Necklace,2,train,dataset1
DS1_IMG_002587,train/Necklace/IMG_2143_cfbf98b5_JPG.rf.209b62fd4f687cfd101ef811e5c99f71.jpg,IMG_2143_cfbf98b5,Necklace,2,train,dataset1
DS1_IMG_002588,train/Necklace/IMG_2143_cfbf98b5_JPG.rf.2951d2bcab9d6c1879998878391f76c6.jpg,IMG_2143_cfbf98b5,Necklace,2,train,dataset1
DS1_IMG_002589,train/Necklace/IMG_2143_cfbf98b5_JPG.rf.84094a5522abee0f72e05622bf4f00e1.jpg,IMG_2143_cfbf98b5,Necklace,2,train,dataset1
DS1_IMG_002590,train/Necklace/IMG_2145_e3c9b311_JPG.rf.0f63e069ce87c3da08335d0cd4de9a18.jpg,IMG_2145_e3c9b311,Necklace,2,train,dataset1
DS1_IMG_002591,train/Necklace/IMG_2145_e3c9b311_JPG.rf.4a7966a77f64bbb7192f372b7570bebd.jpg,IMG_2145_e3c9b311,Necklace,2,train,dataset1
DS1_IMG_002592,train/Necklace/IMG_2145_e3c9b311_JPG.rf.50215dfee46b26a9c01ee4d911c53cca.jpg,IMG_2145_e3c9b311,Necklace,2,train,dataset1
DS1_IMG_002593,train/Necklace/IMG_2146_6a92e365_JPG.rf.2f4f65a8a0ec3ca54758a5da087b6c00.jpg,IMG_2146_6a92e365,Necklace,2,train,dataset1
DS1_IMG_002594,train/Necklace/IMG_2146_6a92e365_JPG.rf.45f0d3cf28ecb807ce8def792330c510.jpg,IMG_2146_6a92e365,Necklace,2,train,dataset1
DS1_IMG_002595,train/Necklace/IMG_2146_6a92e365_JPG.rf.d71024a32555bac10d501ff6398921e4.jpg,IMG_2146_6a92e365,Necklace,2,train,dataset1
DS1_IMG_002596,train/Necklace/IMG_2147_98ed9476_JPG.rf.6ae7e150cf42ef5e1d281626d3eaa6ff.jpg,IMG_2147_98ed9476,Necklace,2,train,dataset1
DS1_IMG_002597,train/Necklace/IMG_2147_98ed9476_JPG.rf.8f7ff8f601bb50168b6562d609b4f197.jpg,IMG_2147_98ed9476,Necklace,2,train,dataset1
DS1_IMG_002598,train/Necklace/IMG_2147_98ed9476_JPG.rf.be2cc41578efb3d945fa0dcf29703390.jpg,IMG_2147_98ed9476,Necklace,2,train,dataset1
DS1_IMG_002599,train/Necklace/IMG_2179_7edd5f7f_JPG.rf.184408ad70ba1b59160a2da5e5394f71.jpg,IMG_2179_7edd5f7f,Necklace,2,train,dataset1
DS1_IMG_002600,train/Necklace/IMG_2179_7edd5f7f_JPG.rf.452b1cebc84abbfb1a9107001ffb65eb.jpg,IMG_2179_7edd5f7f,Necklace,2,train,dataset1
DS1_IMG_002601,train/Necklace/IMG_2179_7edd5f7f_JPG.rf.d2ee7f2561de35524d235865b48153ee.jpg,IMG_2179_7edd5f7f,Necklace,2,train,dataset1
DS1_IMG_002602,train/Necklace/IMG_2180_8bf8633d_JPG.rf.2697f415151aef34f5f491a591f9b85c.jpg,IMG_2180_8bf8633d,Necklace,2,train,dataset1
DS1_IMG_002603,train/Necklace/IMG_2180_8bf8633d_JPG.rf.3e51ec222b3be5a47748318d79a1a109.jpg,IMG_2180_8bf8633d,Necklace,2,train,dataset1
DS1_IMG_002604,train/Necklace/IMG_2180_8bf8633d_JPG.rf.f72d4de24c75c527c631fe67509d0a99.jpg,IMG_2180_8bf8633d,Necklace,2,train,dataset1
DS1_IMG_002605,train/Necklace/IMG_2185_5d50bf33_JPG.rf.236458057df8528fde29d06308eff169.jpg,IMG_2185_5d50bf33,Necklace,2,train,dataset1
DS1_IMG_002606,train/Necklace/IMG_2185_5d50bf33_JPG.rf.8740dd71bf515b2f19597800b267014b.jpg,IMG_2185_5d50bf33,Necklace,2,train,dataset1
DS1_IMG_002607,train/Necklace/IMG_2185_5d50bf33_JPG.rf.f543ebf09c4bb9b4779cd462e1b95bbc.jpg,IMG_2185_5d50bf33,Necklace,2,train,dataset1
DS1_IMG_002608,train/Necklace/IMG_2189_6facb0c6_JPG.rf.34a98980021f354a7f77b3adb7b335e6.jpg,IMG_2189_6facb0c6,Necklace,2,train,dataset1
DS1_IMG_002609,train/Necklace/IMG_2189_6facb0c6_JPG.rf.9292dd4eba3d1a3f320929bde5ab724b.jpg,IMG_2189_6facb0c6,Necklace,2,train,dataset1
DS1_IMG_002610,train/Necklace/IMG_2189_6facb0c6_JPG.rf.cb5ac2f76cf1ac43b11f21fc948976cc.jpg,IMG_2189_6facb0c6,Necklace,2,train,dataset1
DS1_IMG_002611,train/Necklace/IMG_2190_2baea64b_JPG.rf.5150e34b19c83115e523ad895521e424.jpg,IMG_2190_2baea64b,Necklace,2,train,dataset1
DS1_IMG_002612,train/Necklace/IMG_2190_2baea64b_JPG.rf.a8f4d2ae97ecd2cc6fc5499b5cce484f.jpg,IMG_2190_2baea64b,Necklace,2,train,dataset1
DS1_IMG_002613,train/Necklace/IMG_2190_2baea64b_JPG.rf.e32af23c85e460596f610d2dbe6066cf.jpg,IMG_2190_2baea64b,Necklace,2,train,dataset1
DS1_IMG_002614,train/Necklace/IMG_2192_240d158b_JPG.rf.92d4dabad845bdb3ef75533ecc00eebd.jpg,IMG_2192_240d158b,Necklace,2,train,dataset1
DS1_IMG_002615,train/Necklace/IMG_2192_240d158b_JPG.rf.a6b9cadfea2607ba883d34654c5da84c.jpg,IMG_2192_240d158b,Necklace,2,train,dataset1
DS1_IMG_002616,train/Necklace/IMG_2192_240d158b_JPG.rf.b3971368d6942b7ce39a764f2ace39ab.jpg,IMG_2192_240d158b,Necklace,2,train,dataset1
DS1_IMG_002617,train/Necklace/IMG_2193_966b7f4f_JPG.rf.23419104ebb79929f1ad0fcbb43f1906.jpg,IMG_2193_966b7f4f,Necklace,2,train,dataset1
DS1_IMG_002618,train/Necklace/IMG_2193_966b7f4f_JPG.rf.64e01204a72ce432cd17d6d0c41113c3.jpg,IMG_2193_966b7f4f,Necklace,2,train,dataset1
DS1_IMG_002619,train/Necklace/IMG_2193_966b7f4f_JPG.rf.668aa203444e03c9ef08cde1b4e0bcf6.jpg,IMG_2193_966b7f4f,Necklace,2,train,dataset1
DS1_IMG_002620,train/Necklace/IMG_2195_70ac3daa_JPG.rf.1e4ded628f0bb9191f8999f277373139.jpg,IMG_2195_70ac3daa,Necklace,2,train,dataset1
DS1_IMG_002621,train/Necklace/IMG_2195_70ac3daa_JPG.rf.b3f759769f8a7e62b2c0be71b8d01e3d.jpg,IMG_2195_70ac3daa,Necklace,2,train,dataset1
DS1_IMG_002622,train/Necklace/IMG_2195_70ac3daa_JPG.rf.f2226c203e11016507f9d8b5d279ab06.jpg,IMG_2195_70ac3daa,Necklace,2,train,dataset1
DS1_IMG_002623,train/Necklace/IMG_2196_45f1b723_JPG.rf.0b3403c4e43abff176a24e8a1c51fa19.jpg,IMG_2196_45f1b723,Necklace,2,train,dataset1
DS1_IMG_002624,train/Necklace/IMG_2196_45f1b723_JPG.rf.134368e153157598ef87cab443c7df3c.jpg,IMG_2196_45f1b723,Necklace,2,train,dataset1
DS1_IMG_002625,train/Necklace/IMG_2196_45f1b723_JPG.rf.853aa540719b82541b7d2a4c120a3944.jpg,IMG_2196_45f1b723,Necklace,2,train,dataset1
DS1_IMG_002626,train/Necklace/IMG_2199_1b8e60ec_JPG.rf.4da2546e3d4a4aad59d5653d2c2bbe4e.jpg,IMG_2199_1b8e60ec,Necklace,2,train,dataset1
DS1_IMG_002627,train/Necklace/IMG_2199_1b8e60ec_JPG.rf.8d481a40db2c4cbcb2029e13708c28d0.jpg,IMG_2199_1b8e60ec,Necklace,2,train,dataset1
DS1_IMG_002628,train/Necklace/IMG_2199_1b8e60ec_JPG.rf.97219e8e69d3ab03282b899965c67a0c.jpg,IMG_2199_1b8e60ec,Necklace,2,train,dataset1
DS1_IMG_002629,train/Necklace/IMG_2203_8418a1ef_JPG.rf.8445ef6c0aa279185935602f763f9683.jpg,IMG_2203_8418a1ef,Necklace,2,train,dataset1
DS1_IMG_002630,train/Necklace/IMG_2203_8418a1ef_JPG.rf.8d14daa6635f1d80b8a6f6e84c527fc6.jpg,IMG_2203_8418a1ef,Necklace,2,train,dataset1
DS1_IMG_002631,train/Necklace/IMG_2203_8418a1ef_JPG.rf.f2e2e5653baf4cd79b5c204a704db534.jpg,IMG_2203_8418a1ef,Necklace,2,train,dataset1
DS1_IMG_002632,train/Necklace/IMG_2207_65e0847d_JPG.rf.8c986d3e3dad457991f3cd1f332e063c.jpg,IMG_2207_65e0847d,Necklace,2,train,dataset1
DS1_IMG_002633,train/Necklace/IMG_2207_65e0847d_JPG.rf.9f916a4e09f8cc31d8e23f1bd4c0d768.jpg,IMG_2207_65e0847d,Necklace,2,train,dataset1
DS1_IMG_002634,train/Necklace/IMG_2207_65e0847d_JPG.rf.fd7b707bc95498fbc04edb4ffec4754e.jpg,IMG_2207_65e0847d,Necklace,2,train,dataset1
DS1_IMG_002635,train/Necklace/IMG_2208_cf196528_JPG.rf.17855ebee12fe5b647e3c9061a679c71.jpg,IMG_2208_cf196528,Necklace,2,train,dataset1
DS1_IMG_002636,train/Necklace/IMG_2208_cf196528_JPG.rf.327bc778bb431ae2de5aa0e6a348757e.jpg,IMG_2208_cf196528,Necklace,2,train,dataset1
DS1_IMG_002637,train/Necklace/IMG_2208_cf196528_JPG.rf.4cc7a4fccef5a79b4fc932eddd12265d.jpg,IMG_2208_cf196528,Necklace,2,train,dataset1
DS1_IMG_002638,train/Necklace/IMG_2209_2b5dc9a9_JPG.rf.3ce6a86777527f5327d7b411d55fd424.jpg,IMG_2209_2b5dc9a9,Necklace,2,train,dataset1
DS1_IMG_002639,train/Necklace/IMG_2209_2b5dc9a9_JPG.rf.5d1835001efcdd311b4cec7323edb052.jpg,IMG_2209_2b5dc9a9,Necklace,2,train,dataset1
DS1_IMG_002640,train/Necklace/IMG_2209_2b5dc9a9_JPG.rf.899eaccb2c0cf60227c3af7bb78785ae.jpg,IMG_2209_2b5dc9a9,Necklace,2,train,dataset1
DS1_IMG_002641,train/Necklace/IMG_2210_a9083f04_JPG.rf.24cfebab7a6ae50a9dcc349b918e90e5.jpg,IMG_2210_a9083f04,Necklace,2,train,dataset1
DS1_IMG_002642,train/Necklace/IMG_2210_a9083f04_JPG.rf.47bf9ff9deb2aae72417d3c1a5ef1f2b.jpg,IMG_2210_a9083f04,Necklace,2,train,dataset1
DS1_IMG_002643,train/Necklace/IMG_2210_a9083f04_JPG.rf.f8447e656cd847332b6eac08b389c503.jpg,IMG_2210_a9083f04,Necklace,2,train,dataset1
DS1_IMG_002644,train/Necklace/IMG_2212_90baac46_JPG.rf.53eb9bcf5a29a8f44bdfbb1deadb2923.jpg,IMG_2212_90baac46,Necklace,2,train,dataset1
DS1_IMG_002645,train/Necklace/IMG_2212_90baac46_JPG.rf.91e256a4fe7f7d0224181154053746f4.jpg,IMG_2212_90baac46,Necklace,2,train,dataset1
DS1_IMG_002646,train/Necklace/IMG_2212_90baac46_JPG.rf.fbc0a2a2a2c815168b959f00cef44abf.jpg,IMG_2212_90baac46,Necklace,2,train,dataset1
DS1_IMG_002647,train/Necklace/IMG_2215_581a6b79_JPG.rf.07b0fb6cf9cf63e45d48640fc9df12f5.jpg,IMG_2215_581a6b79,Necklace,2,train,dataset1
DS1_IMG_002648,train/Necklace/IMG_2215_581a6b79_JPG.rf.b47986217533366b33afad8b8c8e9351.jpg,IMG_2215_581a6b79,Necklace,2,train,dataset1
DS1_IMG_002649,train/Necklace/IMG_2215_581a6b79_JPG.rf.c0526ce4e0cc5ee51d1e6145bfab6139.jpg,IMG_2215_581a6b79,Necklace,2,train,dataset1
DS1_IMG_002650,train/Necklace/IMG_2216_79cc4ca5_JPG.rf.44e9037fc48eaf3b4f06c37fe0e37fd2.jpg,IMG_2216_79cc4ca5,Necklace,2,train,dataset1
DS1_IMG_002651,train/Necklace/IMG_2216_79cc4ca5_JPG.rf.a885d5b99e7c426ed9f9d2c69b1548ab.jpg,IMG_2216_79cc4ca5,Necklace,2,train,dataset1
DS1_IMG_002652,train/Necklace/IMG_2216_79cc4ca5_JPG.rf.c1204f4bb438ae5f66fa41ff55a70e89.jpg,IMG_2216_79cc4ca5,Necklace,2,train,dataset1
DS1_IMG_002653,train/Necklace/IMG_2218_5e603ef7_JPG.rf.218f126bb360047eb842bd12cfb307f7.jpg,IMG_2218_5e603ef7,Necklace,2,train,dataset1
DS1_IMG_002654,train/Necklace/IMG_2218_5e603ef7_JPG.rf.28749706035355427317e900494ba96b.jpg,IMG_2218_5e603ef7,Necklace,2,train,dataset1
DS1_IMG_002655,train/Necklace/IMG_2218_5e603ef7_JPG.rf.db821983b1bd05c78cbaa66c0d12427b.jpg,IMG_2218_5e603ef7,Necklace,2,train,dataset1
DS1_IMG_002656,train/Necklace/IMG_2219_8b9cd0ea_JPG.rf.503e0db73f80b32ea5b47c0824f6632d.jpg,IMG_2219_8b9cd0ea,Necklace,2,train,dataset1
DS1_IMG_002657,train/Necklace/IMG_2219_8b9cd0ea_JPG.rf.801362c5df737818a73192b17131a80b.jpg,IMG_2219_8b9cd0ea,Necklace,2,train,dataset1
DS1_IMG_002658,train/Necklace/IMG_2219_8b9cd0ea_JPG.rf.99176b85adcf305d3652c68e48c95dc8.jpg,IMG_2219_8b9cd0ea,Necklace,2,train,dataset1
DS1_IMG_002659,train/Necklace/IMG_2220_c88e0556_JPG.rf.6f8133a8b8c6261302163af41adcfa30.jpg,IMG_2220_c88e0556,Necklace,2,train,dataset1
DS1_IMG_002660,train/Necklace/IMG_2220_c88e0556_JPG.rf.726f383c396d9820af119551392832de.jpg,IMG_2220_c88e0556,Necklace,2,train,dataset1
DS1_IMG_002661,train/Necklace/IMG_2220_c88e0556_JPG.rf.a31f4e0bd16e5f337da3bf563f7e5265.jpg,IMG_2220_c88e0556,Necklace,2,train,dataset1
DS1_IMG_002662,train/Necklace/IMG_2221_e360d547_JPG.rf.26a15e099c429e7e0a47c03e9153d316.jpg,IMG_2221_e360d547,Necklace,2,train,dataset1
DS1_IMG_002663,train/Necklace/IMG_2221_e360d547_JPG.rf.4b9a894ae2f6768e9368eeb72ef9c9a6.jpg,IMG_2221_e360d547,Necklace,2,train,dataset1
DS1_IMG_002664,train/Necklace/IMG_2221_e360d547_JPG.rf.ad48589a3eb3d197261e377acf76e503.jpg,IMG_2221_e360d547,Necklace,2,train,dataset1
DS1_IMG_002665,train/Necklace/IMG_2222_470c6a9d_JPG.rf.3fb07174415ffe9760f9d4c8ce8104d3.jpg,IMG_2222_470c6a9d,Necklace,2,train,dataset1
DS1_IMG_002666,train/Necklace/IMG_2222_470c6a9d_JPG.rf.b5b64f522996e2a642d631971ab3e930.jpg,IMG_2222_470c6a9d,Necklace,2,train,dataset1
DS1_IMG_002667,train/Necklace/IMG_2222_470c6a9d_JPG.rf.db7b6db41ff0259c097c83a7434f018a.jpg,IMG_2222_470c6a9d,Necklace,2,train,dataset1
DS1_IMG_002668,train/Necklace/IMG_2223_b6582e3d_JPG.rf.1fb0c700b085421e3c8d86edcb2e107e.jpg,IMG_2223_b6582e3d,Necklace,2,train,dataset1
DS1_IMG_002669,train/Necklace/IMG_2223_b6582e3d_JPG.rf.8ee2449ebc4b9693c4694a1c6ffead00.jpg,IMG_2223_b6582e3d,Necklace,2,train,dataset1
DS1_IMG_002670,train/Necklace/IMG_2223_b6582e3d_JPG.rf.f571f39a2ee28e6c780d39ab4c6242ad.jpg,IMG_2223_b6582e3d,Necklace,2,train,dataset1
DS1_IMG_002671,train/Necklace/IMG_2224_d21a322f_JPG.rf.1948fc9b4adfe86d6722a671c047b44f.jpg,IMG_2224_d21a322f,Necklace,2,train,dataset1
DS1_IMG_002672,train/Necklace/IMG_2224_d21a322f_JPG.rf.ccafc75ff62ccdbea90c654cbefaa131.jpg,IMG_2224_d21a322f,Necklace,2,train,dataset1
DS1_IMG_002673,train/Necklace/IMG_2224_d21a322f_JPG.rf.f58a4d14cd26f93729fc94c86adda169.jpg,IMG_2224_d21a322f,Necklace,2,train,dataset1
DS1_IMG_002674,train/Necklace/IMG_2225_63e4fe29_JPG.rf.057ba2d092de5198775d14f212917efd.jpg,IMG_2225_63e4fe29,Necklace,2,train,dataset1
DS1_IMG_002675,train/Necklace/IMG_2225_63e4fe29_JPG.rf.8a0b235e5eb12d71976dee9d4875efe6.jpg,IMG_2225_63e4fe29,Necklace,2,train,dataset1
DS1_IMG_002676,train/Necklace/IMG_2225_63e4fe29_JPG.rf.ebf1b6a689cc09da1b224d5bb2f3adf5.jpg,IMG_2225_63e4fe29,Necklace,2,train,dataset1
DS1_IMG_002677,train/Necklace/IMG_2228_06564fb9_JPG.rf.228a8f71adebfaf36a3754d8e5fe6cab.jpg,IMG_2228_06564fb9,Necklace,2,train,dataset1
DS1_IMG_002678,train/Necklace/IMG_2228_06564fb9_JPG.rf.5a290baafecd9cd50a1d940a4ec1351d.jpg,IMG_2228_06564fb9,Necklace,2,train,dataset1
DS1_IMG_002679,train/Necklace/IMG_2228_06564fb9_JPG.rf.b670603b98fd4be923627d89cad1cd91.jpg,IMG_2228_06564fb9,Necklace,2,train,dataset1
DS1_IMG_002680,train/Necklace/IMG_2230_a8b8b24e_JPG.rf.4c6278b3ce034f9d8ba23b055768efa8.jpg,IMG_2230_a8b8b24e,Necklace,2,train,dataset1
DS1_IMG_002681,train/Necklace/IMG_2230_a8b8b24e_JPG.rf.73f8dfd10c1a1c5ab0585d9e401fad28.jpg,IMG_2230_a8b8b24e,Necklace,2,train,dataset1
DS1_IMG_002682,train/Necklace/IMG_2230_a8b8b24e_JPG.rf.7c0d96942f73acb5b92d0adecf9b0660.jpg,IMG_2230_a8b8b24e,Necklace,2,train,dataset1
DS1_IMG_002683,train/Necklace/IMG_2235_d9c89efe_JPG.rf.172ecf8505032138072f18a370eeff4f.jpg,IMG_2235_d9c89efe,Necklace,2,train,dataset1
DS1_IMG_002684,train/Necklace/IMG_2235_d9c89efe_JPG.rf.8faf8607ea52dbc04784989b011626fb.jpg,IMG_2235_d9c89efe,Necklace,2,train,dataset1
DS1_IMG_002685,train/Necklace/IMG_2235_d9c89efe_JPG.rf.b816afaa96087b9a8cd8c79eda917ee3.jpg,IMG_2235_d9c89efe,Necklace,2,train,dataset1
DS1_IMG_002686,train/Necklace/IMG_2236_87c45f0e_JPG.rf.121f4880ee722864c39be788cc9d4f54.jpg,IMG_2236_87c45f0e,Necklace,2,train,dataset1
DS1_IMG_002687,train/Necklace/IMG_2236_87c45f0e_JPG.rf.be4ae7a56aa3b43930709e0bafddf713.jpg,IMG_2236_87c45f0e,Necklace,2,train,dataset1
DS1_IMG_002688,train/Necklace/IMG_2236_87c45f0e_JPG.rf.d75a409cc2c0073da87f1b2648f2db72.jpg,IMG_2236_87c45f0e,Necklace,2,train,dataset1
DS1_IMG_002689,train/Necklace/IMG_2239_46a7e801_JPG.rf.08578bcf7940e46376eb502b89d16072.jpg,IMG_2239_46a7e801,Necklace,2,train,dataset1
DS1_IMG_002690,train/Necklace/IMG_2239_46a7e801_JPG.rf.c49dacb977c35b7dfec890e1a38e29c6.jpg,IMG_2239_46a7e801,Necklace,2,train,dataset1
DS1_IMG_002691,train/Necklace/IMG_2239_46a7e801_JPG.rf.f9dba5f3e935e691224636f2e502aa8d.jpg,IMG_2239_46a7e801,Necklace,2,train,dataset1
DS1_IMG_002692,train/Necklace/IMG_2240_9f8cd676_JPG.rf.3b4ae53ad5c7af5c8c36aeda16afb129.jpg,IMG_2240_9f8cd676,Necklace,2,train,dataset1
DS1_IMG_002693,train/Necklace/IMG_2240_9f8cd676_JPG.rf.7d7d1c2ca139e6f3c93c794ee66e3293.jpg,IMG_2240_9f8cd676,Necklace,2,train,dataset1
DS1_IMG_002694,train/Necklace/IMG_2240_9f8cd676_JPG.rf.8e5367f07b07365e40ca6b503094522a.jpg,IMG_2240_9f8cd676,Necklace,2,train,dataset1
DS1_IMG_002695,train/Necklace/IMG_2241_3b280df7_JPG.rf.212ecc9fbaf35cfad112f2ec74adf39d.jpg,IMG_2241_3b280df7,Necklace,2,train,dataset1
DS1_IMG_002696,train/Necklace/IMG_2241_3b280df7_JPG.rf.302ef4f653b7d1585bbc2b1e9cb07fcc.jpg,IMG_2241_3b280df7,Necklace,2,train,dataset1
DS1_IMG_002697,train/Necklace/IMG_2241_3b280df7_JPG.rf.89623aaaf1fd540db9aedfafe4ae096d.jpg,IMG_2241_3b280df7,Necklace,2,train,dataset1
DS1_IMG_002698,train/Necklace/IMG_2242_414e6a4f_JPG.rf.3ca922c6ec462a226b89d51602562a8d.jpg,IMG_2242_414e6a4f,Necklace,2,train,dataset1
DS1_IMG_002699,train/Necklace/IMG_2242_414e6a4f_JPG.rf.807872b11641fb3722ba84e76226e68e.jpg,IMG_2242_414e6a4f,Necklace,2,train,dataset1
DS1_IMG_002700,train/Necklace/IMG_2242_414e6a4f_JPG.rf.bbea1dcb291d34875d00ccd3e13287a6.jpg,IMG_2242_414e6a4f,Necklace,2,train,dataset1
DS1_IMG_002701,train/Necklace/IMG_2244_14406e61_JPG.rf.2328c9dea90fe5bfffaf0043da878068.jpg,IMG_2244_14406e61,Necklace,2,train,dataset1
DS1_IMG_002702,train/Necklace/IMG_2244_14406e61_JPG.rf.ba5e186fc19a65cc9407d0da1134bf92.jpg,IMG_2244_14406e61,Necklace,2,train,dataset1
DS1_IMG_002703,train/Necklace/IMG_2244_14406e61_JPG.rf.f20cf7daf9f6cb51de6c2fe090583221.jpg,IMG_2244_14406e61,Necklace,2,train,dataset1
DS1_IMG_002704,train/Necklace/IMG_2245_a2950813_JPG.rf.7bb33c4bf9ca5970138cbcc0ffb219e0.jpg,IMG_2245_a2950813,Necklace,2,train,dataset1
DS1_IMG_002705,train/Necklace/IMG_2245_a2950813_JPG.rf.a60c8718b48a39b22bade346d592257c.jpg,IMG_2245_a2950813,Necklace,2,train,dataset1
DS1_IMG_002706,train/Necklace/IMG_2245_a2950813_JPG.rf.e32d685aa93288711cb83f0b27e5f55e.jpg,IMG_2245_a2950813,Necklace,2,train,dataset1
DS1_IMG_002707,train/Necklace/IMG_2246_f70e490b_JPG.rf.188c93de5cc75abcacadc2e5ae0165f5.jpg,IMG_2246_f70e490b,Necklace,2,train,dataset1
DS1_IMG_002708,train/Necklace/IMG_2246_f70e490b_JPG.rf.463dd77644ecd455c78d75dcb72f2d19.jpg,IMG_2246_f70e490b,Necklace,2,train,dataset1
DS1_IMG_002709,train/Necklace/IMG_2246_f70e490b_JPG.rf.8b613db725b9a2537892a16d034fb581.jpg,IMG_2246_f70e490b,Necklace,2,train,dataset1
DS1_IMG_002710,train/Necklace/IMG_2247_954d9365_JPG.rf.555a6f2f416a57f6674d73aff114e046.jpg,IMG_2247_954d9365,Necklace,2,train,dataset1
DS1_IMG_002711,train/Necklace/IMG_2247_954d9365_JPG.rf.9c8511d6ba2d5ced900bf8a370632235.jpg,IMG_2247_954d9365,Necklace,2,train,dataset1
DS1_IMG_002712,train/Necklace/IMG_2248_7b9276ab_JPG.rf.11f1f9f220bbad34cd27ef7df388cf45.jpg,IMG_2248_7b9276ab,Necklace,2,train,dataset1
DS1_IMG_002713,train/Necklace/IMG_2248_7b9276ab_JPG.rf.6d9c1333bd8c0cbe1a50a496452ce1bf.jpg,IMG_2248_7b9276ab,Necklace,2,train,dataset1
DS1_IMG_002714,train/Necklace/IMG_2248_7b9276ab_JPG.rf.8a197d5e3667775d8bee042487bd401b.jpg,IMG_2248_7b9276ab,Necklace,2,train,dataset1
DS1_IMG_002715,train/Necklace/IMG_2249_15d2732b_JPG.rf.0b03d91a4e0d3c44bd0fae19f6260e0e.jpg,IMG_2249_15d2732b,Necklace,2,train,dataset1
DS1_IMG_002716,train/Necklace/IMG_2249_15d2732b_JPG.rf.7580e6aad516ec7549d4c30f6eb3c3b5.jpg,IMG_2249_15d2732b,Necklace,2,train,dataset1
DS1_IMG_002717,train/Necklace/IMG_2249_15d2732b_JPG.rf.8e5660967c782264f8f24a7734b5c073.jpg,IMG_2249_15d2732b,Necklace,2,train,dataset1
DS1_IMG_002718,train/Necklace/IMG_2251_153f9562_JPG.rf.2fb7868f442e874f27be49b5ad11a511.jpg,IMG_2251_153f9562,Necklace,2,train,dataset1
DS1_IMG_002719,train/Necklace/IMG_2251_153f9562_JPG.rf.9463c1644e45eeb7bf0a7542ddda5255.jpg,IMG_2251_153f9562,Necklace,2,train,dataset1
DS1_IMG_002720,train/Necklace/IMG_2251_153f9562_JPG.rf.9886aa4acf78c1b32a6187ed156cccf1.jpg,IMG_2251_153f9562,Necklace,2,train,dataset1
DS1_IMG_002721,train/Necklace/IMG_2259_a230788f_JPG.rf.193793daf690a77a6494b0af180b6d9c.jpg,IMG_2259_a230788f,Necklace,2,train,dataset1
DS1_IMG_002722,train/Necklace/IMG_2259_a230788f_JPG.rf.81b3f77c26638e94a9820cca03803b4b.jpg,IMG_2259_a230788f,Necklace,2,train,dataset1
DS1_IMG_002723,train/Necklace/IMG_2259_a230788f_JPG.rf.ce94497bcaaf1a48bd08866b71bfe054.jpg,IMG_2259_a230788f,Necklace,2,train,dataset1
DS1_IMG_002724,train/Necklace/IMG_2263_9d418fb5_JPG.rf.3d10100953f1df6812bdd7e63bf1bb3d.jpg,IMG_2263_9d418fb5,Necklace,2,train,dataset1
DS1_IMG_002725,train/Necklace/IMG_2263_9d418fb5_JPG.rf.8d61563d31aaaad242c1a040aae23366.jpg,IMG_2263_9d418fb5,Necklace,2,train,dataset1
DS1_IMG_002726,train/Necklace/IMG_2263_9d418fb5_JPG.rf.aaf10232d983b28bb880f39eff091d1d.jpg,IMG_2263_9d418fb5,Necklace,2,train,dataset1
DS1_IMG_002727,train/Necklace/IMG_2264_c3316e4b_JPG.rf.29c2a5e606dd9d999368f61c0d0a59ed.jpg,IMG_2264_c3316e4b,Necklace,2,train,dataset1
DS1_IMG_002728,train/Necklace/IMG_2264_c3316e4b_JPG.rf.6740a248236c1a430b401fa3f7974967.jpg,IMG_2264_c3316e4b,Necklace,2,train,dataset1
DS1_IMG_002729,train/Necklace/IMG_2264_c3316e4b_JPG.rf.ad3814420b29fb7f69f4e5925e2c737f.jpg,IMG_2264_c3316e4b,Necklace,2,train,dataset1
DS1_IMG_002730,train/Necklace/IMG_2266_da4b82ff_JPG.rf.834e80ea8675b79a4ce3ee71478075c0.jpg,IMG_2266_da4b82ff,Necklace,2,train,dataset1
DS1_IMG_002731,train/Necklace/IMG_2266_da4b82ff_JPG.rf.dab42f22a0b97c53ab1ef9a02d0ec0c7.jpg,IMG_2266_da4b82ff,Necklace,2,train,dataset1
DS1_IMG_002732,train/Necklace/IMG_2266_da4b82ff_JPG.rf.fffb1298be9e813082b356e27d96b140.jpg,IMG_2266_da4b82ff,Necklace,2,train,dataset1
DS1_IMG_002733,train/Necklace/IMG_2267_abb061e6_JPG.rf.85cb76162435c1352fe797e11a443cca.jpg,IMG_2267_abb061e6,Necklace,2,train,dataset1
DS1_IMG_002734,train/Necklace/IMG_2267_abb061e6_JPG.rf.f4fd25bbf926a9221ae6c8d375b1a8f7.jpg,IMG_2267_abb061e6,Necklace,2,train,dataset1
DS1_IMG_002735,train/Necklace/IMG_2267_abb061e6_JPG.rf.f996ca4adfc2ccbadd1fcb3ab8353268.jpg,IMG_2267_abb061e6,Necklace,2,train,dataset1
DS1_IMG_002736,train/Necklace/IMG_2270_884c531c_JPG.rf.5456f6c422158bbd1034c056b7c7529e.jpg,IMG_2270_884c531c,Necklace,2,train,dataset1
DS1_IMG_002737,train/Necklace/IMG_2270_884c531c_JPG.rf.b439c4473345ba61437965f114fae967.jpg,IMG_2270_884c531c,Necklace,2,train,dataset1
DS1_IMG_002738,train/Necklace/IMG_2270_884c531c_JPG.rf.bf44408d0eee39e549dcabf5ce15afa0.jpg,IMG_2270_884c531c,Necklace,2,train,dataset1
DS1_IMG_002739,train/Necklace/IMG_2274_6842d480_JPG.rf.41ba51e1d456638ad5aac39d6d60d32f.jpg,IMG_2274_6842d480,Necklace,2,train,dataset1
DS1_IMG_002740,train/Necklace/IMG_2274_6842d480_JPG.rf.6e6184643857d7c964202c31b725fb81.jpg,IMG_2274_6842d480,Necklace,2,train,dataset1
DS1_IMG_002741,train/Necklace/IMG_2274_6842d480_JPG.rf.d069f8c698760d5a87f20261101c3c42.jpg,IMG_2274_6842d480,Necklace,2,train,dataset1
DS1_IMG_002742,train/Necklace/IMG_2279_7458756b_JPG.rf.0595c9ac20bb65260a6d5c1b69e018a0.jpg,IMG_2279_7458756b,Necklace,2,train,dataset1
DS1_IMG_002743,train/Necklace/IMG_2279_7458756b_JPG.rf.232dfaf337b19be8cf9a500d73e2d9ca.jpg,IMG_2279_7458756b,Necklace,2,train,dataset1
DS1_IMG_002744,train/Necklace/IMG_2279_7458756b_JPG.rf.504360b3dd4b460d8b005cddd4a775e2.jpg,IMG_2279_7458756b,Necklace,2,train,dataset1
DS1_IMG_002745,train/Necklace/IMG_2281_bdfa2c15_JPG.rf.09f479d09f67ad48e2c52af71ac88a83.jpg,IMG_2281_bdfa2c15,Necklace,2,train,dataset1
DS1_IMG_002746,train/Necklace/IMG_2281_bdfa2c15_JPG.rf.307a02c5fd0503d0d66a6a1a26959194.jpg,IMG_2281_bdfa2c15,Necklace,2,train,dataset1
DS1_IMG_002747,train/Necklace/IMG_2281_bdfa2c15_JPG.rf.a6124556813c28eda1dc7fea2481d63a.jpg,IMG_2281_bdfa2c15,Necklace,2,train,dataset1
DS1_IMG_002748,train/Necklace/IMG_2285_ea188d39_JPG.rf.6bd6ec861660cac4173b5241210da726.jpg,IMG_2285_ea188d39,Necklace,2,train,dataset1
DS1_IMG_002749,train/Necklace/IMG_2285_ea188d39_JPG.rf.72ed4b00280adbfc851bd32c80f4abac.jpg,IMG_2285_ea188d39,Necklace,2,train,dataset1
DS1_IMG_002750,train/Necklace/IMG_2285_ea188d39_JPG.rf.d84d67fee0ca42c3d1a0f6dec1d944ec.jpg,IMG_2285_ea188d39,Necklace,2,train,dataset1
DS1_IMG_002751,train/Necklace/IMG_2287_17a19ef3_JPG.rf.3214874fde3e048177533027ff0e4fba.jpg,IMG_2287_17a19ef3,Necklace,2,train,dataset1
DS1_IMG_002752,train/Necklace/IMG_2287_17a19ef3_JPG.rf.b79c6c6d11537a8e4f1c5d357e5eec95.jpg,IMG_2287_17a19ef3,Necklace,2,train,dataset1
DS1_IMG_002753,train/Necklace/IMG_2287_17a19ef3_JPG.rf.be9005007147d62e2a09a973e3519813.jpg,IMG_2287_17a19ef3,Necklace,2,train,dataset1
DS1_IMG_002754,train/Necklace/IMG_2295_29a9f18d_JPG.rf.37757f30f7fa984beb54e76a18f21ead.jpg,IMG_2295_29a9f18d,Necklace,2,train,dataset1
DS1_IMG_002755,train/Necklace/IMG_2295_29a9f18d_JPG.rf.f24514412782f66c5025d8e36e30a6c8.jpg,IMG_2295_29a9f18d,Necklace,2,train,dataset1
DS1_IMG_002756,train/Necklace/IMG_2295_29a9f18d_JPG.rf.f90b3357d9f1b8b9c47a57d8575e98e5.jpg,IMG_2295_29a9f18d,Necklace,2,train,dataset1
DS1_IMG_002757,train/Necklace/IMG_2296_4743768e_JPG.rf.5f1a99ff6af250bb4ca2c4ba356709f6.jpg,IMG_2296_4743768e,Necklace,2,train,dataset1
DS1_IMG_002758,train/Necklace/IMG_2296_4743768e_JPG.rf.685cf7c1e57b08ec194e86cf879ff32e.jpg,IMG_2296_4743768e,Necklace,2,train,dataset1
DS1_IMG_002759,train/Necklace/IMG_2296_4743768e_JPG.rf.cb9e643267c50437579cb6218f6139fc.jpg,IMG_2296_4743768e,Necklace,2,train,dataset1
DS1_IMG_002760,train/Necklace/IMG_2299_222741ad_JPG.rf.32b03fcdc719abc3abfcc15940a89e54.jpg,IMG_2299_222741ad,Necklace,2,train,dataset1
DS1_IMG_002761,train/Necklace/IMG_2299_222741ad_JPG.rf.d28e824a0046a8301cbd601f301e7a76.jpg,IMG_2299_222741ad,Necklace,2,train,dataset1
DS1_IMG_002762,train/Necklace/IMG_2299_222741ad_JPG.rf.f21a6e430286fed2a9069fa6f68ed827.jpg,IMG_2299_222741ad,Necklace,2,train,dataset1
DS1_IMG_002763,train/Necklace/IMG_2300_5d6c66bc_JPG.rf.cb14e5b9be8e84821a864e22aa2aa331.jpg,IMG_2300_5d6c66bc,Necklace,2,train,dataset1
DS1_IMG_002764,train/Necklace/IMG_2300_5d6c66bc_JPG.rf.e600202f2dff250e340b2e0c6c97ce9f.jpg,IMG_2300_5d6c66bc,Necklace,2,train,dataset1
DS1_IMG_002765,train/Necklace/IMG_2300_5d6c66bc_JPG.rf.f0ea63ba6b65ec4db8736104f170c4eb.jpg,IMG_2300_5d6c66bc,Necklace,2,train,dataset1
DS1_IMG_002766,train/Necklace/IMG_2305_f7da93de_JPG.rf.8a8d364d70956366d2f05f76945bb96a.jpg,IMG_2305_f7da93de,Necklace,2,train,dataset1
DS1_IMG_002767,train/Necklace/IMG_2305_f7da93de_JPG.rf.cfadb1a72472ee447def1e7fb9ab49da.jpg,IMG_2305_f7da93de,Necklace,2,train,dataset1
DS1_IMG_002768,train/Necklace/IMG_2305_f7da93de_JPG.rf.d991294f85627d7390cba2389472dafa.jpg,IMG_2305_f7da93de,Necklace,2,train,dataset1
DS1_IMG_002769,train/Necklace/IMG_2307_c1c3a154_JPG.rf.0f36808abb59f8051fe66d68202b748d.jpg,IMG_2307_c1c3a154,Necklace,2,train,dataset1
DS1_IMG_002770,train/Necklace/IMG_2307_c1c3a154_JPG.rf.0fc92626efa274e4715cb12dc982479b.jpg,IMG_2307_c1c3a154,Necklace,2,train,dataset1
DS1_IMG_002771,train/Necklace/IMG_2307_c1c3a154_JPG.rf.1418a81031f3ac062d3a93daa4db1ef4.jpg,IMG_2307_c1c3a154,Necklace,2,train,dataset1
DS1_IMG_002772,train/Necklace/IMG_2308_dcdeca23_JPG.rf.43789b32ba49f425de41c7834c70cb6d.jpg,IMG_2308_dcdeca23,Necklace,2,train,dataset1
DS1_IMG_002773,train/Necklace/IMG_2308_dcdeca23_JPG.rf.a5baec0e4fcdeca408e9a4c949fe3f94.jpg,IMG_2308_dcdeca23,Necklace,2,train,dataset1
DS1_IMG_002774,train/Necklace/IMG_2308_dcdeca23_JPG.rf.d4dccd91b58374482f87060c13a62bd7.jpg,IMG_2308_dcdeca23,Necklace,2,train,dataset1
DS1_IMG_002775,train/Necklace/IMG_2310_d6a192cc_JPG.rf.829b4d25deedd29660621c7eecfbcbce.jpg,IMG_2310_d6a192cc,Necklace,2,train,dataset1
DS1_IMG_002776,train/Necklace/IMG_2310_d6a192cc_JPG.rf.a59ad6424abbfe2fca4e58ce38f5c87d.jpg,IMG_2310_d6a192cc,Necklace,2,train,dataset1
DS1_IMG_002777,train/Necklace/IMG_2310_d6a192cc_JPG.rf.c5690c02fcbf24d3edd711174cbbaf98.jpg,IMG_2310_d6a192cc,Necklace,2,train,dataset1
DS1_IMG_002778,train/Necklace/IMG_2313_a8c8f877_JPG.rf.310374c428b959d83cc6ae2efa8f543e.jpg,IMG_2313_a8c8f877,Necklace,2,train,dataset1
DS1_IMG_002779,train/Necklace/IMG_2313_a8c8f877_JPG.rf.9926d80dd351c83952f8e26e803c9361.jpg,IMG_2313_a8c8f877,Necklace,2,train,dataset1
DS1_IMG_002780,train/Necklace/IMG_2313_a8c8f877_JPG.rf.efadb536580a148e4b751382b7862aad.jpg,IMG_2313_a8c8f877,Necklace,2,train,dataset1
DS1_IMG_002781,train/Necklace/IMG_2320_9af6ae67_JPG.rf.4e1d390570b3ef655acf288061c684bc.jpg,IMG_2320_9af6ae67,Necklace,2,train,dataset1
DS1_IMG_002782,train/Necklace/IMG_2320_9af6ae67_JPG.rf.52c59d76cfca1ab507ff82b672982658.jpg,IMG_2320_9af6ae67,Necklace,2,train,dataset1
DS1_IMG_002783,train/Necklace/IMG_2320_9af6ae67_JPG.rf.fc91f3ae9dda8b0fb355745daf19db90.jpg,IMG_2320_9af6ae67,Necklace,2,train,dataset1
DS1_IMG_002784,train/Necklace/IMG_2322_5620dcdb_JPG.rf.910ddf801ab91ed12cfd425f77354182.jpg,IMG_2322_5620dcdb,Necklace,2,train,dataset1
DS1_IMG_002785,train/Necklace/IMG_2322_5620dcdb_JPG.rf.d9e4b40dfc576ba3b794277254b9a91f.jpg,IMG_2322_5620dcdb,Necklace,2,train,dataset1
DS1_IMG_002786,train/Necklace/IMG_2325_f04d406a_JPG.rf.a3ca2c914630fde8dd4dadb1e0d1eb3b.jpg,IMG_2325_f04d406a,Necklace,2,train,dataset1
DS1_IMG_002787,train/Necklace/IMG_2325_f04d406a_JPG.rf.c93170ef0484c527135cef279d13debd.jpg,IMG_2325_f04d406a,Necklace,2,train,dataset1
DS1_IMG_002788,train/Necklace/IMG_2325_f04d406a_JPG.rf.e6b9bacf49889b5ea7043d3973c70530.jpg,IMG_2325_f04d406a,Necklace,2,train,dataset1
DS1_IMG_002789,train/Necklace/IMG_2327_110cc7f5_JPG.rf.82f52c3a6cd00f5412566105ce810ed4.jpg,IMG_2327_110cc7f5,Necklace,2,train,dataset1
DS1_IMG_002790,train/Necklace/IMG_2327_110cc7f5_JPG.rf.9d06d1e0e0e116662b566a46b2c36724.jpg,IMG_2327_110cc7f5,Necklace,2,train,dataset1
DS1_IMG_002791,train/Necklace/IMG_2327_110cc7f5_JPG.rf.d5f3a88cb1d93496a17b4626dd6e8347.jpg,IMG_2327_110cc7f5,Necklace,2,train,dataset1
DS1_IMG_002792,train/Necklace/IMG_2328_42b94676_JPG.rf.c1001a22ce00fe00abac730047eba10e.jpg,IMG_2328_42b94676,Necklace,2,train,dataset1
DS1_IMG_002793,train/Necklace/IMG_2328_42b94676_JPG.rf.f352db4919984317181f11bf48097f4b.jpg,IMG_2328_42b94676,Necklace,2,train,dataset1
DS1_IMG_002794,train/Necklace/IMG_2328_42b94676_JPG.rf.fe370142f2df4e5b2fa9b14437fd579b.jpg,IMG_2328_42b94676,Necklace,2,train,dataset1
DS1_IMG_002795,train/Necklace/IMG_2329_f394be88_JPG.rf.014f1d1b7df4053c03d6a5cadbd15464.jpg,IMG_2329_f394be88,Necklace,2,train,dataset1
DS1_IMG_002796,train/Necklace/IMG_2329_f394be88_JPG.rf.412e6cd62ba638d0a3dac35f81325bf6.jpg,IMG_2329_f394be88,Necklace,2,train,dataset1
DS1_IMG_002797,train/Necklace/IMG_2329_f394be88_JPG.rf.48859bcd518bd94c5a008b68af7c146f.jpg,IMG_2329_f394be88,Necklace,2,train,dataset1
DS1_IMG_002798,train/Necklace/IMG_2331_bcf25f16_JPG.rf.7bf440b3daeb9af8009ed6827ad0c661.jpg,IMG_2331_bcf25f16,Necklace,2,train,dataset1
DS1_IMG_002799,train/Necklace/IMG_2331_bcf25f16_JPG.rf.cd37fc1c67bbb46df80d593d761d4dc3.jpg,IMG_2331_bcf25f16,Necklace,2,train,dataset1
DS1_IMG_002800,train/Necklace/IMG_2331_bcf25f16_JPG.rf.f7809167a9c7670869f5678877ce7f3c.jpg,IMG_2331_bcf25f16,Necklace,2,train,dataset1
DS1_IMG_002801,train/Necklace/IMG_2335_4c90a754_JPG.rf.02dd41ec98e1396bef01ea813e1725af.jpg,IMG_2335_4c90a754,Necklace,2,train,dataset1
DS1_IMG_002802,train/Necklace/IMG_2335_4c90a754_JPG.rf.bfca086b9e00788c5f552bb476bbe0fa.jpg,IMG_2335_4c90a754,Necklace,2,train,dataset1
DS1_IMG_002803,train/Necklace/IMG_2335_4c90a754_JPG.rf.d6dc2490549395de3a568944e2048f94.jpg,IMG_2335_4c90a754,Necklace,2,train,dataset1
DS1_IMG_002804,train/Necklace/IMG_2372_2c99b554_JPG.rf.8b650daf7e595a1563174266f38b2b12.jpg,IMG_2372_2c99b554,Necklace,2,train,dataset1
DS1_IMG_002805,train/Necklace/IMG_2372_2c99b554_JPG.rf.8f2ac2f39de314ae41f06de6d337c1c0.jpg,IMG_2372_2c99b554,Necklace,2,train,dataset1
DS1_IMG_002806,train/Necklace/IMG_2372_2c99b554_JPG.rf.af7e275099545d9e3021fe37c08fc527.jpg,IMG_2372_2c99b554,Necklace,2,train,dataset1
DS1_IMG_002807,train/Necklace/IMG_2373_6a9e4d53_JPG.rf.2e374920ff4e7c5cb53a084355e05241.jpg,IMG_2373_6a9e4d53,Necklace,2,train,dataset1
DS1_IMG_002808,train/Necklace/IMG_2373_6a9e4d53_JPG.rf.45efa1568579f705348b2345d1a8159f.jpg,IMG_2373_6a9e4d53,Necklace,2,train,dataset1
DS1_IMG_002809,train/Necklace/IMG_2373_6a9e4d53_JPG.rf.7a110c1dfc1c080f40bd6803530bfe9d.jpg,IMG_2373_6a9e4d53,Necklace,2,train,dataset1
DS1_IMG_002810,train/Necklace/IMG_2374_1ceaf4fb_JPG.rf.284fb0ac88cf594160cdd74586edc8a9.jpg,IMG_2374_1ceaf4fb,Necklace,2,train,dataset1
DS1_IMG_002811,train/Necklace/IMG_2374_1ceaf4fb_JPG.rf.9e4466d411d8ed12a2d7e4e55b49bf44.jpg,IMG_2374_1ceaf4fb,Necklace,2,train,dataset1
DS1_IMG_002812,train/Necklace/IMG_2374_1ceaf4fb_JPG.rf.b34670627f4afd332053a49c702f41f3.jpg,IMG_2374_1ceaf4fb,Necklace,2,train,dataset1
DS1_IMG_002813,train/Necklace/IMG_2375_3788e0a0_JPG.rf.6493dd52718645068ffb788b605c8a73.jpg,IMG_2375_3788e0a0,Necklace,2,train,dataset1
DS1_IMG_002814,train/Necklace/IMG_2375_3788e0a0_JPG.rf.9ad7c97deac2896444d79a2c537667ba.jpg,IMG_2375_3788e0a0,Necklace,2,train,dataset1
DS1_IMG_002815,train/Necklace/IMG_2375_3788e0a0_JPG.rf.fea38ee50e2578730631aff0352be5a0.jpg,IMG_2375_3788e0a0,Necklace,2,train,dataset1
DS1_IMG_002816,train/Necklace/IMG_2376_0441f512_JPG.rf.178f39f89e3594ac3cced9fd3c3d1186.jpg,IMG_2376_0441f512,Necklace,2,train,dataset1
DS1_IMG_002817,train/Necklace/IMG_2376_0441f512_JPG.rf.9f3080024d9aa3ccc13ea2c91340e1b2.jpg,IMG_2376_0441f512,Necklace,2,train,dataset1
DS1_IMG_002818,train/Necklace/IMG_2376_0441f512_JPG.rf.fb5971bc60a1ab7c25625b51dcce0ecd.jpg,IMG_2376_0441f512,Necklace,2,train,dataset1
DS1_IMG_002819,train/Necklace/IMG_2378_41e1c740_JPG.rf.0434a44cf00e9fb0cf61d29a3ea3df25.jpg,IMG_2378_41e1c740,Necklace,2,train,dataset1
DS1_IMG_002820,train/Necklace/IMG_2378_41e1c740_JPG.rf.530d46341ee1150a761dccafd860fcc7.jpg,IMG_2378_41e1c740,Necklace,2,train,dataset1
DS1_IMG_002821,train/Necklace/IMG_2378_41e1c740_JPG.rf.bc01d984e4863c8362b6bcfb59675027.jpg,IMG_2378_41e1c740,Necklace,2,train,dataset1
DS1_IMG_002822,train/Necklace/IMG_2380_34440aaf_JPG.rf.84937751f475d585ef1d3a974b4d3097.jpg,IMG_2380_34440aaf,Necklace,2,train,dataset1
DS1_IMG_002823,train/Necklace/IMG_2380_34440aaf_JPG.rf.d3de1c74fbfb41e088868fd5c32c4ad3.jpg,IMG_2380_34440aaf,Necklace,2,train,dataset1
DS1_IMG_002824,train/Necklace/IMG_2380_34440aaf_JPG.rf.f37088dc13448a8b3fd65cffc8cfd174.jpg,IMG_2380_34440aaf,Necklace,2,train,dataset1
DS1_IMG_002825,train/Necklace/IMG_2390_c2daa331_JPG.rf.06c01991297af84a7f2490c81bad661c.jpg,IMG_2390_c2daa331,Necklace,2,train,dataset1
DS1_IMG_002826,train/Necklace/IMG_2390_c2daa331_JPG.rf.15ddabce1ec803de4a0981d2cfca70f0.jpg,IMG_2390_c2daa331,Necklace,2,train,dataset1
DS1_IMG_002827,train/Necklace/IMG_2390_c2daa331_JPG.rf.6e025bcfc3cc8a839314c147cbc3dd6a.jpg,IMG_2390_c2daa331,Necklace,2,train,dataset1
DS1_IMG_002828,train/Necklace/IMG_2393_8ec8fcc5_JPG.rf.8ca83504e76508597dc19cd6d9711707.jpg,IMG_2393_8ec8fcc5,Necklace,2,train,dataset1
DS1_IMG_002829,train/Necklace/IMG_2393_8ec8fcc5_JPG.rf.ccc0dcc7002a5d00335e2fc51266f150.jpg,IMG_2393_8ec8fcc5,Necklace,2,train,dataset1
DS1_IMG_002830,train/Necklace/IMG_2393_8ec8fcc5_JPG.rf.f95909f5015abb170fd8b01f3a5b3cc6.jpg,IMG_2393_8ec8fcc5,Necklace,2,train,dataset1
DS1_IMG_002831,train/Necklace/IMG_2394_46b5edad_JPG.rf.1c3d94ab41c70cb6b68f337d02461281.jpg,IMG_2394_46b5edad,Necklace,2,train,dataset1
DS1_IMG_002832,train/Necklace/IMG_2394_46b5edad_JPG.rf.4f4e8da44a345533a91aed72c32acad9.jpg,IMG_2394_46b5edad,Necklace,2,train,dataset1
DS1_IMG_002833,train/Necklace/IMG_2394_46b5edad_JPG.rf.a69e6b6504f535f644230f71bd60127b.jpg,IMG_2394_46b5edad,Necklace,2,train,dataset1
DS1_IMG_002834,train/Necklace/IMG_2397_e1c5d6c6_JPG.rf.69daa1e4710f6b3855bb2274fa2e840a.jpg,IMG_2397_e1c5d6c6,Necklace,2,train,dataset1
DS1_IMG_002835,train/Necklace/IMG_2397_e1c5d6c6_JPG.rf.b472b8c1a07aee660f5ce56d2c875397.jpg,IMG_2397_e1c5d6c6,Necklace,2,train,dataset1
DS1_IMG_002836,train/Necklace/IMG_2397_e1c5d6c6_JPG.rf.bac7de5684e0394755eda69e20208d36.jpg,IMG_2397_e1c5d6c6,Necklace,2,train,dataset1
DS1_IMG_002837,train/Necklace/IMG_2399_9425c3bd_JPG.rf.8f5e43554d9bea99b5a8b1060920a566.jpg,IMG_2399_9425c3bd,Necklace,2,train,dataset1
DS1_IMG_002838,train/Necklace/IMG_2399_9425c3bd_JPG.rf.9fecfcc43babd0d9cf317490c2dae7f1.jpg,IMG_2399_9425c3bd,Necklace,2,train,dataset1
DS1_IMG_002839,train/Necklace/IMG_2399_9425c3bd_JPG.rf.f28113933208e6e1e2d7de5697af7196.jpg,IMG_2399_9425c3bd,Necklace,2,train,dataset1
DS1_IMG_002840,train/Necklace/IMG_2400_9562099c_JPG.rf.0cf4f4cea12691e76b9ee2823e647aaf.jpg,IMG_2400_9562099c,Necklace,2,train,dataset1
DS1_IMG_002841,train/Necklace/IMG_2400_9562099c_JPG.rf.6cdf9973768e0b5d7415491700a78bbe.jpg,IMG_2400_9562099c,Necklace,2,train,dataset1
DS1_IMG_002842,train/Necklace/IMG_2400_9562099c_JPG.rf.7e0a7b7cc44da08cc9dc06920174e3ea.jpg,IMG_2400_9562099c,Necklace,2,train,dataset1
DS1_IMG_002843,train/Necklace/IMG_2403_3593dfcf_JPG.rf.55df8f647e5e76a982a87f63dd56acc1.jpg,IMG_2403_3593dfcf,Necklace,2,train,dataset1
DS1_IMG_002844,train/Necklace/IMG_2403_3593dfcf_JPG.rf.8e5702c2fde4eff8441ce55c43476f06.jpg,IMG_2403_3593dfcf,Necklace,2,train,dataset1
DS1_IMG_002845,train/Necklace/IMG_2403_3593dfcf_JPG.rf.904a2d67e6eda528047633e580bfb07f.jpg,IMG_2403_3593dfcf,Necklace,2,train,dataset1
DS1_IMG_002846,train/Necklace/IMG_2404_c1295b69_JPG.rf.272aeed0d9ec47632c07238e5697c1d0.jpg,IMG_2404_c1295b69,Necklace,2,train,dataset1
DS1_IMG_002847,train/Necklace/IMG_2404_c1295b69_JPG.rf.d4c0d44f3e17cd2e16c7d1e2a1ed3b72.jpg,IMG_2404_c1295b69,Necklace,2,train,dataset1
DS1_IMG_002848,train/Necklace/IMG_2404_c1295b69_JPG.rf.f1ab35a284bb6192f4339b1e9fc1001d.jpg,IMG_2404_c1295b69,Necklace,2,train,dataset1
DS1_IMG_002849,train/Necklace/IMG_2412_fedd625c_JPG.rf.2960ceadfb3080c331fd1f12501068ea.jpg,IMG_2412_fedd625c,Necklace,2,train,dataset1
DS1_IMG_002850,train/Necklace/IMG_2412_fedd625c_JPG.rf.37c61f634e8f3ff7272fc38aa1427847.jpg,IMG_2412_fedd625c,Necklace,2,train,dataset1
DS1_IMG_002851,train/Necklace/IMG_2412_fedd625c_JPG.rf.67d3460a6129fce0a28a6ba9c19f3eb3.jpg,IMG_2412_fedd625c,Necklace,2,train,dataset1
DS1_IMG_002852,train/Necklace/IMG_2414_92148f1f_JPG.rf.17e01801237a06dabfe89da66c7cb244.jpg,IMG_2414_92148f1f,Necklace,2,train,dataset1
DS1_IMG_002853,train/Necklace/IMG_2414_92148f1f_JPG.rf.e644b79749f3371ab319b3c759986af4.jpg,IMG_2414_92148f1f,Necklace,2,train,dataset1
DS1_IMG_002854,train/Necklace/IMG_2414_92148f1f_JPG.rf.f51c2aef1d5ea343b85f209da717bb96.jpg,IMG_2414_92148f1f,Necklace,2,train,dataset1
DS1_IMG_002855,train/Necklace/IMG_2415_8afbbec4_JPG.rf.342681141406a2c668e6d762ee8433e9.jpg,IMG_2415_8afbbec4,Necklace,2,train,dataset1
DS1_IMG_002856,train/Necklace/IMG_2415_8afbbec4_JPG.rf.7837ab56c471a530b66c6224507632b8.jpg,IMG_2415_8afbbec4,Necklace,2,train,dataset1
DS1_IMG_002857,train/Necklace/IMG_2415_8afbbec4_JPG.rf.caf63fd3949835d97b9cb06c467f4899.jpg,IMG_2415_8afbbec4,Necklace,2,train,dataset1
DS1_IMG_002858,train/Necklace/IMG_2417_0251d80f_JPG.rf.14ce3a7551de51862f2de3f508b377ee.jpg,IMG_2417_0251d80f,Necklace,2,train,dataset1
DS1_IMG_002859,train/Necklace/IMG_2417_0251d80f_JPG.rf.fc466f807ff5355cecb36a6e90849ffb.jpg,IMG_2417_0251d80f,Necklace,2,train,dataset1
DS1_IMG_002860,train/Necklace/IMG_2418_d550a604_JPG.rf.d9ece6a78aa79f973a1e0fca4428c322.jpg,IMG_2418_d550a604,Necklace,2,train,dataset1
DS1_IMG_002861,train/Necklace/IMG_2418_d550a604_JPG.rf.e203eb437fe88d6eec409f782842f41e.jpg,IMG_2418_d550a604,Necklace,2,train,dataset1
DS1_IMG_002862,train/Necklace/IMG_2419_f8fbbdf5_JPG.rf.2497cb5d06739ea9c2ef901b41fb49f7.jpg,IMG_2419_f8fbbdf5,Necklace,2,train,dataset1
DS1_IMG_002863,train/Necklace/IMG_2419_f8fbbdf5_JPG.rf.46626e71dbfb4e0d4d41f41d662ea66f.jpg,IMG_2419_f8fbbdf5,Necklace,2,train,dataset1
DS1_IMG_002864,train/Necklace/IMG_2419_f8fbbdf5_JPG.rf.6ab69739d3167813b008f1ef7c2f9f71.jpg,IMG_2419_f8fbbdf5,Necklace,2,train,dataset1
DS1_IMG_002865,train/Necklace/IMG_2422_c277bf70_JPG.rf.08c06420548534d2944f041a553ff58c.jpg,IMG_2422_c277bf70,Necklace,2,train,dataset1
DS1_IMG_002866,train/Necklace/IMG_2422_c277bf70_JPG.rf.31dc563522bfcfdda2b7102fb90ddae6.jpg,IMG_2422_c277bf70,Necklace,2,train,dataset1
DS1_IMG_002867,train/Necklace/IMG_2422_c277bf70_JPG.rf.f4e9b9a255e2bd1be8ff8919111a40c7.jpg,IMG_2422_c277bf70,Necklace,2,train,dataset1
DS1_IMG_002868,train/Necklace/IMG_2423_debfc027_JPG.rf.11dfd5dd584cecfaf5d75b2d75a33ccd.jpg,IMG_2423_debfc027,Necklace,2,train,dataset1
DS1_IMG_002869,train/Necklace/IMG_2423_debfc027_JPG.rf.c79738cdb5fc1e241f5ea88acb105e31.jpg,IMG_2423_debfc027,Necklace,2,train,dataset1
DS1_IMG_002870,train/Necklace/IMG_2423_debfc027_JPG.rf.ccc82aa358262b220a1907cb494ee6cb.jpg,IMG_2423_debfc027,Necklace,2,train,dataset1
DS1_IMG_002871,train/Necklace/IMG_2424_e5c2c5cb_JPG.rf.03ce9b978c185e992d3647ca8215a8d9.jpg,IMG_2424_e5c2c5cb,Necklace,2,train,dataset1
DS1_IMG_002872,train/Necklace/IMG_2424_e5c2c5cb_JPG.rf.58c080decfaa84337114df74d80a2d24.jpg,IMG_2424_e5c2c5cb,Necklace,2,train,dataset1
DS1_IMG_002873,train/Necklace/IMG_2424_e5c2c5cb_JPG.rf.c4a9eb7852510c2c53c02fda78dbb930.jpg,IMG_2424_e5c2c5cb,Necklace,2,train,dataset1
DS1_IMG_002874,train/Necklace/IMG_2425_bef80101_JPG.rf.1ec771fb091894c3cf2e29a9b55c33f6.jpg,IMG_2425_bef80101,Necklace,2,train,dataset1
DS1_IMG_002875,train/Necklace/IMG_2425_bef80101_JPG.rf.2ba580e77d4e1b184dfadb1c36de0533.jpg,IMG_2425_bef80101,Necklace,2,train,dataset1
DS1_IMG_002876,train/Necklace/IMG_2425_bef80101_JPG.rf.65a46d0e725dcb050a2ae3934ec61b1a.jpg,IMG_2425_bef80101,Necklace,2,train,dataset1
DS1_IMG_002877,train/Necklace/IMG_2428_e19c8047_JPG.rf.05718c1e79a586d43e328f90c9a80bf3.jpg,IMG_2428_e19c8047,Necklace,2,train,dataset1
DS1_IMG_002878,train/Necklace/IMG_2428_e19c8047_JPG.rf.548b7384f9643dbf825d88b6a8e1a18e.jpg,IMG_2428_e19c8047,Necklace,2,train,dataset1
DS1_IMG_002879,train/Necklace/IMG_2428_e19c8047_JPG.rf.fe5bb5bc3625969838d1cf312d776ed1.jpg,IMG_2428_e19c8047,Necklace,2,train,dataset1
DS1_IMG_002880,train/Necklace/IMG_2429_448e19a6_JPG.rf.08ca606f7a911b0eb0e1e7133bc27efd.jpg,IMG_2429_448e19a6,Necklace,2,train,dataset1
DS1_IMG_002881,train/Necklace/IMG_2429_448e19a6_JPG.rf.1214c4ff20c92e18fcacdb8e8a5bcd27.jpg,IMG_2429_448e19a6,Necklace,2,train,dataset1
DS1_IMG_002882,train/Necklace/IMG_2429_448e19a6_JPG.rf.a6e38fb3b7603e2318cd1c282a766d12.jpg,IMG_2429_448e19a6,Necklace,2,train,dataset1
DS1_IMG_002883,train/Necklace/IMG_2434_7db51c4d_JPG.rf.29003755ab6070d8d3bed29ebcbad123.jpg,IMG_2434_7db51c4d,Necklace,2,train,dataset1
DS1_IMG_002884,train/Necklace/IMG_2434_7db51c4d_JPG.rf.71e73c25871c40e1eeb5493d7043f896.jpg,IMG_2434_7db51c4d,Necklace,2,train,dataset1
DS1_IMG_002885,train/Necklace/IMG_2434_7db51c4d_JPG.rf.b6f0d37c6cfd5745b7768d8af9a0cafe.jpg,IMG_2434_7db51c4d,Necklace,2,train,dataset1
DS1_IMG_002886,train/Necklace/IMG_2437_b615c1df_JPG.rf.3c035c42ba83006ca25fb3409e6aaa10.jpg,IMG_2437_b615c1df,Necklace,2,train,dataset1
DS1_IMG_002887,train/Necklace/IMG_2437_b615c1df_JPG.rf.4cc4bad8569cb0d8143b6f4d51032004.jpg,IMG_2437_b615c1df,Necklace,2,train,dataset1
DS1_IMG_002888,train/Necklace/IMG_2437_b615c1df_JPG.rf.8d488336a3ff38a08b79acbf3f89bacd.jpg,IMG_2437_b615c1df,Necklace,2,train,dataset1
DS1_IMG_002889,train/Necklace/IMG_2438_4f6f57cc_JPG.rf.25c7ed6338b547db60dd0bb7bc55aa44.jpg,IMG_2438_4f6f57cc,Necklace,2,train,dataset1
DS1_IMG_002890,train/Necklace/IMG_2438_4f6f57cc_JPG.rf.a7adc8ed42e679a7c728794160775c02.jpg,IMG_2438_4f6f57cc,Necklace,2,train,dataset1
DS1_IMG_002891,train/Necklace/IMG_2438_4f6f57cc_JPG.rf.d12b1f11224b868c910bda8cd5134b0b.jpg,IMG_2438_4f6f57cc,Necklace,2,train,dataset1
DS1_IMG_002892,train/Necklace/IMG_2440_9bfdc0b2_JPG.rf.11873ab2464c0892d69cf54690ce66c6.jpg,IMG_2440_9bfdc0b2,Necklace,2,train,dataset1
DS1_IMG_002893,train/Necklace/IMG_2440_9bfdc0b2_JPG.rf.1bd6e949099d3f1485734f5e5e4a50d2.jpg,IMG_2440_9bfdc0b2,Necklace,2,train,dataset1
DS1_IMG_002894,train/Necklace/IMG_2440_9bfdc0b2_JPG.rf.6293ca57a522d872b17b4d01c742bb18.jpg,IMG_2440_9bfdc0b2,Necklace,2,train,dataset1
DS1_IMG_002895,train/Necklace/IMG_2441_e87b3613_JPG.rf.161957444ede97b2aa2931d3f648d9e9.jpg,IMG_2441_e87b3613,Necklace,2,train,dataset1
DS1_IMG_002896,train/Necklace/IMG_2441_e87b3613_JPG.rf.a8f779764761379660d01e6acfaaf2a4.jpg,IMG_2441_e87b3613,Necklace,2,train,dataset1
DS1_IMG_002897,train/Necklace/IMG_2441_e87b3613_JPG.rf.b530cef292150cf57a96e9a26e9edb3c.jpg,IMG_2441_e87b3613,Necklace,2,train,dataset1
DS1_IMG_002898,train/Necklace/IMG_2442_293df283_JPG.rf.74b4909e36862d0c75c6bc6d6ec06302.jpg,IMG_2442_293df283,Necklace,2,train,dataset1
DS1_IMG_002899,train/Necklace/IMG_2442_293df283_JPG.rf.7f8d370669e93e2d7d761b17af88eaea.jpg,IMG_2442_293df283,Necklace,2,train,dataset1
DS1_IMG_002900,train/Necklace/IMG_2442_293df283_JPG.rf.bb575b014b3799f204f6803a08fa2156.jpg,IMG_2442_293df283,Necklace,2,train,dataset1
DS1_IMG_002901,train/Necklace/IMG_2803_a701f531_jpg.rf.4ef6530cb95dc1fdd37f65bc23e9a364.jpg,IMG_2803_a701f531,Necklace,2,train,dataset1
DS1_IMG_002902,train/Necklace/IMG_2803_a701f531_jpg.rf.fd091beb99bade67c8cb45e52d127ddf.jpg,IMG_2803_a701f531,Necklace,2,train,dataset1
DS1_IMG_002903,train/Necklace/IMG_2804_46a71da7_jpg.rf.6114cbd9cdf58a4f165f8819eceed289.jpg,IMG_2804_46a71da7,Necklace,2,train,dataset1
DS1_IMG_002904,train/Necklace/IMG_2804_46a71da7_jpg.rf.9e4b012f09bdfbbec429a79c77355b97.jpg,IMG_2804_46a71da7,Necklace,2,train,dataset1
DS1_IMG_002905,train/Necklace/IMG_2804_46a71da7_jpg.rf.a1be699aaa2cb43ba33b190e1937ab95.jpg,IMG_2804_46a71da7,Necklace,2,train,dataset1
DS1_IMG_002906,train/Necklace/IMG_2807_0d674a4e_jpg.rf.0b23b3200fe677720195b457ceaa3d60.jpg,IMG_2807_0d674a4e,Necklace,2,train,dataset1
DS1_IMG_002907,train/Necklace/IMG_2807_0d674a4e_jpg.rf.0e38d282dd8b936b836def44cd7d98fa.jpg,IMG_2807_0d674a4e,Necklace,2,train,dataset1
DS1_IMG_002908,train/Necklace/IMG_2807_0d674a4e_jpg.rf.b3f5d2c694f71c64164d199c5b99e6c2.jpg,IMG_2807_0d674a4e,Necklace,2,train,dataset1
DS1_IMG_002909,train/Necklace/IMG_2812_accaafa7_jpg.rf.304f34c7c772e8add0ae61944b82d983.jpg,IMG_2812_accaafa7,Necklace,2,train,dataset1
DS1_IMG_002910,train/Necklace/IMG_2812_accaafa7_jpg.rf.d1d486835bb433283265b655bba711ad.jpg,IMG_2812_accaafa7,Necklace,2,train,dataset1
DS1_IMG_002911,train/Necklace/IMG_2812_accaafa7_jpg.rf.ee265723c762c80c292210ca27cf3af9.jpg,IMG_2812_accaafa7,Necklace,2,train,dataset1
DS1_IMG_002912,train/Necklace/IMG_2815_efd231b4_jpg.rf.0af55f596337c22a1df8b9b371b1347f.jpg,IMG_2815_efd231b4,Necklace,2,train,dataset1
DS1_IMG_002913,train/Necklace/IMG_2815_efd231b4_jpg.rf.cab572e6e2f11a499418a53e56dc2c03.jpg,IMG_2815_efd231b4,Necklace,2,train,dataset1
DS1_IMG_002914,train/Necklace/IMG_2815_efd231b4_jpg.rf.f3fc25b04d385de15a610f56b00cabf9.jpg,IMG_2815_efd231b4,Necklace,2,train,dataset1
DS1_IMG_002915,train/Necklace/IMG_2816_3a0e171d_jpg.rf.1585d2511c3d1fb986da0358cb00bc0c.jpg,IMG_2816_3a0e171d,Necklace,2,train,dataset1
DS1_IMG_002916,train/Necklace/IMG_2816_3a0e171d_jpg.rf.cb337b5610b764bd78c4d80b4f0b70e5.jpg,IMG_2816_3a0e171d,Necklace,2,train,dataset1
DS1_IMG_002917,train/Necklace/IMG_2816_3a0e171d_jpg.rf.d68f88b674bd2384e4df288631bbf5ee.jpg,IMG_2816_3a0e171d,Necklace,2,train,dataset1
DS1_IMG_002918,train/Necklace/IMG_2824_d3c41ebe_jpg.rf.0be3e75bf2a9395d3d9127b420e6305f.jpg,IMG_2824_d3c41ebe,Necklace,2,train,dataset1
DS1_IMG_002919,train/Necklace/IMG_2824_d3c41ebe_jpg.rf.5e2e9028e2ed16abfa248d9b336235ea.jpg,IMG_2824_d3c41ebe,Necklace,2,train,dataset1
DS1_IMG_002920,train/Necklace/IMG_2824_d3c41ebe_jpg.rf.9bf55df48eee24d93608741e8d582168.jpg,IMG_2824_d3c41ebe,Necklace,2,train,dataset1
DS1_IMG_002921,train/Necklace/IMG_2826_9283fa5c_jpg.rf.90f9e7231b2c685e97494b4fc71b4259.jpg,IMG_2826_9283fa5c,Necklace,2,train,dataset1
DS1_IMG_002922,train/Necklace/IMG_2826_9283fa5c_jpg.rf.a941393da28608accb3d0798c2c7f914.jpg,IMG_2826_9283fa5c,Necklace,2,train,dataset1
DS1_IMG_002923,train/Necklace/IMG_2826_9283fa5c_jpg.rf.b8a5583ba0a70307df921fbfef6813be.jpg,IMG_2826_9283fa5c,Necklace,2,train,dataset1
DS1_IMG_002924,train/Necklace/IMG_2831_a92eea84_jpg.rf.17dd1cf24935e1a8e9056e1a6b00bd49.jpg,IMG_2831_a92eea84,Necklace,2,train,dataset1
DS1_IMG_002925,train/Necklace/IMG_2831_a92eea84_jpg.rf.24290e56f2863bdd036ccf4a48778e8f.jpg,IMG_2831_a92eea84,Necklace,2,train,dataset1
DS1_IMG_002926,train/Necklace/IMG_2831_a92eea84_jpg.rf.3c6e0408471d20dd9245ecab42cbccd8.jpg,IMG_2831_a92eea84,Necklace,2,train,dataset1
DS1_IMG_002927,train/Necklace/IMG_2832_2b04c8e3_jpg.rf.2b78c754be16ea9c1e685ef4fa2809b5.jpg,IMG_2832_2b04c8e3,Necklace,2,train,dataset1
DS1_IMG_002928,train/Necklace/IMG_2832_2b04c8e3_jpg.rf.82ee99af83733b08a347b2b2566bfc85.jpg,IMG_2832_2b04c8e3,Necklace,2,train,dataset1
DS1_IMG_002929,train/Necklace/IMG_2832_2b04c8e3_jpg.rf.c209bd92760a1f2a4d318fea73eabbbb.jpg,IMG_2832_2b04c8e3,Necklace,2,train,dataset1
DS1_IMG_002930,train/Necklace/IMG_2837_77d385b2_jpg.rf.4c61cd28f9bf272b76e93266266fdea9.jpg,IMG_2837_77d385b2,Necklace,2,train,dataset1
DS1_IMG_002931,train/Necklace/IMG_2837_77d385b2_jpg.rf.57362bcb0c2e36fb350f55960aa27646.jpg,IMG_2837_77d385b2,Necklace,2,train,dataset1
DS1_IMG_002932,train/Necklace/IMG_2837_77d385b2_jpg.rf.5b87d5e1ff0d1576383a7df2dba5ef5b.jpg,IMG_2837_77d385b2,Necklace,2,train,dataset1
DS1_IMG_002933,train/Necklace/IMG_2843_715e72b1_jpg.rf.22e297473f54846b289142b1b0287692.jpg,IMG_2843_715e72b1,Necklace,2,train,dataset1
DS1_IMG_002934,train/Necklace/IMG_2843_715e72b1_jpg.rf.2bedd8d4d18ae41f8f87e746ad31e68c.jpg,IMG_2843_715e72b1,Necklace,2,train,dataset1
DS1_IMG_002935,train/Necklace/IMG_2848_b8589f1e_jpg.rf.1dcafc196a49b3dbf67f46ed0890e742.jpg,IMG_2848_b8589f1e,Necklace,2,train,dataset1
DS1_IMG_002936,train/Necklace/IMG_2848_b8589f1e_jpg.rf.8cb05c98193e3227d889fd1d09eabdf8.jpg,IMG_2848_b8589f1e,Necklace,2,train,dataset1
DS1_IMG_002937,train/Necklace/IMG_2848_b8589f1e_jpg.rf.bf58b787150e74775fb95d35ab87b29f.jpg,IMG_2848_b8589f1e,Necklace,2,train,dataset1
DS1_IMG_002938,train/Necklace/IMG_2849_18a2e34f_jpg.rf.128088a57333496bb0df9b3e8390d206.jpg,IMG_2849_18a2e34f,Necklace,2,train,dataset1
DS1_IMG_002939,train/Necklace/IMG_2849_18a2e34f_jpg.rf.292e3a91f4da9f6c2f60a97dcd667b2c.jpg,IMG_2849_18a2e34f,Necklace,2,train,dataset1
DS1_IMG_002940,train/Necklace/IMG_2849_18a2e34f_jpg.rf.5ded486540331ad439aff8e8fba14632.jpg,IMG_2849_18a2e34f,Necklace,2,train,dataset1
DS1_IMG_002941,train/Necklace/IMG_2852_b8fec241_jpg.rf.1e9a20a586202a5858390d0e6a759d5d.jpg,IMG_2852_b8fec241,Necklace,2,train,dataset1
DS1_IMG_002942,train/Necklace/IMG_2852_b8fec241_jpg.rf.97788833081e9c413916dbe07d34d65e.jpg,IMG_2852_b8fec241,Necklace,2,train,dataset1
DS1_IMG_002943,train/Necklace/IMG_2852_b8fec241_jpg.rf.d8dd69aee49611ecf86d1cc532892ce4.jpg,IMG_2852_b8fec241,Necklace,2,train,dataset1
DS1_IMG_002944,train/Necklace/IMG_2853_e9b16c39_jpg.rf.705534805d42f6f90ee38601d5fcb0d7.jpg,IMG_2853_e9b16c39,Necklace,2,train,dataset1
DS1_IMG_002945,train/Necklace/IMG_2853_e9b16c39_jpg.rf.b20917243b9a70bd32354a6cb16b6035.jpg,IMG_2853_e9b16c39,Necklace,2,train,dataset1
DS1_IMG_002946,train/Necklace/IMG_2853_e9b16c39_jpg.rf.e3c2d3a2615c426bb0e78601d353cad0.jpg,IMG_2853_e9b16c39,Necklace,2,train,dataset1
DS1_IMG_002947,train/Necklace/IMG_2859_8676125b_jpg.rf.2bc5d674ad83dc9cdca00d2f40cd13da.jpg,IMG_2859_8676125b,Necklace,2,train,dataset1
DS1_IMG_002948,train/Necklace/IMG_2859_8676125b_jpg.rf.3e09d0ac574ea1f4f229b83480aca3a2.jpg,IMG_2859_8676125b,Necklace,2,train,dataset1
DS1_IMG_002949,train/Necklace/IMG_2859_8676125b_jpg.rf.44923c708b4b97c6d55d9877f2f6741b.jpg,IMG_2859_8676125b,Necklace,2,train,dataset1
DS1_IMG_002950,train/Necklace/IMG_2863_c3999afa_jpg.rf.1af2d80f1823395398eea143e318dba6.jpg,IMG_2863_c3999afa,Necklace,2,train,dataset1
DS1_IMG_002951,train/Necklace/IMG_2863_c3999afa_jpg.rf.269615839979de62cd07a152156dde20.jpg,IMG_2863_c3999afa,Necklace,2,train,dataset1
DS1_IMG_002952,train/Necklace/IMG_2863_c3999afa_jpg.rf.404bcec29c5300827e0cd0bcd4aa168c.jpg,IMG_2863_c3999afa,Necklace,2,train,dataset1
DS1_IMG_002953,train/Necklace/IMG_2868_4e7d6301_jpg.rf.63f36f9fcc4da7b82d8bc3d590c38d73.jpg,IMG_2868_4e7d6301,Necklace,2,train,dataset1
DS1_IMG_002954,train/Necklace/IMG_2868_4e7d6301_jpg.rf.770412cf9abd9487d0e51c2a6b792fce.jpg,IMG_2868_4e7d6301,Necklace,2,train,dataset1
DS1_IMG_002955,train/Necklace/IMG_2868_4e7d6301_jpg.rf.e212c53afc777a02b7c893f277a22bda.jpg,IMG_2868_4e7d6301,Necklace,2,train,dataset1
DS1_IMG_002956,train/Necklace/IMG_2869_61973608_jpg.rf.5e384dd02196e73f6bbeab6317f2ccd8.jpg,IMG_2869_61973608,Necklace,2,train,dataset1
DS1_IMG_002957,train/Necklace/IMG_2869_61973608_jpg.rf.9a38781b950af3f4f05c1d8b571a7cb8.jpg,IMG_2869_61973608,Necklace,2,train,dataset1
DS1_IMG_002958,train/Necklace/IMG_2869_61973608_jpg.rf.d58eb9c27d13194457bd5ccfad787ccc.jpg,IMG_2869_61973608,Necklace,2,train,dataset1
DS1_IMG_002959,train/Necklace/IMG_2878_718682ff_jpg.rf.39a43a2659b25bf24eeccc70bc3aa148.jpg,IMG_2878_718682ff,Necklace,2,train,dataset1
DS1_IMG_002960,train/Necklace/IMG_2878_718682ff_jpg.rf.722bab98855b5874fc551ccffa5a092a.jpg,IMG_2878_718682ff,Necklace,2,train,dataset1
DS1_IMG_002961,train/Necklace/IMG_2878_718682ff_jpg.rf.7fe41fe8b4751dca619688a238c98910.jpg,IMG_2878_718682ff,Necklace,2,train,dataset1
DS1_IMG_002962,train/Necklace/IMG_2879_50d5439a_jpg.rf.54565453bc2833c4189c09582471b02d.jpg,IMG_2879_50d5439a,Necklace,2,train,dataset1
DS1_IMG_002963,train/Necklace/IMG_2879_50d5439a_jpg.rf.608af7d927c76ed9bbaf9208d012904f.jpg,IMG_2879_50d5439a,Necklace,2,train,dataset1
DS1_IMG_002964,train/Necklace/IMG_2879_50d5439a_jpg.rf.6b9d3452cbe55bd2eb8faf440f7a3516.jpg,IMG_2879_50d5439a,Necklace,2,train,dataset1
DS1_IMG_002965,train/Necklace/IMG_2880_0ef03fed_jpg.rf.4dcc6435356bf395c0e4e6941b4bdc3d.jpg,IMG_2880_0ef03fed,Necklace,2,train,dataset1
DS1_IMG_002966,train/Necklace/IMG_2880_0ef03fed_jpg.rf.4e82ce3aa3cb88d777109e5f41142967.jpg,IMG_2880_0ef03fed,Necklace,2,train,dataset1
DS1_IMG_002967,train/Necklace/IMG_2880_0ef03fed_jpg.rf.bedc476f176d07db9c997757143da247.jpg,IMG_2880_0ef03fed,Necklace,2,train,dataset1
DS1_IMG_002968,train/Necklace/IMG_2891_f820ab08_jpg.rf.1771423ec83c37a3e4755e6070e1b82d.jpg,IMG_2891_f820ab08,Necklace,2,train,dataset1
DS1_IMG_002969,train/Necklace/IMG_2891_f820ab08_jpg.rf.c9582b7cca5c2d0492145f2c22d6b591.jpg,IMG_2891_f820ab08,Necklace,2,train,dataset1
DS1_IMG_002970,train/Necklace/IMG_2891_f820ab08_jpg.rf.cefe8847878b5749ccded5840018d60c.jpg,IMG_2891_f820ab08,Necklace,2,train,dataset1
DS1_IMG_002971,train/Necklace/IMG_2897_89c39a07_jpg.rf.2073a08a8462f520bfb54323ff0aa351.jpg,IMG_2897_89c39a07,Necklace,2,train,dataset1
DS1_IMG_002972,train/Necklace/IMG_2897_89c39a07_jpg.rf.b50d8b873a6ad03071990b5dedad8d72.jpg,IMG_2897_89c39a07,Necklace,2,train,dataset1
DS1_IMG_002973,train/Necklace/IMG_2897_89c39a07_jpg.rf.c4a6a9e230bb8bf67ab4138d93db3217.jpg,IMG_2897_89c39a07,Necklace,2,train,dataset1
DS1_IMG_002974,train/Necklace/IMG_2898_a1100695_jpg.rf.4e2e8c9ebdcd207e583cb4fc8698b805.jpg,IMG_2898_a1100695,Necklace,2,train,dataset1
DS1_IMG_002975,train/Necklace/IMG_2898_a1100695_jpg.rf.780e8ee5365a8843477c90096db91f9c.jpg,IMG_2898_a1100695,Necklace,2,train,dataset1
DS1_IMG_002976,train/Necklace/IMG_2898_a1100695_jpg.rf.7d628fba5e184e6f9a7dbaa0ebda7bdf.jpg,IMG_2898_a1100695,Necklace,2,train,dataset1
DS1_IMG_002977,train/Necklace/IMG_2903_e498d50e_jpg.rf.234b262e51552c6a8e6315d6fc20832b.jpg,IMG_2903_e498d50e,Necklace,2,train,dataset1
DS1_IMG_002978,train/Necklace/IMG_2903_e498d50e_jpg.rf.516d93018bc702716528650d9da3d033.jpg,IMG_2903_e498d50e,Necklace,2,train,dataset1
DS1_IMG_002979,train/Necklace/IMG_2903_e498d50e_jpg.rf.73c1fbfd53d5d023d6fd5cf6935ae458.jpg,IMG_2903_e498d50e,Necklace,2,train,dataset1
DS1_IMG_002980,train/Necklace/IMG_2904_08964ce4_jpg.rf.1bec53a0e92ded558004c977a71d034b.jpg,IMG_2904_08964ce4,Necklace,2,train,dataset1
DS1_IMG_002981,train/Necklace/IMG_2904_08964ce4_jpg.rf.55eb51a8f40ee6e0934ae6a1215f965f.jpg,IMG_2904_08964ce4,Necklace,2,train,dataset1
DS1_IMG_002982,train/Necklace/IMG_2904_08964ce4_jpg.rf.8dd14e8df4d28394c5ab5964aa8a1407.jpg,IMG_2904_08964ce4,Necklace,2,train,dataset1
DS1_IMG_002983,train/Necklace/IMG_2905_10d13f4c_jpg.rf.69bc1b1ef3bd0fb8f61685522bbcdc3c.jpg,IMG_2905_10d13f4c,Necklace,2,train,dataset1
DS1_IMG_002984,train/Necklace/IMG_2905_10d13f4c_jpg.rf.c14d96582c131ae381065de4f15fd3bb.jpg,IMG_2905_10d13f4c,Necklace,2,train,dataset1
DS1_IMG_002985,train/Necklace/IMG_2905_10d13f4c_jpg.rf.dbf2412d90b526ecd33282b07af6672d.jpg,IMG_2905_10d13f4c,Necklace,2,train,dataset1
DS1_IMG_002986,train/Necklace/IMG_2914_f2b1f19b_jpg.rf.8fac8434b1ef4d2b75f7281d53bf614c.jpg,IMG_2914_f2b1f19b,Necklace,2,train,dataset1
DS1_IMG_002987,train/Necklace/IMG_2914_f2b1f19b_jpg.rf.99769bfa70caf4c53414687b38a6f4b4.jpg,IMG_2914_f2b1f19b,Necklace,2,train,dataset1
DS1_IMG_002988,train/Necklace/IMG_2914_f2b1f19b_jpg.rf.c5ea4328b06fe36da6756e5010f4010b.jpg,IMG_2914_f2b1f19b,Necklace,2,train,dataset1
DS1_IMG_002989,train/Necklace/IMG_2915_f1212555_jpg.rf.65ea945066fa00fa54ffd17a29806f5f.jpg,IMG_2915_f1212555,Necklace,2,train,dataset1
DS1_IMG_002990,train/Necklace/IMG_2915_f1212555_jpg.rf.7597ca756c8e846e7e059c3f6a0402c8.jpg,IMG_2915_f1212555,Necklace,2,train,dataset1
DS1_IMG_002991,train/Necklace/IMG_2915_f1212555_jpg.rf.bb93cb8a6c089facf07089dbe4bf2141.jpg,IMG_2915_f1212555,Necklace,2,train,dataset1
DS1_IMG_002992,train/Necklace/IMG_2916_a618162c_jpg.rf.3e9a0cc2667a1ed27f878114c812b41a.jpg,IMG_2916_a618162c,Necklace,2,train,dataset1
DS1_IMG_002993,train/Necklace/IMG_2916_a618162c_jpg.rf.a23979a6b7d6ea434343ebb2ae6aa262.jpg,IMG_2916_a618162c,Necklace,2,train,dataset1
DS1_IMG_002994,train/Necklace/IMG_2916_a618162c_jpg.rf.cdd225d13d0dbf51f7d6790d6eb57257.jpg,IMG_2916_a618162c,Necklace,2,train,dataset1
DS1_IMG_002995,train/Necklace/IMG_2919_e957f2e2_jpg.rf.4ff3718b775aef4519004c2601d07c8c.jpg,IMG_2919_e957f2e2,Necklace,2,train,dataset1
DS1_IMG_002996,train/Necklace/IMG_2919_e957f2e2_jpg.rf.9f554cf259cd9f99f75def802b400306.jpg,IMG_2919_e957f2e2,Necklace,2,train,dataset1
DS1_IMG_002997,train/Necklace/IMG_2919_e957f2e2_jpg.rf.afe829fe21bd72964f89e331c92328d3.jpg,IMG_2919_e957f2e2,Necklace,2,train,dataset1
DS1_IMG_002998,train/Necklace/IMG_2921_7aac934c_jpg.rf.1705abac6209a889f29f9b5c0f832a2c.jpg,IMG_2921_7aac934c,Necklace,2,train,dataset1
DS1_IMG_002999,train/Necklace/IMG_2921_7aac934c_jpg.rf.87d113af30709a8ee294b797f6f2d6e1.jpg,IMG_2921_7aac934c,Necklace,2,train,dataset1
DS1_IMG_003000,train/Necklace/IMG_2921_7aac934c_jpg.rf.be551a74ce4f1f85d77ec1438bed4432.jpg,IMG_2921_7aac934c,Necklace,2,train,dataset1
DS1_IMG_003001,train/Necklace/IMG_2924_df6eecc1_jpg.rf.09aadc69ef78774ecb2fa5145c49459c.jpg,IMG_2924_df6eecc1,Necklace,2,train,dataset1
DS1_IMG_003002,train/Necklace/IMG_2924_df6eecc1_jpg.rf.9e30952506ab7d6c8046c6096b68b2d8.jpg,IMG_2924_df6eecc1,Necklace,2,train,dataset1
DS1_IMG_003003,train/Necklace/IMG_2924_df6eecc1_jpg.rf.c25629bd73c06dbc0d993fdc090b0c7f.jpg,IMG_2924_df6eecc1,Necklace,2,train,dataset1
DS1_IMG_003004,train/Necklace/IMG_2925_71ba11a0_jpg.rf.505662d4991a1eb8d30d38ef49a9587a.jpg,IMG_2925_71ba11a0,Necklace,2,train,dataset1
DS1_IMG_003005,train/Necklace/IMG_2925_71ba11a0_jpg.rf.8b69f7ac5dd90687c84678640a1f6bc8.jpg,IMG_2925_71ba11a0,Necklace,2,train,dataset1
DS1_IMG_003006,train/Necklace/IMG_2925_71ba11a0_jpg.rf.e98456b838f0ad1662df34f15451f97b.jpg,IMG_2925_71ba11a0,Necklace,2,train,dataset1
DS1_IMG_003007,train/Necklace/IMG_2930_2feef29c_jpg.rf.34eb11c2fc61629e8999286f743a5250.jpg,IMG_2930_2feef29c,Necklace,2,train,dataset1
DS1_IMG_003008,train/Necklace/IMG_2930_2feef29c_jpg.rf.464286e9984a7b9b0827bbbbb5d2718c.jpg,IMG_2930_2feef29c,Necklace,2,train,dataset1
DS1_IMG_003009,train/Necklace/IMG_2930_2feef29c_jpg.rf.f3b09c2e6f2b13b77f739e54c617c70d.jpg,IMG_2930_2feef29c,Necklace,2,train,dataset1
DS1_IMG_003010,train/Necklace/IMG_2934_6e8cc23c_jpg.rf.02f54d0dc0e154c247682c4be78fe67d.jpg,IMG_2934_6e8cc23c,Necklace,2,train,dataset1
DS1_IMG_003011,train/Necklace/IMG_2934_6e8cc23c_jpg.rf.d5ae1557f2bbd30dba5ef9fbe34c9665.jpg,IMG_2934_6e8cc23c,Necklace,2,train,dataset1
DS1_IMG_003012,train/Necklace/IMG_2934_6e8cc23c_jpg.rf.f43ddb10cf5322a1f0dbe55a7df30c07.jpg,IMG_2934_6e8cc23c,Necklace,2,train,dataset1
DS1_IMG_003013,train/Necklace/IMG_2935_f0bec497_jpg.rf.7b78bdce7031528b0824ff702740b3ac.jpg,IMG_2935_f0bec497,Necklace,2,train,dataset1
DS1_IMG_003014,train/Necklace/IMG_2935_f0bec497_jpg.rf.8f984f01dfce9445b1355b8e0561283b.jpg,IMG_2935_f0bec497,Necklace,2,train,dataset1
DS1_IMG_003015,train/Necklace/IMG_2935_f0bec497_jpg.rf.eaed34c4d87775abb90b6d870017a8a4.jpg,IMG_2935_f0bec497,Necklace,2,train,dataset1
DS1_IMG_003016,train/Necklace/IMG_2939_24d96ddc_jpg.rf.2db62fabfbb8085e5bdf5d5ed48b7d96.jpg,IMG_2939_24d96ddc,Necklace,2,train,dataset1
DS1_IMG_003017,train/Necklace/IMG_2939_24d96ddc_jpg.rf.7b7b8f0df78c1763dbe8ef299ea1e6f4.jpg,IMG_2939_24d96ddc,Necklace,2,train,dataset1
DS1_IMG_003018,train/Necklace/IMG_2939_24d96ddc_jpg.rf.fbd15202909f839b01b6e2b90af8ceca.jpg,IMG_2939_24d96ddc,Necklace,2,train,dataset1
DS1_IMG_003019,train/Necklace/IMG_2940_7efb3caf_jpg.rf.1f1935915a6d3770e98728d00aaffe78.jpg,IMG_2940_7efb3caf,Necklace,2,train,dataset1
DS1_IMG_003020,train/Necklace/IMG_2940_7efb3caf_jpg.rf.e1a4a85c1cdbda806727f136ab102364.jpg,IMG_2940_7efb3caf,Necklace,2,train,dataset1
DS1_IMG_003021,train/Necklace/IMG_2940_7efb3caf_jpg.rf.f7d2990251f6c8a0dc513b8a883a8527.jpg,IMG_2940_7efb3caf,Necklace,2,train,dataset1
DS1_IMG_003022,train/Necklace/IMG_2944_904ce0f4_jpg.rf.49a56e2ec09951e7fd211b596200ac76.jpg,IMG_2944_904ce0f4,Necklace,2,train,dataset1
DS1_IMG_003023,train/Necklace/IMG_2944_904ce0f4_jpg.rf.72642c97a5307e2997ab018bcc8f154c.jpg,IMG_2944_904ce0f4,Necklace,2,train,dataset1
DS1_IMG_003024,train/Necklace/IMG_2944_904ce0f4_jpg.rf.ed9fb07b2649548ca4250408b9760c78.jpg,IMG_2944_904ce0f4,Necklace,2,train,dataset1
DS1_IMG_003025,train/Necklace/IMG_3047_adbe5b85_JPG.rf.42c7a33319d42183829a6cd3af4aa448.jpg,IMG_3047_adbe5b85,Necklace,2,train,dataset1
DS1_IMG_003026,train/Necklace/IMG_3047_adbe5b85_JPG.rf.b24e0498907aed300b06c15f4c3482a3.jpg,IMG_3047_adbe5b85,Necklace,2,train,dataset1
DS1_IMG_003027,train/Necklace/IMG_3047_adbe5b85_JPG.rf.feedc446b5a36b68e877dae03d66e0fb.jpg,IMG_3047_adbe5b85,Necklace,2,train,dataset1
DS1_IMG_003028,train/Necklace/IMG_3048_bb2b7f0c_JPG.rf.6b53dea4f396c590b9c3de5ef5c1942d.jpg,IMG_3048_bb2b7f0c,Necklace,2,train,dataset1
DS1_IMG_003029,train/Necklace/IMG_3048_bb2b7f0c_JPG.rf.82531761b088f587dddf4d40ad149850.jpg,IMG_3048_bb2b7f0c,Necklace,2,train,dataset1
DS1_IMG_003030,train/Necklace/IMG_3048_bb2b7f0c_JPG.rf.bbd2a35d14fe624ca10b523d993e3409.jpg,IMG_3048_bb2b7f0c,Necklace,2,train,dataset1
DS1_IMG_003031,train/Necklace/IMG_3050_44a1217c_JPG.rf.5d17636653a0c0bc67c72593c29cdcf3.jpg,IMG_3050_44a1217c,Necklace,2,train,dataset1
DS1_IMG_003032,train/Necklace/IMG_3050_44a1217c_JPG.rf.6d7fcdc24eada578fca8497e12998fa9.jpg,IMG_3050_44a1217c,Necklace,2,train,dataset1
DS1_IMG_003033,train/Necklace/IMG_3050_44a1217c_JPG.rf.700a4ba688da4517e4dc16096b9c2677.jpg,IMG_3050_44a1217c,Necklace,2,train,dataset1
DS1_IMG_003034,train/Necklace/IMG_3051_9b6f682d_JPG.rf.31a830d262e70ac528a607ffead48045.jpg,IMG_3051_9b6f682d,Necklace,2,train,dataset1
DS1_IMG_003035,train/Necklace/IMG_3051_9b6f682d_JPG.rf.3e80727c45e3c432dbbfc6586e599ce8.jpg,IMG_3051_9b6f682d,Necklace,2,train,dataset1
DS1_IMG_003036,train/Necklace/IMG_3051_9b6f682d_JPG.rf.7466152c6567414c80ba8d75b8fd9d73.jpg,IMG_3051_9b6f682d,Necklace,2,train,dataset1
DS1_IMG_003037,train/Necklace/IMG_3053_7e385729_JPG.rf.393bfe2718c3868b202675b65b76842d.jpg,IMG_3053_7e385729,Necklace,2,train,dataset1
DS1_IMG_003038,train/Necklace/IMG_3053_7e385729_JPG.rf.79d6716e3b1d521b268240cd2745818c.jpg,IMG_3053_7e385729,Necklace,2,train,dataset1
DS1_IMG_003039,train/Necklace/IMG_3053_7e385729_JPG.rf.86fd4f20c4eb143f5744c5756a308711.jpg,IMG_3053_7e385729,Necklace,2,train,dataset1
DS1_IMG_003040,train/Necklace/IMG_3054_8e0538e4_JPG.rf.aaff33e2376992727b8af7409051dc8a.jpg,IMG_3054_8e0538e4,Necklace,2,train,dataset1
DS1_IMG_003041,train/Necklace/IMG_3054_8e0538e4_JPG.rf.def7536fd8bbc62b6691d1e7007788a8.jpg,IMG_3054_8e0538e4,Necklace,2,train,dataset1
DS1_IMG_003042,train/Necklace/IMG_3055_3dfb9a82_JPG.rf.8c99204368e056f3ca6855fd173c3da6.jpg,IMG_3055_3dfb9a82,Necklace,2,train,dataset1
DS1_IMG_003043,train/Necklace/IMG_3055_3dfb9a82_JPG.rf.a22a7d89927476d81362ef7ada610fc5.jpg,IMG_3055_3dfb9a82,Necklace,2,train,dataset1
DS1_IMG_003044,train/Necklace/IMG_3055_3dfb9a82_JPG.rf.c04cb7f6b182030f3bc1fee28efef875.jpg,IMG_3055_3dfb9a82,Necklace,2,train,dataset1
DS1_IMG_003045,train/Necklace/IMG_3056_ed7496ab_JPG.rf.1dbdf01d5f46c2916a178fc16af78d6b.jpg,IMG_3056_ed7496ab,Necklace,2,train,dataset1
DS1_IMG_003046,train/Necklace/IMG_3056_ed7496ab_JPG.rf.8c585bcb68373c0d64b927e86a82f13b.jpg,IMG_3056_ed7496ab,Necklace,2,train,dataset1
DS1_IMG_003047,train/Necklace/IMG_3056_ed7496ab_JPG.rf.fc13d69999429e5a1c5b7379e55bdc15.jpg,IMG_3056_ed7496ab,Necklace,2,train,dataset1
DS1_IMG_003048,train/Necklace/IMG_3059_77f7fd8c_JPG.rf.7dd1b558b2c8ec62616b254d8022421a.jpg,IMG_3059_77f7fd8c,Necklace,2,train,dataset1
DS1_IMG_003049,train/Necklace/IMG_3059_77f7fd8c_JPG.rf.b979c2aecaa3d7b74021b5690837e5a9.jpg,IMG_3059_77f7fd8c,Necklace,2,train,dataset1
DS1_IMG_003050,train/Necklace/IMG_3059_77f7fd8c_JPG.rf.f1975af59acd4cfb8d69c59927cedb0c.jpg,IMG_3059_77f7fd8c,Necklace,2,train,dataset1
DS1_IMG_003051,train/Necklace/IMG_3064_8d7b0dbd_JPG.rf.02e361dc20d4380385fe0c8f66a2974f.jpg,IMG_3064_8d7b0dbd,Necklace,2,train,dataset1
DS1_IMG_003052,train/Necklace/IMG_3064_8d7b0dbd_JPG.rf.21e38179351974e048697988de60ab74.jpg,IMG_3064_8d7b0dbd,Necklace,2,train,dataset1
DS1_IMG_003053,train/Necklace/IMG_3064_8d7b0dbd_JPG.rf.46ce93e6370b38bf0f5cb2fd0e172883.jpg,IMG_3064_8d7b0dbd,Necklace,2,train,dataset1
DS1_IMG_003054,train/Necklace/IMG_3065_0525da9f_JPG.rf.81ea569f62267bc025726a4f6c414f21.jpg,IMG_3065_0525da9f,Necklace,2,train,dataset1
DS1_IMG_003055,train/Necklace/IMG_3065_0525da9f_JPG.rf.e0a2f0cbfb3c1803b1991708d07cc122.jpg,IMG_3065_0525da9f,Necklace,2,train,dataset1
DS1_IMG_003056,train/Necklace/IMG_3080_7df3193f_JPG.rf.348098f41b0776243b0186c0c3cb3fca.jpg,IMG_3080_7df3193f,Necklace,2,train,dataset1
DS1_IMG_003057,train/Necklace/IMG_3080_7df3193f_JPG.rf.a961ce023df9f9399ec138c763f54b9f.jpg,IMG_3080_7df3193f,Necklace,2,train,dataset1
DS1_IMG_003058,train/Necklace/IMG_3080_7df3193f_JPG.rf.f8fdbc98dd1b1b5bca9aaf33e9326514.jpg,IMG_3080_7df3193f,Necklace,2,train,dataset1
DS1_IMG_003059,train/Necklace/IMG_3084_1e694e08_JPG.rf.76dab4935f4437be073574cebea7435c.jpg,IMG_3084_1e694e08,Necklace,2,train,dataset1
DS1_IMG_003060,train/Necklace/IMG_3084_1e694e08_JPG.rf.d32d5db158d2c8818a403baedaa80890.jpg,IMG_3084_1e694e08,Necklace,2,train,dataset1
DS1_IMG_003061,train/Necklace/IMG_3084_1e694e08_JPG.rf.daceb35fe21b9dffb1253fea9a1a9fb2.jpg,IMG_3084_1e694e08,Necklace,2,train,dataset1
DS1_IMG_003062,train/Necklace/IMG_3088_2b2780ff_JPG.rf.861a9256dcbfcab5cdea54483c0faa28.jpg,IMG_3088_2b2780ff,Necklace,2,train,dataset1
DS1_IMG_003063,train/Necklace/IMG_3088_2b2780ff_JPG.rf.a75b180819cc31f189f8b288c0e4feed.jpg,IMG_3088_2b2780ff,Necklace,2,train,dataset1
DS1_IMG_003064,train/Necklace/IMG_3088_2b2780ff_JPG.rf.b66ef73235008b700850c388e2c779fe.jpg,IMG_3088_2b2780ff,Necklace,2,train,dataset1
DS1_IMG_003065,train/Necklace/IMG_3089_8d53874f_JPG.rf.3bd1ce8092978735c555abbd090a4cfc.jpg,IMG_3089_8d53874f,Necklace,2,train,dataset1
DS1_IMG_003066,train/Necklace/IMG_3089_8d53874f_JPG.rf.8db37df6f47a54947d3d49ce75c29b11.jpg,IMG_3089_8d53874f,Necklace,2,train,dataset1
DS1_IMG_003067,train/Necklace/IMG_3089_8d53874f_JPG.rf.c8534e013a01316fa0c0382deeec4393.jpg,IMG_3089_8d53874f,Necklace,2,train,dataset1
DS1_IMG_003068,train/Necklace/IMG_3092_84e9b6df_JPG.rf.3a1d551b1633cedc40f776c7b84cd592.jpg,IMG_3092_84e9b6df,Necklace,2,train,dataset1
DS1_IMG_003069,train/Necklace/IMG_3092_84e9b6df_JPG.rf.6beb1831a22560e78cf653f0227fd108.jpg,IMG_3092_84e9b6df,Necklace,2,train,dataset1
DS1_IMG_003070,train/Necklace/IMG_3092_84e9b6df_JPG.rf.6ca58070eef5d4e5e9dc3ca1b3ad2e02.jpg,IMG_3092_84e9b6df,Necklace,2,train,dataset1
DS1_IMG_003071,train/Necklace/IMG_3099_0dbe546c_JPG.rf.2cdba0d2dadeb6e8b3e8a1fda7583506.jpg,IMG_3099_0dbe546c,Necklace,2,train,dataset1
DS1_IMG_003072,train/Necklace/IMG_3099_0dbe546c_JPG.rf.3177ebde437ca75aba9a34cc6394572c.jpg,IMG_3099_0dbe546c,Necklace,2,train,dataset1
DS1_IMG_003073,train/Necklace/IMG_3106_876d9d66_JPG.rf.6b59db15834f48e16d661de1190e982a.jpg,IMG_3106_876d9d66,Necklace,2,train,dataset1
DS1_IMG_003074,train/Necklace/IMG_3106_876d9d66_JPG.rf.991c5a2420f03a75e0a5f7aec8c24ce9.jpg,IMG_3106_876d9d66,Necklace,2,train,dataset1
DS1_IMG_003075,train/Necklace/IMG_3106_876d9d66_JPG.rf.d5856584c3c015a8d5d69649756be49d.jpg,IMG_3106_876d9d66,Necklace,2,train,dataset1
DS1_IMG_003076,train/Necklace/IMG_3107_49466a60_JPG.rf.1f4b0df818a84d3b2a6c64966e19ed64.jpg,IMG_3107_49466a60,Necklace,2,train,dataset1
DS1_IMG_003077,train/Necklace/IMG_3107_49466a60_JPG.rf.5ea3fc7e110d6efc72e28897ab1bc5ce.jpg,IMG_3107_49466a60,Necklace,2,train,dataset1
DS1_IMG_003078,train/Necklace/IMG_3107_49466a60_JPG.rf.7fb0eba389e344e45b476c08168b1f59.jpg,IMG_3107_49466a60,Necklace,2,train,dataset1
DS1_IMG_003079,train/Necklace/IMG_3110_e8631d85_JPG.rf.04e3f6d7a9b0181f428bdcb9f15a3631.jpg,IMG_3110_e8631d85,Necklace,2,train,dataset1
DS1_IMG_003080,train/Necklace/IMG_3110_e8631d85_JPG.rf.972e09b5b8ac269d6baab108804d1f46.jpg,IMG_3110_e8631d85,Necklace,2,train,dataset1
DS1_IMG_003081,train/Necklace/IMG_3110_e8631d85_JPG.rf.f22d2c29dcc5c1a588ea7e59baacea76.jpg,IMG_3110_e8631d85,Necklace,2,train,dataset1
DS1_IMG_003082,train/Necklace/IMG_3111_83880235_JPG.rf.8f8300b7b1d3796dfb09740877b9bc2c.jpg,IMG_3111_83880235,Necklace,2,train,dataset1
DS1_IMG_003083,train/Necklace/IMG_3111_83880235_JPG.rf.ea7ac6882267e4d4be4fdc501ff1a3e7.jpg,IMG_3111_83880235,Necklace,2,train,dataset1
DS1_IMG_003084,train/Necklace/IMG_3112_29506dd1_JPG.rf.21fffeabee8ec272c8b395adb64e46b0.jpg,IMG_3112_29506dd1,Necklace,2,train,dataset1
DS1_IMG_003085,train/Necklace/IMG_3112_29506dd1_JPG.rf.c7cab0872456e615c4fe5aa6e6bb9ced.jpg,IMG_3112_29506dd1,Necklace,2,train,dataset1
DS1_IMG_003086,train/Necklace/IMG_3112_29506dd1_JPG.rf.e7858c6595dc5f4b1594cd26e7a34c43.jpg,IMG_3112_29506dd1,Necklace,2,train,dataset1
DS1_IMG_003087,train/Necklace/IMG_3113_076cfb9c_JPG.rf.2702b9c77769251cdcacd10893595038.jpg,IMG_3113_076cfb9c,Necklace,2,train,dataset1
DS1_IMG_003088,train/Necklace/IMG_3113_076cfb9c_JPG.rf.4dc91459526ed508d64643a32857778a.jpg,IMG_3113_076cfb9c,Necklace,2,train,dataset1
DS1_IMG_003089,train/Necklace/IMG_3113_076cfb9c_JPG.rf.d7b4016fa2c31ad2ab9f66dec00020bc.jpg,IMG_3113_076cfb9c,Necklace,2,train,dataset1
DS1_IMG_003090,train/Necklace/IMG_3116_be79e1ce_JPG.rf.8ad5f6f7ad6bd733b5cc82a087d18458.jpg,IMG_3116_be79e1ce,Necklace,2,train,dataset1
DS1_IMG_003091,train/Necklace/IMG_3116_be79e1ce_JPG.rf.aa8c2d8a1da6ad022d7c2d635d68def0.jpg,IMG_3116_be79e1ce,Necklace,2,train,dataset1
DS1_IMG_003092,train/Necklace/IMG_3116_be79e1ce_JPG.rf.c0cf001fb5f03c7eff3722033094a0c6.jpg,IMG_3116_be79e1ce,Necklace,2,train,dataset1
DS1_IMG_003093,train/Necklace/IMG_3120_78f2342c_JPG.rf.19f7c95e85e84807bd3343db762c5f8c.jpg,IMG_3120_78f2342c,Necklace,2,train,dataset1
DS1_IMG_003094,train/Necklace/IMG_3120_78f2342c_JPG.rf.7e295eeb78d9c77481e58ff821c59d03.jpg,IMG_3120_78f2342c,Necklace,2,train,dataset1
DS1_IMG_003095,train/Necklace/IMG_3122_71e28353_JPG.rf.1603a5012caed2efe1aeeb6f6897a128.jpg,IMG_3122_71e28353,Necklace,2,train,dataset1
DS1_IMG_003096,train/Necklace/IMG_3122_71e28353_JPG.rf.c49fe6145584e02dcc247d0da970d4f4.jpg,IMG_3122_71e28353,Necklace,2,train,dataset1
DS1_IMG_003097,train/Necklace/IMG_3122_71e28353_JPG.rf.ffdb39823a3825bc6ee2327561ec221d.jpg,IMG_3122_71e28353,Necklace,2,train,dataset1
DS1_IMG_003098,train/Necklace/IMG_3123_d72cb3a0_JPG.rf.0c515a53c08a4868564c14b743c711d6.jpg,IMG_3123_d72cb3a0,Necklace,2,train,dataset1
DS1_IMG_003099,train/Necklace/IMG_3123_d72cb3a0_JPG.rf.a7da311059b52cf9e872e685f228ff29.jpg,IMG_3123_d72cb3a0,Necklace,2,train,dataset1
DS1_IMG_003100,train/Necklace/IMG_3123_d72cb3a0_JPG.rf.e6d186a2f30fc67dc8733da142440c13.jpg,IMG_3123_d72cb3a0,Necklace,2,train,dataset1
DS1_IMG_003101,train/Necklace/IMG_3124_2a93b6ae_JPG.rf.97d11cf8b66030cd06ae105f1d332416.jpg,IMG_3124_2a93b6ae,Necklace,2,train,dataset1
DS1_IMG_003102,train/Necklace/IMG_3124_2a93b6ae_JPG.rf.9c0b3bb814e952403b174a1175d44df5.jpg,IMG_3124_2a93b6ae,Necklace,2,train,dataset1
DS1_IMG_003103,train/Necklace/IMG_3124_2a93b6ae_JPG.rf.d129ddb0f9c50099ec31a6b9b0ca4b6e.jpg,IMG_3124_2a93b6ae,Necklace,2,train,dataset1
DS1_IMG_003104,train/Necklace/IMG_3130_bfdb7f12_JPG.rf.83a9dc00ffe15fd6a33bdf2f0c79f5b2.jpg,IMG_3130_bfdb7f12,Necklace,2,train,dataset1
DS1_IMG_003105,train/Necklace/IMG_3130_bfdb7f12_JPG.rf.9b1ebeea4c707b8b41f93a8e0a0a5dd2.jpg,IMG_3130_bfdb7f12,Necklace,2,train,dataset1
DS1_IMG_003106,train/Necklace/IMG_3130_bfdb7f12_JPG.rf.9c8b7fae60a75340b4e1489ceebc4224.jpg,IMG_3130_bfdb7f12,Necklace,2,train,dataset1
DS1_IMG_003107,train/Necklace/IMG_3134_e2481f1e_JPG.rf.0cb6ff1b03e4f054725861a136e83f3a.jpg,IMG_3134_e2481f1e,Necklace,2,train,dataset1
DS1_IMG_003108,train/Necklace/IMG_3134_e2481f1e_JPG.rf.b7c4ad825bd2a9f22bd75c8042476b3d.jpg,IMG_3134_e2481f1e,Necklace,2,train,dataset1
DS1_IMG_003109,train/Necklace/IMG_3134_e2481f1e_JPG.rf.db8b1bbc670c3f97d66b3c076dfe8dbe.jpg,IMG_3134_e2481f1e,Necklace,2,train,dataset1
DS1_IMG_003110,train/Necklace/IMG_3274_8ef830a9_JPG.rf.a01f0f47bc346ea01e14af6afc42eaf1.jpg,IMG_3274_8ef830a9,Necklace,2,train,dataset1
DS1_IMG_003111,train/Necklace/IMG_3274_8ef830a9_JPG.rf.c11e745e209ca23d8d687bb8978684a1.jpg,IMG_3274_8ef830a9,Necklace,2,train,dataset1
DS1_IMG_003112,train/Necklace/IMG_3274_8ef830a9_JPG.rf.c2411f144a267df89073e8f5af09170b.jpg,IMG_3274_8ef830a9,Necklace,2,train,dataset1
DS1_IMG_003113,train/Necklace/IMG_3276_76eae12d_JPG.rf.396b11e77f02a408948f068592cdfdf7.jpg,IMG_3276_76eae12d,Necklace,2,train,dataset1
DS1_IMG_003114,train/Necklace/IMG_3276_76eae12d_JPG.rf.c4dd11fd6d5024cd820872d043a742a7.jpg,IMG_3276_76eae12d,Necklace,2,train,dataset1
DS1_IMG_003115,train/Necklace/IMG_3276_76eae12d_JPG.rf.e0c5dc3611cfb0a3d0dcf9ada39a1671.jpg,IMG_3276_76eae12d,Necklace,2,train,dataset1
DS1_IMG_003116,train/Necklace/IMG_3277_672b3385_JPG.rf.d29f45bcae209890b16afbbe3e8770a0.jpg,IMG_3277_672b3385,Necklace,2,train,dataset1
DS1_IMG_003117,train/Necklace/IMG_3277_672b3385_JPG.rf.e1810e4b50cc354f988082a414b8f817.jpg,IMG_3277_672b3385,Necklace,2,train,dataset1
DS1_IMG_003118,train/Necklace/IMG_3277_672b3385_JPG.rf.e9f96840cc26e6ea19332be1cf962144.jpg,IMG_3277_672b3385,Necklace,2,train,dataset1
DS1_IMG_003119,train/Necklace/IMG_3468_55be3aa5_JPG.rf.1a54d9505ec481284e0e7ab8f4683ab4.jpg,IMG_3468_55be3aa5,Necklace,2,train,dataset1
DS1_IMG_003120,train/Necklace/IMG_3468_55be3aa5_JPG.rf.809bcc1e66c6af474bf6da02be6f5cd8.jpg,IMG_3468_55be3aa5,Necklace,2,train,dataset1
DS1_IMG_003121,train/Necklace/IMG_3468_55be3aa5_JPG.rf.c85a36e0c5b0facedac5b23bc861592a.jpg,IMG_3468_55be3aa5,Necklace,2,train,dataset1
DS1_IMG_003122,train/Necklace/IMG_3474_e19ef664_JPG.rf.4988a6ac270fcd77d5497ae96a722b00.jpg,IMG_3474_e19ef664,Necklace,2,train,dataset1
DS1_IMG_003123,train/Necklace/IMG_3474_e19ef664_JPG.rf.88880036bad2e81441a9c3946fffb129.jpg,IMG_3474_e19ef664,Necklace,2,train,dataset1
DS1_IMG_003124,train/Necklace/IMG_3474_e19ef664_JPG.rf.958c5b55a81796aa4a68998e472d0a29.jpg,IMG_3474_e19ef664,Necklace,2,train,dataset1
DS1_IMG_003125,train/Necklace/IMG_3476_fd33a4ca_JPG.rf.a2edc05faaa3aa6da6b757adbffa8aec.jpg,IMG_3476_fd33a4ca,Necklace,2,train,dataset1
DS1_IMG_003126,train/Necklace/IMG_3476_fd33a4ca_JPG.rf.aad1d41a7b24c52b116e457974b47353.jpg,IMG_3476_fd33a4ca,Necklace,2,train,dataset1
DS1_IMG_003127,train/Necklace/IMG_3476_fd33a4ca_JPG.rf.e6f03cff551b84cb0d6effbbd3f8c701.jpg,IMG_3476_fd33a4ca,Necklace,2,train,dataset1
DS1_IMG_003128,train/Necklace/IMG_3482_4e81cc09_JPG.rf.2bdea624298997763b2de35ce998bbdf.jpg,IMG_3482_4e81cc09,Necklace,2,train,dataset1
DS1_IMG_003129,train/Necklace/IMG_3482_4e81cc09_JPG.rf.756664504cadec7ca44bce53e3a3ca13.jpg,IMG_3482_4e81cc09,Necklace,2,train,dataset1
DS1_IMG_003130,train/Necklace/IMG_3482_4e81cc09_JPG.rf.c94c68a4b080fca242f4bf08f544a27c.jpg,IMG_3482_4e81cc09,Necklace,2,train,dataset1
DS1_IMG_003131,train/Necklace/IMG_3484_3f353f2e_JPG.rf.40e035ac5431d9eee2f6880256460668.jpg,IMG_3484_3f353f2e,Necklace,2,train,dataset1
DS1_IMG_003132,train/Necklace/IMG_3484_3f353f2e_JPG.rf.48ca721b14f4e1e0895425516eadbd0d.jpg,IMG_3484_3f353f2e,Necklace,2,train,dataset1
DS1_IMG_003133,train/Necklace/IMG_3484_3f353f2e_JPG.rf.6453733dd4284b42ad19846620e1c7ab.jpg,IMG_3484_3f353f2e,Necklace,2,train,dataset1
DS1_IMG_003134,train/Necklace/IMG_3488_1d475b5d_JPG.rf.37dba893c7e116c1a1cebeb4dbf301c4.jpg,IMG_3488_1d475b5d,Necklace,2,train,dataset1
DS1_IMG_003135,train/Necklace/IMG_3488_1d475b5d_JPG.rf.39f6c4374e31c16ca71d70695a213b37.jpg,IMG_3488_1d475b5d,Necklace,2,train,dataset1
DS1_IMG_003136,train/Necklace/IMG_3488_1d475b5d_JPG.rf.b1b7ef3fc50339573c00925b2c0d071b.jpg,IMG_3488_1d475b5d,Necklace,2,train,dataset1
DS1_IMG_003137,train/Necklace/IMG_3490_b500c066_JPG.rf.0f9116fee7a1ab8368b6b363db05bb65.jpg,IMG_3490_b500c066,Necklace,2,train,dataset1
DS1_IMG_003138,train/Necklace/IMG_3490_b500c066_JPG.rf.bc055bb2c9481eeeab6e33f0fed3fe74.jpg,IMG_3490_b500c066,Necklace,2,train,dataset1
DS1_IMG_003139,train/Necklace/IMG_3490_b500c066_JPG.rf.e50413cd51c98ebafc542288402836f2.jpg,IMG_3490_b500c066,Necklace,2,train,dataset1
DS1_IMG_003140,train/Necklace/IMG_3498_d0c73ec1_JPG.rf.3c7e08b99ee9b266a6723603f0b6ee08.jpg,IMG_3498_d0c73ec1,Necklace,2,train,dataset1
DS1_IMG_003141,train/Necklace/IMG_3498_d0c73ec1_JPG.rf.70deb8a2a0d3927fa78587ed2e47e55f.jpg,IMG_3498_d0c73ec1,Necklace,2,train,dataset1
DS1_IMG_003142,train/Necklace/IMG_3498_d0c73ec1_JPG.rf.e3b6287b4fb97f7bd71cad61608e4d2b.jpg,IMG_3498_d0c73ec1,Necklace,2,train,dataset1
DS1_IMG_003143,train/Necklace/IMG_3500_57d963ba_JPG.rf.39f4ebccf5d38cec54351f02ec97d93d.jpg,IMG_3500_57d963ba,Necklace,2,train,dataset1
DS1_IMG_003144,train/Necklace/IMG_3500_57d963ba_JPG.rf.72dcf1ed1a4e25dc3ff043cb9fc269c3.jpg,IMG_3500_57d963ba,Necklace,2,train,dataset1
DS1_IMG_003145,train/Necklace/IMG_3500_57d963ba_JPG.rf.b8b69747ace0e24dbb1130e87c70bba0.jpg,IMG_3500_57d963ba,Necklace,2,train,dataset1
DS1_IMG_003146,train/Necklace/IMG_3501_59379313_JPG.rf.179d647001ea34f6069c93b1ba303e25.jpg,IMG_3501_59379313,Necklace,2,train,dataset1
DS1_IMG_003147,train/Necklace/IMG_3501_59379313_JPG.rf.d04803d31e541093fe976eb4b57da93a.jpg,IMG_3501_59379313,Necklace,2,train,dataset1
DS1_IMG_003148,train/Necklace/IMG_3501_59379313_JPG.rf.f47e4c6f708b441dbfaa1b51f60a561d.jpg,IMG_3501_59379313,Necklace,2,train,dataset1
DS1_IMG_003149,train/Necklace/IMG_3502_8007ae64_JPG.rf.004e3c3b5c64344627cb462b99ab8579.jpg,IMG_3502_8007ae64,Necklace,2,train,dataset1
DS1_IMG_003150,train/Necklace/IMG_3502_8007ae64_JPG.rf.a76af71fa58698d92477d6c56042e9a1.jpg,IMG_3502_8007ae64,Necklace,2,train,dataset1
DS1_IMG_003151,train/Necklace/IMG_3502_8007ae64_JPG.rf.e3e3df7a5825a5a1b92d50fb52bc39f0.jpg,IMG_3502_8007ae64,Necklace,2,train,dataset1
DS1_IMG_003152,train/Necklace/IMG_3504_2c019508_JPG.rf.bed6b8be93fd602c925ab7f8203dc5b3.jpg,IMG_3504_2c019508,Necklace,2,train,dataset1
DS1_IMG_003153,train/Necklace/IMG_3504_2c019508_JPG.rf.c8b99be92ad5ac44aedc894f01d32e9a.jpg,IMG_3504_2c019508,Necklace,2,train,dataset1
DS1_IMG_003154,train/Necklace/IMG_3504_2c019508_JPG.rf.ccd2cbea94bc0d65b221ca08023e5261.jpg,IMG_3504_2c019508,Necklace,2,train,dataset1
DS1_IMG_003155,train/Necklace/IMG_3505_da048f3c_JPG.rf.4057a36613a3d6b05509c2a20d986969.jpg,IMG_3505_da048f3c,Necklace,2,train,dataset1
DS1_IMG_003156,train/Necklace/IMG_3505_da048f3c_JPG.rf.5927c680937350f421ce0463c4db0230.jpg,IMG_3505_da048f3c,Necklace,2,train,dataset1
DS1_IMG_003157,train/Necklace/IMG_3505_da048f3c_JPG.rf.8a8b1d8c0e6dd2700d05fb19e4b3e935.jpg,IMG_3505_da048f3c,Necklace,2,train,dataset1
DS1_IMG_003158,train/Necklace/IMG_3506_ccb0e380_JPG.rf.01c1d3df3436d96cf2ce1f4c7822d183.jpg,IMG_3506_ccb0e380,Necklace,2,train,dataset1
DS1_IMG_003159,train/Necklace/IMG_3506_ccb0e380_JPG.rf.16709581ca2ab7a3278a7f5e53b487b7.jpg,IMG_3506_ccb0e380,Necklace,2,train,dataset1
DS1_IMG_003160,train/Necklace/IMG_3506_ccb0e380_JPG.rf.f8e46923667554906d9b781cf7809326.jpg,IMG_3506_ccb0e380,Necklace,2,train,dataset1
DS1_IMG_003161,train/Necklace/IMG_3510_79b9f8e7_JPG.rf.0c6a7ed36e9165d8eaca0b16eea5c46b.jpg,IMG_3510_79b9f8e7,Necklace,2,train,dataset1
DS1_IMG_003162,train/Necklace/IMG_3510_79b9f8e7_JPG.rf.7bb7a7035e276af91d649c35fa76c4d7.jpg,IMG_3510_79b9f8e7,Necklace,2,train,dataset1
DS1_IMG_003163,train/Necklace/IMG_3510_79b9f8e7_JPG.rf.8278dbe47efa9aaac114c74cc9c20597.jpg,IMG_3510_79b9f8e7,Necklace,2,train,dataset1
DS1_IMG_003164,train/Necklace/IMG_3511_e74970e0_JPG.rf.5020a935fbe905a31b44331144735ebb.jpg,IMG_3511_e74970e0,Necklace,2,train,dataset1
DS1_IMG_003165,train/Necklace/IMG_3511_e74970e0_JPG.rf.9fb17cedd66481f7d126fb564d7a40bb.jpg,IMG_3511_e74970e0,Necklace,2,train,dataset1
DS1_IMG_003166,train/Necklace/IMG_3511_e74970e0_JPG.rf.da54f867e9d03a0efad8e5cad37c24f2.jpg,IMG_3511_e74970e0,Necklace,2,train,dataset1
DS1_IMG_003167,train/Necklace/IMG_3512_4f3b2f29_JPG.rf.28430146fb4c4ce497d6830e0300cfc7.jpg,IMG_3512_4f3b2f29,Necklace,2,train,dataset1
DS1_IMG_003168,train/Necklace/IMG_3512_4f3b2f29_JPG.rf.2cc0f978addf499868714f3d26b152ee.jpg,IMG_3512_4f3b2f29,Necklace,2,train,dataset1
DS1_IMG_003169,train/Necklace/IMG_3512_4f3b2f29_JPG.rf.9c69ddbd7220aa1f55b3558f8a4b7363.jpg,IMG_3512_4f3b2f29,Necklace,2,train,dataset1
DS1_IMG_003170,train/Necklace/IMG_3513_b32e41d8_JPG.rf.a4b86a1dc22d18268405c29544e8e14b.jpg,IMG_3513_b32e41d8,Necklace,2,train,dataset1
DS1_IMG_003171,train/Necklace/IMG_3513_b32e41d8_JPG.rf.bc8960e11a90b722a1822bc15f67f35e.jpg,IMG_3513_b32e41d8,Necklace,2,train,dataset1
DS1_IMG_003172,train/Necklace/IMG_3513_b32e41d8_JPG.rf.c6847ecebc2e428705fe477788c0a105.jpg,IMG_3513_b32e41d8,Necklace,2,train,dataset1
DS1_IMG_003173,train/Necklace/IMG_3514_31829c59_JPG.rf.1c1b70d25ff664d417a43ec11dbdfa8b.jpg,IMG_3514_31829c59,Necklace,2,train,dataset1
DS1_IMG_003174,train/Necklace/IMG_3514_31829c59_JPG.rf.69649d4c12352b8aaf89bb0af3694764.jpg,IMG_3514_31829c59,Necklace,2,train,dataset1
DS1_IMG_003175,train/Necklace/IMG_3514_31829c59_JPG.rf.c6226ee176b10fbfd58642bdd53fd8f8.jpg,IMG_3514_31829c59,Necklace,2,train,dataset1
DS1_IMG_003176,train/Necklace/IMG_3517_187dfeb1_JPG.rf.287b8c1abd0586a3c693275210eabf1b.jpg,IMG_3517_187dfeb1,Necklace,2,train,dataset1
DS1_IMG_003177,train/Necklace/IMG_3517_187dfeb1_JPG.rf.b5075a76e26c8e079768622fa9ea97b0.jpg,IMG_3517_187dfeb1,Necklace,2,train,dataset1
DS1_IMG_003178,train/Necklace/IMG_3517_187dfeb1_JPG.rf.b66a9d24c21fc4896ab1cabf57235f94.jpg,IMG_3517_187dfeb1,Necklace,2,train,dataset1
DS1_IMG_003179,train/Necklace/IMG_3518_909c4cb9_JPG.rf.36af4ef67ab051d2a087f6b348bb391f.jpg,IMG_3518_909c4cb9,Necklace,2,train,dataset1
DS1_IMG_003180,train/Necklace/IMG_3518_909c4cb9_JPG.rf.969184342da5be1cddd7c083bddce08f.jpg,IMG_3518_909c4cb9,Necklace,2,train,dataset1
DS1_IMG_003181,train/Necklace/IMG_3518_909c4cb9_JPG.rf.f6cb84a205b8bdd43cb826ee46905bfb.jpg,IMG_3518_909c4cb9,Necklace,2,train,dataset1
DS1_IMG_003182,train/Necklace/IMG_3519_7323be36_JPG.rf.13a8992c325118e3cc68218dc51f11ee.jpg,IMG_3519_7323be36,Necklace,2,train,dataset1
DS1_IMG_003183,train/Necklace/IMG_3519_7323be36_JPG.rf.50113026e83f2f8ce28f8a4d53303f81.jpg,IMG_3519_7323be36,Necklace,2,train,dataset1
DS1_IMG_003184,train/Necklace/IMG_3519_7323be36_JPG.rf.99d720f5e43e06cdd515a25fdfddf592.jpg,IMG_3519_7323be36,Necklace,2,train,dataset1
DS1_IMG_003185,train/Necklace/IMG_3521_16d62444_JPG.rf.1c1b8939fdeecccb0a64fab8b189e355.jpg,IMG_3521_16d62444,Necklace,2,train,dataset1
DS1_IMG_003186,train/Necklace/IMG_3521_16d62444_JPG.rf.5fc7ef581409db859961a27eaa940a9d.jpg,IMG_3521_16d62444,Necklace,2,train,dataset1
DS1_IMG_003187,train/Necklace/IMG_3521_16d62444_JPG.rf.7672069ad52a0cd10d09bc577211c3ef.jpg,IMG_3521_16d62444,Necklace,2,train,dataset1
DS1_IMG_003188,train/Necklace/IMG_3523_8c03d88c_JPG.rf.3cbb67dcd140cb924f362a9048e02360.jpg,IMG_3523_8c03d88c,Necklace,2,train,dataset1
DS1_IMG_003189,train/Necklace/IMG_3523_8c03d88c_JPG.rf.4e4d41b5ce285d6bed20427629aad05e.jpg,IMG_3523_8c03d88c,Necklace,2,train,dataset1
DS1_IMG_003190,train/Necklace/IMG_3523_8c03d88c_JPG.rf.ad42f9cdc796c8d70a6e2c3c883b4e64.jpg,IMG_3523_8c03d88c,Necklace,2,train,dataset1
DS1_IMG_003191,train/Necklace/IMG_3525_becb64af_JPG.rf.221a1dca2597cb699a28d80ed81838e0.jpg,IMG_3525_becb64af,Necklace,2,train,dataset1
DS1_IMG_003192,train/Necklace/IMG_3525_becb64af_JPG.rf.46e9fe095b6958effa39f18e9cff547f.jpg,IMG_3525_becb64af,Necklace,2,train,dataset1
DS1_IMG_003193,train/Necklace/IMG_3525_becb64af_JPG.rf.fe9c0e84ca15942e85b5c788462f0ce0.jpg,IMG_3525_becb64af,Necklace,2,train,dataset1
DS1_IMG_003194,train/Necklace/IMG_3526_064ec0f8_JPG.rf.20f4b0761268d1149cde13b789aa7368.jpg,IMG_3526_064ec0f8,Necklace,2,train,dataset1
DS1_IMG_003195,train/Necklace/IMG_3526_064ec0f8_JPG.rf.71def65edf649a7bd752bb8a8eb6f3bc.jpg,IMG_3526_064ec0f8,Necklace,2,train,dataset1
DS1_IMG_003196,train/Necklace/IMG_3526_064ec0f8_JPG.rf.daf02a9bceb31d02c49102993c9af92f.jpg,IMG_3526_064ec0f8,Necklace,2,train,dataset1
DS1_IMG_003197,train/Necklace/IMG_3527_2566d6c8_JPG.rf.694743b17df73e1713879cf468fb89a8.jpg,IMG_3527_2566d6c8,Necklace,2,train,dataset1
DS1_IMG_003198,train/Necklace/IMG_3527_2566d6c8_JPG.rf.9550ffd813e6e4b99a6c145291e0a1bc.jpg,IMG_3527_2566d6c8,Necklace,2,train,dataset1
DS1_IMG_003199,train/Necklace/IMG_3527_2566d6c8_JPG.rf.f5d6bc7c14eb22827e66a0668e315546.jpg,IMG_3527_2566d6c8,Necklace,2,train,dataset1
DS1_IMG_003200,train/Necklace/IMG_3528_0b18fef2_JPG.rf.390aa9004d530236c0f16f45db8c94d8.jpg,IMG_3528_0b18fef2,Necklace,2,train,dataset1
DS1_IMG_003201,train/Necklace/IMG_3528_0b18fef2_JPG.rf.39c99ce81f7f71b6a343f6f3f695b755.jpg,IMG_3528_0b18fef2,Necklace,2,train,dataset1
DS1_IMG_003202,train/Necklace/IMG_3528_0b18fef2_JPG.rf.d4547210d2065dbba286a4db10b81b5b.jpg,IMG_3528_0b18fef2,Necklace,2,train,dataset1
DS1_IMG_003203,train/Necklace/IMG_3529_db1b5176_JPG.rf.01e4973ad077f67d710d8510fb06d410.jpg,IMG_3529_db1b5176,Necklace,2,train,dataset1
DS1_IMG_003204,train/Necklace/IMG_3529_db1b5176_JPG.rf.3472c226a03bc1a411ba165b3a5f7419.jpg,IMG_3529_db1b5176,Necklace,2,train,dataset1
DS1_IMG_003205,train/Necklace/IMG_3529_db1b5176_JPG.rf.4780366ccf2a0a99aa418efe5e93e799.jpg,IMG_3529_db1b5176,Necklace,2,train,dataset1
DS1_IMG_003206,train/Necklace/IMG_3530_ca9ed101_JPG.rf.2c00f8c8a4274a003779c4d09fe6f2bd.jpg,IMG_3530_ca9ed101,Necklace,2,train,dataset1
DS1_IMG_003207,train/Necklace/IMG_3530_ca9ed101_JPG.rf.715da60d86a8844ed4702840d52ef9a6.jpg,IMG_3530_ca9ed101,Necklace,2,train,dataset1
DS1_IMG_003208,train/Necklace/IMG_3530_ca9ed101_JPG.rf.c077182ec8bb7aca1f7e5abf09c42d92.jpg,IMG_3530_ca9ed101,Necklace,2,train,dataset1
DS1_IMG_003209,train/Necklace/IMG_3531_dfe99abf_JPG.rf.0c82040eecd0592080c6353a5203b822.jpg,IMG_3531_dfe99abf,Necklace,2,train,dataset1
DS1_IMG_003210,train/Necklace/IMG_3531_dfe99abf_JPG.rf.7ed6815f50455a615295ee622caf23b0.jpg,IMG_3531_dfe99abf,Necklace,2,train,dataset1
DS1_IMG_003211,train/Necklace/IMG_3531_dfe99abf_JPG.rf.8f8d1407e3954526422a09b52ffb0d2c.jpg,IMG_3531_dfe99abf,Necklace,2,train,dataset1
DS1_IMG_003212,train/Necklace/IMG_3532_fa6f730f_JPG.rf.abf8ac120895c443ba40721989c48fef.jpg,IMG_3532_fa6f730f,Necklace,2,train,dataset1
DS1_IMG_003213,train/Necklace/IMG_3532_fa6f730f_JPG.rf.bae3fe8df96722cc9161e89161517be5.jpg,IMG_3532_fa6f730f,Necklace,2,train,dataset1
DS1_IMG_003214,train/Necklace/IMG_3532_fa6f730f_JPG.rf.f534f9cdf0c2b5d6e1507cfcbfd294e0.jpg,IMG_3532_fa6f730f,Necklace,2,train,dataset1
DS1_IMG_003215,train/Necklace/IMG_3534_043096b6_JPG.rf.08d53256e223ebe1a2b8fbe0ce16096c.jpg,IMG_3534_043096b6,Necklace,2,train,dataset1
DS1_IMG_003216,train/Necklace/IMG_3534_043096b6_JPG.rf.53087078c1fa3e523e8913e3d4f6f225.jpg,IMG_3534_043096b6,Necklace,2,train,dataset1
DS1_IMG_003217,train/Necklace/IMG_3534_043096b6_JPG.rf.ef554367998dc2e664ceac5fbc629260.jpg,IMG_3534_043096b6,Necklace,2,train,dataset1
DS1_IMG_003218,train/Necklace/IMG_3536_67ab1a81_JPG.rf.9c36da2ccc11e5be10bad1741dd3d4f8.jpg,IMG_3536_67ab1a81,Necklace,2,train,dataset1
DS1_IMG_003219,train/Necklace/IMG_3536_67ab1a81_JPG.rf.b82063228be6b3d5cfe3c2403424d62a.jpg,IMG_3536_67ab1a81,Necklace,2,train,dataset1
DS1_IMG_003220,train/Necklace/IMG_3536_67ab1a81_JPG.rf.db7ad6ae3ca59ad0e2a836fb551d0d72.jpg,IMG_3536_67ab1a81,Necklace,2,train,dataset1
DS1_IMG_003221,train/Necklace/IMG_3537_d190bcdd_JPG.rf.073dbcf7b42b539d521e234a7a543caf.jpg,IMG_3537_d190bcdd,Necklace,2,train,dataset1
DS1_IMG_003222,train/Necklace/IMG_3537_d190bcdd_JPG.rf.90338f153922619f1cf538d59f8f8399.jpg,IMG_3537_d190bcdd,Necklace,2,train,dataset1
DS1_IMG_003223,train/Necklace/IMG_3537_d190bcdd_JPG.rf.e4fa95bd9f7a20ad14fe3fae8f0ddc91.jpg,IMG_3537_d190bcdd,Necklace,2,train,dataset1
DS1_IMG_003224,train/Necklace/IMG_3538_292c082b_JPG.rf.31c64e8146c286990b5dd2ee2b140dcb.jpg,IMG_3538_292c082b,Necklace,2,train,dataset1
DS1_IMG_003225,train/Necklace/IMG_3538_292c082b_JPG.rf.9166c1d384d3a6087b0ba0dbd3c7b63b.jpg,IMG_3538_292c082b,Necklace,2,train,dataset1
DS1_IMG_003226,train/Necklace/IMG_3538_292c082b_JPG.rf.f897863848efb15504ea359964f2299e.jpg,IMG_3538_292c082b,Necklace,2,train,dataset1
DS1_IMG_003227,train/Necklace/IMG_3539_6501eebb_JPG.rf.2ba774c432b09c9f2080cf82243a8a0f.jpg,IMG_3539_6501eebb,Necklace,2,train,dataset1
DS1_IMG_003228,train/Necklace/IMG_3539_6501eebb_JPG.rf.d97a1b27bb44f28764d709e39b9cba26.jpg,IMG_3539_6501eebb,Necklace,2,train,dataset1
DS1_IMG_003229,train/Necklace/IMG_3539_6501eebb_JPG.rf.ee6642b8fe167873eddc7c04b114567e.jpg,IMG_3539_6501eebb,Necklace,2,train,dataset1
DS1_IMG_003230,train/Necklace/IMG_3540_c66b20e8_JPG.rf.8ec641584e31ef784e5bc2c942b82b28.jpg,IMG_3540_c66b20e8,Necklace,2,train,dataset1
DS1_IMG_003231,train/Necklace/IMG_3540_c66b20e8_JPG.rf.c9a39b4aeb76098468a906cdf89ee3ce.jpg,IMG_3540_c66b20e8,Necklace,2,train,dataset1
DS1_IMG_003232,train/Necklace/IMG_3540_c66b20e8_JPG.rf.e41c337916b3f80a6f1bac1eb729e36e.jpg,IMG_3540_c66b20e8,Necklace,2,train,dataset1
DS1_IMG_003233,train/Necklace/IMG_3542_6f3662d1_JPG.rf.19a46b5239f4cc3f9f22b896b462768e.jpg,IMG_3542_6f3662d1,Necklace,2,train,dataset1
DS1_IMG_003234,train/Necklace/IMG_3542_6f3662d1_JPG.rf.2dfa33453c34095b0437c9aabcc18c84.jpg,IMG_3542_6f3662d1,Necklace,2,train,dataset1
DS1_IMG_003235,train/Necklace/IMG_3542_6f3662d1_JPG.rf.6e9fd60b3ec4492a0331db53be38d4bf.jpg,IMG_3542_6f3662d1,Necklace,2,train,dataset1
DS1_IMG_003236,train/Necklace/IMG_3543_1d658345_JPG.rf.85a9d7e4507ce236a76f62365ad59d17.jpg,IMG_3543_1d658345,Necklace,2,train,dataset1
DS1_IMG_003237,train/Necklace/IMG_3543_1d658345_JPG.rf.b823a06dcc5af75887679fd8d8132a54.jpg,IMG_3543_1d658345,Necklace,2,train,dataset1
DS1_IMG_003238,train/Necklace/IMG_3543_1d658345_JPG.rf.b85a34b3560b0073c4290b632e1725a4.jpg,IMG_3543_1d658345,Necklace,2,train,dataset1
DS1_IMG_003239,train/Necklace/IMG_3547_6e60f95c_JPG.rf.2bbc1f57cf46e97ea656c26370be87f7.jpg,IMG_3547_6e60f95c,Necklace,2,train,dataset1
DS1_IMG_003240,train/Necklace/IMG_3547_6e60f95c_JPG.rf.f45987b7678b4cf77c1fae96b96b3714.jpg,IMG_3547_6e60f95c,Necklace,2,train,dataset1
DS1_IMG_003241,train/Necklace/IMG_3551_bb7628cc_JPG.rf.18d4d9eedc4b353b0d6e1e6d4d9422c5.jpg,IMG_3551_bb7628cc,Necklace,2,train,dataset1
DS1_IMG_003242,train/Necklace/IMG_3551_bb7628cc_JPG.rf.76fa046cc967a7c5d04a577e8118c995.jpg,IMG_3551_bb7628cc,Necklace,2,train,dataset1
DS1_IMG_003243,train/Necklace/IMG_3551_bb7628cc_JPG.rf.b1782c54e5fa58c2eb2f798296d268b8.jpg,IMG_3551_bb7628cc,Necklace,2,train,dataset1
DS1_IMG_003244,train/Necklace/IMG_3552_75bc4506_JPG.rf.5f103795a6d2d916e78bdf75c9921fd5.jpg,IMG_3552_75bc4506,Necklace,2,train,dataset1
DS1_IMG_003245,train/Necklace/IMG_3552_75bc4506_JPG.rf.c068b441c554fa5e66d6c0606ebf3a54.jpg,IMG_3552_75bc4506,Necklace,2,train,dataset1
DS1_IMG_003246,train/Necklace/IMG_3552_75bc4506_JPG.rf.e0b1130309c4d8d9cb95b0586b8c73d5.jpg,IMG_3552_75bc4506,Necklace,2,train,dataset1
DS1_IMG_003247,train/Necklace/IMG_3553_3e30796c_JPG.rf.5ef1496e65e39468f1e31dda41d6d550.jpg,IMG_3553_3e30796c,Necklace,2,train,dataset1
DS1_IMG_003248,train/Necklace/IMG_3553_3e30796c_JPG.rf.8874278ed88717a1d9114e5961e36c17.jpg,IMG_3553_3e30796c,Necklace,2,train,dataset1
DS1_IMG_003249,train/Necklace/IMG_3553_3e30796c_JPG.rf.f538f9a781908faa9b0337a145cdeb3a.jpg,IMG_3553_3e30796c,Necklace,2,train,dataset1
DS1_IMG_003250,train/Necklace/IMG_3554_8749868f_JPG.rf.7fb6a0cf21f9e483ae50b68209d9c0dc.jpg,IMG_3554_8749868f,Necklace,2,train,dataset1
DS1_IMG_003251,train/Necklace/IMG_3554_8749868f_JPG.rf.b0d18f4fc7cc4de3a1d4af87fe95f004.jpg,IMG_3554_8749868f,Necklace,2,train,dataset1
DS1_IMG_003252,train/Necklace/IMG_3554_8749868f_JPG.rf.f7323f909124b85dc65ac0bec4e39014.jpg,IMG_3554_8749868f,Necklace,2,train,dataset1
DS1_IMG_003253,train/Necklace/IMG_3555_d208e7d8_JPG.rf.c683318c13568fa4e404c03bc77a4e7a.jpg,IMG_3555_d208e7d8,Necklace,2,train,dataset1
DS1_IMG_003254,train/Necklace/IMG_3555_d208e7d8_JPG.rf.e1d99ced2d2cfa0100d2930c355c6aee.jpg,IMG_3555_d208e7d8,Necklace,2,train,dataset1
DS1_IMG_003255,train/Necklace/IMG_3555_d208e7d8_JPG.rf.ede3d893e0d7bfbd4d021bc495c8b3fe.jpg,IMG_3555_d208e7d8,Necklace,2,train,dataset1
DS1_IMG_003256,train/Necklace/IMG_3556_0fce9386_JPG.rf.2c7bd3308ee764772de3988ae920e3fb.jpg,IMG_3556_0fce9386,Necklace,2,train,dataset1
DS1_IMG_003257,train/Necklace/IMG_3556_0fce9386_JPG.rf.34ab210d8ee6cd018be477e3eae652fb.jpg,IMG_3556_0fce9386,Necklace,2,train,dataset1
DS1_IMG_003258,train/Necklace/IMG_3556_0fce9386_JPG.rf.698a3839302702c0e0b54f23ed72b8da.jpg,IMG_3556_0fce9386,Necklace,2,train,dataset1
DS1_IMG_003259,train/Necklace/IMG_3557_ce569c23_JPG.rf.1a8b56fc39007eb306a9fa5e88bea040.jpg,IMG_3557_ce569c23,Necklace,2,train,dataset1
DS1_IMG_003260,train/Necklace/IMG_3557_ce569c23_JPG.rf.5019658ebe1fb00ac65d3fbd48f8b2fb.jpg,IMG_3557_ce569c23,Necklace,2,train,dataset1
DS1_IMG_003261,train/Necklace/IMG_3557_ce569c23_JPG.rf.e635ce14b42a77c9d19b5d826fb06dfe.jpg,IMG_3557_ce569c23,Necklace,2,train,dataset1
DS1_IMG_003262,train/Necklace/IMG_3558_d416ae4f_JPG.rf.34cea226b89e2051445365e5ce471375.jpg,IMG_3558_d416ae4f,Necklace,2,train,dataset1
DS1_IMG_003263,train/Necklace/IMG_3558_d416ae4f_JPG.rf.36983308f57f9afd74c1a68d5b2874f5.jpg,IMG_3558_d416ae4f,Necklace,2,train,dataset1
DS1_IMG_003264,train/Necklace/IMG_3558_d416ae4f_JPG.rf.9983448d421ce20f18aec8cc252c3afc.jpg,IMG_3558_d416ae4f,Necklace,2,train,dataset1
DS1_IMG_003265,train/Necklace/IMG_3568_63f8bc12_JPG.rf.52a1fdb72228c3c41db34751bd987897.jpg,IMG_3568_63f8bc12,Necklace,2,train,dataset1
DS1_IMG_003266,train/Necklace/IMG_3568_63f8bc12_JPG.rf.89dd4988042cacf0c7accc5c7a9bd676.jpg,IMG_3568_63f8bc12,Necklace,2,train,dataset1
DS1_IMG_003267,train/Necklace/IMG_3568_63f8bc12_JPG.rf.ec95dbf954498f1daf3481313d342b7f.jpg,IMG_3568_63f8bc12,Necklace,2,train,dataset1
DS1_IMG_003268,train/Necklace/IMG_3569_cca2c3b5_JPG.rf.019d988221afa44f65f05efd304b0347.jpg,IMG_3569_cca2c3b5,Necklace,2,train,dataset1
DS1_IMG_003269,train/Necklace/IMG_3569_cca2c3b5_JPG.rf.0b65f97ff806e101f1f12f3500626b83.jpg,IMG_3569_cca2c3b5,Necklace,2,train,dataset1
DS1_IMG_003270,train/Necklace/IMG_3569_cca2c3b5_JPG.rf.4caac82da1466c5b15be2aa09e47d377.jpg,IMG_3569_cca2c3b5,Necklace,2,train,dataset1
DS1_IMG_003271,train/Necklace/IMG_3570_f4a59c71_JPG.rf.456fb5e7e4c3ec27ebdc22935a94440a.jpg,IMG_3570_f4a59c71,Necklace,2,train,dataset1
DS1_IMG_003272,train/Necklace/IMG_3570_f4a59c71_JPG.rf.b8991ce8944e39ad436898d215a740f1.jpg,IMG_3570_f4a59c71,Necklace,2,train,dataset1
DS1_IMG_003273,train/Necklace/IMG_3570_f4a59c71_JPG.rf.eef86819244fa13ebf95c05944022e3b.jpg,IMG_3570_f4a59c71,Necklace,2,train,dataset1
DS1_IMG_003274,train/Necklace/IMG_3571_ea276189_JPG.rf.76526497a84116d48abcc2954408ce71.jpg,IMG_3571_ea276189,Necklace,2,train,dataset1
DS1_IMG_003275,train/Necklace/IMG_3571_ea276189_JPG.rf.aa3d624278af9988896755b4998192cb.jpg,IMG_3571_ea276189,Necklace,2,train,dataset1
DS1_IMG_003276,train/Necklace/IMG_3571_ea276189_JPG.rf.fa83f07de6f2ae5e7bc163f61605b38f.jpg,IMG_3571_ea276189,Necklace,2,train,dataset1
DS1_IMG_003277,train/Necklace/IMG_3572_1f326fc2_JPG.rf.5d2b8b0c451a02dc285e69c5cc961da6.jpg,IMG_3572_1f326fc2,Necklace,2,train,dataset1
DS1_IMG_003278,train/Necklace/IMG_3572_1f326fc2_JPG.rf.63ed9e76de2cc9ee2857a84eaa63d4b7.jpg,IMG_3572_1f326fc2,Necklace,2,train,dataset1
DS1_IMG_003279,train/Necklace/IMG_3572_1f326fc2_JPG.rf.c908ca722840e14f20353ce7d1bc1463.jpg,IMG_3572_1f326fc2,Necklace,2,train,dataset1
DS1_IMG_003280,train/Necklace/IMG_3573_5a273ac1_JPG.rf.3dced01b52b1af6fd31486347cc84d62.jpg,IMG_3573_5a273ac1,Necklace,2,train,dataset1
DS1_IMG_003281,train/Necklace/IMG_3573_5a273ac1_JPG.rf.9c1611fc939adf73a9d1cef4296e8b4e.jpg,IMG_3573_5a273ac1,Necklace,2,train,dataset1
DS1_IMG_003282,train/Necklace/IMG_3573_5a273ac1_JPG.rf.b3078bebd2b85cac262338b581cbdbd4.jpg,IMG_3573_5a273ac1,Necklace,2,train,dataset1
DS1_IMG_003283,train/Necklace/IMG_3576_ef2345f5_JPG.rf.2cf45ca6e29f156e6b0511dd0d40d4ef.jpg,IMG_3576_ef2345f5,Necklace,2,train,dataset1
DS1_IMG_003284,train/Necklace/IMG_3576_ef2345f5_JPG.rf.45bf7f9274538df5f7c906d57ad97573.jpg,IMG_3576_ef2345f5,Necklace,2,train,dataset1
DS1_IMG_003285,train/Necklace/IMG_3576_ef2345f5_JPG.rf.8f5f6fa4c30d5ac1a6caf707c349e43b.jpg,IMG_3576_ef2345f5,Necklace,2,train,dataset1
DS1_IMG_003286,train/Necklace/IMG_3577_cef96435_JPG.rf.11f1f1c91b1fdc7f2cd5ebab70f0fa0b.jpg,IMG_3577_cef96435,Necklace,2,train,dataset1
DS1_IMG_003287,train/Necklace/IMG_3577_cef96435_JPG.rf.78725ab3c41eea28303eb6e988c60fe5.jpg,IMG_3577_cef96435,Necklace,2,train,dataset1
DS1_IMG_003288,train/Necklace/IMG_3577_cef96435_JPG.rf.f029fba3fdb604d40b63df72bb35d2c1.jpg,IMG_3577_cef96435,Necklace,2,train,dataset1
DS1_IMG_003289,train/Necklace/IMG_3578_a65f2d66_JPG.rf.2f5bca82175fdf5c0b255375d627c844.jpg,IMG_3578_a65f2d66,Necklace,2,train,dataset1
DS1_IMG_003290,train/Necklace/IMG_3578_a65f2d66_JPG.rf.9e1221e06164a12e8bd2fc8b6435b56a.jpg,IMG_3578_a65f2d66,Necklace,2,train,dataset1
DS1_IMG_003291,train/Necklace/IMG_3578_a65f2d66_JPG.rf.e76887a974e4e5090ec6a12267729890.jpg,IMG_3578_a65f2d66,Necklace,2,train,dataset1
DS1_IMG_003292,train/Necklace/IMG_3579_8d4406ca_JPG.rf.2b2ea0160032393cf8d589a01a2af009.jpg,IMG_3579_8d4406ca,Necklace,2,train,dataset1
DS1_IMG_003293,train/Necklace/IMG_3579_8d4406ca_JPG.rf.7ca26d197b551bfbef6d303ed5726b1a.jpg,IMG_3579_8d4406ca,Necklace,2,train,dataset1
DS1_IMG_003294,train/Necklace/IMG_3579_8d4406ca_JPG.rf.ab07b7c373820d7279d8767b8c98784d.jpg,IMG_3579_8d4406ca,Necklace,2,train,dataset1
DS1_IMG_003295,train/Necklace/IMG_3582_8b546d7a_JPG.rf.0ee533f1fe0011e0f30d3896f2bdd6a3.jpg,IMG_3582_8b546d7a,Necklace,2,train,dataset1
DS1_IMG_003296,train/Necklace/IMG_3582_8b546d7a_JPG.rf.a297d8e4f53edb480fbcf949262b4554.jpg,IMG_3582_8b546d7a,Necklace,2,train,dataset1
DS1_IMG_003297,train/Necklace/IMG_3582_8b546d7a_JPG.rf.e2801f4b3a3d2941d0eb15e4310241b0.jpg,IMG_3582_8b546d7a,Necklace,2,train,dataset1
DS1_IMG_003298,train/Necklace/IMG_3586_074708cd_JPG.rf.18ea5b1ac91313b58ae7c2821dd0a23c.jpg,IMG_3586_074708cd,Necklace,2,train,dataset1
DS1_IMG_003299,train/Necklace/IMG_3586_074708cd_JPG.rf.9d61065b948f9a75eba54f1f4274978c.jpg,IMG_3586_074708cd,Necklace,2,train,dataset1
DS1_IMG_003300,train/Necklace/IMG_3586_074708cd_JPG.rf.9f0f3cb2f33a36c7498d9678645843ee.jpg,IMG_3586_074708cd,Necklace,2,train,dataset1
DS1_IMG_003301,train/Necklace/IMG_3587_a47eb22e_JPG.rf.5eb6c6250350264d6fb3827c09ac5268.jpg,IMG_3587_a47eb22e,Necklace,2,train,dataset1
DS1_IMG_003302,train/Necklace/IMG_3587_a47eb22e_JPG.rf.8506e7071c34e1671bdc4d2b9a659d8b.jpg,IMG_3587_a47eb22e,Necklace,2,train,dataset1
DS1_IMG_003303,train/Necklace/IMG_3587_a47eb22e_JPG.rf.960c3d9049275327713ad23cccea2c59.jpg,IMG_3587_a47eb22e,Necklace,2,train,dataset1
DS1_IMG_003304,train/Necklace/IMG_3588_55d96bb0_JPG.rf.0a93a579a9a1c99056b0e6d1096cc650.jpg,IMG_3588_55d96bb0,Necklace,2,train,dataset1
DS1_IMG_003305,train/Necklace/IMG_3588_55d96bb0_JPG.rf.aec0a7eefa8687107e4c9e7f12a15bc6.jpg,IMG_3588_55d96bb0,Necklace,2,train,dataset1
DS1_IMG_003306,train/Necklace/IMG_3588_55d96bb0_JPG.rf.cdb90e41a3a2fd4ae6228cba1629fefb.jpg,IMG_3588_55d96bb0,Necklace,2,train,dataset1
DS1_IMG_003307,train/Necklace/IMG_3590_e334bde9_JPG.rf.1f63d0d2c7bb1b8bbe432ffd26b2c2c4.jpg,IMG_3590_e334bde9,Necklace,2,train,dataset1
DS1_IMG_003308,train/Necklace/IMG_3590_e334bde9_JPG.rf.fb318817749d8a7198e1561ebcf147ca.jpg,IMG_3590_e334bde9,Necklace,2,train,dataset1
DS1_IMG_003309,train/Necklace/IMG_3590_e334bde9_JPG.rf.fd5eece6cfaad55f395fb7883f15fb76.jpg,IMG_3590_e334bde9,Necklace,2,train,dataset1
DS1_IMG_003310,train/Necklace/IMG_3591_bf00066a_JPG.rf.1279bc26f98f987afe3aef9112798dc6.jpg,IMG_3591_bf00066a,Necklace,2,train,dataset1
DS1_IMG_003311,train/Necklace/IMG_3591_bf00066a_JPG.rf.927edb6f8bee96e9fe202ae3629ebde7.jpg,IMG_3591_bf00066a,Necklace,2,train,dataset1
DS1_IMG_003312,train/Necklace/IMG_3591_bf00066a_JPG.rf.9fcf40aedea95d1908d22bfeb02d110d.jpg,IMG_3591_bf00066a,Necklace,2,train,dataset1
DS1_IMG_003313,train/Necklace/IMG_3593_885382d3_JPG.rf.258108d9ee83d558c2a5309f34caa770.jpg,IMG_3593_885382d3,Necklace,2,train,dataset1
DS1_IMG_003314,train/Necklace/IMG_3593_885382d3_JPG.rf.318bd2514e51409326d5b7ddab7f8199.jpg,IMG_3593_885382d3,Necklace,2,train,dataset1
DS1_IMG_003315,train/Necklace/IMG_3593_885382d3_JPG.rf.3459f0d092bc8f5f492737e2a3f15cc6.jpg,IMG_3593_885382d3,Necklace,2,train,dataset1
DS1_IMG_003316,train/Necklace/IMG_3596_dd2c482e_JPG.rf.084c8b3f55a6eaa55bb0cca677bcf3b3.jpg,IMG_3596_dd2c482e,Necklace,2,train,dataset1
DS1_IMG_003317,train/Necklace/IMG_3596_dd2c482e_JPG.rf.6ebe5eb8a10bc3720a0cc232e22e311b.jpg,IMG_3596_dd2c482e,Necklace,2,train,dataset1
DS1_IMG_003318,train/Necklace/IMG_3596_dd2c482e_JPG.rf.e416e89fb17551fd65e6ff3b83498c7d.jpg,IMG_3596_dd2c482e,Necklace,2,train,dataset1
DS1_IMG_003319,train/Necklace/IMG_3597_040758e8_JPG.rf.06d71077e4169fc4f744c0565a304c23.jpg,IMG_3597_040758e8,Necklace,2,train,dataset1
DS1_IMG_003320,train/Necklace/IMG_3597_040758e8_JPG.rf.3114f39f7c74bb23300f767c54dfac96.jpg,IMG_3597_040758e8,Necklace,2,train,dataset1
DS1_IMG_003321,train/Necklace/IMG_3597_040758e8_JPG.rf.bc7a2bcd2be03fc88fefbdec1bc266b7.jpg,IMG_3597_040758e8,Necklace,2,train,dataset1
DS1_IMG_003322,train/Necklace/IMG_3598_a9e38dee_JPG.rf.0f444f98e12a903011683b565430ba39.jpg,IMG_3598_a9e38dee,Necklace,2,train,dataset1
DS1_IMG_003323,train/Necklace/IMG_3598_a9e38dee_JPG.rf.8a0cfedb26253c245a68220164c150ad.jpg,IMG_3598_a9e38dee,Necklace,2,train,dataset1
DS1_IMG_003324,train/Necklace/IMG_3598_a9e38dee_JPG.rf.e7079f345a982586e40cfbea843be9f1.jpg,IMG_3598_a9e38dee,Necklace,2,train,dataset1
DS1_IMG_003325,train/Necklace/IMG_3600_8fdd9107_JPG.rf.0af06c7690e3bf8dd7178552a61805f8.jpg,IMG_3600_8fdd9107,Necklace,2,train,dataset1
DS1_IMG_003326,train/Necklace/IMG_3600_8fdd9107_JPG.rf.8dfd71bb95a2f858584e191e348bdd7c.jpg,IMG_3600_8fdd9107,Necklace,2,train,dataset1
DS1_IMG_003327,train/Necklace/IMG_3600_8fdd9107_JPG.rf.f9676df6600a4546ac478ee6fcfff221.jpg,IMG_3600_8fdd9107,Necklace,2,train,dataset1
DS1_IMG_003328,train/Necklace/IMG_3602_5ba56edd_JPG.rf.480c7af8775202260207953b90aaf1b6.jpg,IMG_3602_5ba56edd,Necklace,2,train,dataset1
DS1_IMG_003329,train/Necklace/IMG_3602_5ba56edd_JPG.rf.4eda22cae44670ce8978a4c5ac4f3378.jpg,IMG_3602_5ba56edd,Necklace,2,train,dataset1
DS1_IMG_003330,train/Necklace/IMG_3602_5ba56edd_JPG.rf.e3a81b10faf811a67896bb49df8c2ac5.jpg,IMG_3602_5ba56edd,Necklace,2,train,dataset1
DS1_IMG_003331,train/Necklace/IMG_3603_0f066e15_JPG.rf.71519fd62a160600afb004ea33035184.jpg,IMG_3603_0f066e15,Necklace,2,train,dataset1
DS1_IMG_003332,train/Necklace/IMG_3603_0f066e15_JPG.rf.d1f905d8dedb86ced901877959c65025.jpg,IMG_3603_0f066e15,Necklace,2,train,dataset1
DS1_IMG_003333,train/Necklace/IMG_3603_0f066e15_JPG.rf.f5dbeb1a7b26d58809050ceb79add16c.jpg,IMG_3603_0f066e15,Necklace,2,train,dataset1
DS1_IMG_003334,train/Necklace/IMG_3604_ef5146ed_JPG.rf.56a51b8d598f9ee2735f8d5c7d274309.jpg,IMG_3604_ef5146ed,Necklace,2,train,dataset1
DS1_IMG_003335,train/Necklace/IMG_3604_ef5146ed_JPG.rf.7d2052685d2f152aa7a4cee987603f82.jpg,IMG_3604_ef5146ed,Necklace,2,train,dataset1
DS1_IMG_003336,train/Necklace/IMG_3604_ef5146ed_JPG.rf.899d7974273699fd4382dfd68b867166.jpg,IMG_3604_ef5146ed,Necklace,2,train,dataset1
DS1_IMG_003337,train/Necklace/IMG_3605_f361e5a3_JPG.rf.156326c9e5f865410d27c1f2050000a2.jpg,IMG_3605_f361e5a3,Necklace,2,train,dataset1
DS1_IMG_003338,train/Necklace/IMG_3605_f361e5a3_JPG.rf.30bff8f63b857d0b2961cd1c22e907bd.jpg,IMG_3605_f361e5a3,Necklace,2,train,dataset1
DS1_IMG_003339,train/Necklace/IMG_3605_f361e5a3_JPG.rf.87040f52a476e8f1f97e1accdef9fd21.jpg,IMG_3605_f361e5a3,Necklace,2,train,dataset1
DS1_IMG_003340,train/Necklace/IMG_3606_f3d57d9f_JPG.rf.04443dfda05ca481e5489c5ad4398e87.jpg,IMG_3606_f3d57d9f,Necklace,2,train,dataset1
DS1_IMG_003341,train/Necklace/IMG_3606_f3d57d9f_JPG.rf.297e8779910f8d6cb968c785c0e94b27.jpg,IMG_3606_f3d57d9f,Necklace,2,train,dataset1
DS1_IMG_003342,train/Necklace/IMG_3606_f3d57d9f_JPG.rf.bdb88e2b0a954faf99be400b83bf81aa.jpg,IMG_3606_f3d57d9f,Necklace,2,train,dataset1
DS1_IMG_003343,train/Necklace/IMG_3608_30d814c2_JPG.rf.bb7fbc5f8d587db5a712fe1b85e3357a.jpg,IMG_3608_30d814c2,Necklace,2,train,dataset1
DS1_IMG_003344,train/Necklace/IMG_3608_30d814c2_JPG.rf.f23df70bcdc7a4a5decfae31c89fdeea.jpg,IMG_3608_30d814c2,Necklace,2,train,dataset1
DS1_IMG_003345,train/Necklace/IMG_3608_30d814c2_JPG.rf.faa55bb024eecf3d0a1516365cc828e3.jpg,IMG_3608_30d814c2,Necklace,2,train,dataset1
DS1_IMG_003346,train/Necklace/IMG_3610_6253060d_JPG.rf.afd116faeb88bbf53c028b19f9995929.jpg,IMG_3610_6253060d,Necklace,2,train,dataset1
DS1_IMG_003347,train/Necklace/IMG_3610_6253060d_JPG.rf.f0f6032846be0227a2d5d40477932121.jpg,IMG_3610_6253060d,Necklace,2,train,dataset1
DS1_IMG_003348,train/Necklace/IMG_3610_6253060d_JPG.rf.f1c7d92091e775054f2b1523f8e377b8.jpg,IMG_3610_6253060d,Necklace,2,train,dataset1
DS1_IMG_003349,train/Necklace/IMG_3612_319d27c1_JPG.rf.1fe5ba16cf5779a58b7c0ccc7be8ac53.jpg,IMG_3612_319d27c1,Necklace,2,train,dataset1
DS1_IMG_003350,train/Necklace/IMG_3612_319d27c1_JPG.rf.2791182ebb3686b731de88253d143333.jpg,IMG_3612_319d27c1,Necklace,2,train,dataset1
DS1_IMG_003351,train/Necklace/IMG_3612_319d27c1_JPG.rf.8487cdf0d504129ec1e72331b52f06f3.jpg,IMG_3612_319d27c1,Necklace,2,train,dataset1
DS1_IMG_003352,train/Necklace/IMG_3615_818197d5_JPG.rf.12e152adbd98f60480950a0b9109600c.jpg,IMG_3615_818197d5,Necklace,2,train,dataset1
DS1_IMG_003353,train/Necklace/IMG_3615_818197d5_JPG.rf.aab66eb074f08917fc1421df9029db82.jpg,IMG_3615_818197d5,Necklace,2,train,dataset1
DS1_IMG_003354,train/Necklace/IMG_3615_818197d5_JPG.rf.f3379edf8ce63f0bebdb03baac6113a8.jpg,IMG_3615_818197d5,Necklace,2,train,dataset1
DS1_IMG_003355,train/Necklace/IMG_3617_7f9e3e44_JPG.rf.012a1e0fc0e2f0ad750ad2757c8ba8d8.jpg,IMG_3617_7f9e3e44,Necklace,2,train,dataset1
DS1_IMG_003356,train/Necklace/IMG_3617_7f9e3e44_JPG.rf.6950fac64442b71ea24121a5ba49137a.jpg,IMG_3617_7f9e3e44,Necklace,2,train,dataset1
DS1_IMG_003357,train/Necklace/IMG_3617_7f9e3e44_JPG.rf.771fa81ee29d278aaba63700b25308a4.jpg,IMG_3617_7f9e3e44,Necklace,2,train,dataset1
DS1_IMG_003358,train/Necklace/IMG_3618_c11dfd98_JPG.rf.036be23fd857336e38f5bc7befabe82f.jpg,IMG_3618_c11dfd98,Necklace,2,train,dataset1
DS1_IMG_003359,train/Necklace/IMG_3618_c11dfd98_JPG.rf.2a84050c558d0ed56a0920ce01ed3af1.jpg,IMG_3618_c11dfd98,Necklace,2,train,dataset1
DS1_IMG_003360,train/Necklace/IMG_3618_c11dfd98_JPG.rf.93daaef744c8f46992811121755c610a.jpg,IMG_3618_c11dfd98,Necklace,2,train,dataset1
DS1_IMG_003361,train/Necklace/IMG_3620_87e29974_JPG.rf.1953b188f91e6941557c18be2028cecc.jpg,IMG_3620_87e29974,Necklace,2,train,dataset1
DS1_IMG_003362,train/Necklace/IMG_3620_87e29974_JPG.rf.6a57721af91fc29c842b0d01fc8f5d06.jpg,IMG_3620_87e29974,Necklace,2,train,dataset1
DS1_IMG_003363,train/Necklace/IMG_3620_87e29974_JPG.rf.e114c0fefbecae5a0238295404ef6541.jpg,IMG_3620_87e29974,Necklace,2,train,dataset1
DS1_IMG_003364,train/Necklace/IMG_3621_d081dd9f_JPG.rf.1c34c629d3ecd11b3265e8774fe568ca.jpg,IMG_3621_d081dd9f,Necklace,2,train,dataset1
DS1_IMG_003365,train/Necklace/IMG_3621_d081dd9f_JPG.rf.6a5fe2ec036f81473653c7850e8eaeb1.jpg,IMG_3621_d081dd9f,Necklace,2,train,dataset1
DS1_IMG_003366,train/Necklace/IMG_3621_d081dd9f_JPG.rf.7d8ce1bdddf8f71580f4577d14aecf4e.jpg,IMG_3621_d081dd9f,Necklace,2,train,dataset1
DS1_IMG_003367,train/Necklace/IMG_3622_deb6909b_JPG.rf.37ebd98447bc18d12ae7f4acbf35f645.jpg,IMG_3622_deb6909b,Necklace,2,train,dataset1
DS1_IMG_003368,train/Necklace/IMG_3622_deb6909b_JPG.rf.718c6229a1049aa3256cf1b2fc658bb9.jpg,IMG_3622_deb6909b,Necklace,2,train,dataset1
DS1_IMG_003369,train/Necklace/IMG_3622_deb6909b_JPG.rf.f98699e104670ccec806e7ab699ed060.jpg,IMG_3622_deb6909b,Necklace,2,train,dataset1
DS1_IMG_003370,train/Necklace/necklace_101_jpg.rf.5909d73573c113a31f7c66547fdf643b.jpg,necklace_101,Necklace,2,train,dataset1
DS1_IMG_003371,train/Necklace/necklace_101_jpg.rf.7f07e28554fc37f2ecb0a23165dddbae.jpg,necklace_101,Necklace,2,train,dataset1
DS1_IMG_003372,train/Necklace/necklace_102_jpg.rf.6f43acce7c5eb5be5ccb0bd36f3db887.jpg,necklace_102,Necklace,2,train,dataset1
DS1_IMG_003373,train/Necklace/necklace_103_jpg.rf.33c14500761f037a9f723e07e297c87e.jpg,necklace_103,Necklace,2,train,dataset1
DS1_IMG_003374,train/Necklace/necklace_103_jpg.rf.77862f0c37a9da9702ec351854eb1c04.jpg,necklace_103,Necklace,2,train,dataset1
DS1_IMG_003375,train/Necklace/necklace_122_jpg.rf.832be185c124368e9d80611d6a4b04ea.jpg,necklace_122,Necklace,2,train,dataset1
DS1_IMG_003376,train/Necklace/necklace_122_jpg.rf.e32ab3c8e27879e91291266947376ba3.jpg,necklace_122,Necklace,2,train,dataset1
DS1_IMG_003377,train/Necklace/necklace_126_jpg.rf.3741c9d2f931e7be54125296a5ce343d.jpg,necklace_126,Necklace,2,train,dataset1
DS1_IMG_003378,train/Necklace/necklace_129_jpg.rf.79377acde1130e3c7367065a9fa23049.jpg,necklace_129,Necklace,2,train,dataset1
DS1_IMG_003379,train/Necklace/necklace_129_jpg.rf.fdf6fc4c99b24d43ddfa7fafe04705c4.jpg,necklace_129,Necklace,2,train,dataset1
DS1_IMG_003380,train/Necklace/necklace_130_jpg.rf.2b0c28c8948e586fe2ef8e99d5e4b6e1.jpg,necklace_130,Necklace,2,train,dataset1
DS1_IMG_003381,train/Necklace/necklace_130_jpg.rf.2df68986711abf3754aba173669812f4.jpg,necklace_130,Necklace,2,train,dataset1
DS1_IMG_003382,train/Necklace/necklace_130_jpg.rf.90cea10093ef107a8aef52f4e851779d.jpg,necklace_130,Necklace,2,train,dataset1
DS1_IMG_003383,train/Necklace/necklace_132_jpg.rf.4df45193d47d14252d5f9a6713dcf8c4.jpg,necklace_132,Necklace,2,train,dataset1
DS1_IMG_003384,train/Necklace/necklace_132_jpg.rf.67530aaf451b852c16503f0f6d45d1fa.jpg,necklace_132,Necklace,2,train,dataset1
DS1_IMG_003385,train/Necklace/necklace_132_jpg.rf.b7eda8d49eeb79607594093254e1ee60.jpg,necklace_132,Necklace,2,train,dataset1
DS1_IMG_003386,train/Necklace/necklace_133_jpg.rf.63a37db00a9c536f0cb8e3b597e15d9b.jpg,necklace_133,Necklace,2,train,dataset1
DS1_IMG_003387,train/Necklace/necklace_133_jpg.rf.89d0ba9ac5c42a6f5188f7e41a4d2bd7.jpg,necklace_133,Necklace,2,train,dataset1
DS1_IMG_003388,train/Necklace/necklace_135_jpg.rf.53a8417ab8be1ced459c00ecd7759e66.jpg,necklace_135,Necklace,2,train,dataset1
DS1_IMG_003389,train/Necklace/necklace_135_jpg.rf.aba96d18cea81c5f9c65221bb635f3f5.jpg,necklace_135,Necklace,2,train,dataset1
DS1_IMG_003390,train/Necklace/necklace_135_jpg.rf.f1d7ff94b65ad292f0109f7f467fcf61.jpg,necklace_135,Necklace,2,train,dataset1
DS1_IMG_003391,train/Necklace/necklace_139_jpg.rf.088c4f20e8997dbe888fb46191b298cb.jpg,necklace_139,Necklace,2,train,dataset1
DS1_IMG_003392,train/Necklace/necklace_139_jpg.rf.b16d85776a7f9ab46d3caedd19c589c9.jpg,necklace_139,Necklace,2,train,dataset1
DS1_IMG_003393,train/Necklace/necklace_141_jpg.rf.82df647c4b272ec1951281df4b30d8f0.jpg,necklace_141,Necklace,2,train,dataset1
DS1_IMG_003394,train/Necklace/necklace_146_jpg.rf.1e423f8d9656bffc67c59c1098aca8a2.jpg,necklace_146,Necklace,2,train,dataset1
DS1_IMG_003395,train/Necklace/necklace_146_jpg.rf.7d035cd9cefccaddc4a8e703c465711b.jpg,necklace_146,Necklace,2,train,dataset1
DS1_IMG_003396,train/Necklace/necklace_147_jpg.rf.412addd67d846f0db514a7c30ed56aa3.jpg,necklace_147,Necklace,2,train,dataset1
DS1_IMG_003397,train/Necklace/necklace_147_jpg.rf.7de9b0a92fddd47dc3818bd286f4f3e0.jpg,necklace_147,Necklace,2,train,dataset1
DS1_IMG_003398,train/Necklace/necklace_147_jpg.rf.c8d03c7709e70b9eca416bebaa9a2842.jpg,necklace_147,Necklace,2,train,dataset1
DS1_IMG_003399,train/Necklace/necklace_153_jpg.rf.363a38aeb318fa1dd836a942e6774510.jpg,necklace_153,Necklace,2,train,dataset1
DS1_IMG_003400,train/Necklace/necklace_153_jpg.rf.9e4a2d96293f7eaa567d10d8e649399c.jpg,necklace_153,Necklace,2,train,dataset1
DS1_IMG_003401,train/Necklace/necklace_153_jpg.rf.d177fde7eb80ae75aeaa4f98aa82b453.jpg,necklace_153,Necklace,2,train,dataset1
DS1_IMG_003402,train/Necklace/necklace_154_jpg.rf.1acde78277d6d7e5b8d7dca4573b254a.jpg,necklace_154,Necklace,2,train,dataset1
DS1_IMG_003403,train/Necklace/necklace_154_jpg.rf.5e8fdbd6a42250ad53fa207d5b731bb3.jpg,necklace_154,Necklace,2,train,dataset1
DS1_IMG_003404,train/Necklace/necklace_162_jpg.rf.ddb8dbcbc15e7dee519c99627885c311.jpg,necklace_162,Necklace,2,train,dataset1
DS1_IMG_003405,train/Necklace/necklace_165_jpg.rf.34179dbdd8add1157979895fb27d7200.jpg,necklace_165,Necklace,2,train,dataset1
DS1_IMG_003406,train/Necklace/necklace_165_jpg.rf.3ae7eb3873e045ec7e30d19652d5b9b6.jpg,necklace_165,Necklace,2,train,dataset1
DS1_IMG_003407,train/Necklace/necklace_165_jpg.rf.951c282c1affb59a37def8be81f94413.jpg,necklace_165,Necklace,2,train,dataset1
DS1_IMG_003408,train/Necklace/necklace_171_jpg.rf.2ce8635ee25daf6bd1181921ebe6a3d0.jpg,necklace_171,Necklace,2,train,dataset1
DS1_IMG_003409,train/Necklace/necklace_171_jpg.rf.412d1fc3e292d820d56eb946b084da6e.jpg,necklace_171,Necklace,2,train,dataset1
DS1_IMG_003410,train/Necklace/necklace_171_jpg.rf.e72ebd85ea837bf9595d3c0b02bfcc11.jpg,necklace_171,Necklace,2,train,dataset1
DS1_IMG_003411,train/Necklace/necklace_174_jpg.rf.19f7f92800c897a0686800bd02dbeace.jpg,necklace_174,Necklace,2,train,dataset1
DS1_IMG_003412,train/Necklace/necklace_174_jpg.rf.4881139c46f5151531f443df134c95c8.jpg,necklace_174,Necklace,2,train,dataset1
DS1_IMG_003413,train/Necklace/necklace_174_jpg.rf.fa0ccfaaf36af1b090bdb1b9cc72660e.jpg,necklace_174,Necklace,2,train,dataset1
DS1_IMG_003414,train/Necklace/necklace_175_jpg.rf.0d9e7946c4fdf2f878cbfc1dc30e7abb.jpg,necklace_175,Necklace,2,train,dataset1
DS1_IMG_003415,train/Necklace/necklace_175_jpg.rf.3db3741c07c08994bb5c4428a89741ea.jpg,necklace_175,Necklace,2,train,dataset1
DS1_IMG_003416,train/Necklace/necklace_175_jpg.rf.60b04bd5df7354e6d0fd4ceb68738cfd.jpg,necklace_175,Necklace,2,train,dataset1
DS1_IMG_003417,train/Necklace/necklace_177_jpg.rf.0c1ce2d08a29c4ba9ca2d8206a5f44f4.jpg,necklace_177,Necklace,2,train,dataset1
DS1_IMG_003418,train/Necklace/necklace_177_jpg.rf.76fbb0db225739d655990ac8d4d64c58.jpg,necklace_177,Necklace,2,train,dataset1
DS1_IMG_003419,train/Necklace/necklace_177_jpg.rf.d29c69761d6d83d512388385718cf0e9.jpg,necklace_177,Necklace,2,train,dataset1
DS1_IMG_003420,train/Necklace/necklace_181_jpg.rf.17ff2422fb651c6ce2fe7d6609517f3a.jpg,necklace_181,Necklace,2,train,dataset1
DS1_IMG_003421,train/Necklace/necklace_181_jpg.rf.64aea2ff04dff6eadd3f9c5efadf97d5.jpg,necklace_181,Necklace,2,train,dataset1
DS1_IMG_003422,train/Necklace/necklace_181_jpg.rf.fa33a538af58992bc88ebab8c60aabde.jpg,necklace_181,Necklace,2,train,dataset1
DS1_IMG_003423,train/Necklace/necklace_184_jpg.rf.1308ab936b17f8def498d07e353d2be1.jpg,necklace_184,Necklace,2,train,dataset1
DS1_IMG_003424,train/Necklace/necklace_184_jpg.rf.7dcad01b7bbe2b035730c9ab328c0270.jpg,necklace_184,Necklace,2,train,dataset1
DS1_IMG_003425,train/Necklace/necklace_185_jpg.rf.63ddb42871beaea42c77c26d38e56c7f.jpg,necklace_185,Necklace,2,train,dataset1
DS1_IMG_003426,train/Necklace/necklace_185_jpg.rf.85e5452cbd42c0cb44dc6c2d0a4cb467.jpg,necklace_185,Necklace,2,train,dataset1
DS1_IMG_003427,train/Necklace/necklace_185_jpg.rf.d29bd3b8f74359bf7738cf991ab5dd2c.jpg,necklace_185,Necklace,2,train,dataset1
DS1_IMG_003428,train/Necklace/necklace_187_jpg.rf.1315e90f2fa007bb70ddf73068964693.jpg,necklace_187,Necklace,2,train,dataset1
DS1_IMG_003429,train/Necklace/necklace_187_jpg.rf.204462195bc5ee9b4ae4a6c3c3c1b7a3.jpg,necklace_187,Necklace,2,train,dataset1
DS1_IMG_003430,train/Necklace/necklace_187_jpg.rf.21e4bdf6241e4ab4964b1551bae258b7.jpg,necklace_187,Necklace,2,train,dataset1
DS1_IMG_003431,train/Necklace/necklace_188_jpg.rf.1b170f722591ada0ed22b2862a469067.jpg,necklace_188,Necklace,2,train,dataset1
DS1_IMG_003432,train/Necklace/necklace_188_jpg.rf.340199fac2181819ec264feeef287742.jpg,necklace_188,Necklace,2,train,dataset1
DS1_IMG_003433,train/Necklace/necklace_190_jpg.rf.05b135cb310f4923ee9c6146de8f74b2.jpg,necklace_190,Necklace,2,train,dataset1
DS1_IMG_003434,train/Necklace/necklace_190_jpg.rf.e0413ca6638d67f369051a856107e444.jpg,necklace_190,Necklace,2,train,dataset1
DS1_IMG_003435,train/Necklace/necklace_193_jpg.rf.1a5eef766fc8ff17aa7e18e5c3e4930d.jpg,necklace_193,Necklace,2,train,dataset1
DS1_IMG_003436,train/Necklace/necklace_193_jpg.rf.b33ba13c9184f15aeb553daf509fa87b.jpg,necklace_193,Necklace,2,train,dataset1
DS1_IMG_003437,train/Necklace/necklace_195_jpg.rf.1b566fd3e0308aa7e0c3654925ce6d3b.jpg,necklace_195,Necklace,2,train,dataset1
DS1_IMG_003438,train/Necklace/necklace_195_jpg.rf.1ed0acbf18a35cb59cfca5443ea221e3.jpg,necklace_195,Necklace,2,train,dataset1
DS1_IMG_003439,train/Necklace/necklace_195_jpg.rf.4ce235bc6a9cd048445ff27f29bc9fa4.jpg,necklace_195,Necklace,2,train,dataset1
DS1_IMG_003440,train/Necklace/necklace_20241125_122545_0000123d_jpg.rf.231d2a06fbfaf542011905d848c36f5c.jpg,necklace_20241125_122545_0000123d,Necklace,2,train,dataset1
DS1_IMG_003441,train/Necklace/necklace_20241125_122545_0000123d_jpg.rf.95c4e14eb3790e1e5f957f982e1a3623.jpg,necklace_20241125_122545_0000123d,Necklace,2,train,dataset1
DS1_IMG_003442,train/Necklace/necklace_20241125_122545_0000123d_jpg.rf.b82916037b04e93d53bbd23f81795583.jpg,necklace_20241125_122545_0000123d,Necklace,2,train,dataset1
DS1_IMG_003443,train/Necklace/necklace_20241125_122545_00103fbf_jpg.rf.830bcd08c0afb13a38e8129ce6e41450.jpg,necklace_20241125_122545_00103fbf,Necklace,2,train,dataset1
DS1_IMG_003444,train/Necklace/necklace_20241125_122545_00103fbf_jpg.rf.886f7b1272f12b13c7ab2a700a8e9f61.jpg,necklace_20241125_122545_00103fbf,Necklace,2,train,dataset1
DS1_IMG_003445,train/Necklace/necklace_20241125_122545_00103fbf_jpg.rf.ac82913653830bc4a59ab52ced270271.jpg,necklace_20241125_122545_00103fbf,Necklace,2,train,dataset1
DS1_IMG_003446,train/Necklace/necklace_20241125_122545_00183c7f_jpg.rf.8a822681af636cfd293617e0ba386f2a.jpg,necklace_20241125_122545_00183c7f,Necklace,2,train,dataset1
DS1_IMG_003447,train/Necklace/necklace_20241125_122545_00183c7f_jpg.rf.9230ace4592561ba65782ade7bb035f8.jpg,necklace_20241125_122545_00183c7f,Necklace,2,train,dataset1
DS1_IMG_003448,train/Necklace/necklace_20241125_122545_00183c7f_jpg.rf.e06059347b2d9fc6c02b21e1eaa962a8.jpg,necklace_20241125_122545_00183c7f,Necklace,2,train,dataset1
DS1_IMG_003449,train/Necklace/necklace_20241125_122545_00183e3c_jpg.rf.7b52f89fc00977f338cd6d9bb5b1c4b8.jpg,necklace_20241125_122545_00183e3c,Necklace,2,train,dataset1
DS1_IMG_003450,train/Necklace/necklace_20241125_122545_00183e3c_jpg.rf.8640980e88c00bd65c79c2b14d141953.jpg,necklace_20241125_122545_00183e3c,Necklace,2,train,dataset1
DS1_IMG_003451,train/Necklace/necklace_20241125_122545_00183e3c_jpg.rf.c2f4fc9d37a66850e31ceb6935ed8583.jpg,necklace_20241125_122545_00183e3c,Necklace,2,train,dataset1
DS1_IMG_003452,train/Necklace/necklace_20241125_122545_00187c7e_jpg.rf.bb8a9852b389c96a45e507c89e43bbde.jpg,necklace_20241125_122545_00187c7e,Necklace,2,train,dataset1
DS1_IMG_003453,train/Necklace/necklace_20241125_122545_00187c7e_jpg.rf.e842a9600ebb33301ff3e63735afa4e2.jpg,necklace_20241125_122545_00187c7e,Necklace,2,train,dataset1
DS1_IMG_003454,train/Necklace/necklace_20241125_122545_00187c7e_jpg.rf.fa1cd6fdf8fafee605ca73e2da35f2b3.jpg,necklace_20241125_122545_00187c7e,Necklace,2,train,dataset1
DS1_IMG_003455,train/Necklace/necklace_20241125_122545_00187e5f_jpg.rf.106e10ba380c3137ebfa7d2dd7c5eb56.jpg,necklace_20241125_122545_00187e5f,Necklace,2,train,dataset1
DS1_IMG_003456,train/Necklace/necklace_20241125_122545_00187e5f_jpg.rf.5e113ead02bb9a7663f8ff566c916d06.jpg,necklace_20241125_122545_00187e5f,Necklace,2,train,dataset1
DS1_IMG_003457,train/Necklace/necklace_20241125_122545_00187e5f_jpg.rf.778e1b5112d37fc027cec1e743eefa95.jpg,necklace_20241125_122545_00187e5f,Necklace,2,train,dataset1
DS1_IMG_003458,train/Necklace/necklace_20241125_122545_00187e7f_jpg.rf.112cfee8e869469be1b6dcba4538d098.jpg,necklace_20241125_122545_00187e7f,Necklace,2,train,dataset1
DS1_IMG_003459,train/Necklace/necklace_20241125_122545_00187e7f_jpg.rf.c8b8bdf8401dccdb3259a2b7f4c0dfd1.jpg,necklace_20241125_122545_00187e7f,Necklace,2,train,dataset1
DS1_IMG_003460,train/Necklace/necklace_20241125_122545_00187e7f_jpg.rf.cc867d70ba905d73f1c722b22cd40027.jpg,necklace_20241125_122545_00187e7f,Necklace,2,train,dataset1
DS1_IMG_003461,train/Necklace/necklace_20241125_122545_00187efe_jpg.rf.0d164d97206ae8c051d3c69ca2f83a8e.jpg,necklace_20241125_122545_00187efe,Necklace,2,train,dataset1
DS1_IMG_003462,train/Necklace/necklace_20241125_122545_00187efe_jpg.rf.744c45afc56d608f08473c8279027350.jpg,necklace_20241125_122545_00187efe,Necklace,2,train,dataset1
DS1_IMG_003463,train/Necklace/necklace_20241125_122545_00187efe_jpg.rf.d1bce504ac31026eda01b3153bb4c412.jpg,necklace_20241125_122545_00187efe,Necklace,2,train,dataset1
DS1_IMG_003464,train/Necklace/necklace_20241125_122545_00197bf3_jpg.rf.281a63ee689640b5323dbc2288c2692e.jpg,necklace_20241125_122545_00197bf3,Necklace,2,train,dataset1
DS1_IMG_003465,train/Necklace/necklace_20241125_122545_00197bf3_jpg.rf.77cd9fae91af1baa7f0b9154b01fe9c6.jpg,necklace_20241125_122545_00197bf3,Necklace,2,train,dataset1
DS1_IMG_003466,train/Necklace/necklace_20241125_122545_00197bf3_jpg.rf.ad0802db0af42e9d3607c372ea0e2a3e.jpg,necklace_20241125_122545_00197bf3,Necklace,2,train,dataset1
DS1_IMG_003467,train/Necklace/necklace_20241125_122545_00818181_jpg.rf.798edb121c396a8652d47bcd1200ebd5.jpg,necklace_20241125_122545_00818181,Necklace,2,train,dataset1
DS1_IMG_003468,train/Necklace/necklace_20241125_122545_00818181_jpg.rf.844607183bd35f3be25072e9481d180b.jpg,necklace_20241125_122545_00818181,Necklace,2,train,dataset1
DS1_IMG_003469,train/Necklace/necklace_20241125_122545_00818181_jpg.rf.ee6a5c8cd0a027af8234ae9a0c082e68.jpg,necklace_20241125_122545_00818181,Necklace,2,train,dataset1
DS1_IMG_003470,train/Necklace/necklace_20241125_122545_0200e4fe_jpg.rf.3666478072e0d1a0976131009e635776.jpg,necklace_20241125_122545_0200e4fe,Necklace,2,train,dataset1
DS1_IMG_003471,train/Necklace/necklace_20241125_122545_0200e4fe_jpg.rf.c5eb8381bc8aeece2bfed83da3a681d8.jpg,necklace_20241125_122545_0200e4fe,Necklace,2,train,dataset1
DS1_IMG_003472,train/Necklace/necklace_20241125_122545_0200e4fe_jpg.rf.f3e0e2f7ce4b8fdb82a695699c426dbf.jpg,necklace_20241125_122545_0200e4fe,Necklace,2,train,dataset1
DS1_IMG_003473,train/Necklace/necklace_20241125_122545_0202839b_jpg.rf.016a007ba7ede15912507fd27d0735a7.jpg,necklace_20241125_122545_0202839b,Necklace,2,train,dataset1
DS1_IMG_003474,train/Necklace/necklace_20241125_122545_0202839b_jpg.rf.5dcb4925489b50959bc98809f3fa6521.jpg,necklace_20241125_122545_0202839b,Necklace,2,train,dataset1
DS1_IMG_003475,train/Necklace/necklace_20241125_122545_0202839b_jpg.rf.8d8ad6629f7142b2416fa3ffb15301bd.jpg,necklace_20241125_122545_0202839b,Necklace,2,train,dataset1
DS1_IMG_003476,train/Necklace/necklace_20241125_122545_0e0f0e0e_jpg.rf.35e779282e4398160b1cb6a8f6c030e2.jpg,necklace_20241125_122545_0e0f0e0e,Necklace,2,train,dataset1
DS1_IMG_003477,train/Necklace/necklace_20241125_122545_0e0f0e0e_jpg.rf.3c7a97c4f8e986e2fce8dc9e8a40ab25.jpg,necklace_20241125_122545_0e0f0e0e,Necklace,2,train,dataset1
DS1_IMG_003478,train/Necklace/necklace_20241125_122545_0e0f0e0e_jpg.rf.d8205982a1e2770235a3e63a23fde0be.jpg,necklace_20241125_122545_0e0f0e0e,Necklace,2,train,dataset1
DS1_IMG_003479,train/Necklace/necklace_20241125_122545_0e1b1e2e_jpg.rf.1a29f59c77ceafaec10c169c30d6d939.jpg,necklace_20241125_122545_0e1b1e2e,Necklace,2,train,dataset1
DS1_IMG_003480,train/Necklace/necklace_20241125_122545_0e1b1e2e_jpg.rf.74f87c8d15e4cc9e81858376d72ea07d.jpg,necklace_20241125_122545_0e1b1e2e,Necklace,2,train,dataset1
DS1_IMG_003481,train/Necklace/necklace_20241125_122545_0e1b1e2e_jpg.rf.ea2ee54f18d4c3bbaaa24527214c3022.jpg,necklace_20241125_122545_0e1b1e2e,Necklace,2,train,dataset1
DS1_IMG_003482,train/Necklace/necklace_20241125_122545_0e7efef6_jpg.rf.42174569d73eb2ea05788c6692f82137.jpg,necklace_20241125_122545_0e7efef6,Necklace,2,train,dataset1
DS1_IMG_003483,train/Necklace/necklace_20241125_122545_0e7efef6_jpg.rf.680a3668b925dff10bff0c126d25c634.jpg,necklace_20241125_122545_0e7efef6,Necklace,2,train,dataset1
DS1_IMG_003484,train/Necklace/necklace_20241125_122545_0e7efef6_jpg.rf.d323b1e3e51b43a84e012ab351d13f85.jpg,necklace_20241125_122545_0e7efef6,Necklace,2,train,dataset1
DS1_IMG_003485,train/Necklace/necklace_20241125_122545_0e8efcc0_jpg.rf.059a8ea22fcafb1f32eb748b0348f500.jpg,necklace_20241125_122545_0e8efcc0,Necklace,2,train,dataset1
DS1_IMG_003486,train/Necklace/necklace_20241125_122545_0e8efcc0_jpg.rf.0d17e63481465abba3b0fb0aac098851.jpg,necklace_20241125_122545_0e8efcc0,Necklace,2,train,dataset1
DS1_IMG_003487,train/Necklace/necklace_20241125_122545_0e8efcc0_jpg.rf.5304ccdec0b5360bea54cb97ebb14263.jpg,necklace_20241125_122545_0e8efcc0,Necklace,2,train,dataset1
DS1_IMG_003488,train/Necklace/necklace_20241125_122545_0ec7c3e3_jpg.rf.99f5dc28a771aebf37c9374e345a762f.jpg,necklace_20241125_122545_0ec7c3e3,Necklace,2,train,dataset1
DS1_IMG_003489,train/Necklace/necklace_20241125_122545_0ec7c3e3_jpg.rf.b831474674fd6809f99beea587273446.jpg,necklace_20241125_122545_0ec7c3e3,Necklace,2,train,dataset1
DS1_IMG_003490,train/Necklace/necklace_20241125_122545_0efe8383_jpg.rf.6fde3690310fd9bca7c8d4aea7abf107.jpg,necklace_20241125_122545_0efe8383,Necklace,2,train,dataset1
DS1_IMG_003491,train/Necklace/necklace_20241125_122545_0efe8383_jpg.rf.781cd517f1208a0574b0d4dfad41d111.jpg,necklace_20241125_122545_0efe8383,Necklace,2,train,dataset1
DS1_IMG_003492,train/Necklace/necklace_20241125_122545_0efe8383_jpg.rf.e1bc9e3c2130ee4ab71de4c667208e22.jpg,necklace_20241125_122545_0efe8383,Necklace,2,train,dataset1
DS1_IMG_003493,train/Necklace/necklace_20241125_122545_107e7eff_jpg.rf.225609b576cb6969a93cc23d7ba3aa81.jpg,necklace_20241125_122545_107e7eff,Necklace,2,train,dataset1
DS1_IMG_003494,train/Necklace/necklace_20241125_122545_107e7eff_jpg.rf.b6903dd80fc525f107e9d72f705f8828.jpg,necklace_20241125_122545_107e7eff,Necklace,2,train,dataset1
DS1_IMG_003495,train/Necklace/necklace_20241125_122545_107e7eff_jpg.rf.fa3ab0b5cb5139b73cc7d48dcaf48708.jpg,necklace_20241125_122545_107e7eff,Necklace,2,train,dataset1
DS1_IMG_003496,train/Necklace/necklace_20241125_122545_189ddd9d_jpg.rf.0c93bbbc1f132914f20702315190c03c.jpg,necklace_20241125_122545_189ddd9d,Necklace,2,train,dataset1
DS1_IMG_003497,train/Necklace/necklace_20241125_122545_189ddd9d_jpg.rf.453c1435fa9f83f3f5753b487f74c5dd.jpg,necklace_20241125_122545_189ddd9d,Necklace,2,train,dataset1
DS1_IMG_003498,train/Necklace/necklace_20241125_122545_189ddd9d_jpg.rf.f53ef75aecff36ab0dca8c5a05e225b5.jpg,necklace_20241125_122545_189ddd9d,Necklace,2,train,dataset1
DS1_IMG_003499,train/Necklace/necklace_20241125_122545_383e3ebc_jpg.rf.5d9a1191b4957b9be75b3e9f89bdd209.jpg,necklace_20241125_122545_383e3ebc,Necklace,2,train,dataset1
DS1_IMG_003500,train/Necklace/necklace_20241125_122545_383e3ebc_jpg.rf.6bd855eb13e445e6555b6a4bcbde849f.jpg,necklace_20241125_122545_383e3ebc,Necklace,2,train,dataset1
DS1_IMG_003501,train/Necklace/necklace_20241125_122545_383e3ebc_jpg.rf.ed53b62e835e941fff79d68da12c3a52.jpg,necklace_20241125_122545_383e3ebc,Necklace,2,train,dataset1
DS1_IMG_003502,train/Necklace/necklace_20241125_122545_387efea7_jpg.rf.861d459a0755f095ee23aeda5a66e8bb.jpg,necklace_20241125_122545_387efea7,Necklace,2,train,dataset1
DS1_IMG_003503,train/Necklace/necklace_20241125_122545_387efea7_jpg.rf.bef8182f874176d4aeedffc6719a8275.jpg,necklace_20241125_122545_387efea7,Necklace,2,train,dataset1
DS1_IMG_003504,train/Necklace/necklace_20241125_122545_387efea7_jpg.rf.c2039cab8cc971a1ac4b3728a3ce5bb9.jpg,necklace_20241125_122545_387efea7,Necklace,2,train,dataset1
DS1_IMG_003505,train/Necklace/necklace_20241125_122545_40014043_jpg.rf.1d79041902006df9e8f8f232bcdb6827.jpg,necklace_20241125_122545_40014043,Necklace,2,train,dataset1
DS1_IMG_003506,train/Necklace/necklace_20241125_122545_40014043_jpg.rf.8825c827d8097b70cde4da545014c42a.jpg,necklace_20241125_122545_40014043,Necklace,2,train,dataset1
DS1_IMG_003507,train/Necklace/necklace_20241125_122545_40014043_jpg.rf.9200937d1087029b948da2e37abb1012.jpg,necklace_20241125_122545_40014043,Necklace,2,train,dataset1
DS1_IMG_003508,train/Necklace/necklace_20241125_122545_40474143_jpg.rf.517297efe28af6fa41e86eb64da81309.jpg,necklace_20241125_122545_40474143,Necklace,2,train,dataset1
DS1_IMG_003509,train/Necklace/necklace_20241125_122545_40474143_jpg.rf.86bb15ddaac60a3e7af0e71ce417ee0e.jpg,necklace_20241125_122545_40474143,Necklace,2,train,dataset1
DS1_IMG_003510,train/Necklace/necklace_20241125_122545_40474143_jpg.rf.e03e81b235ebed62232880ab2d22cce0.jpg,necklace_20241125_122545_40474143,Necklace,2,train,dataset1
DS1_IMG_003511,train/Necklace/necklace_20241125_122545_424280a5_jpg.rf.093464c66a778b33c80dd3a336010398.jpg,necklace_20241125_122545_424280a5,Necklace,2,train,dataset1
DS1_IMG_003512,train/Necklace/necklace_20241125_122545_424280a5_jpg.rf.5daedac30e3c15f9b5c63d301af9a065.jpg,necklace_20241125_122545_424280a5,Necklace,2,train,dataset1
DS1_IMG_003513,train/Necklace/necklace_20241125_122545_424280a5_jpg.rf.5e41fbc8b702502c12c63c278e910bd3.jpg,necklace_20241125_122545_424280a5,Necklace,2,train,dataset1
DS1_IMG_003514,train/Necklace/necklace_20241125_122545_468283c3_jpg.rf.78f0bd9ab4702e1cd71246834288528f.jpg,necklace_20241125_122545_468283c3,Necklace,2,train,dataset1
DS1_IMG_003515,train/Necklace/necklace_20241125_122545_468283c3_jpg.rf.8c242746e01b8b0ea9c2e37a1f0f23c4.jpg,necklace_20241125_122545_468283c3,Necklace,2,train,dataset1
DS1_IMG_003516,train/Necklace/necklace_20241125_122545_468283c3_jpg.rf.ef48faec0656d62818426b45a1664c83.jpg,necklace_20241125_122545_468283c3,Necklace,2,train,dataset1
DS1_IMG_003517,train/Necklace/necklace_20241125_122545_484f5fdf_jpg.rf.5d950ea866c6a767985d3dda25882019.jpg,necklace_20241125_122545_484f5fdf,Necklace,2,train,dataset1
DS1_IMG_003518,train/Necklace/necklace_20241125_122545_484f5fdf_jpg.rf.72c0f92925545814c11ae5ff480aeae4.jpg,necklace_20241125_122545_484f5fdf,Necklace,2,train,dataset1
DS1_IMG_003519,train/Necklace/necklace_20241125_122545_484f5fdf_jpg.rf.9a1c5e41f0079b6834bcb1e336f89f7a.jpg,necklace_20241125_122545_484f5fdf,Necklace,2,train,dataset1
DS1_IMG_003520,train/Necklace/necklace_20241125_122545_485ddddd_jpg.rf.1805c96eca7c73497ffd6fb50ef2f762.jpg,necklace_20241125_122545_485ddddd,Necklace,2,train,dataset1
DS1_IMG_003521,train/Necklace/necklace_20241125_122545_485ddddd_jpg.rf.85ce59e8ece95c1f13c5f4bb73f18b5b.jpg,necklace_20241125_122545_485ddddd,Necklace,2,train,dataset1
DS1_IMG_003522,train/Necklace/necklace_20241125_122545_485ddddd_jpg.rf.881e6c6ed2015465012e81c6eb276e53.jpg,necklace_20241125_122545_485ddddd,Necklace,2,train,dataset1
DS1_IMG_003523,train/Necklace/necklace_20241125_122545_485f5f9f_jpg.rf.7042ff5f591b0689ee17eb4d1759ed83.jpg,necklace_20241125_122545_485f5f9f,Necklace,2,train,dataset1
DS1_IMG_003524,train/Necklace/necklace_20241125_122545_485f5f9f_jpg.rf.e1d80ffc110fbfeca34dcf4ecc1860ab.jpg,necklace_20241125_122545_485f5f9f,Necklace,2,train,dataset1
DS1_IMG_003525,train/Necklace/necklace_20241125_122545_485f5f9f_jpg.rf.f5449ea3d69b801a366b312bf8d28810.jpg,necklace_20241125_122545_485f5f9f,Necklace,2,train,dataset1
DS1_IMG_003526,train/Necklace/necklace_20241125_122545_585b5bd8_jpg.rf.263982b419ba21243bab09df6a86e463.jpg,necklace_20241125_122545_585b5bd8,Necklace,2,train,dataset1
DS1_IMG_003527,train/Necklace/necklace_20241125_122545_585b5bd8_jpg.rf.2c2f95c1dd42376fe824b2af68bab1fc.jpg,necklace_20241125_122545_585b5bd8,Necklace,2,train,dataset1
DS1_IMG_003528,train/Necklace/necklace_20241125_122545_585b5bd8_jpg.rf.c6da7751cbd7c2d25a9ce076c802dfe5.jpg,necklace_20241125_122545_585b5bd8,Necklace,2,train,dataset1
DS1_IMG_003529,train/Necklace/necklace_20241125_122545_62602030_jpg.rf.58adbedd9e95c8b0613e73afff72a53e.jpg,necklace_20241125_122545_62602030,Necklace,2,train,dataset1
DS1_IMG_003530,train/Necklace/necklace_20241125_122545_62602030_jpg.rf.8bc86dc37fd60c5b9cb0a6df597b4d19.jpg,necklace_20241125_122545_62602030,Necklace,2,train,dataset1
DS1_IMG_003531,train/Necklace/necklace_20241125_122545_62602030_jpg.rf.e30063697a537f0f36414bc14a5c1e01.jpg,necklace_20241125_122545_62602030,Necklace,2,train,dataset1
DS1_IMG_003532,train/Necklace/necklace_20241125_122545_787767e7_jpg.rf.62c24d3f63372b359f1fd62f578750f5.jpg,necklace_20241125_122545_787767e7,Necklace,2,train,dataset1
DS1_IMG_003533,train/Necklace/necklace_20241125_122545_787767e7_jpg.rf.6e7951fce444c17317686f1a6757b895.jpg,necklace_20241125_122545_787767e7,Necklace,2,train,dataset1
DS1_IMG_003534,train/Necklace/necklace_20241125_122545_787767e7_jpg.rf.b5bbac5429466a5f4c6a4695d99e0f27.jpg,necklace_20241125_122545_787767e7,Necklace,2,train,dataset1
DS1_IMG_003535,train/Necklace/necklace_20241125_122545_7c4f0301_jpg.rf.013062e1aa4c9c931d9915147530909e.jpg,necklace_20241125_122545_7c4f0301,Necklace,2,train,dataset1
DS1_IMG_003536,train/Necklace/necklace_20241125_122545_7c4f0301_jpg.rf.492f1231ede2394565d58cb54a4ce049.jpg,necklace_20241125_122545_7c4f0301,Necklace,2,train,dataset1
DS1_IMG_003537,train/Necklace/necklace_20241125_122545_7c4f0301_jpg.rf.f3127ae09b2d156e9b9df015785eaf63.jpg,necklace_20241125_122545_7c4f0301,Necklace,2,train,dataset1
DS1_IMG_003538,train/Necklace/necklace_20241125_122545_7c4f70fe_jpg.rf.493eb0b4bc67094139498a85c4257255.jpg,necklace_20241125_122545_7c4f70fe,Necklace,2,train,dataset1
DS1_IMG_003539,train/Necklace/necklace_20241125_122545_7c4f70fe_jpg.rf.5a495397cdda7a5578279452d7515882.jpg,necklace_20241125_122545_7c4f70fe,Necklace,2,train,dataset1
DS1_IMG_003540,train/Necklace/necklace_20241125_122545_7c4fc781_jpg.rf.0b1912d054bc51148cf0624ff183b901.jpg,necklace_20241125_122545_7c4fc781,Necklace,2,train,dataset1
DS1_IMG_003541,train/Necklace/necklace_20241125_122545_7c4fc781_jpg.rf.ac0ccb7a4e8517d8e7b4a01df140948e.jpg,necklace_20241125_122545_7c4fc781,Necklace,2,train,dataset1
DS1_IMG_003542,train/Necklace/necklace_20241125_122545_7c4fc781_jpg.rf.c55d4a5f148756f2b4a1d8166ee96560.jpg,necklace_20241125_122545_7c4fc781,Necklace,2,train,dataset1
DS1_IMG_003543,train/Necklace/necklace_20241125_122545_7c7f1000_jpg.rf.4a88977f11862102965858caa7c521a2.jpg,necklace_20241125_122545_7c7f1000,Necklace,2,train,dataset1
DS1_IMG_003544,train/Necklace/necklace_20241125_122545_7c7f1000_jpg.rf.6348fa6d1f8fa3f5a11ed77994ea59b0.jpg,necklace_20241125_122545_7c7f1000,Necklace,2,train,dataset1
DS1_IMG_003545,train/Necklace/necklace_20241125_122545_7c7f44b3_jpg.rf.546a4e6143b5533702ce402c93fbfee2.jpg,necklace_20241125_122545_7c7f44b3,Necklace,2,train,dataset1
DS1_IMG_003546,train/Necklace/necklace_20241125_122545_7c7f44b3_jpg.rf.cabe5dab9b0e3fd124a28c084d6ae8d0.jpg,necklace_20241125_122545_7c7f44b3,Necklace,2,train,dataset1
DS1_IMG_003547,train/Necklace/necklace_20241125_122545_7c7f44b3_jpg.rf.e804d1dee5207ff5eea6ee4f54d3dee5.jpg,necklace_20241125_122545_7c7f44b3,Necklace,2,train,dataset1
DS1_IMG_003548,train/Necklace/necklace_20241125_122545_7c7f677f_jpg.rf.129c61c470bb96c7825832f9af3934f0.jpg,necklace_20241125_122545_7c7f677f,Necklace,2,train,dataset1
DS1_IMG_003549,train/Necklace/necklace_20241125_122545_7c7f677f_jpg.rf.7bcda13e3b941d5d7bf2029e63c336fc.jpg,necklace_20241125_122545_7c7f677f,Necklace,2,train,dataset1
DS1_IMG_003550,train/Necklace/necklace_20241125_122545_7c7f79f0_jpg.rf.1b3cb03d555eb55359b16278b7a7cc7f.jpg,necklace_20241125_122545_7c7f79f0,Necklace,2,train,dataset1
DS1_IMG_003551,train/Necklace/necklace_20241125_122545_7c7f79f0_jpg.rf.c234ed58d500030c6ef033106b39e715.jpg,necklace_20241125_122545_7c7f79f0,Necklace,2,train,dataset1
DS1_IMG_003552,train/Necklace/necklace_20241125_122545_7c7f79f0_jpg.rf.e85022d37f385d6abada0e7daf321e1b.jpg,necklace_20241125_122545_7c7f79f0,Necklace,2,train,dataset1
DS1_IMG_003553,train/Necklace/necklace_20241125_122545_7c7f7f07_jpg.rf.22082a5a8be6ef54fd8e768d057c9563.jpg,necklace_20241125_122545_7c7f7f07,Necklace,2,train,dataset1
DS1_IMG_003554,train/Necklace/necklace_20241125_122545_7c7f7f07_jpg.rf.6e96924a7c190b53e83e4c5ea0b27086.jpg,necklace_20241125_122545_7c7f7f07,Necklace,2,train,dataset1
DS1_IMG_003555,train/Necklace/necklace_20241125_122545_7c7f7f07_jpg.rf.d2e4297d246b494f50c8b0c51250e2ec.jpg,necklace_20241125_122545_7c7f7f07,Necklace,2,train,dataset1
DS1_IMG_003556,train/Necklace/necklace_20241125_122545_7c7f8180_jpg.rf.2c7960d040346f753099400d132a720f.jpg,necklace_20241125_122545_7c7f8180,Necklace,2,train,dataset1
DS1_IMG_003557,train/Necklace/necklace_20241125_122545_7c7f8180_jpg.rf.6694b16164fb722d1d6a0a8ff7c052a5.jpg,necklace_20241125_122545_7c7f8180,Necklace,2,train,dataset1
DS1_IMG_003558,train/Necklace/necklace_20241125_122545_7c7f8180_jpg.rf.da436f037d5a986b33e6ed2a9ad0c685.jpg,necklace_20241125_122545_7c7f8180,Necklace,2,train,dataset1
DS1_IMG_003559,train/Necklace/necklace_20241125_122545_7c7fc381_jpg.rf.00a83feac1eb4ae5e46d85a1191cfa4f.jpg,necklace_20241125_122545_7c7fc381,Necklace,2,train,dataset1
DS1_IMG_003560,train/Necklace/necklace_20241125_122545_7c7fc381_jpg.rf.03fcd2c89fff68c776d73d86b087c672.jpg,necklace_20241125_122545_7c7fc381,Necklace,2,train,dataset1
DS1_IMG_003561,train/Necklace/necklace_20241125_122545_7c7fc381_jpg.rf.303670dccf4676058ab96ea17f66cde0.jpg,necklace_20241125_122545_7c7fc381,Necklace,2,train,dataset1
DS1_IMG_003562,train/Necklace/necklace_20241125_122545_7c7fc783_jpg.rf.6971b489693b032850c1266ee0d2d720.jpg,necklace_20241125_122545_7c7fc783,Necklace,2,train,dataset1
DS1_IMG_003563,train/Necklace/necklace_20241125_122545_7c7fc783_jpg.rf.6a6b357e199feeb582a1916b2248ba97.jpg,necklace_20241125_122545_7c7fc783,Necklace,2,train,dataset1
DS1_IMG_003564,train/Necklace/necklace_20241125_122545_7c7fc783_jpg.rf.f5ca970e12ca1ae826d3490095133255.jpg,necklace_20241125_122545_7c7fc783,Necklace,2,train,dataset1
DS1_IMG_003565,train/Necklace/necklace_20241125_122545_808181f9_jpg.rf.8f86af5435571a865ee00788f52144b0.jpg,necklace_20241125_122545_808181f9,Necklace,2,train,dataset1
DS1_IMG_003566,train/Necklace/necklace_20241125_122545_808181f9_jpg.rf.9aa00ca98ba422afbc8c1a2b0c19cbe4.jpg,necklace_20241125_122545_808181f9,Necklace,2,train,dataset1
DS1_IMG_003567,train/Necklace/necklace_20241125_122545_808181f9_jpg.rf.eee253a5ff1fcc75c48a774b24f1672e.jpg,necklace_20241125_122545_808181f9,Necklace,2,train,dataset1
DS1_IMG_003568,train/Necklace/necklace_20241125_122545_81814162_jpg.rf.643d21e731481a66b5b32911dff7284f.jpg,necklace_20241125_122545_81814162,Necklace,2,train,dataset1
DS1_IMG_003569,train/Necklace/necklace_20241125_122545_81814162_jpg.rf.6e651d781c162e43a3b4b600dfb58b13.jpg,necklace_20241125_122545_81814162,Necklace,2,train,dataset1
DS1_IMG_003570,train/Necklace/necklace_20241125_122545_81814162_jpg.rf.b628e881b572a176961858dc5a29fc85.jpg,necklace_20241125_122545_81814162,Necklace,2,train,dataset1
DS1_IMG_003571,train/Necklace/necklace_20241125_122545_81818191_jpg.rf.4993a3e06b625d42f0eac6e260ea4602.jpg,necklace_20241125_122545_81818191,Necklace,2,train,dataset1
DS1_IMG_003572,train/Necklace/necklace_20241125_122545_81818191_jpg.rf.7168468fb5f9291bc1d376a44f588ff9.jpg,necklace_20241125_122545_81818191,Necklace,2,train,dataset1
DS1_IMG_003573,train/Necklace/necklace_20241125_122545_81818191_jpg.rf.d51645b4b70f3c380c8548dd8ba6aaff.jpg,necklace_20241125_122545_81818191,Necklace,2,train,dataset1
DS1_IMG_003574,train/Necklace/necklace_20241125_122545_81818199_jpg.rf.4e0dec53c7dbd497f0fff9a89cb05c0c.jpg,necklace_20241125_122545_81818199,Necklace,2,train,dataset1
DS1_IMG_003575,train/Necklace/necklace_20241125_122545_81818199_jpg.rf.db6a91bc9a9233dfdb4293ff5fa403e1.jpg,necklace_20241125_122545_81818199,Necklace,2,train,dataset1
DS1_IMG_003576,train/Necklace/necklace_20241125_122545_818181b9_jpg.rf.1c36a062bc7b3f3d59bf8b93cda57a38.jpg,necklace_20241125_122545_818181b9,Necklace,2,train,dataset1
DS1_IMG_003577,train/Necklace/necklace_20241125_122545_818181b9_jpg.rf.dc7867ae502e5db9a0620c2ea98c76eb.jpg,necklace_20241125_122545_818181b9,Necklace,2,train,dataset1
DS1_IMG_003578,train/Necklace/necklace_20241125_122545_818181b9_jpg.rf.e3ade287f1b3ab59d3b9ee9df2f2f90e.jpg,necklace_20241125_122545_818181b9,Necklace,2,train,dataset1
DS1_IMG_003579,train/Necklace/necklace_20241125_122545_81818993_jpg.rf.13a3a3aca892fbf4b9473837706e4016.jpg,necklace_20241125_122545_81818993,Necklace,2,train,dataset1
DS1_IMG_003580,train/Necklace/necklace_20241125_122545_81818993_jpg.rf.96cac1ffb34571de6ebe579d0b81471c.jpg,necklace_20241125_122545_81818993,Necklace,2,train,dataset1
DS1_IMG_003581,train/Necklace/necklace_20241125_122545_81818993_jpg.rf.e61e1dad2426270f32cd76433d04e18c.jpg,necklace_20241125_122545_81818993,Necklace,2,train,dataset1
DS1_IMG_003582,train/Necklace/necklace_20241125_122545_81819999_jpg.rf.260020004d74948ee7002bd57512afba.jpg,necklace_20241125_122545_81819999,Necklace,2,train,dataset1
DS1_IMG_003583,train/Necklace/necklace_20241125_122545_81819999_jpg.rf.abd298b1c0c313024a0c332a1c317db3.jpg,necklace_20241125_122545_81819999,Necklace,2,train,dataset1
DS1_IMG_003584,train/Necklace/necklace_20241125_122545_81819999_jpg.rf.bb622a032e392820b18859ad460f924d.jpg,necklace_20241125_122545_81819999,Necklace,2,train,dataset1
DS1_IMG_003585,train/Necklace/necklace_20241125_122545_8181b1f9_jpg.rf.5ea63e07b2478848e20216621babd88e.jpg,necklace_20241125_122545_8181b1f9,Necklace,2,train,dataset1
DS1_IMG_003586,train/Necklace/necklace_20241125_122545_8181b1f9_jpg.rf.8b0f72ef253e159ba9f25b394b994ede.jpg,necklace_20241125_122545_8181b1f9,Necklace,2,train,dataset1
DS1_IMG_003587,train/Necklace/necklace_20241125_122545_8181b1f9_jpg.rf.c16ebccf0ff9e251d0014328e5f1b58a.jpg,necklace_20241125_122545_8181b1f9,Necklace,2,train,dataset1
DS1_IMG_003588,train/Necklace/necklace_20241125_122545_81c1c599_jpg.rf.0d405545d6282662f22498b578625c73.jpg,necklace_20241125_122545_81c1c599,Necklace,2,train,dataset1
DS1_IMG_003589,train/Necklace/necklace_20241125_122545_81c1c599_jpg.rf.6dc1e9e2bd06ddbd9438afe40fe39294.jpg,necklace_20241125_122545_81c1c599,Necklace,2,train,dataset1
DS1_IMG_003590,train/Necklace/necklace_20241125_122545_81c1c599_jpg.rf.ba1fc85b74298713c94a17a8d5a96255.jpg,necklace_20241125_122545_81c1c599,Necklace,2,train,dataset1
DS1_IMG_003591,train/Necklace/necklace_20241125_122545_83830387_jpg.rf.1a69889c9aab57e73114d0a92ec449db.jpg,necklace_20241125_122545_83830387,Necklace,2,train,dataset1
DS1_IMG_003592,train/Necklace/necklace_20241125_122545_83830387_jpg.rf.40fbbcf7d88931fe155518938c5083b3.jpg,necklace_20241125_122545_83830387,Necklace,2,train,dataset1
DS1_IMG_003593,train/Necklace/necklace_20241125_122545_83830387_jpg.rf.6da65aa9bec656952238c3e5481960e0.jpg,necklace_20241125_122545_83830387,Necklace,2,train,dataset1
DS1_IMG_003594,train/Necklace/necklace_20241125_122545_87b7b9f9_jpg.rf.0253f29e18bb335bc3e2fa1223888efa.jpg,necklace_20241125_122545_87b7b9f9,Necklace,2,train,dataset1
DS1_IMG_003595,train/Necklace/necklace_20241125_122545_87b7b9f9_jpg.rf.414ae3d8f6153bc8192e082ca5105e48.jpg,necklace_20241125_122545_87b7b9f9,Necklace,2,train,dataset1
DS1_IMG_003596,train/Necklace/necklace_20241125_122545_87b7b9f9_jpg.rf.4ef0b8f52bd3005fa5a12b2fb007bcdf.jpg,necklace_20241125_122545_87b7b9f9,Necklace,2,train,dataset1
DS1_IMG_003597,train/Necklace/necklace_20241125_122545_9888989c_jpg.rf.136778f75ee2c2638febe0ddac4328b7.jpg,necklace_20241125_122545_9888989c,Necklace,2,train,dataset1
DS1_IMG_003598,train/Necklace/necklace_20241125_122545_9888989c_jpg.rf.367f368662f4d05ce4934d28f15ca354.jpg,necklace_20241125_122545_9888989c,Necklace,2,train,dataset1
DS1_IMG_003599,train/Necklace/necklace_20241125_122545_9888989c_jpg.rf.685368711e71c2dfbebd427495cbd5a9.jpg,necklace_20241125_122545_9888989c,Necklace,2,train,dataset1
DS1_IMG_003600,train/Necklace/necklace_20241125_122545_bbb1b5a5_jpg.rf.6cb2f71e4284c8ab526d23476109a4d5.jpg,necklace_20241125_122545_bbb1b5a5,Necklace,2,train,dataset1
DS1_IMG_003601,train/Necklace/necklace_20241125_122545_bbb1b5a5_jpg.rf.7cc9c43f009218439c43e4f4debfbb78.jpg,necklace_20241125_122545_bbb1b5a5,Necklace,2,train,dataset1
DS1_IMG_003602,train/Necklace/necklace_20241125_122545_bbb1b5a5_jpg.rf.f82425731748a1003253b426596e575c.jpg,necklace_20241125_122545_bbb1b5a5,Necklace,2,train,dataset1
DS1_IMG_003603,train/Necklace/necklace_20241125_122545_c1c14163_jpg.rf.77b137738015d0fa4e3787d1032ae42d.jpg,necklace_20241125_122545_c1c14163,Necklace,2,train,dataset1
DS1_IMG_003604,train/Necklace/necklace_20241125_122545_c1c14163_jpg.rf.7bade1eb94ae67caa43bd9221851f236.jpg,necklace_20241125_122545_c1c14163,Necklace,2,train,dataset1
DS1_IMG_003605,train/Necklace/necklace_20241125_122545_c1c14163_jpg.rf.b2030d4fe4b8a752665644f581f9fdb6.jpg,necklace_20241125_122545_c1c14163,Necklace,2,train,dataset1
DS1_IMG_003606,train/Necklace/necklace_20241125_122545_c1c3c3c3_jpg.rf.07b9c10371b0dcfaf02cdf67a14e0195.jpg,necklace_20241125_122545_c1c3c3c3,Necklace,2,train,dataset1
DS1_IMG_003607,train/Necklace/necklace_20241125_122545_c1c3c3c3_jpg.rf.b394d5a734564605864e333da68a9780.jpg,necklace_20241125_122545_c1c3c3c3,Necklace,2,train,dataset1
DS1_IMG_003608,train/Necklace/necklace_20241125_122545_c1c3c3c3_jpg.rf.f7775385550d038f2c6b046c28376021.jpg,necklace_20241125_122545_c1c3c3c3,Necklace,2,train,dataset1
DS1_IMG_003609,train/Necklace/necklace_57_jpg.rf.382d487218d2b65a1875356295eab0e9.jpg,necklace_57,Necklace,2,train,dataset1
DS1_IMG_003610,train/Necklace/necklace_57_jpg.rf.3d7508d2e59e101e32791648dde7c444.jpg,necklace_57,Necklace,2,train,dataset1
DS1_IMG_003611,train/Necklace/necklace_57_jpg.rf.a4ba6d261bb74102248530e46907ed77.jpg,necklace_57,Necklace,2,train,dataset1
DS1_IMG_003612,train/Necklace/necklace_59_jpg.rf.031a1bfc196cd4d1fff9feabe46b1b3e.jpg,necklace_59,Necklace,2,train,dataset1
DS1_IMG_003613,train/Necklace/necklace_59_jpg.rf.6991cd545041b8dfad3de76084b2aa69.jpg,necklace_59,Necklace,2,train,dataset1
DS1_IMG_003614,train/Necklace/necklace_60_jpg.rf.76067cf8acc274cbc7265a898b599a2b.jpg,necklace_60,Necklace,2,train,dataset1
DS1_IMG_003615,train/Necklace/necklace_60_jpg.rf.8f20faef05f9579349d741729ecd97c1.jpg,necklace_60,Necklace,2,train,dataset1
DS1_IMG_003616,train/Necklace/necklace_62_jpg.rf.4fd5a328a83529094aa9b48477a6596e.jpg,necklace_62,Necklace,2,train,dataset1
DS1_IMG_003617,train/Necklace/necklace_62_jpg.rf.bfb83a9f3e7666ac56367359377fc67e.jpg,necklace_62,Necklace,2,train,dataset1
DS1_IMG_003618,train/Necklace/necklace_62_jpg.rf.cf2d9eef83004e889fd1996f8cf69b92.jpg,necklace_62,Necklace,2,train,dataset1
DS1_IMG_003619,train/Necklace/necklace_67_jpg.rf.d9aeab7edc98fdf85d69912c00bff49d.jpg,necklace_67,Necklace,2,train,dataset1
DS1_IMG_003620,train/Necklace/necklace_69_jpg.rf.4e91bbe1aad88bdbbd8171cf6e512750.jpg,necklace_69,Necklace,2,train,dataset1
DS1_IMG_003621,train/Necklace/necklace_69_jpg.rf.e978edf7ed153d892256e35024bbd034.jpg,necklace_69,Necklace,2,train,dataset1
DS1_IMG_003622,train/Necklace/necklace_69_jpg.rf.ffd713a844dae03160e97918af07730f.jpg,necklace_69,Necklace,2,train,dataset1
DS1_IMG_003623,train/Necklace/necklace_74_jpg.rf.4fcffd0640293cecb39765a9f4e300bc.jpg,necklace_74,Necklace,2,train,dataset1
DS1_IMG_003624,train/Necklace/necklace_74_jpg.rf.559b4e5254934c4304717e57be1f6261.jpg,necklace_74,Necklace,2,train,dataset1
DS1_IMG_003625,train/Necklace/necklace_74_jpg.rf.94dd6eebb618f759795d23de16da3675.jpg,necklace_74,Necklace,2,train,dataset1
DS1_IMG_003626,train/Necklace/necklace_76_jpg.rf.3800f1904a78438bd0e52e388d211d37.jpg,necklace_76,Necklace,2,train,dataset1
DS1_IMG_003627,train/Necklace/necklace_76_jpg.rf.3949a9ba0579f1bd7aa41da23532abab.jpg,necklace_76,Necklace,2,train,dataset1
DS1_IMG_003628,train/Necklace/necklace_76_jpg.rf.5bec54756fd008140504b83f0a074b9c.jpg,necklace_76,Necklace,2,train,dataset1
DS1_IMG_003629,train/Necklace/necklace_77_jpg.rf.811262ca70e29304326118a09cb339a3.jpg,necklace_77,Necklace,2,train,dataset1
DS1_IMG_003630,train/Necklace/necklace_77_jpg.rf.a52c69b8bef1481be0accc10065ca4ca.jpg,necklace_77,Necklace,2,train,dataset1
DS1_IMG_003631,train/Necklace/necklace_77_jpg.rf.b4c53e75b3be5cc7ea0a6fe60b745621.jpg,necklace_77,Necklace,2,train,dataset1
DS1_IMG_003632,train/Necklace/necklace_80_jpg.rf.438f1b4cd86d9546946288dd366966ae.jpg,necklace_80,Necklace,2,train,dataset1
DS1_IMG_003633,train/Necklace/necklace_80_jpg.rf.d198fb3fd66cbf988079a807f7c04e31.jpg,necklace_80,Necklace,2,train,dataset1
DS1_IMG_003634,train/Necklace/necklace_80_jpg.rf.e42ff5c3cc6aa0df68be6698432bdd32.jpg,necklace_80,Necklace,2,train,dataset1
DS1_IMG_003635,train/Necklace/necklace_81_jpg.rf.07183c4b9f2a485c05d6d6d8150c5c10.jpg,necklace_81,Necklace,2,train,dataset1
DS1_IMG_003636,train/Necklace/necklace_82_jpg.rf.5fccd2b3fde09e625c083dffb0e611df.jpg,necklace_82,Necklace,2,train,dataset1
DS1_IMG_003637,train/Necklace/necklace_82_jpg.rf.7181660ae2d7c9818cfae61261dd8409.jpg,necklace_82,Necklace,2,train,dataset1
DS1_IMG_003638,train/Necklace/necklace_82_jpg.rf.a6e1a6166d26a13d7da3eebac420f6a5.jpg,necklace_82,Necklace,2,train,dataset1
DS1_IMG_003639,train/Necklace/necklace_84_jpg.rf.500602b33127de0943e89edb14ac2617.jpg,necklace_84,Necklace,2,train,dataset1
DS1_IMG_003640,train/Necklace/necklace_84_jpg.rf.b56f57bcbf6f33a073a55b7701f36ab5.jpg,necklace_84,Necklace,2,train,dataset1
DS1_IMG_003641,train/Necklace/necklace_84_jpg.rf.f5c4b4b6494283e32d0fe1f9c9fa3bee.jpg,necklace_84,Necklace,2,train,dataset1
DS1_IMG_003642,train/Necklace/necklace_86_jpg.rf.5646bc14a69c5b23b987f62073e5a2c2.jpg,necklace_86,Necklace,2,train,dataset1
DS1_IMG_003643,train/Necklace/necklace_86_jpg.rf.6e8e9226c52c13c79f84e2a87019df2d.jpg,necklace_86,Necklace,2,train,dataset1
DS1_IMG_003644,train/Necklace/necklace_86_jpg.rf.963bcf3912fecb5dacebe5454ac304aa.jpg,necklace_86,Necklace,2,train,dataset1
DS1_IMG_003645,train/Necklace/necklace_87_jpg.rf.156c89dc8b994449d855ed635de282fb.jpg,necklace_87,Necklace,2,train,dataset1
DS1_IMG_003646,train/Necklace/necklace_87_jpg.rf.8dcbae312f0dd1927d56c7ad0160eb63.jpg,necklace_87,Necklace,2,train,dataset1
DS1_IMG_003647,train/Necklace/necklace_87_jpg.rf.c8529c444e88274d15d6d150af5391ca.jpg,necklace_87,Necklace,2,train,dataset1
DS1_IMG_003648,train/Necklace/necklace_91_jpg.rf.9d32d76e831c9757f7e1a7d7b68aca32.jpg,necklace_91,Necklace,2,train,dataset1
DS1_IMG_003649,train/Necklace/necklace_91_jpg.rf.d1d8b9dfa0e5b9e360d90c93e4ceee77.jpg,necklace_91,Necklace,2,train,dataset1
DS1_IMG_003650,train/Necklace/necklace_93_jpg.rf.5d54abe487d99d1de03b2e64f85be968.jpg,necklace_93,Necklace,2,train,dataset1
DS1_IMG_003651,train/Necklace/necklace_93_jpg.rf.a33c870ff2a644755473cec8a9353409.jpg,necklace_93,Necklace,2,train,dataset1
DS1_IMG_003652,train/Necklace/necklace_93_jpg.rf.d816b96a90fd753295dd0586496defe2.jpg,necklace_93,Necklace,2,train,dataset1
DS1_IMG_003653,train/Necklace/necklace_95_jpg.rf.2419c7a4713eb0e4bf0a09e946c0c54d.jpg,necklace_95,Necklace,2,train,dataset1
DS1_IMG_003654,train/Necklace/necklace_95_jpg.rf.64281839d95c6dcb5d70207e04711690.jpg,necklace_95,Necklace,2,train,dataset1
DS1_IMG_003655,train/Necklace/necklace_95_jpg.rf.e9e24928575fe56b0e5c5808b6080469.jpg,necklace_95,Necklace,2,train,dataset1
DS1_IMG_003656,train/Necklace/necklace_96_jpg.rf.32042774de1e357c60be0e07f607d8f5.jpg,necklace_96,Necklace,2,train,dataset1
DS1_IMG_003657,train/Necklace/necklace_96_jpg.rf.8c44cdc209effaa2998d0ea253ca2625.jpg,necklace_96,Necklace,2,train,dataset1
DS1_IMG_003658,train/Necklace/necklace_96_jpg.rf.a388eac44a9c60e3d6f39e5ec63862d0.jpg,necklace_96,Necklace,2,train,dataset1
DS1_IMG_003659,train/Necklace/necklace_97_jpg.rf.18a3f4e1fe2185c1268b663b928fc8e4.jpg,necklace_97,Necklace,2,train,dataset1
DS1_IMG_003660,train/Necklace/necklace_97_jpg.rf.9179d057141f28254e7c1156689e281e.jpg,necklace_97,Necklace,2,train,dataset1
DS1_IMG_003661,train/Necklace/necklace_97_jpg.rf.c80538f20b49e4207b1df07f0b2b684c.jpg,necklace_97,Necklace,2,train,dataset1
DS1_IMG_003662,train/Necklace/necklace_99_jpg.rf.2e3cf13199a307da011bbff9d1621c06.jpg,necklace_99,Necklace,2,train,dataset1
DS1_IMG_003663,train/Necklace/necklace_99_jpg.rf.63c3f8c072eb0c0f877b78ad5424c0a8.jpg,necklace_99,Necklace,2,train,dataset1
DS1_IMG_003664,train/Necklace/necklace_99_jpg.rf.87da528daf92f8a24f68138206be006b.jpg,necklace_99,Necklace,2,train,dataset1
DS1_IMG_003665,train/Pendant/IMG_0255_bd4ecf03_JPG.rf.5ab24759c82b404bf10bb451dceb60b4.jpg,IMG_0255_bd4ecf03,Pendant,3,train,dataset1
DS1_IMG_003666,train/Pendant/IMG_0255_bd4ecf03_JPG.rf.768ee53a3f4fbc6c44890e8d040e75d5.jpg,IMG_0255_bd4ecf03,Pendant,3,train,dataset1
DS1_IMG_003667,train/Pendant/IMG_0255_bd4ecf03_JPG.rf.b17cfcf4503efcba5888f450c95bbc1d.jpg,IMG_0255_bd4ecf03,Pendant,3,train,dataset1
DS1_IMG_003668,train/Pendant/IMG_0371_d1d4878f_jpg.rf.13ad57e6d80107de1dba4b9eda7840b8.jpg,IMG_0371_d1d4878f,Pendant,3,train,dataset1
DS1_IMG_003669,train/Pendant/IMG_0371_d1d4878f_jpg.rf.29f16a302c632997bc9871668477e03a.jpg,IMG_0371_d1d4878f,Pendant,3,train,dataset1
DS1_IMG_003670,train/Pendant/IMG_0371_d1d4878f_jpg.rf.779a4bfd795ac38cdd47bb73baabe9bd.jpg,IMG_0371_d1d4878f,Pendant,3,train,dataset1
DS1_IMG_003671,train/Pendant/IMG_0391_13077dff_jpg.rf.05167f6a0671ff5029f6eabb157c9fee.jpg,IMG_0391_13077dff,Pendant,3,train,dataset1
DS1_IMG_003672,train/Pendant/IMG_0391_13077dff_jpg.rf.92447b2de5a3032fa906db80301f8a9c.jpg,IMG_0391_13077dff,Pendant,3,train,dataset1
DS1_IMG_003673,train/Pendant/IMG_0391_13077dff_jpg.rf.e90857b3d8e7b9b81938e51352db4a37.jpg,IMG_0391_13077dff,Pendant,3,train,dataset1
DS1_IMG_003674,train/Pendant/IMG_0451_412d7d51_jpg.rf.4a628883ef87bbefcfccf6af6698b535.jpg,IMG_0451_412d7d51,Pendant,3,train,dataset1
DS1_IMG_003675,train/Pendant/IMG_0451_412d7d51_jpg.rf.7b3885b0e315fb4fde4a09facf023ca7.jpg,IMG_0451_412d7d51,Pendant,3,train,dataset1
DS1_IMG_003676,train/Pendant/IMG_0451_412d7d51_jpg.rf.bd742057e2684db719f4f568d6d61446.jpg,IMG_0451_412d7d51,Pendant,3,train,dataset1
DS1_IMG_003677,train/Pendant/IMG_0452_c139312c_jpg.rf.3e9a63cff60b7c18d1a3141a6372ecf8.jpg,IMG_0452_c139312c,Pendant,3,train,dataset1
DS1_IMG_003678,train/Pendant/IMG_0452_c139312c_jpg.rf.be9cbf02a310d45ceba7f43c8f6788c0.jpg,IMG_0452_c139312c,Pendant,3,train,dataset1
DS1_IMG_003679,train/Pendant/IMG_0452_c139312c_jpg.rf.e49f98d89672ea5c433ace26f702151c.jpg,IMG_0452_c139312c,Pendant,3,train,dataset1
DS1_IMG_003680,train/Pendant/IMG_0457_cb73a0c4_JPG.rf.21330535adea5f832698ce1a907f7c9b.jpg,IMG_0457_cb73a0c4,Pendant,3,train,dataset1
DS1_IMG_003681,train/Pendant/IMG_0457_cb73a0c4_JPG.rf.30ae1873ed6aa7bfbc7425299039cede.jpg,IMG_0457_cb73a0c4,Pendant,3,train,dataset1
DS1_IMG_003682,train/Pendant/IMG_0457_cb73a0c4_JPG.rf.9ccd777eaa83d22e8b1664722eba2395.jpg,IMG_0457_cb73a0c4,Pendant,3,train,dataset1
DS1_IMG_003683,train/Pendant/IMG_0467-1-_c9749438_JPG.rf.24e645509ec6d182e96ceb3668d1136a.jpg,IMG_0467-1-_c9749438,Pendant,3,train,dataset1
DS1_IMG_003684,train/Pendant/IMG_0467-1-_c9749438_JPG.rf.2c4e6e7cfdd26b3bb068497eb9a4153b.jpg,IMG_0467-1-_c9749438,Pendant,3,train,dataset1
DS1_IMG_003685,train/Pendant/IMG_0467-1-_c9749438_JPG.rf.cd5cea1b9d79c553937c441d4eec2703.jpg,IMG_0467-1-_c9749438,Pendant,3,train,dataset1
DS1_IMG_003686,train/Pendant/IMG_0471_02f2128e_jpg.rf.7bc36844f858e647cf01b271e2511f05.jpg,IMG_0471_02f2128e,Pendant,3,train,dataset1
DS1_IMG_003687,train/Pendant/IMG_0471_02f2128e_jpg.rf.d42d449d8958e9c9ac1dda1379fffaeb.jpg,IMG_0471_02f2128e,Pendant,3,train,dataset1
DS1_IMG_003688,train/Pendant/IMG_0471_02f2128e_jpg.rf.f5372a6447b9e8bd01b7424101fafecd.jpg,IMG_0471_02f2128e,Pendant,3,train,dataset1
DS1_IMG_003689,train/Pendant/IMG_0475_694c48a1_jpg.rf.249ec362fe7cb6f6bd5f91d68c7649eb.jpg,IMG_0475_694c48a1,Pendant,3,train,dataset1
DS1_IMG_003690,train/Pendant/IMG_0475_694c48a1_jpg.rf.c76c2f84484f13b12e37a7aeda355204.jpg,IMG_0475_694c48a1,Pendant,3,train,dataset1
DS1_IMG_003691,train/Pendant/IMG_0475_694c48a1_jpg.rf.d9f918defdbbdd60aa38b30665a783e7.jpg,IMG_0475_694c48a1,Pendant,3,train,dataset1
DS1_IMG_003692,train/Pendant/IMG_0479_27be300a_JPG.rf.28cb4e7d9ef96ceaec9d7f9fba202ef8.jpg,IMG_0479_27be300a,Pendant,3,train,dataset1
DS1_IMG_003693,train/Pendant/IMG_0479_27be300a_JPG.rf.d3496d186dc921c0b7756499263b0041.jpg,IMG_0479_27be300a,Pendant,3,train,dataset1
DS1_IMG_003694,train/Pendant/IMG_0479_27be300a_JPG.rf.d9f8e8ffc2f3d39f2395417e2a2db845.jpg,IMG_0479_27be300a,Pendant,3,train,dataset1
DS1_IMG_003695,train/Pendant/IMG_0602_6d616791_jpg.rf.351d3a8c1ffdaeef3ce30b6fab345fc4.jpg,IMG_0602_6d616791,Pendant,3,train,dataset1
DS1_IMG_003696,train/Pendant/IMG_0602_6d616791_jpg.rf.dde632d7d35ce8e02ec9463c442192d5.jpg,IMG_0602_6d616791,Pendant,3,train,dataset1
DS1_IMG_003697,train/Pendant/IMG_0602_6d616791_jpg.rf.ec216077bac1f86640ddcb205987e073.jpg,IMG_0602_6d616791,Pendant,3,train,dataset1
DS1_IMG_003698,train/Pendant/IMG_0669_957b4e82_jpg.rf.4eec74afe1136d81c27c9617ac2ddd5f.jpg,IMG_0669_957b4e82,Pendant,3,train,dataset1
DS1_IMG_003699,train/Pendant/IMG_0669_957b4e82_jpg.rf.8ec76e541b64f7748861e18d1293ec22.jpg,IMG_0669_957b4e82,Pendant,3,train,dataset1
DS1_IMG_003700,train/Pendant/IMG_0669_957b4e82_jpg.rf.fab35a5e250d75e21f66c67eebdc7b52.jpg,IMG_0669_957b4e82,Pendant,3,train,dataset1
DS1_IMG_003701,train/Pendant/IMG_0673_a51773cc_jpg.rf.7f53678ff65d0d51d13ea8481caf0e03.jpg,IMG_0673_a51773cc,Pendant,3,train,dataset1
DS1_IMG_003702,train/Pendant/IMG_0673_a51773cc_jpg.rf.8126e9d86b83b69a8130ddbc001fd06c.jpg,IMG_0673_a51773cc,Pendant,3,train,dataset1
DS1_IMG_003703,train/Pendant/IMG_0673_a51773cc_jpg.rf.d2a31868c8196578e6a418946c576bea.jpg,IMG_0673_a51773cc,Pendant,3,train,dataset1
DS1_IMG_003704,train/Pendant/IMG_0702_fc96bc4c_jpg.rf.1211b156cb8015176a162dd8bebb0564.jpg,IMG_0702_fc96bc4c,Pendant,3,train,dataset1
DS1_IMG_003705,train/Pendant/IMG_0702_fc96bc4c_jpg.rf.18bc24cb3cc2fa54e67a6315c86a32ba.jpg,IMG_0702_fc96bc4c,Pendant,3,train,dataset1
DS1_IMG_003706,train/Pendant/IMG_0702_fc96bc4c_jpg.rf.bc0c28edc163c61a5f5eb1657906baff.jpg,IMG_0702_fc96bc4c,Pendant,3,train,dataset1
DS1_IMG_003707,train/Pendant/IMG_0726_46863f42_jpg.rf.c44f04fdc5975fed36bc6a9f2ffba028.jpg,IMG_0726_46863f42,Pendant,3,train,dataset1
DS1_IMG_003708,train/Pendant/IMG_0726_46863f42_jpg.rf.f42c8e3d1f6929a8234d217c72e46221.jpg,IMG_0726_46863f42,Pendant,3,train,dataset1
DS1_IMG_003709,train/Pendant/IMG_0726_46863f42_jpg.rf.ff88312ad94544034998a6949b323d86.jpg,IMG_0726_46863f42,Pendant,3,train,dataset1
DS1_IMG_003710,train/Pendant/IMG_0733_64e5db0c_jpg.rf.a133c8a419ca8e37bdc84f66699b1600.jpg,IMG_0733_64e5db0c,Pendant,3,train,dataset1
DS1_IMG_003711,train/Pendant/IMG_0733_64e5db0c_jpg.rf.bf6eedccb189dc1cb6cae131ded81c49.jpg,IMG_0733_64e5db0c,Pendant,3,train,dataset1
DS1_IMG_003712,train/Pendant/IMG_0733_64e5db0c_jpg.rf.e97de241bc8e6b77461e8fc2e4338b47.jpg,IMG_0733_64e5db0c,Pendant,3,train,dataset1
DS1_IMG_003713,train/Pendant/IMG_0753_2ca36338_jpg.rf.24bb80c12324b675c35a6bc00949ce11.jpg,IMG_0753_2ca36338,Pendant,3,train,dataset1
DS1_IMG_003714,train/Pendant/IMG_0753_2ca36338_jpg.rf.a8bd58bd5b05c3eb8de6faafdb795df3.jpg,IMG_0753_2ca36338,Pendant,3,train,dataset1
DS1_IMG_003715,train/Pendant/IMG_0753_2ca36338_jpg.rf.ed1d0bbfe226e7eb05509196a86bd51c.jpg,IMG_0753_2ca36338,Pendant,3,train,dataset1
DS1_IMG_003716,train/Pendant/IMG_0801_a255ab13_JPG.rf.225dd443b496fe576f1e0cf94d17799a.jpg,IMG_0801_a255ab13,Pendant,3,train,dataset1
DS1_IMG_003717,train/Pendant/IMG_0801_a255ab13_JPG.rf.3b656c8fe48286c65fe14733d7f13ee4.jpg,IMG_0801_a255ab13,Pendant,3,train,dataset1
DS1_IMG_003718,train/Pendant/IMG_0801_a255ab13_JPG.rf.76475a8b5524bb4cfe513db987335852.jpg,IMG_0801_a255ab13,Pendant,3,train,dataset1
DS1_IMG_003719,train/Pendant/IMG_0811_ccf24bcc_JPG.rf.4ffd18f455393238949234e2d922b62d.jpg,IMG_0811_ccf24bcc,Pendant,3,train,dataset1
DS1_IMG_003720,train/Pendant/IMG_0811_ccf24bcc_JPG.rf.8d7bf166bb6fe0084f53b2badf002638.jpg,IMG_0811_ccf24bcc,Pendant,3,train,dataset1
DS1_IMG_003721,train/Pendant/IMG_0811_ccf24bcc_JPG.rf.ebe94b0fff84fd3bcb246b5ef3a8d837.jpg,IMG_0811_ccf24bcc,Pendant,3,train,dataset1
DS1_IMG_003722,train/Pendant/IMG_0841_55d04e95_jpg.rf.1ee6ca66e8f42acdb91ddc2e7926cb38.jpg,IMG_0841_55d04e95,Pendant,3,train,dataset1
DS1_IMG_003723,train/Pendant/IMG_0841_55d04e95_jpg.rf.4aca58fc6055d0ccae196085d9cb1fa9.jpg,IMG_0841_55d04e95,Pendant,3,train,dataset1
DS1_IMG_003724,train/Pendant/IMG_0841_55d04e95_jpg.rf.4ea606f26e07d7f403c05ca324298cff.jpg,IMG_0841_55d04e95,Pendant,3,train,dataset1
DS1_IMG_003725,train/Pendant/IMG_0842_54be0d37_JPG.rf.27f6cf193864e6778f4e357864577ba7.jpg,IMG_0842_54be0d37,Pendant,3,train,dataset1
DS1_IMG_003726,train/Pendant/IMG_0842_54be0d37_JPG.rf.890f9e8fb154a66a0f0f8ab79c1aade4.jpg,IMG_0842_54be0d37,Pendant,3,train,dataset1
DS1_IMG_003727,train/Pendant/IMG_0842_54be0d37_JPG.rf.da1ce7305e3c4db9c65c047b777cb806.jpg,IMG_0842_54be0d37,Pendant,3,train,dataset1
DS1_IMG_003728,train/Pendant/IMG_0845_2d416634_JPG.rf.c484a3d7fc401ea1166cadf90ff6f1ff.jpg,IMG_0845_2d416634,Pendant,3,train,dataset1
DS1_IMG_003729,train/Pendant/IMG_0845_2d416634_JPG.rf.cdce9a4ac7ee84144bb2d4b01c96d64b.jpg,IMG_0845_2d416634,Pendant,3,train,dataset1
DS1_IMG_003730,train/Pendant/IMG_0845_2d416634_JPG.rf.dffbdf5d34ee2963a4f9c0dd29938343.jpg,IMG_0845_2d416634,Pendant,3,train,dataset1
DS1_IMG_003731,train/Pendant/IMG_0858_52572277_JPG.rf.3dd1923e20ac13c60b12d5f130aabb0a.jpg,IMG_0858_52572277,Pendant,3,train,dataset1
DS1_IMG_003732,train/Pendant/IMG_0858_52572277_JPG.rf.56212a46bc68677f6b5871a74143887d.jpg,IMG_0858_52572277,Pendant,3,train,dataset1
DS1_IMG_003733,train/Pendant/IMG_0858_52572277_JPG.rf.61f131fdb14ce33bb62223f0a44b4e1f.jpg,IMG_0858_52572277,Pendant,3,train,dataset1
DS1_IMG_003734,train/Pendant/IMG_0859_0fc9d49e_JPG.rf.119316f156f928d1755508727f3a7b99.jpg,IMG_0859_0fc9d49e,Pendant,3,train,dataset1
DS1_IMG_003735,train/Pendant/IMG_0859_0fc9d49e_JPG.rf.394103d23fee233d31b9e4d160acf07e.jpg,IMG_0859_0fc9d49e,Pendant,3,train,dataset1
DS1_IMG_003736,train/Pendant/IMG_0859_0fc9d49e_JPG.rf.eabf6c0aca02c22c1ae61e730e0b70f3.jpg,IMG_0859_0fc9d49e,Pendant,3,train,dataset1
DS1_IMG_003737,train/Pendant/IMG_0860_40d0505f_JPG.rf.82d0ee428bddcd83a759792439cf052f.jpg,IMG_0860_40d0505f,Pendant,3,train,dataset1
DS1_IMG_003738,train/Pendant/IMG_0860_40d0505f_JPG.rf.c64866dc076186ddcb3994cb6274ac9e.jpg,IMG_0860_40d0505f,Pendant,3,train,dataset1
DS1_IMG_003739,train/Pendant/IMG_0860_40d0505f_JPG.rf.d54b593943cddd89e8470bbdc2fd337c.jpg,IMG_0860_40d0505f,Pendant,3,train,dataset1
DS1_IMG_003740,train/Pendant/IMG_0862_36a7b364_JPG.rf.18c90eedc1ecced2f9df3ef07b3f5a74.jpg,IMG_0862_36a7b364,Pendant,3,train,dataset1
DS1_IMG_003741,train/Pendant/IMG_0862_36a7b364_JPG.rf.6ab13a36cdfcde9b15dd2aae9e731fd2.jpg,IMG_0862_36a7b364,Pendant,3,train,dataset1
DS1_IMG_003742,train/Pendant/IMG_0862_36a7b364_JPG.rf.72055e291e62a9454ae16929b7477504.jpg,IMG_0862_36a7b364,Pendant,3,train,dataset1
DS1_IMG_003743,train/Pendant/IMG_0863_4e8ef7be_JPG.rf.5e88c31585f1c4c9281e2c0273fa557e.jpg,IMG_0863_4e8ef7be,Pendant,3,train,dataset1
DS1_IMG_003744,train/Pendant/IMG_0863_4e8ef7be_JPG.rf.b127e589093c5a2e7828d361a646ad62.jpg,IMG_0863_4e8ef7be,Pendant,3,train,dataset1
DS1_IMG_003745,train/Pendant/IMG_0863_4e8ef7be_JPG.rf.fd511e60a6967df3d17a94479dfa1461.jpg,IMG_0863_4e8ef7be,Pendant,3,train,dataset1
DS1_IMG_003746,train/Pendant/IMG_0866_b55f3884_JPG.rf.7153676f77bb3bb0874f78ab33515d97.jpg,IMG_0866_b55f3884,Pendant,3,train,dataset1
DS1_IMG_003747,train/Pendant/IMG_0866_b55f3884_JPG.rf.7300932c92800e0edc0022ced3017e1a.jpg,IMG_0866_b55f3884,Pendant,3,train,dataset1
DS1_IMG_003748,train/Pendant/IMG_0866_b55f3884_JPG.rf.bbacd63843931fa561e01c7357e073d7.jpg,IMG_0866_b55f3884,Pendant,3,train,dataset1
DS1_IMG_003749,train/Pendant/IMG_0885_67639274_jpg.rf.7e3b9248bbf1d4441f060e81dc83a4b6.jpg,IMG_0885_67639274,Pendant,3,train,dataset1
DS1_IMG_003750,train/Pendant/IMG_0885_67639274_jpg.rf.84c158e50ebcef441e4130d3187336b4.jpg,IMG_0885_67639274,Pendant,3,train,dataset1
DS1_IMG_003751,train/Pendant/IMG_0885_67639274_jpg.rf.ab0e6afae540914fa071eb377d6253da.jpg,IMG_0885_67639274,Pendant,3,train,dataset1
DS1_IMG_003752,train/Pendant/IMG_0901_5a140477_jpg.rf.86ae93f3dd91a6b57006892632e1b484.jpg,IMG_0901_5a140477,Pendant,3,train,dataset1
DS1_IMG_003753,train/Pendant/IMG_0901_5a140477_jpg.rf.90a0379bd3b66ff6fb80b64f33216e84.jpg,IMG_0901_5a140477,Pendant,3,train,dataset1
DS1_IMG_003754,train/Pendant/IMG_0901_5a140477_jpg.rf.99624edd635a9a2625e4580aaf99d9f6.jpg,IMG_0901_5a140477,Pendant,3,train,dataset1
DS1_IMG_003755,train/Pendant/IMG_0911_ecd59d89_jpg.rf.41f39a99f00c4e2962e64edc183a17d5.jpg,IMG_0911_ecd59d89,Pendant,3,train,dataset1
DS1_IMG_003756,train/Pendant/IMG_0911_ecd59d89_jpg.rf.e075232653579cd27bc910a0df31c61d.jpg,IMG_0911_ecd59d89,Pendant,3,train,dataset1
DS1_IMG_003757,train/Pendant/IMG_0911_ecd59d89_jpg.rf.ef7e6c8124916987b6034d70abbf1cae.jpg,IMG_0911_ecd59d89,Pendant,3,train,dataset1
DS1_IMG_003758,train/Pendant/IMG_0921_1ec49527_jpg.rf.42b0021984c7c4bec31570ab32419609.jpg,IMG_0921_1ec49527,Pendant,3,train,dataset1
DS1_IMG_003759,train/Pendant/IMG_0921_1ec49527_jpg.rf.6d4ffa5b10845df034f152a84b8d1980.jpg,IMG_0921_1ec49527,Pendant,3,train,dataset1
DS1_IMG_003760,train/Pendant/IMG_0921_1ec49527_jpg.rf.fd056c84fd5baef96c85762113bc4389.jpg,IMG_0921_1ec49527,Pendant,3,train,dataset1
DS1_IMG_003761,train/Pendant/IMG_1354_4b8275b6_JPG.rf.487ca59078455317c110713f06c46b67.jpg,IMG_1354_4b8275b6,Pendant,3,train,dataset1
DS1_IMG_003762,train/Pendant/IMG_1354_4b8275b6_JPG.rf.9c4c9dcd3c6d54e5c207336ad0b6aba6.jpg,IMG_1354_4b8275b6,Pendant,3,train,dataset1
DS1_IMG_003763,train/Pendant/IMG_1354_4b8275b6_JPG.rf.fe94b8bd337fc40131e76949e41699fd.jpg,IMG_1354_4b8275b6,Pendant,3,train,dataset1
DS1_IMG_003764,train/Pendant/IMG_1372_c936a18b_JPG.rf.2422fcce412043dfcb5ed42669a544ad.jpg,IMG_1372_c936a18b,Pendant,3,train,dataset1
DS1_IMG_003765,train/Pendant/IMG_1372_c936a18b_JPG.rf.432827cc2ecfcdc886f41036045ceca9.jpg,IMG_1372_c936a18b,Pendant,3,train,dataset1
DS1_IMG_003766,train/Pendant/IMG_1372_c936a18b_JPG.rf.e76b20ae7046ebbdf9297ac634106346.jpg,IMG_1372_c936a18b,Pendant,3,train,dataset1
DS1_IMG_003767,train/Pendant/IMG_1404_0cd245f2_JPG.rf.7bff636a1bb70615eef71fb901b6c173.jpg,IMG_1404_0cd245f2,Pendant,3,train,dataset1
DS1_IMG_003768,train/Pendant/IMG_1404_0cd245f2_JPG.rf.a884945f0c4e3e2fff7ed64f96bfb391.jpg,IMG_1404_0cd245f2,Pendant,3,train,dataset1
DS1_IMG_003769,train/Pendant/IMG_1404_0cd245f2_JPG.rf.e34191499a76c21e38784ddf82fa0da8.jpg,IMG_1404_0cd245f2,Pendant,3,train,dataset1
DS1_IMG_003770,train/Pendant/IMG_1500_0daa4afd_JPG.rf.46406f459af5b2b2a015dc29a3dc79d1.jpg,IMG_1500_0daa4afd,Pendant,3,train,dataset1
DS1_IMG_003771,train/Pendant/IMG_1500_0daa4afd_JPG.rf.8a222a7c24210cd2a221e33e397e063a.jpg,IMG_1500_0daa4afd,Pendant,3,train,dataset1
DS1_IMG_003772,train/Pendant/IMG_1500_0daa4afd_JPG.rf.eff6e7e91cfcd399b36a949440f91292.jpg,IMG_1500_0daa4afd,Pendant,3,train,dataset1
DS1_IMG_003773,train/Pendant/IMG_1553_ba3ba926_JPG.rf.517e3166f6c61d21b76eca9029d198ec.jpg,IMG_1553_ba3ba926,Pendant,3,train,dataset1
DS1_IMG_003774,train/Pendant/IMG_1553_ba3ba926_JPG.rf.dda56ad2d5b9b8aa47512e54c0dec9cb.jpg,IMG_1553_ba3ba926,Pendant,3,train,dataset1
DS1_IMG_003775,train/Pendant/IMG_1553_ba3ba926_JPG.rf.f508350f02b4508ad40c462e89c601b4.jpg,IMG_1553_ba3ba926,Pendant,3,train,dataset1
DS1_IMG_003776,train/Pendant/IMG_1567_31c00736_JPG.rf.0d32bd4c173b26c365ceadb801ccd790.jpg,IMG_1567_31c00736,Pendant,3,train,dataset1
DS1_IMG_003777,train/Pendant/IMG_1567_31c00736_JPG.rf.1a8bff9b589ab98b9abf32b7d1e55d1d.jpg,IMG_1567_31c00736,Pendant,3,train,dataset1
DS1_IMG_003778,train/Pendant/IMG_1567_31c00736_JPG.rf.436bda5c74ae3a25398fc112f7fcd1fe.jpg,IMG_1567_31c00736,Pendant,3,train,dataset1
DS1_IMG_003779,train/Pendant/IMG_1568_07ccbeb1_JPG.rf.3561e1d5952470ec75f95aa09fb8dbf9.jpg,IMG_1568_07ccbeb1,Pendant,3,train,dataset1
DS1_IMG_003780,train/Pendant/IMG_1568_07ccbeb1_JPG.rf.57e7b6f1894aa99c7d2a0c1108598cba.jpg,IMG_1568_07ccbeb1,Pendant,3,train,dataset1
DS1_IMG_003781,train/Pendant/IMG_1568_07ccbeb1_JPG.rf.d983da98ef30c5eb9c8a39e2ec0d8f83.jpg,IMG_1568_07ccbeb1,Pendant,3,train,dataset1
DS1_IMG_003782,train/Pendant/IMG_2181_9f77e4aa_JPG.rf.8a64e5a815f0c06b71afc263299bf69b.jpg,IMG_2181_9f77e4aa,Pendant,3,train,dataset1
DS1_IMG_003783,train/Pendant/IMG_2181_9f77e4aa_JPG.rf.f2697b42cfa902b7b496bb6f2f92f5bc.jpg,IMG_2181_9f77e4aa,Pendant,3,train,dataset1
DS1_IMG_003784,train/Pendant/IMG_2181_9f77e4aa_JPG.rf.ffc3ab1d2d862d90e6e1f2856d88c496.jpg,IMG_2181_9f77e4aa,Pendant,3,train,dataset1
DS1_IMG_003785,train/Pendant/IMG_2186_10d4d23b_JPG.rf.38ed50b69e356497a3f9fc9eaa648e07.jpg,IMG_2186_10d4d23b,Pendant,3,train,dataset1
DS1_IMG_003786,train/Pendant/IMG_2186_10d4d23b_JPG.rf.9b2774eaf0e0ca05f345e347ce5463bd.jpg,IMG_2186_10d4d23b,Pendant,3,train,dataset1
DS1_IMG_003787,train/Pendant/IMG_2186_10d4d23b_JPG.rf.c6ee31b79c561d675857f96ee34419e5.jpg,IMG_2186_10d4d23b,Pendant,3,train,dataset1
DS1_IMG_003788,train/Pendant/IMG_2269_56abfe73_JPG.rf.0c9b06eff593faeaad098e82253c1a00.jpg,IMG_2269_56abfe73,Pendant,3,train,dataset1
DS1_IMG_003789,train/Pendant/IMG_2269_56abfe73_JPG.rf.904e6af758630eba77cfe5a6b8476699.jpg,IMG_2269_56abfe73,Pendant,3,train,dataset1
DS1_IMG_003790,train/Pendant/IMG_2269_56abfe73_JPG.rf.fb106e11dec8594c44a1b9cae0ede9a6.jpg,IMG_2269_56abfe73,Pendant,3,train,dataset1
DS1_IMG_003791,train/Pendant/IMG_2275_5f527887_JPG.rf.1431722a19f45f8cad4e30fed6bd319e.jpg,IMG_2275_5f527887,Pendant,3,train,dataset1
DS1_IMG_003792,train/Pendant/IMG_2275_5f527887_JPG.rf.3b8ce0effb4f9ee1174ea3e919aed9c7.jpg,IMG_2275_5f527887,Pendant,3,train,dataset1
DS1_IMG_003793,train/Pendant/IMG_2275_5f527887_JPG.rf.6e36bbe9f28cd9c7b5d859c66b0f9140.jpg,IMG_2275_5f527887,Pendant,3,train,dataset1
DS1_IMG_003794,train/Pendant/IMG_2282_d8e4a081_JPG.rf.035c9ab198233141b8d29049908c48ad.jpg,IMG_2282_d8e4a081,Pendant,3,train,dataset1
DS1_IMG_003795,train/Pendant/IMG_2282_d8e4a081_JPG.rf.91be559bca570cb1063e9eb778d5cae4.jpg,IMG_2282_d8e4a081,Pendant,3,train,dataset1
DS1_IMG_003796,train/Pendant/IMG_2282_d8e4a081_JPG.rf.e7325f6cd8df8cf71160da7ef21b8f2e.jpg,IMG_2282_d8e4a081,Pendant,3,train,dataset1
DS1_IMG_003797,train/Pendant/IMG_2371_c0acc0f4_JPG.rf.3cd0f97fef1745c04f3251be7561f08f.jpg,IMG_2371_c0acc0f4,Pendant,3,train,dataset1
DS1_IMG_003798,train/Pendant/IMG_2371_c0acc0f4_JPG.rf.70f45fe385e283d97db4acb780ca5656.jpg,IMG_2371_c0acc0f4,Pendant,3,train,dataset1
DS1_IMG_003799,train/Pendant/IMG_2371_c0acc0f4_JPG.rf.74e979089930e2cfced17f12392281df.jpg,IMG_2371_c0acc0f4,Pendant,3,train,dataset1
DS1_IMG_003800,train/Pendant/IMG_2379_ad6a1bf5_JPG.rf.10334a702fdc24fad5af39a02e047228.jpg,IMG_2379_ad6a1bf5,Pendant,3,train,dataset1
DS1_IMG_003801,train/Pendant/IMG_2379_ad6a1bf5_JPG.rf.642868f03211e565072ec1ba40bef7b0.jpg,IMG_2379_ad6a1bf5,Pendant,3,train,dataset1
DS1_IMG_003802,train/Pendant/IMG_2379_ad6a1bf5_JPG.rf.d9876fadde174b1e7484b1aa8982420b.jpg,IMG_2379_ad6a1bf5,Pendant,3,train,dataset1
DS1_IMG_003803,train/Pendant/IMG_2426_f8412daf_JPG.rf.582f72845c0e3c0c3b92f246e62346da.jpg,IMG_2426_f8412daf,Pendant,3,train,dataset1
DS1_IMG_003804,train/Pendant/IMG_2426_f8412daf_JPG.rf.7fa117379ef0706ab0c7f44f8669ee5c.jpg,IMG_2426_f8412daf,Pendant,3,train,dataset1
DS1_IMG_003805,train/Pendant/IMG_2426_f8412daf_JPG.rf.e72385bb909f12d886c5f008e436a0d2.jpg,IMG_2426_f8412daf,Pendant,3,train,dataset1
DS1_IMG_003806,train/Pendant/IMG_2427_3a6bdae9_JPG.rf.1a84d2ad55bfbb7d36a0de1c1c9b0fdc.jpg,IMG_2427_3a6bdae9,Pendant,3,train,dataset1
DS1_IMG_003807,train/Pendant/IMG_2427_3a6bdae9_JPG.rf.3ddcdda906bebc27a388da91d47b0bae.jpg,IMG_2427_3a6bdae9,Pendant,3,train,dataset1
DS1_IMG_003808,train/Pendant/IMG_2427_3a6bdae9_JPG.rf.79a5a7f10644f0421961cce76e79a2a7.jpg,IMG_2427_3a6bdae9,Pendant,3,train,dataset1
DS1_IMG_003809,train/Pendant/IMG_2456_13fd8ff6_JPG.rf.009c247e70f8b28868ebb575f557fdad.jpg,IMG_2456_13fd8ff6,Pendant,3,train,dataset1
DS1_IMG_003810,train/Pendant/IMG_2456_13fd8ff6_JPG.rf.79873314558e6c8959663711667d6cf3.jpg,IMG_2456_13fd8ff6,Pendant,3,train,dataset1
DS1_IMG_003811,train/Pendant/IMG_2456_13fd8ff6_JPG.rf.fe05bcbd2ec0b8c9539cd6345c8708d0.jpg,IMG_2456_13fd8ff6,Pendant,3,train,dataset1
DS1_IMG_003812,train/Pendant/IMG_2457_895e154f_JPG.rf.1f75cdf916ab4d919c10be51d4711086.jpg,IMG_2457_895e154f,Pendant,3,train,dataset1
DS1_IMG_003813,train/Pendant/IMG_2457_895e154f_JPG.rf.3937493072a02b160f925806b083a148.jpg,IMG_2457_895e154f,Pendant,3,train,dataset1
DS1_IMG_003814,train/Pendant/IMG_2457_895e154f_JPG.rf.ca982d1ec96d0ba01e65fa1ed92a50ea.jpg,IMG_2457_895e154f,Pendant,3,train,dataset1
DS1_IMG_003815,train/Pendant/IMG_2506_cab336a0_JPG.rf.10e9e3917d3b399c5a269da0f900ccef.jpg,IMG_2506_cab336a0,Pendant,3,train,dataset1
DS1_IMG_003816,train/Pendant/IMG_2506_cab336a0_JPG.rf.a9c90f2fcaa417bd2d915de737d085b0.jpg,IMG_2506_cab336a0,Pendant,3,train,dataset1
DS1_IMG_003817,train/Pendant/IMG_2506_cab336a0_JPG.rf.c04f3c5dfe74536816e617c0392da37f.jpg,IMG_2506_cab336a0,Pendant,3,train,dataset1
DS1_IMG_003818,train/Pendant/IMG_2508_1793a61e_JPG.rf.06d0e6bfda7c7553a4e9330109f4e3b3.jpg,IMG_2508_1793a61e,Pendant,3,train,dataset1
DS1_IMG_003819,train/Pendant/IMG_2508_1793a61e_JPG.rf.d193888bc08b796262950c6592e204d5.jpg,IMG_2508_1793a61e,Pendant,3,train,dataset1
DS1_IMG_003820,train/Pendant/IMG_2508_1793a61e_JPG.rf.dc2c77bdaee938bdfbbd39e9f811f189.jpg,IMG_2508_1793a61e,Pendant,3,train,dataset1
DS1_IMG_003821,train/Pendant/IMG_2509_c6869e8f_JPG.rf.0da0743fbbc1c0363e586f6753be9260.jpg,IMG_2509_c6869e8f,Pendant,3,train,dataset1
DS1_IMG_003822,train/Pendant/IMG_2509_c6869e8f_JPG.rf.c346cb2db1b2930650b4e2b9174804e4.jpg,IMG_2509_c6869e8f,Pendant,3,train,dataset1
DS1_IMG_003823,train/Pendant/IMG_2509_c6869e8f_JPG.rf.e20ea24840ef963761f3ef4878e93076.jpg,IMG_2509_c6869e8f,Pendant,3,train,dataset1
DS1_IMG_003824,train/Pendant/IMG_2512_be8d407f_JPG.rf.12de74191dea00e41fac2dc5f44f8c3c.jpg,IMG_2512_be8d407f,Pendant,3,train,dataset1
DS1_IMG_003825,train/Pendant/IMG_2512_be8d407f_JPG.rf.85c9e27005c4dc503c68eed66b61e4b1.jpg,IMG_2512_be8d407f,Pendant,3,train,dataset1
DS1_IMG_003826,train/Pendant/IMG_2512_be8d407f_JPG.rf.9ce0a04edabec6d6192a7ea5888642a9.jpg,IMG_2512_be8d407f,Pendant,3,train,dataset1
DS1_IMG_003827,train/Pendant/IMG_2513_2e38170a_JPG.rf.ad7e175322f9e98947ef72348226e770.jpg,IMG_2513_2e38170a,Pendant,3,train,dataset1
DS1_IMG_003828,train/Pendant/IMG_2513_2e38170a_JPG.rf.b260f4bc030cfe38771aa26edde1b54c.jpg,IMG_2513_2e38170a,Pendant,3,train,dataset1
DS1_IMG_003829,train/Pendant/IMG_2513_2e38170a_JPG.rf.d70b077bd7bb22c8f7559557ada2406d.jpg,IMG_2513_2e38170a,Pendant,3,train,dataset1
DS1_IMG_003830,train/Pendant/IMG_2750_393840e9_jpg.rf.4111fc8da1dd3f63da15b2f3775edb84.jpg,IMG_2750_393840e9,Pendant,3,train,dataset1
DS1_IMG_003831,train/Pendant/IMG_2750_393840e9_jpg.rf.809ad525493b335ea1dffa6cdc9fa874.jpg,IMG_2750_393840e9,Pendant,3,train,dataset1
DS1_IMG_003832,train/Pendant/IMG_2750_393840e9_jpg.rf.8956a5fc761b938c13e4794ed9b80a34.jpg,IMG_2750_393840e9,Pendant,3,train,dataset1
DS1_IMG_003833,train/Pendant/IMG_2801_3215b841_jpg.rf.319b91b100b6245b64612e91b3ddddf0.jpg,IMG_2801_3215b841,Pendant,3,train,dataset1
DS1_IMG_003834,train/Pendant/IMG_2801_3215b841_jpg.rf.b19e67b921cae2908d0ad48e85254450.jpg,IMG_2801_3215b841,Pendant,3,train,dataset1
DS1_IMG_003835,train/Pendant/IMG_2801_3215b841_jpg.rf.b47e6f35b790976cac2a1c860d1e18a7.jpg,IMG_2801_3215b841,Pendant,3,train,dataset1
DS1_IMG_003836,train/Pendant/IMG_2809_3cfb570f_jpg.rf.21aa3136df01b63e4636b02b1987dff6.jpg,IMG_2809_3cfb570f,Pendant,3,train,dataset1
DS1_IMG_003837,train/Pendant/IMG_2809_3cfb570f_jpg.rf.51e58306c5ad4d00bf233d1a71817e87.jpg,IMG_2809_3cfb570f,Pendant,3,train,dataset1
DS1_IMG_003838,train/Pendant/IMG_2809_3cfb570f_jpg.rf.6974d69c76738e7690605d71b670b849.jpg,IMG_2809_3cfb570f,Pendant,3,train,dataset1
DS1_IMG_003839,train/Pendant/IMG_2813_e7f8c31b_jpg.rf.37ac8e2ba7970505dd359ef20969f3f3.jpg,IMG_2813_e7f8c31b,Pendant,3,train,dataset1
DS1_IMG_003840,train/Pendant/IMG_2813_e7f8c31b_jpg.rf.657ab32ac853785325b194f65ba32926.jpg,IMG_2813_e7f8c31b,Pendant,3,train,dataset1
DS1_IMG_003841,train/Pendant/IMG_2813_e7f8c31b_jpg.rf.ef7b4cf5318e873f8c66fb255c70240b.jpg,IMG_2813_e7f8c31b,Pendant,3,train,dataset1
DS1_IMG_003842,train/Pendant/IMG_2821_d4955818_jpg.rf.6286e3cbd15b0e802a1bef1365beff97.jpg,IMG_2821_d4955818,Pendant,3,train,dataset1
DS1_IMG_003843,train/Pendant/IMG_2821_d4955818_jpg.rf.ce24fdc9af11e4a7a693b83abdb3b5b8.jpg,IMG_2821_d4955818,Pendant,3,train,dataset1
DS1_IMG_003844,train/Pendant/IMG_2821_d4955818_jpg.rf.db9e66b3614e3ed628c2f5bbeba2d429.jpg,IMG_2821_d4955818,Pendant,3,train,dataset1
DS1_IMG_003845,train/Pendant/IMG_2822_df249f8d_jpg.rf.1e3be5268e406d6ee4f8fd465f493c47.jpg,IMG_2822_df249f8d,Pendant,3,train,dataset1
DS1_IMG_003846,train/Pendant/IMG_2822_df249f8d_jpg.rf.ae54816ca488f38c38e2fc791c7d5eeb.jpg,IMG_2822_df249f8d,Pendant,3,train,dataset1
DS1_IMG_003847,train/Pendant/IMG_2822_df249f8d_jpg.rf.def6a168c93b44441d39f4c3ce4b1c43.jpg,IMG_2822_df249f8d,Pendant,3,train,dataset1
DS1_IMG_003848,train/Pendant/IMG_2827_a2392e84_jpg.rf.3080758509242aa2c60bbde1784f2246.jpg,IMG_2827_a2392e84,Pendant,3,train,dataset1
DS1_IMG_003849,train/Pendant/IMG_2827_a2392e84_jpg.rf.45c9bf8d7c8c6acc90c95c20f42f00fc.jpg,IMG_2827_a2392e84,Pendant,3,train,dataset1
DS1_IMG_003850,train/Pendant/IMG_2827_a2392e84_jpg.rf.4d70564c44e70eb5eb3db90cb6f9f479.jpg,IMG_2827_a2392e84,Pendant,3,train,dataset1
DS1_IMG_003851,train/Pendant/IMG_2828_c95edb5d_jpg.rf.686a7f5acc546b6ea25fb98fc54d3be2.jpg,IMG_2828_c95edb5d,Pendant,3,train,dataset1
DS1_IMG_003852,train/Pendant/IMG_2828_c95edb5d_jpg.rf.a9c5d2263b8061ca6e381bdaab3b4ea9.jpg,IMG_2828_c95edb5d,Pendant,3,train,dataset1
DS1_IMG_003853,train/Pendant/IMG_2828_c95edb5d_jpg.rf.ab310445e0ff5b39e60c9a2c1bbb13b4.jpg,IMG_2828_c95edb5d,Pendant,3,train,dataset1
DS1_IMG_003854,train/Pendant/IMG_2836_db94d1e7_jpg.rf.a2f169c0ed4f78e2df2586ca210da7a5.jpg,IMG_2836_db94d1e7,Pendant,3,train,dataset1
DS1_IMG_003855,train/Pendant/IMG_2836_db94d1e7_jpg.rf.aaedb77b0fbc092ecaefcd68fb0e9f00.jpg,IMG_2836_db94d1e7,Pendant,3,train,dataset1
DS1_IMG_003856,train/Pendant/IMG_2836_db94d1e7_jpg.rf.ddf1a4c202f34d4a5868071d37155ba1.jpg,IMG_2836_db94d1e7,Pendant,3,train,dataset1
DS1_IMG_003857,train/Pendant/IMG_2840_6982f882_jpg.rf.21f24c0e07c3e10323f9e4aefa7ecb30.jpg,IMG_2840_6982f882,Pendant,3,train,dataset1
DS1_IMG_003858,train/Pendant/IMG_2840_6982f882_jpg.rf.51f95aff24c34dd1082061260bb88d3f.jpg,IMG_2840_6982f882,Pendant,3,train,dataset1
DS1_IMG_003859,train/Pendant/IMG_2840_6982f882_jpg.rf.602b569c83697efa78d5b7324a6531b9.jpg,IMG_2840_6982f882,Pendant,3,train,dataset1
DS1_IMG_003860,train/Pendant/IMG_2844_ad81c545_jpg.rf.62798c3fa29420caf43521dab95d8181.jpg,IMG_2844_ad81c545,Pendant,3,train,dataset1
DS1_IMG_003861,train/Pendant/IMG_2844_ad81c545_jpg.rf.a5fea2fb7af9b4b95b4ac60113463946.jpg,IMG_2844_ad81c545,Pendant,3,train,dataset1
DS1_IMG_003862,train/Pendant/IMG_2844_ad81c545_jpg.rf.a8097d53ee98808e46f7a1ea4d98539e.jpg,IMG_2844_ad81c545,Pendant,3,train,dataset1
DS1_IMG_003863,train/Pendant/IMG_2845_73c46a80_jpg.rf.6f4a67cd1e23908c13363c15ab446efb.jpg,IMG_2845_73c46a80,Pendant,3,train,dataset1
DS1_IMG_003864,train/Pendant/IMG_2845_73c46a80_jpg.rf.72b1af37d7d3bf088d66b3b6f39a724f.jpg,IMG_2845_73c46a80,Pendant,3,train,dataset1
DS1_IMG_003865,train/Pendant/IMG_2845_73c46a80_jpg.rf.c8b6d7106092ccec03179d05efcbea0e.jpg,IMG_2845_73c46a80,Pendant,3,train,dataset1
DS1_IMG_003866,train/Pendant/IMG_2846_3025b335_jpg.rf.0355d9e8ab5008d54878cb5a9d73c578.jpg,IMG_2846_3025b335,Pendant,3,train,dataset1
DS1_IMG_003867,train/Pendant/IMG_2846_3025b335_jpg.rf.2ec61edd6184d7d6162e2f406ed2dac7.jpg,IMG_2846_3025b335,Pendant,3,train,dataset1
DS1_IMG_003868,train/Pendant/IMG_2846_3025b335_jpg.rf.6a51bca2aad898a3e4588556945af826.jpg,IMG_2846_3025b335,Pendant,3,train,dataset1
DS1_IMG_003869,train/Pendant/IMG_2850_604c1d7b_jpg.rf.156f178a01907d27df53b84b64b4ddc1.jpg,IMG_2850_604c1d7b,Pendant,3,train,dataset1
DS1_IMG_003870,train/Pendant/IMG_2850_604c1d7b_jpg.rf.41e19af78cf28d9e05abe98b73e50df6.jpg,IMG_2850_604c1d7b,Pendant,3,train,dataset1
DS1_IMG_003871,train/Pendant/IMG_2850_604c1d7b_jpg.rf.6988ae8a9b0322ab2ee10485f8e27d03.jpg,IMG_2850_604c1d7b,Pendant,3,train,dataset1
DS1_IMG_003872,train/Pendant/IMG_2856_b3d7e108_jpg.rf.0bdb1efa5b5b85b8a1f0276975b83f6c.jpg,IMG_2856_b3d7e108,Pendant,3,train,dataset1
DS1_IMG_003873,train/Pendant/IMG_2856_b3d7e108_jpg.rf.6d9058cf5c3850d694de98c7eec2ba99.jpg,IMG_2856_b3d7e108,Pendant,3,train,dataset1
DS1_IMG_003874,train/Pendant/IMG_2856_b3d7e108_jpg.rf.c8670767876ea884edfccb25315cd218.jpg,IMG_2856_b3d7e108,Pendant,3,train,dataset1
DS1_IMG_003875,train/Pendant/IMG_2860_b5be60fb_jpg.rf.2a6e8513b44efa02afaa3e6a7ce6aa5b.jpg,IMG_2860_b5be60fb,Pendant,3,train,dataset1
DS1_IMG_003876,train/Pendant/IMG_2860_b5be60fb_jpg.rf.d4495bdb68c462d3957c08963b6d5dfb.jpg,IMG_2860_b5be60fb,Pendant,3,train,dataset1
DS1_IMG_003877,train/Pendant/IMG_2860_b5be60fb_jpg.rf.fe9f9555f8f22d9d8ca36a7545cb597a.jpg,IMG_2860_b5be60fb,Pendant,3,train,dataset1
DS1_IMG_003878,train/Pendant/IMG_2862_dc66ea02_jpg.rf.4fe11c91ade4030a46be8f81a526e71a.jpg,IMG_2862_dc66ea02,Pendant,3,train,dataset1
DS1_IMG_003879,train/Pendant/IMG_2862_dc66ea02_jpg.rf.6be8b80dd5404ea0f1cf09ed79669412.jpg,IMG_2862_dc66ea02,Pendant,3,train,dataset1
DS1_IMG_003880,train/Pendant/IMG_2862_dc66ea02_jpg.rf.703c686439a2627432b25c3b77f60c8f.jpg,IMG_2862_dc66ea02,Pendant,3,train,dataset1
DS1_IMG_003881,train/Pendant/IMG_2870_451f1def_jpg.rf.0dfe6cc183293dc5d483beeaaf981371.jpg,IMG_2870_451f1def,Pendant,3,train,dataset1
DS1_IMG_003882,train/Pendant/IMG_2870_451f1def_jpg.rf.9391dcf1cc9d9b9d92a374961f270a54.jpg,IMG_2870_451f1def,Pendant,3,train,dataset1
DS1_IMG_003883,train/Pendant/IMG_2870_451f1def_jpg.rf.f9667069cab1a1ba0284ec415e4c9c0d.jpg,IMG_2870_451f1def,Pendant,3,train,dataset1
DS1_IMG_003884,train/Pendant/IMG_2871_08b05150_jpg.rf.497bce0b7a5b931c1e580183fb7efd99.jpg,IMG_2871_08b05150,Pendant,3,train,dataset1
DS1_IMG_003885,train/Pendant/IMG_2871_08b05150_jpg.rf.bffb182f036acc9b489a18d6e723ada9.jpg,IMG_2871_08b05150,Pendant,3,train,dataset1
DS1_IMG_003886,train/Pendant/IMG_2871_08b05150_jpg.rf.c643a7a84147843dcd8dcbab75aea06b.jpg,IMG_2871_08b05150,Pendant,3,train,dataset1
DS1_IMG_003887,train/Pendant/IMG_2877_c118c42c_jpg.rf.47463bbe4dc28bb51d7301ab2786415f.jpg,IMG_2877_c118c42c,Pendant,3,train,dataset1
DS1_IMG_003888,train/Pendant/IMG_2877_c118c42c_jpg.rf.47b515dff46dc03198a49309ac4d3539.jpg,IMG_2877_c118c42c,Pendant,3,train,dataset1
DS1_IMG_003889,train/Pendant/IMG_2877_c118c42c_jpg.rf.c2969fa2d9a0d6d4174b52b83472125c.jpg,IMG_2877_c118c42c,Pendant,3,train,dataset1
DS1_IMG_003890,train/Pendant/IMG_2883_f4d38404_jpg.rf.3a185e86bdc526a4ededcf3cca8d32ff.jpg,IMG_2883_f4d38404,Pendant,3,train,dataset1
DS1_IMG_003891,train/Pendant/IMG_2883_f4d38404_jpg.rf.87669d728970f514e07fe7044e0942a1.jpg,IMG_2883_f4d38404,Pendant,3,train,dataset1
DS1_IMG_003892,train/Pendant/IMG_2883_f4d38404_jpg.rf.cefefae8765a729056d52575ab383459.jpg,IMG_2883_f4d38404,Pendant,3,train,dataset1
DS1_IMG_003893,train/Pendant/IMG_2892_7f35d141_jpg.rf.327dc0379107a1fd7e38f8ac52e374eb.jpg,IMG_2892_7f35d141,Pendant,3,train,dataset1
DS1_IMG_003894,train/Pendant/IMG_2892_7f35d141_jpg.rf.873940f7e4172bc80455d1e6294deb37.jpg,IMG_2892_7f35d141,Pendant,3,train,dataset1
DS1_IMG_003895,train/Pendant/IMG_2892_7f35d141_jpg.rf.93efdce93c1b1262716db65f2597909c.jpg,IMG_2892_7f35d141,Pendant,3,train,dataset1
DS1_IMG_003896,train/Pendant/IMG_2894_945d19e5_jpg.rf.0ce16cf37696f167bc8f83169ea8014a.jpg,IMG_2894_945d19e5,Pendant,3,train,dataset1
DS1_IMG_003897,train/Pendant/IMG_2894_945d19e5_jpg.rf.363997601010c4b39d0b2fa148cfb9d8.jpg,IMG_2894_945d19e5,Pendant,3,train,dataset1
DS1_IMG_003898,train/Pendant/IMG_2894_945d19e5_jpg.rf.68097460174360334a8e4a60960eb7d7.jpg,IMG_2894_945d19e5,Pendant,3,train,dataset1
DS1_IMG_003899,train/Pendant/IMG_2900_b470bf1b_jpg.rf.051ef47e42789e294b11dddd878a47ea.jpg,IMG_2900_b470bf1b,Pendant,3,train,dataset1
DS1_IMG_003900,train/Pendant/IMG_2900_b470bf1b_jpg.rf.10d0c1c7d66ab2c0f52f6aef671115d3.jpg,IMG_2900_b470bf1b,Pendant,3,train,dataset1
DS1_IMG_003901,train/Pendant/IMG_2900_b470bf1b_jpg.rf.9ef4e3c5a7e95afe5d7ff837bb447317.jpg,IMG_2900_b470bf1b,Pendant,3,train,dataset1
DS1_IMG_003902,train/Pendant/IMG_2901_79d86e58_jpg.rf.5ba028e6ba0ae5225731ad94c07361d2.jpg,IMG_2901_79d86e58,Pendant,3,train,dataset1
DS1_IMG_003903,train/Pendant/IMG_2901_79d86e58_jpg.rf.d05953c08de6cb0433478b169a387740.jpg,IMG_2901_79d86e58,Pendant,3,train,dataset1
DS1_IMG_003904,train/Pendant/IMG_2901_79d86e58_jpg.rf.de230d3ea7bdffd0211f2d223550a748.jpg,IMG_2901_79d86e58,Pendant,3,train,dataset1
DS1_IMG_003905,train/Pendant/IMG_2907_4bcb0ae7_jpg.rf.2ad932970b114e79af7a9dc62e111b90.jpg,IMG_2907_4bcb0ae7,Pendant,3,train,dataset1
DS1_IMG_003906,train/Pendant/IMG_2907_4bcb0ae7_jpg.rf.69a604901e2b545abd21fd8676c2b29e.jpg,IMG_2907_4bcb0ae7,Pendant,3,train,dataset1
DS1_IMG_003907,train/Pendant/IMG_2907_4bcb0ae7_jpg.rf.9f56b61d22fe846e765ea6e6f962748a.jpg,IMG_2907_4bcb0ae7,Pendant,3,train,dataset1
DS1_IMG_003908,train/Pendant/IMG_2911_4bf24190_jpg.rf.5aab4c3c4979b6797fc9c1774e71c493.jpg,IMG_2911_4bf24190,Pendant,3,train,dataset1
DS1_IMG_003909,train/Pendant/IMG_2911_4bf24190_jpg.rf.cf2f474e553540d928faa96bc78d2c44.jpg,IMG_2911_4bf24190,Pendant,3,train,dataset1
DS1_IMG_003910,train/Pendant/IMG_2911_4bf24190_jpg.rf.d61cce69979742085ddf826f02ffdaea.jpg,IMG_2911_4bf24190,Pendant,3,train,dataset1
DS1_IMG_003911,train/Pendant/IMG_2912_9176f0b9_jpg.rf.b1c655495a993e7042e623a3ac4159a7.jpg,IMG_2912_9176f0b9,Pendant,3,train,dataset1
DS1_IMG_003912,train/Pendant/IMG_2912_9176f0b9_jpg.rf.f6b4c164a0b9784d3d725e46150d05a2.jpg,IMG_2912_9176f0b9,Pendant,3,train,dataset1
DS1_IMG_003913,train/Pendant/IMG_2912_9176f0b9_jpg.rf.fe076c6016db732621377c28a651b2b5.jpg,IMG_2912_9176f0b9,Pendant,3,train,dataset1
DS1_IMG_003914,train/Pendant/IMG_2913_9f1d6820_jpg.rf.047edb2887e1924a7f975b88edc01016.jpg,IMG_2913_9f1d6820,Pendant,3,train,dataset1
DS1_IMG_003915,train/Pendant/IMG_2913_9f1d6820_jpg.rf.fed308ecefcad4dfeb1366991526be42.jpg,IMG_2913_9f1d6820,Pendant,3,train,dataset1
DS1_IMG_003916,train/Pendant/IMG_2913_9f1d6820_jpg.rf.ff05c18ab6ac1504323ce262f4f8affb.jpg,IMG_2913_9f1d6820,Pendant,3,train,dataset1
DS1_IMG_003917,train/Pendant/IMG_2918_dbac9ef3_jpg.rf.155d75c19482bbb89a490e6257b11b37.jpg,IMG_2918_dbac9ef3,Pendant,3,train,dataset1
DS1_IMG_003918,train/Pendant/IMG_2918_dbac9ef3_jpg.rf.55537b394cb17d41958205593f65426f.jpg,IMG_2918_dbac9ef3,Pendant,3,train,dataset1
DS1_IMG_003919,train/Pendant/IMG_2918_dbac9ef3_jpg.rf.c3976fdf3d754455d95dc45d1109b4d8.jpg,IMG_2918_dbac9ef3,Pendant,3,train,dataset1
DS1_IMG_003920,train/Pendant/IMG_2922_996200cd_jpg.rf.36a18f6875633f61884384e73053fae8.jpg,IMG_2922_996200cd,Pendant,3,train,dataset1
DS1_IMG_003921,train/Pendant/IMG_2922_996200cd_jpg.rf.58a1edfd4f7d4c0067f1ad144944e0db.jpg,IMG_2922_996200cd,Pendant,3,train,dataset1
DS1_IMG_003922,train/Pendant/IMG_2922_996200cd_jpg.rf.74166ec75fc48aeef5541a7a717cd1f0.jpg,IMG_2922_996200cd,Pendant,3,train,dataset1
DS1_IMG_003923,train/Pendant/IMG_2923_90d8371e_jpg.rf.12dbe3e899b8d0eac98aba38a946f4b0.jpg,IMG_2923_90d8371e,Pendant,3,train,dataset1
DS1_IMG_003924,train/Pendant/IMG_2923_90d8371e_jpg.rf.213fe3a3d51b04b40d688d81ff2cb2a6.jpg,IMG_2923_90d8371e,Pendant,3,train,dataset1
DS1_IMG_003925,train/Pendant/IMG_2923_90d8371e_jpg.rf.e2996dd4082e28dad0dbb51498f31f89.jpg,IMG_2923_90d8371e,Pendant,3,train,dataset1
DS1_IMG_003926,train/Pendant/IMG_2926_bb65e3e0_jpg.rf.566265055ebfe0a9a61dc368fadc462d.jpg,IMG_2926_bb65e3e0,Pendant,3,train,dataset1
DS1_IMG_003927,train/Pendant/IMG_2926_bb65e3e0_jpg.rf.5bfd34cb60e29bd6436d0afcf12e2bdd.jpg,IMG_2926_bb65e3e0,Pendant,3,train,dataset1
DS1_IMG_003928,train/Pendant/IMG_2926_bb65e3e0_jpg.rf.6c78343ac99eaa3729218fc34dc75155.jpg,IMG_2926_bb65e3e0,Pendant,3,train,dataset1
DS1_IMG_003929,train/Pendant/IMG_2931_6b15625f_jpg.rf.3d7a198234f50d067d05b9f6ad5c1873.jpg,IMG_2931_6b15625f,Pendant,3,train,dataset1
DS1_IMG_003930,train/Pendant/IMG_2931_6b15625f_jpg.rf.49a04d173a0438291887bcdae3076cb8.jpg,IMG_2931_6b15625f,Pendant,3,train,dataset1
DS1_IMG_003931,train/Pendant/IMG_2931_6b15625f_jpg.rf.89441cd3da8b7ff2faff5e91120f4feb.jpg,IMG_2931_6b15625f,Pendant,3,train,dataset1
DS1_IMG_003932,train/Pendant/IMG_2932_aced5fe5_jpg.rf.1a1c858bf2a8aee0df5e2b05f62cba84.jpg,IMG_2932_aced5fe5,Pendant,3,train,dataset1
DS1_IMG_003933,train/Pendant/IMG_2932_aced5fe5_jpg.rf.5d1a39e273aaf8665ee34292f6be84be.jpg,IMG_2932_aced5fe5,Pendant,3,train,dataset1
DS1_IMG_003934,train/Pendant/IMG_2932_aced5fe5_jpg.rf.98cf05a27a199ffd5e2a7d5506d9a9fc.jpg,IMG_2932_aced5fe5,Pendant,3,train,dataset1
DS1_IMG_003935,train/Pendant/IMG_2936_bba41476_jpg.rf.497314fd33b2182cd76a2b441462fc4b.jpg,IMG_2936_bba41476,Pendant,3,train,dataset1
DS1_IMG_003936,train/Pendant/IMG_2936_bba41476_jpg.rf.a0b5dd77f974a8cc9b7fea91ec3418c1.jpg,IMG_2936_bba41476,Pendant,3,train,dataset1
DS1_IMG_003937,train/Pendant/IMG_2936_bba41476_jpg.rf.a982ac05bd0e4cee851918cbdcf5d629.jpg,IMG_2936_bba41476,Pendant,3,train,dataset1
DS1_IMG_003938,train/Pendant/IMG_2937_71e488de_jpg.rf.83a25767b5bf16c8fbeffa71ee3230db.jpg,IMG_2937_71e488de,Pendant,3,train,dataset1
DS1_IMG_003939,train/Pendant/IMG_2937_71e488de_jpg.rf.b54eba4e98a7a29458c53376479b25c3.jpg,IMG_2937_71e488de,Pendant,3,train,dataset1
DS1_IMG_003940,train/Pendant/IMG_2937_71e488de_jpg.rf.b60070e98ed92e65aa322a56798ad561.jpg,IMG_2937_71e488de,Pendant,3,train,dataset1
DS1_IMG_003941,train/Pendant/IMG_2943_c72380bb_jpg.rf.1a29a3265fa010a087e6d53a6b0f53f4.jpg,IMG_2943_c72380bb,Pendant,3,train,dataset1
DS1_IMG_003942,train/Pendant/IMG_2943_c72380bb_jpg.rf.48b0736a841ff94a0abf18cf1f55195c.jpg,IMG_2943_c72380bb,Pendant,3,train,dataset1
DS1_IMG_003943,train/Pendant/IMG_2943_c72380bb_jpg.rf.4dc84d2d6de1592517b9c61e81ac49bd.jpg,IMG_2943_c72380bb,Pendant,3,train,dataset1
DS1_IMG_003944,train/Pendant/IMG_3467_d962189e_JPG.rf.37fa879af5cae6a0bb598af44319c90e.jpg,IMG_3467_d962189e,Pendant,3,train,dataset1
DS1_IMG_003945,train/Pendant/IMG_3467_d962189e_JPG.rf.8fde50e6c523709eadea604217f84c11.jpg,IMG_3467_d962189e,Pendant,3,train,dataset1
DS1_IMG_003946,train/Pendant/IMG_3467_d962189e_JPG.rf.d746d6b2ebb30e4eabd5c0f473cb49c9.jpg,IMG_3467_d962189e,Pendant,3,train,dataset1
DS1_IMG_003947,train/Pendant/IMG_3503_4d37f1fe_JPG.rf.2fc181c2c0d5bb3a7d236ac120e626ca.jpg,IMG_3503_4d37f1fe,Pendant,3,train,dataset1
DS1_IMG_003948,train/Pendant/IMG_3503_4d37f1fe_JPG.rf.ac825c166128cd319eec312cb3af1d5b.jpg,IMG_3503_4d37f1fe,Pendant,3,train,dataset1
DS1_IMG_003949,train/Pendant/IMG_3503_4d37f1fe_JPG.rf.ad55dd97297c4a4729432db2443f1107.jpg,IMG_3503_4d37f1fe,Pendant,3,train,dataset1
DS1_IMG_003950,train/Pendant/IMG_3508_c0ed2d28_JPG.rf.4282f888e3ae8c4a950c5627f3cd78f8.jpg,IMG_3508_c0ed2d28,Pendant,3,train,dataset1
DS1_IMG_003951,train/Pendant/IMG_3508_c0ed2d28_JPG.rf.c080d9c1a2b9d2e1da7efa96fc6dfe5e.jpg,IMG_3508_c0ed2d28,Pendant,3,train,dataset1
DS1_IMG_003952,train/Pendant/IMG_3508_c0ed2d28_JPG.rf.d3230acda91e69661a3926286fd0631c.jpg,IMG_3508_c0ed2d28,Pendant,3,train,dataset1
DS1_IMG_003953,train/Pendant/IMG_3515_3ed94d29_JPG.rf.17485e9c68e67fe813534700f99b6b3f.jpg,IMG_3515_3ed94d29,Pendant,3,train,dataset1
DS1_IMG_003954,train/Pendant/IMG_3515_3ed94d29_JPG.rf.7da055a019816de5b28755bd50e564ae.jpg,IMG_3515_3ed94d29,Pendant,3,train,dataset1
DS1_IMG_003955,train/Pendant/IMG_3515_3ed94d29_JPG.rf.7fe9d399b0d95bb33a67ec08be6fc3ee.jpg,IMG_3515_3ed94d29,Pendant,3,train,dataset1
DS1_IMG_003956,train/Pendant/necklace_124_jpg.rf.0843f5676736e1b916d45707182921ff.jpg,necklace_124,Pendant,3,train,dataset1
DS1_IMG_003957,train/Pendant/necklace_124_jpg.rf.13eab69c499f2bbdfb0fc9ca51464d88.jpg,necklace_124,Pendant,3,train,dataset1
DS1_IMG_003958,train/Pendant/necklace_124_jpg.rf.dcecc2186c56318767b4bce7f7686be6.jpg,necklace_124,Pendant,3,train,dataset1
DS1_IMG_003959,train/Pendant/necklace_20241125_122545_00801018_jpg.rf.6bd035c9cb23bae2e02135591736c4ed.jpg,necklace_20241125_122545_00801018,Pendant,3,train,dataset1
DS1_IMG_003960,train/Pendant/necklace_20241125_122545_00801018_jpg.rf.ccff8fbf75086a3665e3ff595f3eae3a.jpg,necklace_20241125_122545_00801018,Pendant,3,train,dataset1
DS1_IMG_003961,train/Pendant/necklace_20241125_122545_00801018_jpg.rf.d89188b702b9ea6c101bfff83666bbbd.jpg,necklace_20241125_122545_00801018,Pendant,3,train,dataset1
DS1_IMG_003962,train/Pendant/necklace_20241125_122545_01000080_jpg.rf.27a6ec3d7ce3642d8b02b7f7b0ecc0e3.jpg,necklace_20241125_122545_01000080,Pendant,3,train,dataset1
DS1_IMG_003963,train/Pendant/necklace_20241125_122545_01000080_jpg.rf.8673b0cbcb3602cc1dddfdec4a5ed6ba.jpg,necklace_20241125_122545_01000080,Pendant,3,train,dataset1
DS1_IMG_003964,train/Pendant/necklace_20241125_122545_01000080_jpg.rf.ef5d3783a08913e909e7b2e021b971b4.jpg,necklace_20241125_122545_01000080,Pendant,3,train,dataset1
DS1_IMG_003965,train/Pendant/necklace_20241125_122545_02020381_jpg.rf.bde7509cf94defe9f719b5739c8f11d6.jpg,necklace_20241125_122545_02020381,Pendant,3,train,dataset1
DS1_IMG_003966,train/Pendant/necklace_20241125_122545_02020381_jpg.rf.c35c05e6a2667916ed988be58c7cd847.jpg,necklace_20241125_122545_02020381,Pendant,3,train,dataset1
DS1_IMG_003967,train/Pendant/necklace_20241125_122545_02020381_jpg.rf.ff3cf4d742ae6c9d4cd4552cea8f4f80.jpg,necklace_20241125_122545_02020381,Pendant,3,train,dataset1
DS1_IMG_003968,train/Pendant/necklace_20241125_122545_08081c1c_jpg.rf.47d5f5dd6d021bea3f37b5dd8e9de48a.jpg,necklace_20241125_122545_08081c1c,Pendant,3,train,dataset1
DS1_IMG_003969,train/Pendant/necklace_20241125_122545_08081c1c_jpg.rf.bf869c971fbaeebd34a90ffe81b23d72.jpg,necklace_20241125_122545_08081c1c,Pendant,3,train,dataset1
DS1_IMG_003970,train/Pendant/necklace_20241125_122545_08081c1c_jpg.rf.ee8528668f5e2dea3fa872902d6b7ebe.jpg,necklace_20241125_122545_08081c1c,Pendant,3,train,dataset1
DS1_IMG_003971,train/Pendant/necklace_20241125_122545_1abac664_jpg.rf.7f6cfc71d1b0e8faf5fa4a0e2aa75d15.jpg,necklace_20241125_122545_1abac664,Pendant,3,train,dataset1
DS1_IMG_003972,train/Pendant/necklace_20241125_122545_1abac664_jpg.rf.a0ab8a8574098ad797bc33039657059e.jpg,necklace_20241125_122545_1abac664,Pendant,3,train,dataset1
DS1_IMG_003973,train/Pendant/necklace_20241125_122545_1abac664_jpg.rf.d1f09a964123351a0ad7b9062edb6e65.jpg,necklace_20241125_122545_1abac664,Pendant,3,train,dataset1
DS1_IMG_003974,train/Pendant/necklace_20241125_122545_20212176_jpg.rf.0adac7b443095a3f600ff270d7871fa0.jpg,necklace_20241125_122545_20212176,Pendant,3,train,dataset1
DS1_IMG_003975,train/Pendant/necklace_20241125_122545_20212176_jpg.rf.19d4f3562b70fd4b06aa1022ef3ef4f6.jpg,necklace_20241125_122545_20212176,Pendant,3,train,dataset1
DS1_IMG_003976,train/Pendant/necklace_20241125_122545_20212176_jpg.rf.601f078d671609afcf72b132c6bb70ee.jpg,necklace_20241125_122545_20212176,Pendant,3,train,dataset1
DS1_IMG_003977,train/Pendant/necklace_20241125_122545_24201818_jpg.rf.4d4a9b5f168cb31c93781b348a7446e1.jpg,necklace_20241125_122545_24201818,Pendant,3,train,dataset1
DS1_IMG_003978,train/Pendant/necklace_20241125_122545_24201818_jpg.rf.6baf9398cb757dd3b5ccb3790fcbe77d.jpg,necklace_20241125_122545_24201818,Pendant,3,train,dataset1
DS1_IMG_003979,train/Pendant/necklace_20241125_122545_24201818_jpg.rf.759619440da46670b90662d8d6c28337.jpg,necklace_20241125_122545_24201818,Pendant,3,train,dataset1
DS1_IMG_003980,train/Pendant/necklace_20241125_122545_3ef84081_jpg.rf.6c8b4c3274368200057c3b0282ca98a4.jpg,necklace_20241125_122545_3ef84081,Pendant,3,train,dataset1
DS1_IMG_003981,train/Pendant/necklace_20241125_122545_3ef84081_jpg.rf.915d5a9666486f00f2c02813efcad5fc.jpg,necklace_20241125_122545_3ef84081,Pendant,3,train,dataset1
DS1_IMG_003982,train/Pendant/necklace_20241125_122545_3ef84081_jpg.rf.c60c6a76836d9a7ceee15a568a7814ae.jpg,necklace_20241125_122545_3ef84081,Pendant,3,train,dataset1
DS1_IMG_003983,train/Pendant/necklace_20241125_122545_3efef2e3_jpg.rf.3e075dc23edda7938f4141a7e9877ed6.jpg,necklace_20241125_122545_3efef2e3,Pendant,3,train,dataset1
DS1_IMG_003984,train/Pendant/necklace_20241125_122545_3efef2e3_jpg.rf.95dbeb49970c8a16c5b3623bc4b19cd0.jpg,necklace_20241125_122545_3efef2e3,Pendant,3,train,dataset1
DS1_IMG_003985,train/Pendant/necklace_20241125_122545_3efef2e3_jpg.rf.efc78599e358989d18465b252781f5f3.jpg,necklace_20241125_122545_3efef2e3,Pendant,3,train,dataset1
DS1_IMG_003986,train/Pendant/necklace_20241125_122545_586d69f7_jpg.rf.0e1462ce6a284bedf04e8da21bc7e826.jpg,necklace_20241125_122545_586d69f7,Pendant,3,train,dataset1
DS1_IMG_003987,train/Pendant/necklace_20241125_122545_586d69f7_jpg.rf.8e1ce8c84b3c23794d882c1b18c16a5c.jpg,necklace_20241125_122545_586d69f7,Pendant,3,train,dataset1
DS1_IMG_003988,train/Pendant/necklace_20241125_122545_586d69f7_jpg.rf.d2e1e9402dc1c9ea776e419faad65e28.jpg,necklace_20241125_122545_586d69f7,Pendant,3,train,dataset1
DS1_IMG_003989,train/Pendant/necklace_20241125_122545_6063e3a7_jpg.rf.29fad1646a77028442227b97e6dd9328.jpg,necklace_20241125_122545_6063e3a7,Pendant,3,train,dataset1
DS1_IMG_003990,train/Pendant/necklace_20241125_122545_6063e3a7_jpg.rf.73ac097bedd4150b1d89e3062f4c97a4.jpg,necklace_20241125_122545_6063e3a7,Pendant,3,train,dataset1
DS1_IMG_003991,train/Pendant/necklace_20241125_122545_6063e3a7_jpg.rf.d93f306b592711eda79ef704abbf6970.jpg,necklace_20241125_122545_6063e3a7,Pendant,3,train,dataset1
DS1_IMG_003992,train/Pendant/necklace_20241125_122545_8181cfe3_jpg.rf.bc5d382b96503cad147517cd42e8cb1e.jpg,necklace_20241125_122545_8181cfe3,Pendant,3,train,dataset1
DS1_IMG_003993,train/Pendant/necklace_20241125_122545_8181cfe3_jpg.rf.bf663695f7bfcd862e1349e91a67a7ed.jpg,necklace_20241125_122545_8181cfe3,Pendant,3,train,dataset1
DS1_IMG_003994,train/Pendant/necklace_20241125_122545_8181cfe3_jpg.rf.ef4a6fe1378a090c074dca25a72f0fcd.jpg,necklace_20241125_122545_8181cfe3,Pendant,3,train,dataset1
DS1_IMG_003995,train/Pendant/necklace_20241125_122545_94000018_jpg.rf.16af1c7ba2bae50b74421bbc1cf8506a.jpg,necklace_20241125_122545_94000018,Pendant,3,train,dataset1
DS1_IMG_003996,train/Pendant/necklace_20241125_122545_94000018_jpg.rf.999d1f9172a89d398977c9b7f220132a.jpg,necklace_20241125_122545_94000018,Pendant,3,train,dataset1
DS1_IMG_003997,train/Pendant/necklace_20241125_122545_94000018_jpg.rf.cd8a39e66db45f62ff6cfcc2cc4ac450.jpg,necklace_20241125_122545_94000018,Pendant,3,train,dataset1
DS1_IMG_003998,train/Pendant/necklace_78_jpg.rf.a87a7ac7087e38839c18092337d6b0e0.jpg,necklace_78,Pendant,3,train,dataset1
DS1_IMG_003999,train/Pendant/necklace_78_jpg.rf.b05b381c0cff4258bb47181d4600db0f.jpg,necklace_78,Pendant,3,train,dataset1
DS1_IMG_004000,train/Pendant/necklace_78_jpg.rf.b8fb9da786bb74f62789f2fcd2981659.jpg,necklace_78,Pendant,3,train,dataset1
DS1_IMG_004001,train/Pendant/necklace_79_jpg.rf.1a3fef595caf74686827ab31e597ade2.jpg,necklace_79,Pendant,3,train,dataset1
DS1_IMG_004002,train/Pendant/necklace_79_jpg.rf.27730bc83049a8c28131f36f9966b6b7.jpg,necklace_79,Pendant,3,train,dataset1
DS1_IMG_004003,train/Pendant/necklace_79_jpg.rf.cd6c87b01eee857710dd8e736bbb09aa.jpg,necklace_79,Pendant,3,train,dataset1
DS1_IMG_004004,train/Pendant/other_20241125_122403_6020381c_jpg.rf.42b34748926410c4af9cf1ee64741b5e.jpg,other_20241125_122403_6020381c,Pendant,3,train,dataset1
DS1_IMG_004005,train/Pendant/other_20241125_122403_6020381c_jpg.rf.8688698285f58bd5b1332559b8819e08.jpg,other_20241125_122403_6020381c,Pendant,3,train,dataset1
DS1_IMG_004006,train/Pendant/other_20241125_122403_6020381c_jpg.rf.a599cd84194242b932754774d1e601ef.jpg,other_20241125_122403_6020381c,Pendant,3,train,dataset1
DS1_IMG_004007,train/Pendant/other_20241125_122403_8383c799_jpg.rf.39959887ebebe5e85be115c986ad8b42.jpg,other_20241125_122403_8383c799,Pendant,3,train,dataset1
DS1_IMG_004008,train/Pendant/other_20241125_122403_8383c799_jpg.rf.495ba86b2aef16bfbb2887e69f4ceefd.jpg,other_20241125_122403_8383c799,Pendant,3,train,dataset1
DS1_IMG_004009,train/Pendant/other_20241125_122403_8383c799_jpg.rf.64fb10e6fa28dcbc72b70b69151258cf.jpg,other_20241125_122403_8383c799,Pendant,3,train,dataset1
DS1_IMG_004010,train/Ring/Screenshot_20181116-202630_1542453353168_png.rf.b1ef7a788e20bd0609c5f7a911d576cb.jpg,Screenshot_20181116-202630_1542453353168,Ring,4,train,dataset1
DS1_IMG_004011,train/Ring/Screenshot_20181116-202630_1542453353168_png.rf.d5b9072f9e3062bc7a01cc37d2a4c4c5.jpg,Screenshot_20181116-202630_1542453353168,Ring,4,train,dataset1
DS1_IMG_004012,train/Ring/Screenshot_20181116-202707_1542453179073_png.rf.200ed58f3a02d971a59aecbc05954826.jpg,Screenshot_20181116-202707_1542453179073,Ring,4,train,dataset1
DS1_IMG_004013,train/Ring/Screenshot_20181116-202707_1542453179073_png.rf.998211f0d12073073afe65bac16f2532.jpg,Screenshot_20181116-202707_1542453179073,Ring,4,train,dataset1
DS1_IMG_004014,train/Ring/Screenshot_20181116-202707_1542453179073_png.rf.f7847659a45e703cc923a81b086c0641.jpg,Screenshot_20181116-202707_1542453179073,Ring,4,train,dataset1
DS1_IMG_004015,train/Ring/Screenshot_20181116-202757_1542453058358_png.rf.1626e1abe764fea937e106684386b658.jpg,Screenshot_20181116-202757_1542453058358,Ring,4,train,dataset1
DS1_IMG_004016,train/Ring/Screenshot_20181116-202757_1542453058358_png.rf.64e201f428d149d355ec0e1ddaeeeb71.jpg,Screenshot_20181116-202757_1542453058358,Ring,4,train,dataset1
DS1_IMG_004017,train/Ring/Screenshot_20181116-202757_1542453058358_png.rf.8b1eae352767bd2a3f445951afab404a.jpg,Screenshot_20181116-202757_1542453058358,Ring,4,train,dataset1
DS1_IMG_004018,train/Ring/Screenshot_20181116-202810_1542452183994_png.rf.3de5ad7faa7bafe7060c80ffb16a4e90.jpg,Screenshot_20181116-202810_1542452183994,Ring,4,train,dataset1
DS1_IMG_004019,train/Ring/Screenshot_20181116-202810_1542452183994_png.rf.639a7f98dbbcf9129e1ef3373ccc00fe.jpg,Screenshot_20181116-202810_1542452183994,Ring,4,train,dataset1
DS1_IMG_004020,train/Ring/Screenshot_20181116-202810_1542452183994_png.rf.fcd60bce101d45bfd4dbc2dc8455e294.jpg,Screenshot_20181116-202810_1542452183994,Ring,4,train,dataset1
DS1_IMG_004021,train/Ring/Screenshot_20181116-202936_1542450027786_png.rf.5cb5560a23ee9b08c4e4b11f3ee1516a.jpg,Screenshot_20181116-202936_1542450027786,Ring,4,train,dataset1
DS1_IMG_004022,train/Ring/Screenshot_20181116-202936_1542450027786_png.rf.82be1e120021d49ce6faad83cf10f6d3.jpg,Screenshot_20181116-202936_1542450027786,Ring,4,train,dataset1
DS1_IMG_004023,train/Ring/Screenshot_20181116-202936_1542450027786_png.rf.e794039b670d177b2083cff8a340b054.jpg,Screenshot_20181116-202936_1542450027786,Ring,4,train,dataset1
DS1_IMG_004024,train/Ring/Screenshot_20181116-203021_1542449934494_png.rf.3c7b5e9cb87e0f0eec24eb5935420240.jpg,Screenshot_20181116-203021_1542449934494,Ring,4,train,dataset1
DS1_IMG_004025,train/Ring/Screenshot_20181116-203021_1542449934494_png.rf.457b0543016b994dc6e61918b57c08e8.jpg,Screenshot_20181116-203021_1542449934494,Ring,4,train,dataset1
DS1_IMG_004026,train/Ring/Screenshot_20181116-203021_1542449934494_png.rf.7f54ee70cbe43bd66abb1aa2b3b220e2.jpg,Screenshot_20181116-203021_1542449934494,Ring,4,train,dataset1
DS1_IMG_004027,train/Ring/Screenshot_20181116-203109_1542449890237_png.rf.51801264c385664cf67e5b48db786725.jpg,Screenshot_20181116-203109_1542449890237,Ring,4,train,dataset1
DS1_IMG_004028,train/Ring/Screenshot_20181116-203109_1542449890237_png.rf.6169eab9a2663e74bab968f6ee0f908e.jpg,Screenshot_20181116-203109_1542449890237,Ring,4,train,dataset1
DS1_IMG_004029,train/Ring/Screenshot_20181116-203109_1542449890237_png.rf.cbcd4c7000f0d0cf3d1d6c43dedc934e.jpg,Screenshot_20181116-203109_1542449890237,Ring,4,train,dataset1
DS1_IMG_004030,train/Ring/Screenshot_20181116-203329_1542449759369_png.rf.36bee2136b89a44817be65524ad2550a.jpg,Screenshot_20181116-203329_1542449759369,Ring,4,train,dataset1
DS1_IMG_004031,train/Ring/Screenshot_20181116-203329_1542449759369_png.rf.7eb2af55feccc12af1de7ac85944df01.jpg,Screenshot_20181116-203329_1542449759369,Ring,4,train,dataset1
DS1_IMG_004032,train/Ring/Screenshot_20181116-203347_1542449724585_png.rf.80ab37fdd7dd52b281d3a36ed5e3d798.jpg,Screenshot_20181116-203347_1542449724585,Ring,4,train,dataset1
DS1_IMG_004033,train/Ring/Screenshot_20181116-203347_1542449724585_png.rf.bdd6e8c9301e31885bc82d05493b82c5.jpg,Screenshot_20181116-203347_1542449724585,Ring,4,train,dataset1
DS1_IMG_004034,train/Ring/Screenshot_20181116-203347_1542449724585_png.rf.e4c74ad5aae935fc3dd134021df37ecc.jpg,Screenshot_20181116-203347_1542449724585,Ring,4,train,dataset1
DS1_IMG_004035,train/Ring/Screenshot_20181116-203818_1542449673275_png.rf.0e1168da310a7ad529c9eef670d965ca.jpg,Screenshot_20181116-203818_1542449673275,Ring,4,train,dataset1
DS1_IMG_004036,train/Ring/Screenshot_20181116-203818_1542449673275_png.rf.22911ff62d4edafc6a5bb4f97dc35040.jpg,Screenshot_20181116-203818_1542449673275,Ring,4,train,dataset1
DS1_IMG_004037,train/Ring/Screenshot_20181116-203818_1542449673275_png.rf.2b7bb5ed7e1535915056b1f0f1661fef.jpg,Screenshot_20181116-203818_1542449673275,Ring,4,train,dataset1
DS1_IMG_004038,train/Ring/Screenshot_20181116-203906_1542449654649_png.rf.6978c8d8611f7fb7ce75f2970da846e8.jpg,Screenshot_20181116-203906_1542449654649,Ring,4,train,dataset1
DS1_IMG_004039,train/Ring/Screenshot_20181116-203906_1542449654649_png.rf.aeef6a6a2efc9fa1463ab9576d17c359.jpg,Screenshot_20181116-203906_1542449654649,Ring,4,train,dataset1
DS1_IMG_004040,train/Ring/Screenshot_20181116-203906_1542449654649_png.rf.d3aeafc283ccb1d5e05e0e63cc941b3d.jpg,Screenshot_20181116-203906_1542449654649,Ring,4,train,dataset1
DS1_IMG_004041,train/Ring/Screenshot_20181116-204038_1542449567926_png.rf.2a30c5bad868b08b27b7eb9da644a0e0.jpg,Screenshot_20181116-204038_1542449567926,Ring,4,train,dataset1
DS1_IMG_004042,train/Ring/Screenshot_20181116-204038_1542449567926_png.rf.ccd9e4b908daf8c73da814e6103a6a6d.jpg,Screenshot_20181116-204038_1542449567926,Ring,4,train,dataset1
DS1_IMG_004043,train/Ring/Screenshot_20181116-204038_1542449567926_png.rf.ed9e5b77d1b67139265b4bd3d620ad02.jpg,Screenshot_20181116-204038_1542449567926,Ring,4,train,dataset1
DS1_IMG_004044,train/Ring/Screenshot_20181116-204201_1542449544117_png.rf.4e3b35aef38662f2942bda7870bb7bd7.jpg,Screenshot_20181116-204201_1542449544117,Ring,4,train,dataset1
DS1_IMG_004045,train/Ring/Screenshot_20181116-204201_1542449544117_png.rf.a370341b9dc318b565a90248bd7a1474.jpg,Screenshot_20181116-204201_1542449544117,Ring,4,train,dataset1
DS1_IMG_004046,train/Ring/Screenshot_20181116-204201_1542449544117_png.rf.a4519e01037a4970afbfb8eef5bb0721.jpg,Screenshot_20181116-204201_1542449544117,Ring,4,train,dataset1
DS1_IMG_004047,train/Ring/Screenshot_20181116-204235_1542449500589_png.rf.6f26f47dd0c345d89437b1c68f907c85.jpg,Screenshot_20181116-204235_1542449500589,Ring,4,train,dataset1
DS1_IMG_004048,train/Ring/Screenshot_20181116-204235_1542449500589_png.rf.9b0ee5e231e636a7f5ac1054c0dce54b.jpg,Screenshot_20181116-204235_1542449500589,Ring,4,train,dataset1
DS1_IMG_004049,train/Ring/Screenshot_20181116-204235_1542449500589_png.rf.d2d171964df0d8dcf283b7878f4cdf88.jpg,Screenshot_20181116-204235_1542449500589,Ring,4,train,dataset1
DS1_IMG_004050,train/Ring/Screenshot_20181116-204341_1542449441847_png.rf.8b14378dcff6e354c8fe1b2b8b9ecfc9.jpg,Screenshot_20181116-204341_1542449441847,Ring,4,train,dataset1
DS1_IMG_004051,train/Ring/Screenshot_20181116-204341_1542449441847_png.rf.a5672ad27e2adfaa1b0dfcd76142d0f0.jpg,Screenshot_20181116-204341_1542449441847,Ring,4,train,dataset1
DS1_IMG_004052,train/Ring/Screenshot_20181116-204341_1542449441847_png.rf.c6ec5a05db0fc8044130fa16a3c13c72.jpg,Screenshot_20181116-204341_1542449441847,Ring,4,train,dataset1
DS1_IMG_004053,train/Ring/Screenshot_20181116-204359_1542449415504_png.rf.791fb89c9e8bde7b096834153af2460a.jpg,Screenshot_20181116-204359_1542449415504,Ring,4,train,dataset1
DS1_IMG_004054,train/Ring/Screenshot_20181116-204359_1542449415504_png.rf.b2dd6fd1b1f65f71de9d2621764050e3.jpg,Screenshot_20181116-204359_1542449415504,Ring,4,train,dataset1
DS1_IMG_004055,train/Ring/Screenshot_20181116-204417_1542449390654_png.rf.2fa6ff95b3005fd86698b360e7f565fb.jpg,Screenshot_20181116-204417_1542449390654,Ring,4,train,dataset1
DS1_IMG_004056,train/Ring/Screenshot_20181116-204417_1542449390654_png.rf.9c1b9f896cc343202992bb68cc49109a.jpg,Screenshot_20181116-204417_1542449390654,Ring,4,train,dataset1
DS1_IMG_004057,train/Ring/Screenshot_20181116-204417_1542449390654_png.rf.b5304b7beaeebde7c77c7d40d51c0ee0.jpg,Screenshot_20181116-204417_1542449390654,Ring,4,train,dataset1
DS1_IMG_004058,train/Ring/Screenshot_20181116-204603_1542447556990_png.rf.36598cff6e931a1e87b0fa6607f5c9f0.jpg,Screenshot_20181116-204603_1542447556990,Ring,4,train,dataset1
DS1_IMG_004059,train/Ring/Screenshot_20181116-204603_1542447556990_png.rf.ba029ee88722d2fda736853b6bd23a19.jpg,Screenshot_20181116-204603_1542447556990,Ring,4,train,dataset1
DS1_IMG_004060,train/Ring/Screenshot_20181116-204603_1542447556990_png.rf.d931e714718479c14f87919f435c6b35.jpg,Screenshot_20181116-204603_1542447556990,Ring,4,train,dataset1
DS1_IMG_004061,train/Ring/ring_042_jpg.rf.12cfa372b4781899ddca90016bf1f996.jpg,ring_042,Ring,4,train,dataset1
DS1_IMG_004062,train/Ring/ring_042_jpg.rf.6b71cfdbb97f447325ce3b8435a6c13a.jpg,ring_042,Ring,4,train,dataset1
DS1_IMG_004063,train/Ring/ring_042_jpg.rf.d7a4cda8bceebee54bc349c2334421f0.jpg,ring_042,Ring,4,train,dataset1
DS1_IMG_004064,train/Ring/ring_043_jpg.rf.90fcb40cd5f2db9933b8f7ab6178b72e.jpg,ring_043,Ring,4,train,dataset1
DS1_IMG_004065,train/Ring/ring_043_jpg.rf.d2db1fc31aac12b2cd8a85728d22d84e.jpg,ring_043,Ring,4,train,dataset1
DS1_IMG_004066,train/Ring/ring_044_jpg.rf.5ca40e7e5a0b99b8a682cdc84b5bd1e7.jpg,ring_044,Ring,4,train,dataset1
DS1_IMG_004067,train/Ring/ring_044_jpg.rf.e5992d554536dcb8f1a8c84c61093dd9.jpg,ring_044,Ring,4,train,dataset1
DS1_IMG_004068,train/Ring/ring_044_jpg.rf.f3f358b755a4d23067e76fd95337fcf0.jpg,ring_044,Ring,4,train,dataset1
DS1_IMG_004069,train/Ring/ring_046_jpg.rf.a11eacb792b5ffdec808bf23eca82bac.jpg,ring_046,Ring,4,train,dataset1
DS1_IMG_004070,train/Ring/ring_046_jpg.rf.b284da642b7c05b05e22692eb44b3d0c.jpg,ring_046,Ring,4,train,dataset1
DS1_IMG_004071,train/Ring/ring_047_jpg.rf.ab600a80fd86817d61c77ad4f224396b.jpg,ring_047,Ring,4,train,dataset1
DS1_IMG_004072,train/Ring/ring_047_jpg.rf.b6754a1559093b27e809a30672f53024.jpg,ring_047,Ring,4,train,dataset1
DS1_IMG_004073,train/Ring/ring_048_jpg.rf.694cd50583f4e331e9b0ec3eff64efc1.jpg,ring_048,Ring,4,train,dataset1
DS1_IMG_004074,train/Ring/ring_048_jpg.rf.d4b4b9b9ae4834b581d646ef73ed0544.jpg,ring_048,Ring,4,train,dataset1
DS1_IMG_004075,train/Ring/ring_048_jpg.rf.f441a0ee84e55cb19f089ca1a6d9a953.jpg,ring_048,Ring,4,train,dataset1
DS1_IMG_004076,train/Ring/ring_049_jpg.rf.8b1d0790fa5382cc06296aba9eaab698.jpg,ring_049,Ring,4,train,dataset1
DS1_IMG_004077,train/Ring/ring_049_jpg.rf.beae5eaf54ac61fdb8e1432af3c526ef.jpg,ring_049,Ring,4,train,dataset1
DS1_IMG_004078,train/Ring/ring_049_jpg.rf.c0af2ea740000235c821b9152a3eb5ff.jpg,ring_049,Ring,4,train,dataset1
DS1_IMG_004079,train/Ring/ring_050_jpg.rf.4d1921a66372bde4b01c041f1460c165.jpg,ring_050,Ring,4,train,dataset1
DS1_IMG_004080,train/Ring/ring_050_jpg.rf.6d37ee82416ee28dcda062c6c7a957a6.jpg,ring_050,Ring,4,train,dataset1
DS1_IMG_004081,train/Ring/ring_050_jpg.rf.90193f1c34440a415f744e8fed212c1b.jpg,ring_050,Ring,4,train,dataset1
DS1_IMG_004082,train/Ring/ring_051_jpg.rf.613874dfc26c6f817d7614286c8f37d7.jpg,ring_051,Ring,4,train,dataset1
DS1_IMG_004083,train/Ring/ring_051_jpg.rf.9a433ab40573e5e6f27690837b815127.jpg,ring_051,Ring,4,train,dataset1
DS1_IMG_004084,train/Ring/ring_051_jpg.rf.a33033794d7f059db0181b550ac9667f.jpg,ring_051,Ring,4,train,dataset1
DS1_IMG_004085,train/Ring/ring_054_jpg.rf.31ad425f319ff2f671332cebe3abdd3d.jpg,ring_054,Ring,4,train,dataset1
DS1_IMG_004086,train/Ring/ring_054_jpg.rf.c128608aba6b8b33c10058b5b14e399e.jpg,ring_054,Ring,4,train,dataset1
DS1_IMG_004087,train/Ring/ring_055_jpg.rf.0c216a94e6fa2e8c18670f7ff58d61ce.jpg,ring_055,Ring,4,train,dataset1
DS1_IMG_004088,train/Ring/ring_055_jpg.rf.1788da0e8c1af6ba7449f1b1d35a02f6.jpg,ring_055,Ring,4,train,dataset1
DS1_IMG_004089,train/Ring/ring_055_jpg.rf.b250ca5f51fb03c4f7f8486c858caa30.jpg,ring_055,Ring,4,train,dataset1
DS1_IMG_004090,train/Ring/ring_057_jpg.rf.20ab736ebdc50e852e29e0d092fbfe75.jpg,ring_057,Ring,4,train,dataset1
DS1_IMG_004091,train/Ring/ring_057_jpg.rf.480523d87c82337bbf368b016e059567.jpg,ring_057,Ring,4,train,dataset1
DS1_IMG_004092,train/Ring/ring_057_jpg.rf.a164942d6d48c375de14507fe6447120.jpg,ring_057,Ring,4,train,dataset1
DS1_IMG_004093,train/Ring/ring_058_jpg.rf.4c0ddd6f94646ec2bb940c8353a11cc3.jpg,ring_058,Ring,4,train,dataset1
DS1_IMG_004094,train/Ring/ring_058_jpg.rf.a5a4976bb580df6ab8352fa1ddce5d44.jpg,ring_058,Ring,4,train,dataset1
DS1_IMG_004095,train/Ring/ring_058_jpg.rf.dbfc6ab55994ade0bc7ff869e8b7017a.jpg,ring_058,Ring,4,train,dataset1
DS1_IMG_004096,train/Ring/ring_060_jpg.rf.5abdc2434a1ca7fc8797ebb803d72602.jpg,ring_060,Ring,4,train,dataset1
DS1_IMG_004097,train/Ring/ring_060_jpg.rf.77e2f48e4c0e80bbd021bf85f621f048.jpg,ring_060,Ring,4,train,dataset1
DS1_IMG_004098,train/Ring/ring_060_jpg.rf.c9c69907b7105ca597fb4d72e172afd5.jpg,ring_060,Ring,4,train,dataset1
DS1_IMG_004099,train/Ring/ring_062_jpg.rf.2aa6fa7d162c664c6dc22e36dcda2af2.jpg,ring_062,Ring,4,train,dataset1
DS1_IMG_004100,train/Ring/ring_062_jpg.rf.4120a0aa346302d17671a95e566a1659.jpg,ring_062,Ring,4,train,dataset1
DS1_IMG_004101,train/Ring/ring_062_jpg.rf.a67645c414f2a1f6d90bbb31dad9af03.jpg,ring_062,Ring,4,train,dataset1
DS1_IMG_004102,train/Ring/ring_065_jpg.rf.07eaf64d7c4e78303c070db66026ef17.jpg,ring_065,Ring,4,train,dataset1
DS1_IMG_004103,train/Ring/ring_065_jpg.rf.2d818ace7005f6c8554104df94a60c8f.jpg,ring_065,Ring,4,train,dataset1
DS1_IMG_004104,train/Ring/ring_065_jpg.rf.440c9c07a1265a25b334ed9ec7149792.jpg,ring_065,Ring,4,train,dataset1
DS1_IMG_004105,train/Ring/ring_067_jpg.rf.1b75a66fab08f430bace5dee63d3e1e9.jpg,ring_067,Ring,4,train,dataset1
DS1_IMG_004106,train/Ring/ring_067_jpg.rf.580eb0a71930ccfeade93e1467efece2.jpg,ring_067,Ring,4,train,dataset1
DS1_IMG_004107,train/Ring/ring_067_jpg.rf.f957c0fdc903a860890a55be41c8bdba.jpg,ring_067,Ring,4,train,dataset1
DS1_IMG_004108,train/Ring/ring_069_jpg.rf.5439bf94cfb706eadfc874b15daa3237.jpg,ring_069,Ring,4,train,dataset1
DS1_IMG_004109,train/Ring/ring_069_jpg.rf.6537ce821ef225683932296286e88c40.jpg,ring_069,Ring,4,train,dataset1
DS1_IMG_004110,train/Ring/ring_069_jpg.rf.8b1f3b372452379331db6e220bd9e31b.jpg,ring_069,Ring,4,train,dataset1
DS1_IMG_004111,train/Ring/ring_071_jpg.rf.699b09a7e2adb08980fdd4038b262b0a.jpg,ring_071,Ring,4,train,dataset1
DS1_IMG_004112,train/Ring/ring_071_jpg.rf.b5c4f1594010e06ac66a68140b2a40f2.jpg,ring_071,Ring,4,train,dataset1
DS1_IMG_004113,train/Ring/ring_071_jpg.rf.e68364b8c1274a377d4590a1a9b42e6d.jpg,ring_071,Ring,4,train,dataset1
DS1_IMG_004114,train/Ring/ring_072_jpg.rf.62a20b87e2db7694ca9a0621b11948a2.jpg,ring_072,Ring,4,train,dataset1
DS1_IMG_004115,train/Ring/ring_072_jpg.rf.8622c5d083368bec4e91b1aed9f738b3.jpg,ring_072,Ring,4,train,dataset1
DS1_IMG_004116,train/Ring/ring_072_jpg.rf.a5ef7c4bfe697914046fd271e4e373f5.jpg,ring_072,Ring,4,train,dataset1
DS1_IMG_004117,train/Ring/ring_074_jpg.rf.12897d91fa1e3309b019e5d2e0ca85c6.jpg,ring_074,Ring,4,train,dataset1
DS1_IMG_004118,train/Ring/ring_074_jpg.rf.3f96db5034e7840546f99dd897532907.jpg,ring_074,Ring,4,train,dataset1
DS1_IMG_004119,train/Ring/ring_074_jpg.rf.5d3634349ea004e926ee505bd03d0a3a.jpg,ring_074,Ring,4,train,dataset1
DS1_IMG_004120,train/Ring/ring_076_jpg.rf.b1c5660f32a9d8dd6a68408b7db8ecc0.jpg,ring_076,Ring,4,train,dataset1
DS1_IMG_004121,train/Ring/ring_076_jpg.rf.fa86ec93930dd9fbc08c9a4a22d8778c.jpg,ring_076,Ring,4,train,dataset1
DS1_IMG_004122,train/Ring/ring_077_jpg.rf.12e67d56f00f083240f3653fc1adfaf8.jpg,ring_077,Ring,4,train,dataset1
DS1_IMG_004123,train/Ring/ring_077_jpg.rf.8c178aa04df2958c7390e038aa97b9a7.jpg,ring_077,Ring,4,train,dataset1
DS1_IMG_004124,train/Ring/ring_077_jpg.rf.9b349cf83a084072a097165858712d05.jpg,ring_077,Ring,4,train,dataset1
DS1_IMG_004125,train/Ring/ring_078_jpg.rf.5b00aabeb2575ffa9e258421ecf21ec3.jpg,ring_078,Ring,4,train,dataset1
DS1_IMG_004126,train/Ring/ring_078_jpg.rf.85ab7f45912c125f9666c11b267593ea.jpg,ring_078,Ring,4,train,dataset1
DS1_IMG_004127,train/Ring/ring_078_jpg.rf.88364a54406e12f936530d74f6f248c3.jpg,ring_078,Ring,4,train,dataset1
DS1_IMG_004128,train/Ring/ring_080_jpg.rf.14976e73936b0c42817b24f4cfce8aaa.jpg,ring_080,Ring,4,train,dataset1
DS1_IMG_004129,train/Ring/ring_080_jpg.rf.a2eb3cee368d012e365ea724b9f94037.jpg,ring_080,Ring,4,train,dataset1
DS1_IMG_004130,train/Ring/ring_080_jpg.rf.a3887fff8a79ae4aed5a9b6f4d4ff63b.jpg,ring_080,Ring,4,train,dataset1
DS1_IMG_004131,train/Ring/ring_082_jpg.rf.52048f95d0ed49f874656d064289d2b7.jpg,ring_082,Ring,4,train,dataset1
DS1_IMG_004132,train/Ring/ring_082_jpg.rf.aeee1b479251665eece628c513e1f635.jpg,ring_082,Ring,4,train,dataset1
DS1_IMG_004133,train/Ring/ring_082_jpg.rf.d3272f621ce8a512a4f1cf2890554fb0.jpg,ring_082,Ring,4,train,dataset1
DS1_IMG_004134,train/Ring/ring_083_jpg.rf.1e15dc0e9a44a4dca7ebd348c7676b49.jpg,ring_083,Ring,4,train,dataset1
DS1_IMG_004135,train/Ring/ring_083_jpg.rf.3065633f41355d108488a51f51a7b78f.jpg,ring_083,Ring,4,train,dataset1
DS1_IMG_004136,train/Ring/ring_083_jpg.rf.df783e6269c1834658e8206909aff60a.jpg,ring_083,Ring,4,train,dataset1
DS1_IMG_004137,train/Ring/ring_084_jpg.rf.03acf9e80bfd3e4d8536717e3f0fd7df.jpg,ring_084,Ring,4,train,dataset1
DS1_IMG_004138,train/Ring/ring_084_jpg.rf.0e1531a10a7ce7494e1ad3a50ac79285.jpg,ring_084,Ring,4,train,dataset1
DS1_IMG_004139,train/Ring/ring_084_jpg.rf.b32d7acb8f746eb676bf66e29ad8c80b.jpg,ring_084,Ring,4,train,dataset1
DS1_IMG_004140,train/Ring/ring_085_jpg.rf.7dc5621fdaa377be0f2b8b115ff3642a.jpg,ring_085,Ring,4,train,dataset1
DS1_IMG_004141,train/Ring/ring_085_jpg.rf.b74ef31df55c7389af01cb94106ecff4.jpg,ring_085,Ring,4,train,dataset1
DS1_IMG_004142,train/Ring/ring_085_jpg.rf.cc8dfbc1720ff32a98b782a7736b8b10.jpg,ring_085,Ring,4,train,dataset1
DS1_IMG_004143,train/Ring/ring_086_jpg.rf.56f0d39468c930317098959fd2d4c4af.jpg,ring_086,Ring,4,train,dataset1
DS1_IMG_004144,train/Ring/ring_086_jpg.rf.c459e30ecae46d11aea811c5c1fc6d0a.jpg,ring_086,Ring,4,train,dataset1
DS1_IMG_004145,train/Ring/ring_086_jpg.rf.f372681179b68bf5077a6470daf533e3.jpg,ring_086,Ring,4,train,dataset1
DS1_IMG_004146,train/Ring/ring_087_jpg.rf.012b072186dca0316af564b7b6f45fea.jpg,ring_087,Ring,4,train,dataset1
DS1_IMG_004147,train/Ring/ring_087_jpg.rf.c642adfc2177157ab92c88f0663c33cd.jpg,ring_087,Ring,4,train,dataset1
DS1_IMG_004148,train/Ring/ring_087_jpg.rf.ea72a1430b636ffaa0d8f74b5340ec98.jpg,ring_087,Ring,4,train,dataset1
DS1_IMG_004149,train/Ring/ring_088_jpg.rf.6f5655f2f8e988854f6a6f17f332281a.jpg,ring_088,Ring,4,train,dataset1
DS1_IMG_004150,train/Ring/ring_088_jpg.rf.b6ede1641e6a8ac90441cd0bc69f0007.jpg,ring_088,Ring,4,train,dataset1
DS1_IMG_004151,train/Ring/ring_088_jpg.rf.b6f371bef543d22dc3a1c360b6b121d4.jpg,ring_088,Ring,4,train,dataset1
DS1_IMG_004152,train/Ring/ring_089_jpg.rf.72142473a73635a96c963f231e7e3bca.jpg,ring_089,Ring,4,train,dataset1
DS1_IMG_004153,train/Ring/ring_089_jpg.rf.797c166ccb7996f7536cb973bad51ea5.jpg,ring_089,Ring,4,train,dataset1
DS1_IMG_004154,train/Ring/ring_091_jpg.rf.3dbdba8ca10d32b9db88c09332097dbf.jpg,ring_091,Ring,4,train,dataset1
DS1_IMG_004155,train/Ring/ring_091_jpg.rf.700a8cbe34dfa17c030f96b946c25081.jpg,ring_091,Ring,4,train,dataset1
DS1_IMG_004156,train/Ring/ring_091_jpg.rf.c4595db6d63248e2ea00f76742ff3871.jpg,ring_091,Ring,4,train,dataset1
DS1_IMG_004157,train/Ring/ring_092_jpg.rf.3f0765764dd6010e1e3c34d5b40fe88e.jpg,ring_092,Ring,4,train,dataset1
DS1_IMG_004158,train/Ring/ring_092_jpg.rf.9a66027e42e45e972f9be09882414596.jpg,ring_092,Ring,4,train,dataset1
DS1_IMG_004159,train/Ring/ring_092_jpg.rf.b86a32f8a887ce9a31b1d3c6f8cac407.jpg,ring_092,Ring,4,train,dataset1
DS1_IMG_004160,train/Ring/ring_093_jpg.rf.3e2f8b1d61d6782c8518d6a95a490ddd.jpg,ring_093,Ring,4,train,dataset1
DS1_IMG_004161,train/Ring/ring_093_jpg.rf.4cf7f16ad85a260909a56f49fc472344.jpg,ring_093,Ring,4,train,dataset1
DS1_IMG_004162,train/Ring/ring_093_jpg.rf.5aa454d099c1957c4930bbd955dbfff5.jpg,ring_093,Ring,4,train,dataset1
DS1_IMG_004163,train/Ring/ring_095_jpg.rf.5a7e04eb0894f5f38f064ca947cecea7.jpg,ring_095,Ring,4,train,dataset1
DS1_IMG_004164,train/Ring/ring_095_jpg.rf.9c3b8686dadc2d7f1bd0e7a7d015e655.jpg,ring_095,Ring,4,train,dataset1
DS1_IMG_004165,train/Ring/ring_095_jpg.rf.a474fae0615bc4748b3025a31cf85a7e.jpg,ring_095,Ring,4,train,dataset1
DS1_IMG_004166,train/Ring/ring_096_jpg.rf.1c7e59c9bd1261cb1f6a051d07443a41.jpg,ring_096,Ring,4,train,dataset1
DS1_IMG_004167,train/Ring/ring_096_jpg.rf.9e38a60e8e5f074d81b7bd2b8cb5824a.jpg,ring_096,Ring,4,train,dataset1
DS1_IMG_004168,train/Ring/ring_096_jpg.rf.c9ef3dd13582d0ffd79b5612344ffa42.jpg,ring_096,Ring,4,train,dataset1
DS1_IMG_004169,train/Ring/ring_097_jpg.rf.1ec3c17fa583df673c4dfa71ca16b1bd.jpg,ring_097,Ring,4,train,dataset1
DS1_IMG_004170,train/Ring/ring_097_jpg.rf.23d0a21c9315f6dd220b531d855dfefa.jpg,ring_097,Ring,4,train,dataset1
DS1_IMG_004171,train/Ring/ring_097_jpg.rf.6d2f9ce1a8c33d5da679b606614b8eba.jpg,ring_097,Ring,4,train,dataset1
DS1_IMG_004172,train/Ring/ring_099_jpg.rf.1542d85af3ddb13583505a91a2221610.jpg,ring_099,Ring,4,train,dataset1
DS1_IMG_004173,train/Ring/ring_099_jpg.rf.b7d51ccb75b210ad939f00a0c7cdb37b.jpg,ring_099,Ring,4,train,dataset1
DS1_IMG_004174,train/Ring/ring_099_jpg.rf.e587b0c89eef0bd3251748725dc85d0f.jpg,ring_099,Ring,4,train,dataset1
DS1_IMG_004175,train/Ring/ring_102_jpg.rf.1ff4d38faf74d51329fe190d72a1dc41.jpg,ring_102,Ring,4,train,dataset1
DS1_IMG_004176,train/Ring/ring_102_jpg.rf.2cd855cdf7a5d53dfcb57974041f0aaa.jpg,ring_102,Ring,4,train,dataset1
DS1_IMG_004177,train/Ring/ring_102_jpg.rf.f33badc801a8b20a49f3e354d0449185.jpg,ring_102,Ring,4,train,dataset1
DS1_IMG_004178,train/Ring/ring_104_jpg.rf.3c8cc5ff3a83b1548eac5f79d34be6be.jpg,ring_104,Ring,4,train,dataset1
DS1_IMG_004179,train/Ring/ring_104_jpg.rf.c821ebc529b3a8b5773e1db68c4372fa.jpg,ring_104,Ring,4,train,dataset1
DS1_IMG_004180,train/Ring/ring_104_jpg.rf.e8e401989b52fd0a961d499684ff2a5e.jpg,ring_104,Ring,4,train,dataset1
DS1_IMG_004181,train/Ring/ring_105_jpg.rf.0cdf26ee5d7d0c42fa5c1fae51f8f794.jpg,ring_105,Ring,4,train,dataset1
DS1_IMG_004182,train/Ring/ring_105_jpg.rf.8242ce0a2fafc90012afdf33b40cbf69.jpg,ring_105,Ring,4,train,dataset1
DS1_IMG_004183,train/Ring/ring_105_jpg.rf.a57e08c20e9f6ed4a241d982c2c91bfa.jpg,ring_105,Ring,4,train,dataset1
DS1_IMG_004184,train/Ring/ring_110_jpg.rf.29fee24d308192b80e95261a2effbbbc.jpg,ring_110,Ring,4,train,dataset1
DS1_IMG_004185,train/Ring/ring_110_jpg.rf.9bf024dcd140c2a39e717d265033cc91.jpg,ring_110,Ring,4,train,dataset1
DS1_IMG_004186,train/Ring/ring_110_jpg.rf.c6f295016f842c283fae8f496feadb77.jpg,ring_110,Ring,4,train,dataset1
DS1_IMG_004187,train/Ring/ring_111_jpg.rf.313f21c206d5d2c98e13332380d00de5.jpg,ring_111,Ring,4,train,dataset1
DS1_IMG_004188,train/Ring/ring_111_jpg.rf.4f27dc7a0e7caf847e8c8b3ef167bdbd.jpg,ring_111,Ring,4,train,dataset1
DS1_IMG_004189,train/Ring/ring_111_jpg.rf.a422856cf64bf96418b62ccb1db9aae2.jpg,ring_111,Ring,4,train,dataset1
DS1_IMG_004190,train/Ring/ring_112_jpg.rf.23bccb561ad5c1c925aa76d4f37d4d61.jpg,ring_112,Ring,4,train,dataset1
DS1_IMG_004191,train/Ring/ring_112_jpg.rf.406caa84b004eab671180df326537275.jpg,ring_112,Ring,4,train,dataset1
DS1_IMG_004192,train/Ring/ring_112_jpg.rf.48cc25fb4bbc6313148526f17d5faf53.jpg,ring_112,Ring,4,train,dataset1
DS1_IMG_004193,train/Ring/ring_113_jpg.rf.06fcc44dfab0c0bcb6383b6e06d34b87.jpg,ring_113,Ring,4,train,dataset1
DS1_IMG_004194,train/Ring/ring_113_jpg.rf.366e024553fc0a51151cf0f16e86bd07.jpg,ring_113,Ring,4,train,dataset1
DS1_IMG_004195,train/Ring/ring_113_jpg.rf.85254022ba4a7a9e8f6564041535b0f2.jpg,ring_113,Ring,4,train,dataset1
DS1_IMG_004196,train/Ring/ring_114_jpg.rf.37b08b6e01ce1045e602cbe3fcf1422d.jpg,ring_114,Ring,4,train,dataset1
DS1_IMG_004197,train/Ring/ring_114_jpg.rf.b3297239ba52fb9f486c7337672916c4.jpg,ring_114,Ring,4,train,dataset1
DS1_IMG_004198,train/Ring/ring_114_jpg.rf.f6f15c6505b26b3fde0e5f48608d30dd.jpg,ring_114,Ring,4,train,dataset1
DS1_IMG_004199,train/Ring/ring_116_jpg.rf.071aa9c495e356ac600edb8c88d2e7c8.jpg,ring_116,Ring,4,train,dataset1
DS1_IMG_004200,train/Ring/ring_116_jpg.rf.1457cb714d4af30b83b80b47517b221e.jpg,ring_116,Ring,4,train,dataset1
DS1_IMG_004201,train/Ring/ring_116_jpg.rf.3869e5862255ba73c7d0aea4b139c324.jpg,ring_116,Ring,4,train,dataset1
DS1_IMG_004202,train/Ring/ring_117_jpg.rf.0f197744475fad223a38ce3b26152572.jpg,ring_117,Ring,4,train,dataset1
DS1_IMG_004203,train/Ring/ring_117_jpg.rf.1c0ebe936b99ee976b486c0fb74ef831.jpg,ring_117,Ring,4,train,dataset1
DS1_IMG_004204,train/Ring/ring_117_jpg.rf.a3e5f19127cf2a18e0603a23b5af0d15.jpg,ring_117,Ring,4,train,dataset1
DS1_IMG_004205,train/Ring/ring_121_jpg.rf.9876a401e46947414d1404c0e560664d.jpg,ring_121,Ring,4,train,dataset1
DS1_IMG_004206,train/Ring/ring_121_jpg.rf.b76b8c9a67da734bda2539159f810527.jpg,ring_121,Ring,4,train,dataset1
DS1_IMG_004207,train/Ring/ring_121_jpg.rf.d0c27fe18f3c95706cc8d94cbb44ff9d.jpg,ring_121,Ring,4,train,dataset1
DS1_IMG_004208,train/Ring/ring_122_jpg.rf.2107138a9ac5aacb39ef42dd76a51b0b.jpg,ring_122,Ring,4,train,dataset1
DS1_IMG_004209,train/Ring/ring_122_jpg.rf.8a2b4dff35ffc88b7d7cb952e2552581.jpg,ring_122,Ring,4,train,dataset1
DS1_IMG_004210,train/Ring/ring_122_jpg.rf.ced7dbbbf435dc2786d332b9134b4ef8.jpg,ring_122,Ring,4,train,dataset1
DS1_IMG_004211,train/Ring/ring_123_jpg.rf.14ab4203c09f7f90792ce9cefff96808.jpg,ring_123,Ring,4,train,dataset1
DS1_IMG_004212,train/Ring/ring_123_jpg.rf.d30de244f32af68f455e60b25c42ab4d.jpg,ring_123,Ring,4,train,dataset1
DS1_IMG_004213,train/Ring/ring_123_jpg.rf.d8ffddbb131fbb0192d17ea6672a4636.jpg,ring_123,Ring,4,train,dataset1
DS1_IMG_004214,train/Ring/ring_124_jpg.rf.079075c1f41a82610120adf82a3ca8bf.jpg,ring_124,Ring,4,train,dataset1
DS1_IMG_004215,train/Ring/ring_124_jpg.rf.39bff2c7355d7b761192751cd49a1555.jpg,ring_124,Ring,4,train,dataset1
DS1_IMG_004216,train/Ring/ring_124_jpg.rf.8a5cae6d795c615295f01c35a1f2cb21.jpg,ring_124,Ring,4,train,dataset1
DS1_IMG_004217,train/Ring/ring_128_jpg.rf.77e129b7e3016f7e89ff2cb578d8a697.jpg,ring_128,Ring,4,train,dataset1
DS1_IMG_004218,train/Ring/ring_128_jpg.rf.856d69fef8a95b12a2bf0fab72d2eae8.jpg,ring_128,Ring,4,train,dataset1
DS1_IMG_004219,train/Ring/ring_128_jpg.rf.d96125202a84ba1ed100156aa067bb38.jpg,ring_128,Ring,4,train,dataset1
DS1_IMG_004220,train/Ring/ring_130_jpg.rf.b251a03f71122033d13335d949c239a6.jpg,ring_130,Ring,4,train,dataset1
DS1_IMG_004221,train/Ring/ring_130_jpg.rf.e9cfeb0f6f98621191123ce557109f8f.jpg,ring_130,Ring,4,train,dataset1
DS1_IMG_004222,train/Ring/ring_130_jpg.rf.f95c5937f6d5d05cd6abae41bcf00157.jpg,ring_130,Ring,4,train,dataset1
DS1_IMG_004223,train/Ring/ring_131_jpg.rf.63e17cbb07e4544afa69e8dbb75949df.jpg,ring_131,Ring,4,train,dataset1
DS1_IMG_004224,train/Ring/ring_131_jpg.rf.9bd6de60d8add840c440552d9ec3f8e0.jpg,ring_131,Ring,4,train,dataset1
DS1_IMG_004225,train/Ring/ring_131_jpg.rf.c0491ca8c912e5d24f1eaec5fbf01b74.jpg,ring_131,Ring,4,train,dataset1
DS1_IMG_004226,train/Ring/ring_134_jpg.rf.0cc12b3346e85f8d3651b4cd45ed67d4.jpg,ring_134,Ring,4,train,dataset1
DS1_IMG_004227,train/Ring/ring_134_jpg.rf.840d81c964cecca54738714ab6d534eb.jpg,ring_134,Ring,4,train,dataset1
DS1_IMG_004228,train/Ring/ring_134_jpg.rf.d279455052c0e3a6455a2c95eb1e4dfc.jpg,ring_134,Ring,4,train,dataset1
DS1_IMG_004229,train/Ring/ring_135_jpg.rf.7a8b64d60c50558f0f2fb798a6f3165c.jpg,ring_135,Ring,4,train,dataset1
DS1_IMG_004230,train/Ring/ring_135_jpg.rf.c2fd9392b01ecf6dbc25643a456c979f.jpg,ring_135,Ring,4,train,dataset1
DS1_IMG_004231,train/Ring/ring_135_jpg.rf.e41cd6d09e45bd2949cc8eb7356b1edc.jpg,ring_135,Ring,4,train,dataset1
DS1_IMG_004232,train/Ring/ring_138_jpg.rf.9fc1bb908bd7bfc4215ee82a928d8996.jpg,ring_138,Ring,4,train,dataset1
DS1_IMG_004233,train/Ring/ring_138_jpg.rf.af375ea65c2d81fb5e459868771df395.jpg,ring_138,Ring,4,train,dataset1
DS1_IMG_004234,train/Ring/ring_138_jpg.rf.e31a04bca68f92c0072dd313ea8a9aaa.jpg,ring_138,Ring,4,train,dataset1
DS1_IMG_004235,train/Ring/ring_139_jpg.rf.37466f0abde680a8ec9814966e8c7fbe.jpg,ring_139,Ring,4,train,dataset1
DS1_IMG_004236,train/Ring/ring_139_jpg.rf.a5c7ecee0677d6a9deb105e0d73b2b5a.jpg,ring_139,Ring,4,train,dataset1
DS1_IMG_004237,train/Ring/ring_142_jpg.rf.5e389309e3aa0a3b14ee4d273cf119e8.jpg,ring_142,Ring,4,train,dataset1
DS1_IMG_004238,train/Ring/ring_142_jpg.rf.8a57f87010e08f9b828805854e1e374a.jpg,ring_142,Ring,4,train,dataset1
DS1_IMG_004239,train/Ring/ring_142_jpg.rf.c43951f452a1f592c8314decfc79bb37.jpg,ring_142,Ring,4,train,dataset1
DS1_IMG_004240,train/Ring/ring_145_jpg.rf.084a3232dcebdaf8c7dcbd86ee911ccc.jpg,ring_145,Ring,4,train,dataset1
DS1_IMG_004241,train/Ring/ring_145_jpg.rf.753903f36505a6721e1645c76bb5e1e7.jpg,ring_145,Ring,4,train,dataset1
DS1_IMG_004242,train/Ring/ring_145_jpg.rf.c76d24dd36d4644d9a8936cdbb855349.jpg,ring_145,Ring,4,train,dataset1
DS1_IMG_004243,train/Ring/ring_147_jpg.rf.1764ed4a60bd911dd7927915ff9a237f.jpg,ring_147,Ring,4,train,dataset1
DS1_IMG_004244,train/Ring/ring_147_jpg.rf.7db94e2ea87439407fe12ee79e56f8a7.jpg,ring_147,Ring,4,train,dataset1
DS1_IMG_004245,train/Ring/ring_147_jpg.rf.ea65655a1e5fff490449b2b58094619a.jpg,ring_147,Ring,4,train,dataset1
DS1_IMG_004246,train/Ring/ring_148_jpg.rf.0f29058507b1fb2b73babc8eb63a8d8b.jpg,ring_148,Ring,4,train,dataset1
DS1_IMG_004247,train/Ring/ring_148_jpg.rf.4789a50e9bb320ed8f1cd205cabc9727.jpg,ring_148,Ring,4,train,dataset1
DS1_IMG_004248,train/Ring/ring_148_jpg.rf.96a108e44248bccd78cc19f5a27e9c2e.jpg,ring_148,Ring,4,train,dataset1
DS1_IMG_004249,train/Ring/ring_153_jpg.rf.863ef89140cb2095513ad547ce368195.jpg,ring_153,Ring,4,train,dataset1
DS1_IMG_004250,train/Ring/ring_153_jpg.rf.ccb0d8b511415e84a2292425fe2c7864.jpg,ring_153,Ring,4,train,dataset1
DS1_IMG_004251,train/Ring/ring_153_jpg.rf.df9ddb695171bbcffbc07668c9f147ca.jpg,ring_153,Ring,4,train,dataset1
DS1_IMG_004252,train/Ring/ring_154_jpg.rf.8b8067b29851afee4ad641e4811d2fbe.jpg,ring_154,Ring,4,train,dataset1
DS1_IMG_004253,train/Ring/ring_154_jpg.rf.9010486d78ab098423b4a0079082ba77.jpg,ring_154,Ring,4,train,dataset1
DS1_IMG_004254,train/Ring/ring_154_jpg.rf.b471167ca8901b566ee288127bc00ca2.jpg,ring_154,Ring,4,train,dataset1
DS1_IMG_004255,train/Ring/ring_155_jpg.rf.248ad9c05d607af6ae4fe0315a099787.jpg,ring_155,Ring,4,train,dataset1
DS1_IMG_004256,train/Ring/ring_155_jpg.rf.500222014eb4a6daeda984cc5784d279.jpg,ring_155,Ring,4,train,dataset1
DS1_IMG_004257,train/Ring/ring_155_jpg.rf.bc20671d53e518e728d2f99a8121dfb2.jpg,ring_155,Ring,4,train,dataset1
DS1_IMG_004258,train/Ring/ring_156_jpg.rf.12634a57d2d8150adf0a534ad8d3ff0d.jpg,ring_156,Ring,4,train,dataset1
DS1_IMG_004259,train/Ring/ring_156_jpg.rf.1ea0a275a7bbf68b78072ce18863646c.jpg,ring_156,Ring,4,train,dataset1
DS1_IMG_004260,train/Ring/ring_156_jpg.rf.6d900f97a3af75134fcbad7673d9d22f.jpg,ring_156,Ring,4,train,dataset1
DS1_IMG_004261,train/Ring/ring_157_jpg.rf.0979fc65db042e0a6e2c4a9a56e1ffb4.jpg,ring_157,Ring,4,train,dataset1
DS1_IMG_004262,train/Ring/ring_157_jpg.rf.69c121f1aa3b090dcca86fd99fb93846.jpg,ring_157,Ring,4,train,dataset1
DS1_IMG_004263,train/Ring/ring_157_jpg.rf.955c12633a4a31574223ea17271a09ba.jpg,ring_157,Ring,4,train,dataset1
DS1_IMG_004264,train/Ring/ring_158_jpg.rf.68eee1110f291f343512debc026863fb.jpg,ring_158,Ring,4,train,dataset1
DS1_IMG_004265,train/Ring/ring_158_jpg.rf.e7f0be5294b1778a716ff9afa0ad6424.jpg,ring_158,Ring,4,train,dataset1
DS1_IMG_004266,train/Ring/ring_158_jpg.rf.ff3b7d60f0aa2dfc533bcc1bd88f78fc.jpg,ring_158,Ring,4,train,dataset1
DS1_IMG_004267,train/Ring/ring_159_jpg.rf.0b33dda84cd16b5a6a78dae80495df3a.jpg,ring_159,Ring,4,train,dataset1
DS1_IMG_004268,train/Ring/ring_159_jpg.rf.0f8b68d0bdc9881580282b4ecd045e49.jpg,ring_159,Ring,4,train,dataset1
DS1_IMG_004269,train/Ring/ring_159_jpg.rf.684d6872c967fe7cb01d476bf5aa8f18.jpg,ring_159,Ring,4,train,dataset1
DS1_IMG_004270,train/Ring/ring_162_jpg.rf.49e6069bfa3b46e801e0652cf2463262.jpg,ring_162,Ring,4,train,dataset1
DS1_IMG_004271,train/Ring/ring_162_jpg.rf.78b1cfcc3e68371e7a13f01a79251954.jpg,ring_162,Ring,4,train,dataset1
DS1_IMG_004272,train/Ring/ring_162_jpg.rf.aacc833f3d55515ebd537cd033735899.jpg,ring_162,Ring,4,train,dataset1
DS1_IMG_004273,train/Ring/ring_163_jpg.rf.69794205f9b89e6201ef2e670eb2864b.jpg,ring_163,Ring,4,train,dataset1
DS1_IMG_004274,train/Ring/ring_163_jpg.rf.74cd051ec83cd06444108d2f104501cc.jpg,ring_163,Ring,4,train,dataset1
DS1_IMG_004275,train/Ring/ring_163_jpg.rf.bde7fdeba83692134733866a72f96e2c.jpg,ring_163,Ring,4,train,dataset1
DS1_IMG_004276,train/Ring/ring_164_jpg.rf.000796b55b9d6b466017f6d17c698b2f.jpg,ring_164,Ring,4,train,dataset1
DS1_IMG_004277,train/Ring/ring_164_jpg.rf.305743ffeb69c92e236b5b946c990b97.jpg,ring_164,Ring,4,train,dataset1
DS1_IMG_004278,train/Ring/ring_164_jpg.rf.bbbc34c07a896db7572b37ff5b5e935a.jpg,ring_164,Ring,4,train,dataset1
DS1_IMG_004279,train/Ring/ring_166_jpg.rf.74268389058553fb1f9ceccd73d74aa9.jpg,ring_166,Ring,4,train,dataset1
DS1_IMG_004280,train/Ring/ring_166_jpg.rf.d484554c2a87fc1670b7e31c5c40f921.jpg,ring_166,Ring,4,train,dataset1
DS1_IMG_004281,train/Ring/ring_166_jpg.rf.d9321a3c59fe9b9287f98455e02b7cff.jpg,ring_166,Ring,4,train,dataset1
DS1_IMG_004282,train/Ring/ring_167_jpg.rf.0633471b4261e32969a16fcc81ef0314.jpg,ring_167,Ring,4,train,dataset1
DS1_IMG_004283,train/Ring/ring_167_jpg.rf.3f4a090b1c60b66b3bf666061f61939d.jpg,ring_167,Ring,4,train,dataset1
DS1_IMG_004284,train/Ring/ring_167_jpg.rf.86a7ed683c610b0f5da3516cd7578363.jpg,ring_167,Ring,4,train,dataset1
DS1_IMG_004285,train/Ring/ring_168_jpg.rf.014c1bcd167514bd1d31dc0fd9dc6d0e.jpg,ring_168,Ring,4,train,dataset1
DS1_IMG_004286,train/Ring/ring_168_jpg.rf.96dc251c8f963ab6701944661fd31967.jpg,ring_168,Ring,4,train,dataset1
DS1_IMG_004287,train/Ring/ring_168_jpg.rf.de6630f2aedae3676744beaa5f950972.jpg,ring_168,Ring,4,train,dataset1
DS1_IMG_004288,train/Ring/ring_170_jpg.rf.36e2f1c51925d0586a5f9a4355f3e7e1.jpg,ring_170,Ring,4,train,dataset1
DS1_IMG_004289,train/Ring/ring_170_jpg.rf.f1f13d09913a20ad311b2377c080aca2.jpg,ring_170,Ring,4,train,dataset1
DS1_IMG_004290,train/Ring/ring_170_jpg.rf.faa4a92ecd70fde5b49774af413ae528.jpg,ring_170,Ring,4,train,dataset1
DS1_IMG_004291,train/Ring/ring_171_jpg.rf.4e6a318b067b8c943702621cddd122dc.jpg,ring_171,Ring,4,train,dataset1
DS1_IMG_004292,train/Ring/ring_171_jpg.rf.6bb9cac7e7f9c3ab34b7485cd0790e24.jpg,ring_171,Ring,4,train,dataset1
DS1_IMG_004293,train/Ring/ring_171_jpg.rf.a1de85496f47f6e1cb610edf08611007.jpg,ring_171,Ring,4,train,dataset1
DS1_IMG_004294,train/Ring/ring_172_jpg.rf.0d452bce4f9ae29a7f7abaaf4804dcc4.jpg,ring_172,Ring,4,train,dataset1
DS1_IMG_004295,train/Ring/ring_172_jpg.rf.314e255414eaf38b64703f4ec4a1feea.jpg,ring_172,Ring,4,train,dataset1
DS1_IMG_004296,train/Ring/ring_179_jpg.rf.8acc8b27b9aa6cbe541bd838f7940fc1.jpg,ring_179,Ring,4,train,dataset1
DS1_IMG_004297,train/Ring/ring_179_jpg.rf.905725ddb4d7ee732a13fc5e712db5f6.jpg,ring_179,Ring,4,train,dataset1
DS1_IMG_004298,train/Ring/ring_179_jpg.rf.d2fb0dac50ac7e3f37edcabdd51caffa.jpg,ring_179,Ring,4,train,dataset1
DS1_IMG_004299,train/Ring/ring_180_jpg.rf.1063182128d20f051ced6d54288c3c4f.jpg,ring_180,Ring,4,train,dataset1
DS1_IMG_004300,train/Ring/ring_180_jpg.rf.587e9f38bf1108be8b830ef7bf57f908.jpg,ring_180,Ring,4,train,dataset1
DS1_IMG_004301,train/Ring/ring_180_jpg.rf.f9a722876c8a9eb8c8d6219989c12bd8.jpg,ring_180,Ring,4,train,dataset1
DS1_IMG_004302,train/Ring/ring_181_jpg.rf.017ba3a63c71322570fdca73aa79bf4c.jpg,ring_181,Ring,4,train,dataset1
DS1_IMG_004303,train/Ring/ring_181_jpg.rf.22662fcb314cb4a04814b649501e3bdf.jpg,ring_181,Ring,4,train,dataset1
DS1_IMG_004304,train/Ring/ring_181_jpg.rf.34ac69ad7e7e88f549e371809d44d82f.jpg,ring_181,Ring,4,train,dataset1
DS1_IMG_004305,train/Ring/ring_183_jpg.rf.1bbe33c471a62045b29285bce91a7cb4.jpg,ring_183,Ring,4,train,dataset1
DS1_IMG_004306,train/Ring/ring_183_jpg.rf.b1600970ad7b806aa735e1cb8d4802b7.jpg,ring_183,Ring,4,train,dataset1
DS1_IMG_004307,train/Ring/ring_183_jpg.rf.d10adf1a0d9cde6f05a08b5217c182df.jpg,ring_183,Ring,4,train,dataset1
DS1_IMG_004308,train/Ring/ring_184_jpg.rf.11b1660769b8909fbfa2e5e3782f86dd.jpg,ring_184,Ring,4,train,dataset1
DS1_IMG_004309,train/Ring/ring_184_jpg.rf.2a74f45a5cafb0ac62d058df90b81530.jpg,ring_184,Ring,4,train,dataset1
DS1_IMG_004310,train/Ring/ring_184_jpg.rf.411e8f4856e10b3fbfb34f3856a0892b.jpg,ring_184,Ring,4,train,dataset1
DS1_IMG_004311,train/Ring/ring_185_jpg.rf.000ee0293ff7993e73a70da863a1db3c.jpg,ring_185,Ring,4,train,dataset1
DS1_IMG_004312,train/Ring/ring_185_jpg.rf.419273107d36caedbff7dcff7112ae20.jpg,ring_185,Ring,4,train,dataset1
DS1_IMG_004313,train/Ring/ring_185_jpg.rf.c477fec789947ef07d982eaacb77a089.jpg,ring_185,Ring,4,train,dataset1
DS1_IMG_004314,train/Ring/ring_187_jpg.rf.58beb83c2bc08ebeeed3cefb7f1c143a.jpg,ring_187,Ring,4,train,dataset1
DS1_IMG_004315,train/Ring/ring_187_jpg.rf.65faa89fffc3abf1278460e6b1c9b851.jpg,ring_187,Ring,4,train,dataset1
DS1_IMG_004316,train/Ring/ring_187_jpg.rf.f9b0c724e5f4570e5f432c6558ddd156.jpg,ring_187,Ring,4,train,dataset1
DS1_IMG_004317,train/Ring/ring_188_jpg.rf.21dcf531d2e0e6819262edb5ea3f8240.jpg,ring_188,Ring,4,train,dataset1
DS1_IMG_004318,train/Ring/ring_188_jpg.rf.4cfa8dc15cfda91e9d96b502d66017a0.jpg,ring_188,Ring,4,train,dataset1
DS1_IMG_004319,train/Ring/ring_188_jpg.rf.f94b64ceec196946b3d9bfeca3a430c2.jpg,ring_188,Ring,4,train,dataset1
DS1_IMG_004320,train/Ring/ring_192_jpg.rf.000e7f5e214f44bd3c3ea2c4391eab83.jpg,ring_192,Ring,4,train,dataset1
DS1_IMG_004321,train/Ring/ring_192_jpg.rf.840e37fe34572d43dcade171d964887a.jpg,ring_192,Ring,4,train,dataset1
DS1_IMG_004322,train/Ring/ring_192_jpg.rf.d8021ace2f03fc81a28bbe5ac5ffe8bb.jpg,ring_192,Ring,4,train,dataset1
DS1_IMG_004323,train/Ring/ring_193_jpg.rf.a6c30e6a09781c61529e73b9f5ea4f21.jpg,ring_193,Ring,4,train,dataset1
DS1_IMG_004324,train/Ring/ring_193_jpg.rf.bf2c49357426f3171915f3b073700e2e.jpg,ring_193,Ring,4,train,dataset1
DS1_IMG_004325,train/Ring/ring_193_jpg.rf.d870f084d908e83e5fd22056f419e4da.jpg,ring_193,Ring,4,train,dataset1
DS1_IMG_004326,train/Ring/wedding-rings-jewellery-png-31_png.rf.52b50afe0001403862670afc49ddbdda.jpg,wedding-rings-jewellery-png-31,Ring,4,train,dataset1
DS1_IMG_004327,train/Ring/wedding-rings-jewellery-png-31_png.rf.8188fea08d9926fcbfd5bb337537f07b.jpg,wedding-rings-jewellery-png-31,Ring,4,train,dataset1
DS1_IMG_004328,train/Ring/wedding-rings-jewellery-png-31_png.rf.87e5f23d3d114cf7d86f947f47448ec8.jpg,wedding-rings-jewellery-png-31,Ring,4,train,dataset1
DS1_IMG_004329,valid/Bracelet/IMG_0156_bf9d1f03_JPG.rf.d03287457751182c40b68fe1f5f61b4f.jpg,IMG_0156_bf9d1f03,Bracelet,0,valid,dataset1
DS1_IMG_004330,valid/Bracelet/IMG_0424-1-_a84f4e45_jpg.rf.b05e85a3e3e55407088607be50080cf7.jpg,IMG_0424-1-_a84f4e45,Bracelet,0,valid,dataset1
DS1_IMG_004331,valid/Bracelet/IMG_0426-1-_9592ad0c_jpg.rf.8f5be0d424a9288c7af2eab9af3b48a2.jpg,IMG_0426-1-_9592ad0c,Bracelet,0,valid,dataset1
DS1_IMG_004332,valid/Bracelet/IMG_0426-1-_c35f3c20_JPG.rf.7bb331331165ab9e005a3f66a54a4cf6.jpg,IMG_0426-1-_c35f3c20,Bracelet,0,valid,dataset1
DS1_IMG_004333,valid/Bracelet/IMG_0427_2bd0d908_jpg.rf.c697d2e9a786bc5629d57810261d5e54.jpg,IMG_0427_2bd0d908,Bracelet,0,valid,dataset1
DS1_IMG_004334,valid/Bracelet/IMG_0827_b787c04f_JPG.rf.d8f184cba75a4d50e474150db3880a61.jpg,IMG_0827_b787c04f,Bracelet,0,valid,dataset1
DS1_IMG_004335,valid/Bracelet/IMG_1305_fca445ca_JPG.rf.3e599881b91ae4e743d1c3be547060a6.jpg,IMG_1305_fca445ca,Bracelet,0,valid,dataset1
DS1_IMG_004336,valid/Bracelet/IMG_1365_0ce861bf_JPG.rf.064aa19fe402b6aded03e1e43a6edcbd.jpg,IMG_1365_0ce861bf,Bracelet,0,valid,dataset1
DS1_IMG_004337,valid/Bracelet/IMG_1388_f85dd16b_JPG.rf.37dd3c518b09f42467367ddfb959edc1.jpg,IMG_1388_f85dd16b,Bracelet,0,valid,dataset1
DS1_IMG_004338,valid/Bracelet/IMG_1389_0e78e48a_JPG.rf.d6b89e61affc1fe8ca6b56b59910907f.jpg,IMG_1389_0e78e48a,Bracelet,0,valid,dataset1
DS1_IMG_004339,valid/Bracelet/IMG_1390_531a5d43_JPG.rf.ad607a58c43d717090861d491704eee3.jpg,IMG_1390_531a5d43,Bracelet,0,valid,dataset1
DS1_IMG_004340,valid/Bracelet/IMG_1392_7defe01a_JPG.rf.f3a9a143378e150b013c504fe8933ac0.jpg,IMG_1392_7defe01a,Bracelet,0,valid,dataset1
DS1_IMG_004341,valid/Bracelet/IMG_1393_6ca8aaca_JPG.rf.fc739802580affacab65722e30d9a88d.jpg,IMG_1393_6ca8aaca,Bracelet,0,valid,dataset1
DS1_IMG_004342,valid/Bracelet/IMG_1410_fe327340_JPG.rf.cdc98fef7cf4bdd94abadaef74853ed6.jpg,IMG_1410_fe327340,Bracelet,0,valid,dataset1
DS1_IMG_004343,valid/Bracelet/IMG_1604_8220159e_JPG.rf.d9374c31b89d1b0418991b349d073fef.jpg,IMG_1604_8220159e,Bracelet,0,valid,dataset1
DS1_IMG_004344,valid/Bracelet/IMG_2317_1c75d299_JPG.rf.c33c68dcbe3fc589be092481c7003eb4.jpg,IMG_2317_1c75d299,Bracelet,0,valid,dataset1
DS1_IMG_004345,valid/Bracelet/IMG_2319_afd62472_JPG.rf.052c4c6090b8d372a8d2357053c4c914.jpg,IMG_2319_afd62472,Bracelet,0,valid,dataset1
DS1_IMG_004346,valid/Bracelet/IMG_2385_ad1bcb15_JPG.rf.a889d3252b996cf98263e36f0be49b03.jpg,IMG_2385_ad1bcb15,Bracelet,0,valid,dataset1
DS1_IMG_004347,valid/Bracelet/IMG_2387_c0e1755b_JPG.rf.6536957983807b4575aff91f98716a47.jpg,IMG_2387_c0e1755b,Bracelet,0,valid,dataset1
DS1_IMG_004348,valid/Bracelet/IMG_2411_a9a572d2_JPG.rf.69a578b1dc93c3b0ebd899ae98e560e1.jpg,IMG_2411_a9a572d2,Bracelet,0,valid,dataset1
DS1_IMG_004349,valid/Bracelet/IMG_2487_33356af4_JPG.rf.f01c100e931841b6fae6925cd0e12847.jpg,IMG_2487_33356af4,Bracelet,0,valid,dataset1
DS1_IMG_004350,valid/Bracelet/IMG_2514_dc7fc8b7_JPG.rf.83a2b703a1f71f7cbf58f249c8a76ee7.jpg,IMG_2514_dc7fc8b7,Bracelet,0,valid,dataset1
DS1_IMG_004351,valid/Bracelet/IMG_2518_1085b5aa_JPG.rf.24e5edb757acb9c3d6c8c5caad044b27.jpg,IMG_2518_1085b5aa,Bracelet,0,valid,dataset1
DS1_IMG_004352,valid/Bracelet/IMG_2520_577c7b9c_JPG.rf.579e1f1d3dea07f1d83328ae79af2c7d.jpg,IMG_2520_577c7b9c,Bracelet,0,valid,dataset1
DS1_IMG_004353,valid/Bracelet/IMG_2522_ec85d5dc_JPG.rf.b30ec51c7f81a809b0b0bea5c96f41d9.jpg,IMG_2522_ec85d5dc,Bracelet,0,valid,dataset1
DS1_IMG_004354,valid/Bracelet/IMG_2524_7c7fca2e_JPG.rf.9dbeac9b64233cb247f0615b00081fac.jpg,IMG_2524_7c7fca2e,Bracelet,0,valid,dataset1
DS1_IMG_004355,valid/Bracelet/IMG_2526_ae677da8_JPG.rf.5ca3e6545ac09c26f77269af97afbf0b.jpg,IMG_2526_ae677da8,Bracelet,0,valid,dataset1
DS1_IMG_004356,valid/Bracelet/bracelet_001_jpg.rf.a0c302c09946ac1537b6ab62fbb56b90.jpg,bracelet_001,Bracelet,0,valid,dataset1
DS1_IMG_004357,valid/Bracelet/bracelet_004_jpg.rf.11dac9ce59af9cdb94e004f92523d7e1.jpg,bracelet_004,Bracelet,0,valid,dataset1
DS1_IMG_004358,valid/Bracelet/bracelet_005_jpg.rf.3adcc2070daca3191c4cbaf82c780e60.jpg,bracelet_005,Bracelet,0,valid,dataset1
DS1_IMG_004359,valid/Bracelet/bracelet_007_jpg.rf.7d05d394eb1e0b1dad2094a052bd7e7f.jpg,bracelet_007,Bracelet,0,valid,dataset1
DS1_IMG_004360,valid/Bracelet/bracelet_011_jpg.rf.a737440294546e6a802025029a13a4ea.jpg,bracelet_011,Bracelet,0,valid,dataset1
DS1_IMG_004361,valid/Bracelet/bracelet_015_jpg.rf.9409145ae03b4bf275091d256bffda04.jpg,bracelet_015,Bracelet,0,valid,dataset1
DS1_IMG_004362,valid/Bracelet/bracelet_017_jpg.rf.d4178a200c231b017a345f72b81d5cd6.jpg,bracelet_017,Bracelet,0,valid,dataset1
DS1_IMG_004363,valid/Bracelet/bracelet_022_jpg.rf.7de8371a4f6660f1945e70527e75dbba.jpg,bracelet_022,Bracelet,0,valid,dataset1
DS1_IMG_004364,valid/Bracelet/bracelet_028_jpg.rf.d5d6ca7d4ec7b6a8628e4da0bd0d4699.jpg,bracelet_028,Bracelet,0,valid,dataset1
DS1_IMG_004365,valid/Bracelet/bracelet_034_jpg.rf.3a1beec77fbc6605d72bacdd87298c1e.jpg,bracelet_034,Bracelet,0,valid,dataset1
DS1_IMG_004366,valid/Bracelet/bracelet_047_jpg.rf.bd1eeddd14cc843e66b07b3cd5fec508.jpg,bracelet_047,Bracelet,0,valid,dataset1
DS1_IMG_004367,valid/Bracelet/bracelet_050_jpg.rf.0b539a795822139c4c4c7fe74d21b74a.jpg,bracelet_050,Bracelet,0,valid,dataset1
DS1_IMG_004368,valid/Bracelet/bracelet_052_jpg.rf.1a5218efb1ee675eda2f81d1b9c00ecf.jpg,bracelet_052,Bracelet,0,valid,dataset1
DS1_IMG_004369,valid/Bracelet/bracelet_056_jpg.rf.04acebda4e8851f5829c13fe5331eeda.jpg,bracelet_056,Bracelet,0,valid,dataset1
DS1_IMG_004370,valid/Bracelet/bracelet_058_jpg.rf.0c31c34b9064f0c4538060b622341b86.jpg,bracelet_058,Bracelet,0,valid,dataset1
DS1_IMG_004371,valid/Bracelet/bracelet_065_jpg.rf.40b93dab4e9aab8326fe796b056c41bb.jpg,bracelet_065,Bracelet,0,valid,dataset1
DS1_IMG_004372,valid/Bracelet/bracelet_068_jpg.rf.18545669c84f4b08f5de48f3e21389a3.jpg,bracelet_068,Bracelet,0,valid,dataset1
DS1_IMG_004373,valid/Bracelet/bracelet_069_jpg.rf.03dabb13deee388a6db9cb72951ac750.jpg,bracelet_069,Bracelet,0,valid,dataset1
DS1_IMG_004374,valid/Bracelet/bracelet_070_jpg.rf.b8d3e07b09a54ffd99246204043b1d79.jpg,bracelet_070,Bracelet,0,valid,dataset1
DS1_IMG_004375,valid/Bracelet/bracelet_072_jpg.rf.4f6ab9578693fa4896574bfa455ac137.jpg,bracelet_072,Bracelet,0,valid,dataset1
DS1_IMG_004376,valid/Bracelet/bracelet_092_jpg.rf.290d8f1f52dfd830b7d88d6002b304b9.jpg,bracelet_092,Bracelet,0,valid,dataset1
DS1_IMG_004377,valid/Bracelet/bracelet_094_jpg.rf.4cc707f06172afd0e69efaee5b38ba77.jpg,bracelet_094,Bracelet,0,valid,dataset1
DS1_IMG_004378,valid/Bracelet/bracelet_097_jpg.rf.3d86d4ef6982386b8e41ff176464d5e2.jpg,bracelet_097,Bracelet,0,valid,dataset1
DS1_IMG_004379,valid/Bracelet/bracelet_114_jpg.rf.fbadc6bd5bb7d7cd4165efff8ec1b212.jpg,bracelet_114,Bracelet,0,valid,dataset1
DS1_IMG_004380,valid/Bracelet/bracelet_116_jpg.rf.0eaba7c6fd1e8aedb268aeb679096080.jpg,bracelet_116,Bracelet,0,valid,dataset1
DS1_IMG_004381,valid/Bracelet/bracelet_120_jpg.rf.6bf7e3bb5e9b145a7485783228d2b50a.jpg,bracelet_120,Bracelet,0,valid,dataset1
DS1_IMG_004382,valid/Bracelet/bracelet_127_jpg.rf.cd318c08920e5405d1cd99dc26ca0ba7.jpg,bracelet_127,Bracelet,0,valid,dataset1
DS1_IMG_004383,valid/Bracelet/bracelet_132_jpg.rf.f6845f88c606b78faa5e7e583e908d76.jpg,bracelet_132,Bracelet,0,valid,dataset1
DS1_IMG_004384,valid/Bracelet/bracelet_156_jpg.rf.c375a74d149d8b0f8e0b96c415f72518.jpg,bracelet_156,Bracelet,0,valid,dataset1
DS1_IMG_004385,valid/Bracelet/bracelet_174_jpg.rf.956dbebae4ae4eec01d11ca068ba7c44.jpg,bracelet_174,Bracelet,0,valid,dataset1
DS1_IMG_004386,valid/Bracelet/bracelet_178_jpg.rf.82e27f61693d1a268da7fa4ee05fbd6e.jpg,bracelet_178,Bracelet,0,valid,dataset1
DS1_IMG_004387,valid/Bracelet/bracelet_195_jpg.rf.447d172749ca32919ae6cb1c7b8294c8.jpg,bracelet_195,Bracelet,0,valid,dataset1
DS1_IMG_004388,valid/Bracelet/bracelet_206_jpg.rf.09c5445d941e8a5723c7bb796094b78b.jpg,bracelet_206,Bracelet,0,valid,dataset1
DS1_IMG_004389,valid/Bracelet/bracelet_207_jpg.rf.b1a3320ef9f018a2c13d4a76049eb580.jpg,bracelet_207,Bracelet,0,valid,dataset1
DS1_IMG_004390,valid/Bracelet/bracelet_226_jpg.rf.03638032b29c1e49754be10447f5c201.jpg,bracelet_226,Bracelet,0,valid,dataset1
DS1_IMG_004391,valid/Bracelet/bracelet_229_jpg.rf.c741ec7f4cc8a009be609f733ead8629.jpg,bracelet_229,Bracelet,0,valid,dataset1
DS1_IMG_004392,valid/Bracelet/bracelet_230_jpg.rf.a51a0123c103fc396549f78781351876.jpg,bracelet_230,Bracelet,0,valid,dataset1
DS1_IMG_004393,valid/Bracelet/bracelet_234_jpg.rf.f373c9614d1bba112cf749a751512d80.jpg,bracelet_234,Bracelet,0,valid,dataset1
DS1_IMG_004394,valid/Bracelet/bracelet_241_jpg.rf.f6227ba17fb742a9297857fa5583f086.jpg,bracelet_241,Bracelet,0,valid,dataset1
DS1_IMG_004395,valid/Bracelet/bracelet_246_jpg.rf.7b2573fa1451cc215139d1d272834613.jpg,bracelet_246,Bracelet,0,valid,dataset1
DS1_IMG_004396,valid/Bracelet/bracelet_252_jpg.rf.0f6b97b0f18b2aa2b0936fdcd6cdd21a.jpg,bracelet_252,Bracelet,0,valid,dataset1
DS1_IMG_004397,valid/Bracelet/bracelet_264_jpg.rf.713a93accbeaf429d799995209a91a32.jpg,bracelet_264,Bracelet,0,valid,dataset1
DS1_IMG_004398,valid/Bracelet/bracelet_269_jpg.rf.a44433d283fd38ad1901d53051635d54.jpg,bracelet_269,Bracelet,0,valid,dataset1
DS1_IMG_004399,valid/Bracelet/bracelet_270_jpg.rf.59f3deff95973aa36a42a435b7b4091c.jpg,bracelet_270,Bracelet,0,valid,dataset1
DS1_IMG_004400,valid/Bracelet/bracelet_271_jpg.rf.77cfbf01e3ebec102ab9f8ae8a86fe3f.jpg,bracelet_271,Bracelet,0,valid,dataset1
DS1_IMG_004401,valid/Bracelet/bracelet_287_jpg.rf.c72a3b28d88116cfe1132e35cbea3b50.jpg,bracelet_287,Bracelet,0,valid,dataset1
DS1_IMG_004402,valid/Bracelet/bracelet_288_jpg.rf.77fd6b0c0e01eff6f609b79cc5390f91.jpg,bracelet_288,Bracelet,0,valid,dataset1
DS1_IMG_004403,valid/Bracelet/vintage-navajo-harvey-era-green-turquoise-symbols-coin-silver-bracelet-875F_JPG.rf.bb588d69e3b59055e760f2ff7a98ef0a.jpg,vintage-navajo-harvey-era-green-turquoise-symbols-coin-silver-bracelet-875F,Bracelet,0,valid,dataset1
DS1_IMG_004404,valid/Earrings/DIDE0015_1Y_jpg.rf.0b2ea4e67373774e1a495bcea5889a46.jpg,DIDE0015_1Y,Earrings,1,valid,dataset1
DS1_IMG_004405,valid/Earrings/Dubai-payal-gold-plated-design-jewelries-set-jpg_350x350_jpg.rf.8ac03b5ad14154a6dbc03521960312ba.jpg,Dubai-payal-gold-plated-design-jewelries-set-jpg_350x350,Earrings,1,valid,dataset1
DS1_IMG_004406,valid/Earrings/E747-yellow-gold-18k-heart-shape-two-heart-cute-earring-the-lastest-designs-hotsale-cute-earrings_jpg.rf.a0c11bb0c7bca340760226030869f0ae.jpg,E747-yellow-gold-18k-heart-shape-two-heart-cute-earring-the-lastest-designs-hotsale-cute-earrings,Earrings,1,valid,dataset1
DS1_IMG_004407,valid/Earrings/EADPCLSMMAQ_263962_1_Masked_png.rf.0aa9be660223a3749b16eedbec5b34b7.jpg,EADPCLSMMAQ_263962_1_Masked,Earrings,1,valid,dataset1
DS1_IMG_004408,valid/Earrings/IMG_0634_9505e555_jpg.rf.8c772ad90adf490336e1dab32fe7d194.jpg,IMG_0634_9505e555,Earrings,1,valid,dataset1
DS1_IMG_004409,valid/Earrings/IMG_0681_6c434e51_jpg.rf.e8e6d0d0676179e8557245a73eb0f622.jpg,IMG_0681_6c434e51,Earrings,1,valid,dataset1
DS1_IMG_004410,valid/Earrings/IMG_1672_25fe18cc_JPG.rf.d1c79b25abc1fbbb97f8ffe89bb63817.jpg,IMG_1672_25fe18cc,Earrings,1,valid,dataset1
DS1_IMG_004411,valid/Earrings/IMG_2153_b30d77f4_JPG.rf.7009c459b130b5c2dafcda8815a85d05.jpg,IMG_2153_b30d77f4,Earrings,1,valid,dataset1
DS1_IMG_004412,valid/Earrings/IMG_2155_73af9eb7_JPG.rf.6a39ec175735333192de3c488347653e.jpg,IMG_2155_73af9eb7,Earrings,1,valid,dataset1
DS1_IMG_004413,valid/Earrings/IMG_2253_44d97e7f_JPG.rf.65145e7932283a874903e5d296d1d510.jpg,IMG_2253_44d97e7f,Earrings,1,valid,dataset1
DS1_IMG_004414,valid/Earrings/IMG_2254_c0eca1bf_JPG.rf.d215215ee6b6479f6fe3f16088818e79.jpg,IMG_2254_c0eca1bf,Earrings,1,valid,dataset1
DS1_IMG_004415,valid/Earrings/IMG_2255_bf9c1d87_JPG.rf.6c7147e9892511df2cce703b5be8448b.jpg,IMG_2255_bf9c1d87,Earrings,1,valid,dataset1
DS1_IMG_004416,valid/Earrings/IMG_2499_93fca753_JPG.rf.792844b0799688696178654c9a21438b.jpg,IMG_2499_93fca753,Earrings,1,valid,dataset1
DS1_IMG_004417,valid/Earrings/Screenshot_20181115-080337_1542266024191_png.rf.a1187dd34448c02e80182130a763a3ba.jpg,Screenshot_20181115-080337_1542266024191,Earrings,1,valid,dataset1
DS1_IMG_004418,valid/Earrings/UE00018-YG0000_1_lar_jpg.rf.c41fa9f86d88a1a3c993c767a0c01595.jpg,UE00018-YG0000_1_lar,Earrings,1,valid,dataset1
DS1_IMG_004419,valid/Earrings/Winsome-Diamond-Drop-Earrings-1_jpg.rf.c4eb3e66c475d8d27d8a5a8ff5989033.jpg,Winsome-Diamond-Drop-Earrings-1,Earrings,1,valid,dataset1
DS1_IMG_004420,valid/Earrings/earring-18-gold_jpg.rf.920dfc75f02151f891b03d2e6f9290c4.jpg,earring-18-gold,Earrings,1,valid,dataset1
DS1_IMG_004421,valid/Earrings/earring_102_jpg.rf.e21a2acc400fb91593bcf3f5e90e3144.jpg,earring_102,Earrings,1,valid,dataset1
DS1_IMG_004422,valid/Earrings/earring_105_jpg.rf.f8f4633577ed1425f6b633e76c5561a2.jpg,earring_105,Earrings,1,valid,dataset1
DS1_IMG_004423,valid/Earrings/earring_107_jpg.rf.ff251ea42c8b97497bad98b1364eb19f.jpg,earring_107,Earrings,1,valid,dataset1
DS1_IMG_004424,valid/Earrings/earring_108_jpg.rf.5ef0f6840427e943c630e750a5abe125.jpg,earring_108,Earrings,1,valid,dataset1
DS1_IMG_004425,valid/Earrings/earring_148_jpg.rf.86e415bddf961b1b6a6aeb4925c61a1d.jpg,earring_148,Earrings,1,valid,dataset1
DS1_IMG_004426,valid/Earrings/earring_154_jpg.rf.28207bc5737798259b8fc4e0fb00ab81.jpg,earring_154,Earrings,1,valid,dataset1
DS1_IMG_004427,valid/Earrings/earring_160_jpg.rf.f1e69312531f84aacd917bcad2bd00bb.jpg,earring_160,Earrings,1,valid,dataset1
DS1_IMG_004428,valid/Earrings/earring_169_jpg.rf.0fc8b39945bda080ec2ea6f262dead1a.jpg,earring_169,Earrings,1,valid,dataset1
DS1_IMG_004429,valid/Earrings/earring_16_jpg.rf.ce4ee761d8bc1267608ef9e9015f4fe2.jpg,earring_16,Earrings,1,valid,dataset1
DS1_IMG_004430,valid/Earrings/earring_171_jpg.rf.0e0721bad40b8c8f474af7482b405ad8.jpg,earring_171,Earrings,1,valid,dataset1
DS1_IMG_004431,valid/Earrings/earring_177_jpg.rf.7f4211f8c2dd0d8ec13c4ec10e00adb2.jpg,earring_177,Earrings,1,valid,dataset1
DS1_IMG_004432,valid/Earrings/earring_197_jpg.rf.fbf10ae96646ac95ff4e8bf84ac535c6.jpg,earring_197,Earrings,1,valid,dataset1
DS1_IMG_004433,valid/Earrings/earring_211_jpg.rf.341be6a02102c6258074f00b899acd4f.jpg,earring_211,Earrings,1,valid,dataset1
DS1_IMG_004434,valid/Earrings/earring_224_jpg.rf.b2ac17484a1334fb4b9ceac29f1f7175.jpg,earring_224,Earrings,1,valid,dataset1
DS1_IMG_004435,valid/Earrings/earring_231_jpg.rf.ba54be785acf33f3475b53fe1e117a26.jpg,earring_231,Earrings,1,valid,dataset1
DS1_IMG_004436,valid/Earrings/earring_25_jpg.rf.9a90560ce826bd107494b46290c1e6f3.jpg,earring_25,Earrings,1,valid,dataset1
DS1_IMG_004437,valid/Earrings/earring_261_jpg.rf.593c89a26be04a5c853be4e921f0a30b.jpg,earring_261,Earrings,1,valid,dataset1
DS1_IMG_004438,valid/Earrings/earring_269_jpg.rf.474bef558870fdfa7725cf9d339ed944.jpg,earring_269,Earrings,1,valid,dataset1
DS1_IMG_004439,valid/Earrings/earring_296_jpg.rf.8da391bb15803542d29f0372e910b482.jpg,earring_296,Earrings,1,valid,dataset1
DS1_IMG_004440,valid/Earrings/earring_299_jpg.rf.31b4156b623e90cd16833f3a73320d84.jpg,earring_299,Earrings,1,valid,dataset1
DS1_IMG_004441,valid/Earrings/earring_314_jpg.rf.7aa3e8f85bb9b90838fde9d29e3b4b12.jpg,earring_314,Earrings,1,valid,dataset1
DS1_IMG_004442,valid/Earrings/earring_322_jpg.rf.52e6e0cdfc099f7ec8124b4900db9c67.jpg,earring_322,Earrings,1,valid,dataset1
DS1_IMG_004443,valid/Earrings/earring_326_jpg.rf.b3e7c80ba81be95755ddca748f081d34.jpg,earring_326,Earrings,1,valid,dataset1
DS1_IMG_004444,valid/Earrings/earring_343_jpg.rf.af248b270f1b8b6970fc864c87806ee0.jpg,earring_343,Earrings,1,valid,dataset1
DS1_IMG_004445,valid/Earrings/earring_362_jpg.rf.6ca23edf6b05d7b8decea40762d9d673.jpg,earring_362,Earrings,1,valid,dataset1
DS1_IMG_004446,valid/Earrings/earring_366_jpg.rf.4411afb11027f9dc91b577af8fdb5435.jpg,earring_366,Earrings,1,valid,dataset1
DS1_IMG_004447,valid/Earrings/earring_370_jpg.rf.9842901dddc105c9f06a42bca7f27d4b.jpg,earring_370,Earrings,1,valid,dataset1
DS1_IMG_004448,valid/Earrings/earring_378_jpg.rf.d20ee5bd1e4a0c54cc422a2327763d11.jpg,earring_378,Earrings,1,valid,dataset1
DS1_IMG_004449,valid/Earrings/earring_400_jpg.rf.bd5026815473d62d8a1329287fa08d99.jpg,earring_400,Earrings,1,valid,dataset1
DS1_IMG_004450,valid/Earrings/earring_410_jpg.rf.7a5f8830f91fbc4aa10b0424b18c286f.jpg,earring_410,Earrings,1,valid,dataset1
DS1_IMG_004451,valid/Earrings/earring_417_jpg.rf.e150219d490382419b814039efd35f56.jpg,earring_417,Earrings,1,valid,dataset1
DS1_IMG_004452,valid/Earrings/earring_428_jpg.rf.8920150ad47bc3f5a02a629d5fdc1a5e.jpg,earring_428,Earrings,1,valid,dataset1
DS1_IMG_004453,valid/Earrings/earring_44_jpg.rf.6335fd7746e978f6d3fd078227b48cc7.jpg,earring_44,Earrings,1,valid,dataset1
DS1_IMG_004454,valid/Earrings/earring_453_jpg.rf.1123509d61885db9d71a3eb0c7f7ac31.jpg,earring_453,Earrings,1,valid,dataset1
DS1_IMG_004455,valid/Earrings/earring_462_jpg.rf.281810a0caf896a0c7802b7a8af8b4ca.jpg,earring_462,Earrings,1,valid,dataset1
DS1_IMG_004456,valid/Earrings/earring_464_jpg.rf.3729285dbe9e34517f14b73dd8f2624b.jpg,earring_464,Earrings,1,valid,dataset1
DS1_IMG_004457,valid/Earrings/earring_471_jpg.rf.aad8da23bc0e7ecbfb66389579b6a0e7.jpg,earring_471,Earrings,1,valid,dataset1
DS1_IMG_004458,valid/Earrings/earring_54_jpg.rf.ef6b4309ab5b4d82adbe5f03eced8ba6.jpg,earring_54,Earrings,1,valid,dataset1
DS1_IMG_004459,valid/Earrings/earring_70_jpg.rf.d7044ac0c4cc0c8aaf7eb2e6d68cb429.jpg,earring_70,Earrings,1,valid,dataset1
DS1_IMG_004460,valid/Earrings/earring_85_jpg.rf.768fe0388b18ca9d312ec5540c32f09d.jpg,earring_85,Earrings,1,valid,dataset1
DS1_IMG_004461,valid/Earrings/earring_8_jpg.rf.4bfb88d744d00e6a902cb28cf9750b57.jpg,earring_8,Earrings,1,valid,dataset1
DS1_IMG_004462,valid/Earrings/earring_95_jpg.rf.0300d2f6ed3d99cbaaf0e3c7aeb1bc98.jpg,earring_95,Earrings,1,valid,dataset1
DS1_IMG_004463,valid/Earrings/il_570xN-1508471387_j6bv_large_jpg.rf.d4020a3ec9c58f70216b2892e4601675.jpg,il_570xN-1508471387_j6bv_large,Earrings,1,valid,dataset1
DS1_IMG_004464,valid/Earrings/images-16-_jpeg.rf.9422cc36e71cebd4a33b36224e2b2f94.jpg,images-16-,Earrings,1,valid,dataset1
DS1_IMG_004465,valid/Earrings/images-28-_jpeg.rf.5671d50aa79e2da46b624d27a1c7ae05.jpg,images-28-,Earrings,1,valid,dataset1
DS1_IMG_004466,valid/Earrings/images-33-_jpeg.rf.a63b7ab0806737050e28f67e2c517254.jpg,images-33-,Earrings,1,valid,dataset1
DS1_IMG_004467,valid/Earrings/images-35-_jpeg.rf.020152ad8649a8ecdd37433fea242ce6.jpg,images-35-,Earrings,1,valid,dataset1
DS1_IMG_004468,valid/Earrings/images-36-_jpeg.rf.036c3bf45cad6b53a94d143964218aef.jpg,images-36-,Earrings,1,valid,dataset1
DS1_IMG_004469,valid/Earrings/images-42-_jpeg.rf.6327910ce27bc3a6d046003b2323d784.jpg,images-42-,Earrings,1,valid,dataset1
DS1_IMG_004470,valid/Earrings/images-68-_jpeg.rf.2a9635cc5cf8a60c4937ccc04e7c436e.jpg,images-68-,Earrings,1,valid,dataset1
DS1_IMG_004471,valid/Earrings/images-69-_jpeg.rf.afc3e51c5e882178c4158c35562b31b8.jpg,images-69-,Earrings,1,valid,dataset1
DS1_IMG_004472,valid/Earrings/images-70-_jpeg.rf.b454b0279bfbf783d96649f4393feafa.jpg,images-70-,Earrings,1,valid,dataset1
DS1_IMG_004473,valid/Earrings/images-75-_jpeg.rf.cfffe24d78566b5d29ea27e774fe6d20.jpg,images-75-,Earrings,1,valid,dataset1
DS1_IMG_004474,valid/Earrings/images-88-_jpeg.rf.4a4e9a5f5114dee1022433264a6d6054.jpg,images-88-,Earrings,1,valid,dataset1
DS1_IMG_004475,valid/Earrings/images-89-_jpeg.rf.8dcce8d9446fccb71106e0c45581bca9.jpg,images-89-,Earrings,1,valid,dataset1
DS1_IMG_004476,valid/Earrings/images-92-_jpeg.rf.aa3e043a3edbaa233456bc4ccfd5ac96.jpg,images-92-,Earrings,1,valid,dataset1
DS1_IMG_004477,valid/Earrings/invisible-set-round-diamond-stud-earring-in-18K-rose-gold-FDEAR8388-NL-RG_jpg.rf.c411fac3669a0f96f2f11382aea9694a.jpg,invisible-set-round-diamond-stud-earring-in-18K-rose-gold-FDEAR8388-NL-RG,Earrings,1,valid,dataset1
DS1_IMG_004478,valid/Earrings/necklace_20241125_122545_0000001c_jpg.rf.f48cfa5ca7aba642c750c3f511a73101.jpg,necklace_20241125_122545_0000001c,Earrings,1,valid,dataset1
DS1_IMG_004479,valid/Earrings/necklace_20241125_122545_38f8fefc_jpg.rf.e7aad28bd3ef02b432f653eed56c3ff7.jpg,necklace_20241125_122545_38f8fefc,Earrings,1,valid,dataset1
DS1_IMG_004480,valid/Earrings/necklace_20241125_122545_e0fc9898_jpg.rf.498a7abedc7d0de2a8fbc99d011c974d.jpg,necklace_20241125_122545_e0fc9898,Earrings,1,valid,dataset1
DS1_IMG_004481,valid/Earrings/roberto-coin-18k-yellow-gold-new-barocco-diamond-earrings_jpeg.rf.3912887eed8759f839f8052ded13e91a.jpg,roberto-coin-18k-yellow-gold-new-barocco-diamond-earrings,Earrings,1,valid,dataset1
DS1_IMG_004482,valid/Necklace/IMG_0132_bb2d9bf9_JPG.rf.4c9ee325aeeabbad076a1cb0092c9de1.jpg,IMG_0132_bb2d9bf9,Necklace,2,valid,dataset1
DS1_IMG_004483,valid/Necklace/IMG_0213_bea8f918_JPG.rf.f2c4be298483b83538ba7ecfff5e79e9.jpg,IMG_0213_bea8f918,Necklace,2,valid,dataset1
DS1_IMG_004484,valid/Necklace/IMG_0220_d5e0b5de_JPG.rf.620f6205a9c148d42b834c8f3673516f.jpg,IMG_0220_d5e0b5de,Necklace,2,valid,dataset1
DS1_IMG_004485,valid/Necklace/IMG_0236_7189320f_JPG.rf.1ace1190809f81245dc34b6868e9e5ab.jpg,IMG_0236_7189320f,Necklace,2,valid,dataset1
DS1_IMG_004486,valid/Necklace/IMG_0241_2b7d4093_JPG.rf.eb2dab5f437ca67518055582e554ff6a.jpg,IMG_0241_2b7d4093,Necklace,2,valid,dataset1
DS1_IMG_004487,valid/Necklace/IMG_0249_f408a98b_JPG.rf.5fa6306448be07b655be0c88f0bcd35c.jpg,IMG_0249_f408a98b,Necklace,2,valid,dataset1
DS1_IMG_004488,valid/Necklace/IMG_0261_b82f67e7_JPG.rf.09065acb4ef28128fe42f8067c784bc6.jpg,IMG_0261_b82f67e7,Necklace,2,valid,dataset1
DS1_IMG_004489,valid/Necklace/IMG_0356-1-_604e1716_JPG.rf.aefd7ab27de1d29f6208b8c62c38f392.jpg,IMG_0356-1-_604e1716,Necklace,2,valid,dataset1
DS1_IMG_004490,valid/Necklace/IMG_0361_717646eb_jpg.rf.461f65547a7afd92cf1c195dd6f2fd9c.jpg,IMG_0361_717646eb,Necklace,2,valid,dataset1
DS1_IMG_004491,valid/Necklace/IMG_0363-1-_7c86b375_jpg.rf.5dd92b8de26659e54e5ee93fde41002e.jpg,IMG_0363-1-_7c86b375,Necklace,2,valid,dataset1
DS1_IMG_004492,valid/Necklace/IMG_0364-1-_1629d03a_jpg.rf.3a5d8aa15af1aae2779857ec7369dade.jpg,IMG_0364-1-_1629d03a,Necklace,2,valid,dataset1
DS1_IMG_004493,valid/Necklace/IMG_0365_4db6422e_jpg.rf.a5c6410c75f2b76ded9211c50abe4b2f.jpg,IMG_0365_4db6422e,Necklace,2,valid,dataset1
DS1_IMG_004494,valid/Necklace/IMG_0382-1-_01ffe6f9_jpg.rf.d9735c9d46ca8011a456445cf048ec08.jpg,IMG_0382-1-_01ffe6f9,Necklace,2,valid,dataset1
DS1_IMG_004495,valid/Necklace/IMG_0389-1-_7683d517_JPG.rf.c3ce62157d9650e0108e006e1e495d49.jpg,IMG_0389-1-_7683d517,Necklace,2,valid,dataset1
DS1_IMG_004496,valid/Necklace/IMG_0412_32d9d91c_jpg.rf.55d0ac02a2432ba8d288971db53b8d4c.jpg,IMG_0412_32d9d91c,Necklace,2,valid,dataset1
DS1_IMG_004497,valid/Necklace/IMG_0413-1-_98426f33_jpg.rf.3e6942ca923638190c23849697483faa.jpg,IMG_0413-1-_98426f33,Necklace,2,valid,dataset1
DS1_IMG_004498,valid/Necklace/IMG_0416-1-_823768a3_jpg.rf.0b001335957eadc6005fc2c9cac72c18.jpg,IMG_0416-1-_823768a3,Necklace,2,valid,dataset1
DS1_IMG_004499,valid/Necklace/IMG_0417-1-_5ebc565d_JPG.rf.1421febc603fd041f4cb8827d0078aaf.jpg,IMG_0417-1-_5ebc565d,Necklace,2,valid,dataset1
DS1_IMG_004500,valid/Necklace/IMG_0420_5285f85e_jpg.rf.1ff399456e5cd9164b0afbc2e208ebfb.jpg,IMG_0420_5285f85e,Necklace,2,valid,dataset1
DS1_IMG_004501,valid/Necklace/IMG_0440_390b4388_jpg.rf.3cb5653329e17a473f3a86204069bd96.jpg,IMG_0440_390b4388,Necklace,2,valid,dataset1
DS1_IMG_004502,valid/Necklace/IMG_0448_00315c00_jpg.rf.ca817c4de911d2a741c9411c5d1ee6af.jpg,IMG_0448_00315c00,Necklace,2,valid,dataset1
DS1_IMG_004503,valid/Necklace/IMG_0453_9a48812e_jpg.rf.3a61c74c0b6c7fb799487e03b6035b14.jpg,IMG_0453_9a48812e,Necklace,2,valid,dataset1
DS1_IMG_004504,valid/Necklace/IMG_0499_7f5c2215_JPG.rf.f38efbbf25c255b754a623cc49d1b2b0.jpg,IMG_0499_7f5c2215,Necklace,2,valid,dataset1
DS1_IMG_004505,valid/Necklace/IMG_0506-1-_d54a7a03_JPG.rf.bad77c95b3b4ce6d443b23558215cf0e.jpg,IMG_0506-1-_d54a7a03,Necklace,2,valid,dataset1
DS1_IMG_004506,valid/Necklace/IMG_0508_fd2d884a_jpg.rf.ea262030851596177c9550e62dbc2a3e.jpg,IMG_0508_fd2d884a,Necklace,2,valid,dataset1
DS1_IMG_004507,valid/Necklace/IMG_0519-1-_bdd925f8_JPG.rf.e982b601272b51370297dd0008b917be.jpg,IMG_0519-1-_bdd925f8,Necklace,2,valid,dataset1
DS1_IMG_004508,valid/Necklace/IMG_0524_284b091f_jpg.rf.0f43ba918f46c11b1f54ea6e1074a433.jpg,IMG_0524_284b091f,Necklace,2,valid,dataset1
DS1_IMG_004509,valid/Necklace/IMG_0527-1-_eafad5d6_JPG.rf.175b71868eb60b0d369f59121fc5af21.jpg,IMG_0527-1-_eafad5d6,Necklace,2,valid,dataset1
DS1_IMG_004510,valid/Necklace/IMG_0527_e0b7e9a5_jpg.rf.0f68ba3e1e037ab382d587317e68829b.jpg,IMG_0527_e0b7e9a5,Necklace,2,valid,dataset1
DS1_IMG_004511,valid/Necklace/IMG_0543_6bd62e53_jpg.rf.7dbf3749a7928f0a00a4cc1d99103a5b.jpg,IMG_0543_6bd62e53,Necklace,2,valid,dataset1
DS1_IMG_004512,valid/Necklace/IMG_0547-1-_8b359e9f_jpg.rf.647630c6ab497f14df914e74fa3f18b8.jpg,IMG_0547-1-_8b359e9f,Necklace,2,valid,dataset1
DS1_IMG_004513,valid/Necklace/IMG_0551-1-_6cc2832b_jpg.rf.9eef565df44709267ff82548f21246b8.jpg,IMG_0551-1-_6cc2832b,Necklace,2,valid,dataset1
DS1_IMG_004514,valid/Necklace/IMG_0558_cc3f4635_jpg.rf.dab21aa09a6cfa51bfd1a05ed994ceea.jpg,IMG_0558_cc3f4635,Necklace,2,valid,dataset1
DS1_IMG_004515,valid/Necklace/IMG_0562_ef9b91ec_jpg.rf.eaee7300f2ea2172245819646c0a8be4.jpg,IMG_0562_ef9b91ec,Necklace,2,valid,dataset1
DS1_IMG_004516,valid/Necklace/IMG_0563-1-_f29a054e_jpg.rf.2e5f670660ad9f2576e63bc4dbaef22a.jpg,IMG_0563-1-_f29a054e,Necklace,2,valid,dataset1
DS1_IMG_004517,valid/Necklace/IMG_0569-1-_f04bae58_JPG.rf.5205727df050df5d7cca44099b0f9c63.jpg,IMG_0569-1-_f04bae58,Necklace,2,valid,dataset1
DS1_IMG_004518,valid/Necklace/IMG_0573_66055139_jpg.rf.7885b47cc13ecb7365d048325cb5daf3.jpg,IMG_0573_66055139,Necklace,2,valid,dataset1
DS1_IMG_004519,valid/Necklace/IMG_0582-Copy_7ec83d21_jpg.rf.f5b840f838d30a95dee3c240fa74042e.jpg,IMG_0582-Copy_7ec83d21,Necklace,2,valid,dataset1
DS1_IMG_004520,valid/Necklace/IMG_0596-Copy_7f541bae_jpg.rf.6de6e405a4742fc6a5e9b3af7b3bd6a5.jpg,IMG_0596-Copy_7f541bae,Necklace,2,valid,dataset1
DS1_IMG_004521,valid/Necklace/IMG_0601-1-Copy_56c233e6_JPG.rf.2624a00619478148f5e7f68f7731cea3.jpg,IMG_0601-1-Copy_56c233e6,Necklace,2,valid,dataset1
DS1_IMG_004522,valid/Necklace/IMG_0605-Copy_19091542_jpg.rf.aef81242dfb0c3f9d52ff893522b6fdd.jpg,IMG_0605-Copy_19091542,Necklace,2,valid,dataset1
DS1_IMG_004523,valid/Necklace/IMG_0609-Copy_473c5c82_jpg.rf.2746b3ed2f7faee82e17b2faafddfb5f.jpg,IMG_0609-Copy_473c5c82,Necklace,2,valid,dataset1
DS1_IMG_004524,valid/Necklace/IMG_0613-Copy_3afb64b8_JPG.rf.7ae3cb9f8f32f4d5cec3081eac6eaaed.jpg,IMG_0613-Copy_3afb64b8,Necklace,2,valid,dataset1
DS1_IMG_004525,valid/Necklace/IMG_0614_054e6a3e_jpg.rf.adde4642ce6f95dfaf6e40f637eafeeb.jpg,IMG_0614_054e6a3e,Necklace,2,valid,dataset1
DS1_IMG_004526,valid/Necklace/IMG_0620-1-_JPG.rf.55236b9cd568a3d417d5eb9c7603bf1d.jpg,IMG_0620-1-,Necklace,2,valid,dataset1
DS1_IMG_004527,valid/Necklace/IMG_0620_jpg.rf.cc9294702a81646a1d36d588b618bc03.jpg,IMG_0620,Necklace,2,valid,dataset1
DS1_IMG_004528,valid/Necklace/IMG_0622-1-_JPG.rf.a8f6a4a8c5340cec172126007a857f95.jpg,IMG_0622-1-,Necklace,2,valid,dataset1
DS1_IMG_004529,valid/Necklace/IMG_0627_15b232a1_jpg.rf.34f9b3552cbb7b6e886dfd05f2585b41.jpg,IMG_0627_15b232a1,Necklace,2,valid,dataset1
DS1_IMG_004530,valid/Necklace/IMG_0631_c421714b_jpg.rf.196698e63025d644c777247e7af34051.jpg,IMG_0631_c421714b,Necklace,2,valid,dataset1
DS1_IMG_004531,valid/Necklace/IMG_0941_0fe9e1ab_jpg.rf.694cc3b91ad6bf064890b36e671fc69a.jpg,IMG_0941_0fe9e1ab,Necklace,2,valid,dataset1
DS1_IMG_004532,valid/Necklace/IMG_1296_430e7746_JPG.rf.82bf22a79649cb8b67a91e459783255f.jpg,IMG_1296_430e7746,Necklace,2,valid,dataset1
DS1_IMG_004533,valid/Necklace/IMG_1297_03b4bac9_JPG.rf.66821bdd15f6b303b4b7d613fb8b3ec1.jpg,IMG_1297_03b4bac9,Necklace,2,valid,dataset1
DS1_IMG_004534,valid/Necklace/IMG_1310_82808e88_JPG.rf.54a61c4458a29a685fdd0d8043a7a288.jpg,IMG_1310_82808e88,Necklace,2,valid,dataset1
DS1_IMG_004535,valid/Necklace/IMG_1312_39c31444_JPG.rf.e2247ccefb328c0da1e1b37058730e3a.jpg,IMG_1312_39c31444,Necklace,2,valid,dataset1
DS1_IMG_004536,valid/Necklace/IMG_1313_db0040c6_JPG.rf.109cf87df535baf0633bdc58f115f04d.jpg,IMG_1313_db0040c6,Necklace,2,valid,dataset1
DS1_IMG_004537,valid/Necklace/IMG_1337_ffff2d1c_JPG.rf.ac62daf8f660549b7cac508467f87bd8.jpg,IMG_1337_ffff2d1c,Necklace,2,valid,dataset1
DS1_IMG_004538,valid/Necklace/IMG_1341_7123cb2c_JPG.rf.f2fa57a25f9991a2fe0a1e47e0bf1393.jpg,IMG_1341_7123cb2c,Necklace,2,valid,dataset1
DS1_IMG_004539,valid/Necklace/IMG_1342_1093456c_JPG.rf.6d812b2440e240c0f4773aec658b26d4.jpg,IMG_1342_1093456c,Necklace,2,valid,dataset1
DS1_IMG_004540,valid/Necklace/IMG_1345_ac8ebea6_JPG.rf.6f6c6d232e9889c29041926d901bdb69.jpg,IMG_1345_ac8ebea6,Necklace,2,valid,dataset1
DS1_IMG_004541,valid/Necklace/IMG_1349_05caaeeb_JPG.rf.d19f3e1f6a40a2838528ac61a47eb17c.jpg,IMG_1349_05caaeeb,Necklace,2,valid,dataset1
DS1_IMG_004542,valid/Necklace/IMG_1350_ee5cf81e_JPG.rf.97d859d3019aaeb1ad7746050d873530.jpg,IMG_1350_ee5cf81e,Necklace,2,valid,dataset1
DS1_IMG_004543,valid/Necklace/IMG_1369_5abba465_JPG.rf.7c70e3824ac3cd9dccca39e4d0308665.jpg,IMG_1369_5abba465,Necklace,2,valid,dataset1
DS1_IMG_004544,valid/Necklace/IMG_1430_efdb3dd4_JPG.rf.1a163213c5ee67c8f42048862221180e.jpg,IMG_1430_efdb3dd4,Necklace,2,valid,dataset1
DS1_IMG_004545,valid/Necklace/IMG_1432_efcbd1b6_JPG.rf.b3b4dfceb93654275eda39e24828e811.jpg,IMG_1432_efcbd1b6,Necklace,2,valid,dataset1
DS1_IMG_004546,valid/Necklace/IMG_1441_8a0f734e_JPG.rf.019728f3f5b05d86890defad222c0da1.jpg,IMG_1441_8a0f734e,Necklace,2,valid,dataset1
DS1_IMG_004547,valid/Necklace/IMG_1448_e3ac523f_jpg.rf.fe781866f8ce5975d86c85dc0c44b49a.jpg,IMG_1448_e3ac523f,Necklace,2,valid,dataset1
DS1_IMG_004548,valid/Necklace/IMG_1460_5be3586f_JPG.rf.453afeadb1d65a7885aacbcdb63464fa.jpg,IMG_1460_5be3586f,Necklace,2,valid,dataset1
DS1_IMG_004549,valid/Necklace/IMG_1482_1a32f8b9_JPG.rf.592b795dacce4a7d97d7c940f1c24152.jpg,IMG_1482_1a32f8b9,Necklace,2,valid,dataset1
DS1_IMG_004550,valid/Necklace/IMG_1483_a17418b8_JPG.rf.397e99cb2e58c9ba9e2b9b24e5093bc3.jpg,IMG_1483_a17418b8,Necklace,2,valid,dataset1
DS1_IMG_004551,valid/Necklace/IMG_1484_eb6487b4_JPG.rf.b278e45132dd33cdf3c43d52c4bd76ba.jpg,IMG_1484_eb6487b4,Necklace,2,valid,dataset1
DS1_IMG_004552,valid/Necklace/IMG_1495_16d99ea9_JPG.rf.b0c86c9dd4b958280a22e97039ee9081.jpg,IMG_1495_16d99ea9,Necklace,2,valid,dataset1
DS1_IMG_004553,valid/Necklace/IMG_1508_28332b51_JPG.rf.81ca99a32b90b0dd55c15d2f979fefcb.jpg,IMG_1508_28332b51,Necklace,2,valid,dataset1
DS1_IMG_004554,valid/Necklace/IMG_1515_7637c67f_JPG.rf.abd88374c1f5971ddeb649affaba6e0b.jpg,IMG_1515_7637c67f,Necklace,2,valid,dataset1
DS1_IMG_004555,valid/Necklace/IMG_1528_1f6b84dd_JPG.rf.b48dc8be09e5c7da7d25a2b7ec8965fc.jpg,IMG_1528_1f6b84dd,Necklace,2,valid,dataset1
DS1_IMG_004556,valid/Necklace/IMG_1537_79f33e10_JPG.rf.a184840fe9d8d0e57370ab43828e80a3.jpg,IMG_1537_79f33e10,Necklace,2,valid,dataset1
DS1_IMG_004557,valid/Necklace/IMG_1540_70fb54ce_JPG.rf.607ce6d2b36f146878d5ed8488c9074b.jpg,IMG_1540_70fb54ce,Necklace,2,valid,dataset1
DS1_IMG_004558,valid/Necklace/IMG_1555_03e669df_JPG.rf.23d3ccbd57af6738d18989ca884e2371.jpg,IMG_1555_03e669df,Necklace,2,valid,dataset1
DS1_IMG_004559,valid/Necklace/IMG_1556_8affda5a_JPG.rf.1cbc4aa3c08c8043c3ac955463e93763.jpg,IMG_1556_8affda5a,Necklace,2,valid,dataset1
DS1_IMG_004560,valid/Necklace/IMG_1560_694eeeee_JPG.rf.2bdf6ac0e730f77aad9a8d4944095685.jpg,IMG_1560_694eeeee,Necklace,2,valid,dataset1
DS1_IMG_004561,valid/Necklace/IMG_1562_b3a529cc_JPG.rf.c366eea201873b430b8969f73e3ec24c.jpg,IMG_1562_b3a529cc,Necklace,2,valid,dataset1
DS1_IMG_004562,valid/Necklace/IMG_1574_2e489f7d_JPG.rf.623bcb2d4c1e4006c7124725a495cc9b.jpg,IMG_1574_2e489f7d,Necklace,2,valid,dataset1
DS1_IMG_004563,valid/Necklace/IMG_1579_050c474e_JPG.rf.03d9fb31260002e5a7822561920cd184.jpg,IMG_1579_050c474e,Necklace,2,valid,dataset1
DS1_IMG_004564,valid/Necklace/IMG_1584_e0451619_JPG.rf.7e82874368912dc3480b931afef0d1bd.jpg,IMG_1584_e0451619,Necklace,2,valid,dataset1
DS1_IMG_004565,valid/Necklace/IMG_1595_994aebbe_JPG.rf.2b10460c8e86977934bf6b2ac93acf01.jpg,IMG_1595_994aebbe,Necklace,2,valid,dataset1
DS1_IMG_004566,valid/Necklace/IMG_1596_c69156e9_JPG.rf.a00d5079d09b0ea9fcb5772a614c8099.jpg,IMG_1596_c69156e9,Necklace,2,valid,dataset1
DS1_IMG_004567,valid/Necklace/IMG_1601_85e74e21_JPG.rf.566802cdca59bf1d1c37f8d4cda91463.jpg,IMG_1601_85e74e21,Necklace,2,valid,dataset1
DS1_IMG_004568,valid/Necklace/IMG_1602_c5efedf4_JPG.rf.50af8ee162a1464d9fc1142d80375d37.jpg,IMG_1602_c5efedf4,Necklace,2,valid,dataset1
DS1_IMG_004569,valid/Necklace/IMG_1609_3d648496_JPG.rf.187adbc48b94c3cf1bf45aa62a994168.jpg,IMG_1609_3d648496,Necklace,2,valid,dataset1
DS1_IMG_004570,valid/Necklace/IMG_1610_47e82f92_JPG.rf.6b09e2695b53e77aea7cccdfd6cd1b57.jpg,IMG_1610_47e82f92,Necklace,2,valid,dataset1
DS1_IMG_004571,valid/Necklace/IMG_1611_6321cfb2_JPG.rf.aef493ba43f6a50401dafae84eb470b7.jpg,IMG_1611_6321cfb2,Necklace,2,valid,dataset1
DS1_IMG_004572,valid/Necklace/IMG_1620_c3b23269_JPG.rf.cd1510582f5e2605a773ca83a0753ea8.jpg,IMG_1620_c3b23269,Necklace,2,valid,dataset1
DS1_IMG_004573,valid/Necklace/IMG_1621_712e3e2a_JPG.rf.23fd46512bdaaecc8ca7ea0065487de7.jpg,IMG_1621_712e3e2a,Necklace,2,valid,dataset1
DS1_IMG_004574,valid/Necklace/IMG_1626_78bbde0c_JPG.rf.40ac1e7384e8e70e52106341628eddde.jpg,IMG_1626_78bbde0c,Necklace,2,valid,dataset1
DS1_IMG_004575,valid/Necklace/IMG_1627_be10d654_JPG.rf.8cf8991c12e5610354fdacad1337bf9e.jpg,IMG_1627_be10d654,Necklace,2,valid,dataset1
DS1_IMG_004576,valid/Necklace/IMG_1648_f531bc39_JPG.rf.dd6fea69aa099e1632be90047ccc9561.jpg,IMG_1648_f531bc39,Necklace,2,valid,dataset1
DS1_IMG_004577,valid/Necklace/IMG_1649_4aeda57a_JPG.rf.581835819bd4c063a24f9c7402fdc26d.jpg,IMG_1649_4aeda57a,Necklace,2,valid,dataset1
DS1_IMG_004578,valid/Necklace/IMG_1652_a7780503_JPG.rf.4932270358d7909ff74b534cdc0b1888.jpg,IMG_1652_a7780503,Necklace,2,valid,dataset1
DS1_IMG_004579,valid/Necklace/IMG_1657_bfaa992d_JPG.rf.6a67dbd47090549a9622d724bd8a5dcd.jpg,IMG_1657_bfaa992d,Necklace,2,valid,dataset1
DS1_IMG_004580,valid/Necklace/IMG_1658_6175d0a4_JPG.rf.66adafafbf65a3d92e759136dc2401e8.jpg,IMG_1658_6175d0a4,Necklace,2,valid,dataset1
DS1_IMG_004581,valid/Necklace/IMG_1674_1b45c16d_JPG.rf.b697c7be4cb3d00e58a36cf2eef13aa7.jpg,IMG_1674_1b45c16d,Necklace,2,valid,dataset1
DS1_IMG_004582,valid/Necklace/IMG_1676_892ba378_JPG.rf.f1c7228eef29512bee8332900871aaa3.jpg,IMG_1676_892ba378,Necklace,2,valid,dataset1
DS1_IMG_004583,valid/Necklace/IMG_1678_aa5ca982_JPG.rf.f81e1ecc3b088938b66a81a30f1b7e1f.jpg,IMG_1678_aa5ca982,Necklace,2,valid,dataset1
DS1_IMG_004584,valid/Necklace/IMG_1680_e5f0f12e_JPG.rf.29dd7a647222b5d7369d6ad5a65ba08f.jpg,IMG_1680_e5f0f12e,Necklace,2,valid,dataset1
DS1_IMG_004585,valid/Necklace/IMG_1860_1193afff_JPG.rf.d8d14d8c638bded2a78cf769ba052c60.jpg,IMG_1860_1193afff,Necklace,2,valid,dataset1
DS1_IMG_004586,valid/Necklace/IMG_1865_6b5e7f83_JPG.rf.0383bc073625bc4ba98c36e137b9ca3a.jpg,IMG_1865_6b5e7f83,Necklace,2,valid,dataset1
DS1_IMG_004587,valid/Necklace/IMG_1866_dfe03d1f_JPG.rf.39adf5ae75147ee7243bca127a181150.jpg,IMG_1866_dfe03d1f,Necklace,2,valid,dataset1
DS1_IMG_004588,valid/Necklace/IMG_1870_32f05df2_JPG.rf.e5e4c190b613c075beaf35d23fa41127.jpg,IMG_1870_32f05df2,Necklace,2,valid,dataset1
DS1_IMG_004589,valid/Necklace/IMG_2194_3cf55d28_JPG.rf.d6998b429e2d55663736071195eeacf5.jpg,IMG_2194_3cf55d28,Necklace,2,valid,dataset1
DS1_IMG_004590,valid/Necklace/IMG_2204_7b35a9c7_JPG.rf.7d44d6c222782c0fae8ce2f85179db04.jpg,IMG_2204_7b35a9c7,Necklace,2,valid,dataset1
DS1_IMG_004591,valid/Necklace/IMG_2227_1292bd43_JPG.rf.2622cfd6b5ce973c584de3ce3e700d8c.jpg,IMG_2227_1292bd43,Necklace,2,valid,dataset1
DS1_IMG_004592,valid/Necklace/IMG_2229_dc7e299c_JPG.rf.f4c63233313ae33fbc9f3734d024fea6.jpg,IMG_2229_dc7e299c,Necklace,2,valid,dataset1
DS1_IMG_004593,valid/Necklace/IMG_2238_8c778b21_JPG.rf.fe085ec03f422154b4bf28685e0510a4.jpg,IMG_2238_8c778b21,Necklace,2,valid,dataset1
DS1_IMG_004594,valid/Necklace/IMG_2260_a81ef372_JPG.rf.b748934fb0b31e8a657c610ed109d0db.jpg,IMG_2260_a81ef372,Necklace,2,valid,dataset1
DS1_IMG_004595,valid/Necklace/IMG_2268_d55ad659_JPG.rf.ad5e33b7784ecfe84565da865fa6385d.jpg,IMG_2268_d55ad659,Necklace,2,valid,dataset1
DS1_IMG_004596,valid/Necklace/IMG_2271_7bf6b7e9_JPG.rf.5eb6c93721bba79ad06d8c026cd5fdfd.jpg,IMG_2271_7bf6b7e9,Necklace,2,valid,dataset1
DS1_IMG_004597,valid/Necklace/IMG_2273_8089cd2e_JPG.rf.e9eb437d80b5fedd37d01e90ed329289.jpg,IMG_2273_8089cd2e,Necklace,2,valid,dataset1
DS1_IMG_004598,valid/Necklace/IMG_2286_594b19f2_JPG.rf.9352c6f4aaf5a40b53c70822a0c1fe95.jpg,IMG_2286_594b19f2,Necklace,2,valid,dataset1
DS1_IMG_004599,valid/Necklace/IMG_2292_9e095ee3_JPG.rf.05fb4467bce300996d88868465e5724e.jpg,IMG_2292_9e095ee3,Necklace,2,valid,dataset1
DS1_IMG_004600,valid/Necklace/IMG_2297_3423532d_JPG.rf.4a1e4f8e16241af4acaac2b8cb5d9fe6.jpg,IMG_2297_3423532d,Necklace,2,valid,dataset1
DS1_IMG_004601,valid/Necklace/IMG_2298_10c4915d_JPG.rf.5734875381afdc3c3fd544590b384867.jpg,IMG_2298_10c4915d,Necklace,2,valid,dataset1
DS1_IMG_004602,valid/Necklace/IMG_2304_7dd2ca2b_JPG.rf.bdc75013cb1c658771db9ec8bcb2eca1.jpg,IMG_2304_7dd2ca2b,Necklace,2,valid,dataset1
DS1_IMG_004603,valid/Necklace/IMG_2311_db241719_JPG.rf.44a4decd0534df6573c00451c5477ab5.jpg,IMG_2311_db241719,Necklace,2,valid,dataset1
DS1_IMG_004604,valid/Necklace/IMG_2330_f2c665c7_JPG.rf.4866ce9c0f97db66162af35fb1f669cb.jpg,IMG_2330_f2c665c7,Necklace,2,valid,dataset1
DS1_IMG_004605,valid/Necklace/IMG_2334_9a187c05_JPG.rf.1caf46c77721dd48e5e7ff2e9a68e678.jpg,IMG_2334_9a187c05,Necklace,2,valid,dataset1
DS1_IMG_004606,valid/Necklace/IMG_2368_5a5e7b59_JPG.rf.23a68f214c514fbc7e2ecd0053828e4e.jpg,IMG_2368_5a5e7b59,Necklace,2,valid,dataset1
DS1_IMG_004607,valid/Necklace/IMG_2369_b74298e0_JPG.rf.2d25d8c8b235b6f4a335a3256febf97e.jpg,IMG_2369_b74298e0,Necklace,2,valid,dataset1
DS1_IMG_004608,valid/Necklace/IMG_2370_649c9ac2_JPG.rf.7674a658b516237e204e0168f3443b5e.jpg,IMG_2370_649c9ac2,Necklace,2,valid,dataset1
DS1_IMG_004609,valid/Necklace/IMG_2377_a3c53403_JPG.rf.2618c6afff6287b494486e52cb48aa17.jpg,IMG_2377_a3c53403,Necklace,2,valid,dataset1
DS1_IMG_004610,valid/Necklace/IMG_2391_bd770d6b_JPG.rf.f0937f8c7377a5b47d07a0cb32aca157.jpg,IMG_2391_bd770d6b,Necklace,2,valid,dataset1
DS1_IMG_004611,valid/Necklace/IMG_2395_2e7ab524_JPG.rf.2348145952ba308043896b4a42e90ec4.jpg,IMG_2395_2e7ab524,Necklace,2,valid,dataset1
DS1_IMG_004612,valid/Necklace/IMG_2396_a7df2923_JPG.rf.55d5728d845d14d39a62f5658caac820.jpg,IMG_2396_a7df2923,Necklace,2,valid,dataset1
DS1_IMG_004613,valid/Necklace/IMG_2416_d8a48069_JPG.rf.07497efc12bb170ffda75ca97f7ca2a9.jpg,IMG_2416_d8a48069,Necklace,2,valid,dataset1
DS1_IMG_004614,valid/Necklace/IMG_2421_9c13d471_JPG.rf.313c1957ddeb72d1b75db3e464623f7b.jpg,IMG_2421_9c13d471,Necklace,2,valid,dataset1
DS1_IMG_004615,valid/Necklace/IMG_2431_14c96f56_JPG.rf.c0696b31c9d1f90d4f25aad07262a4b2.jpg,IMG_2431_14c96f56,Necklace,2,valid,dataset1
DS1_IMG_004616,valid/Necklace/IMG_2432_59e9d8df_JPG.rf.5b272651aa9be14a89d60fb428d45c39.jpg,IMG_2432_59e9d8df,Necklace,2,valid,dataset1
DS1_IMG_004617,valid/Necklace/IMG_2433_f2b2ecef_JPG.rf.0c325c6d523223f222d1d2dec9930684.jpg,IMG_2433_f2b2ecef,Necklace,2,valid,dataset1
DS1_IMG_004618,valid/Necklace/IMG_2435_f0b02e5a_JPG.rf.05e3a2731f4a5f87b39fb7266cb0bfbf.jpg,IMG_2435_f0b02e5a,Necklace,2,valid,dataset1
DS1_IMG_004619,valid/Necklace/IMG_2753_ae2c9b66_jpg.rf.fbe22e954443fc6a25b4dc9707c64b15.jpg,IMG_2753_ae2c9b66,Necklace,2,valid,dataset1
DS1_IMG_004620,valid/Necklace/IMG_2800_d7f8b48c_jpg.rf.7443fd2149d218223833b3fd01135a7f.jpg,IMG_2800_d7f8b48c,Necklace,2,valid,dataset1
DS1_IMG_004621,valid/Necklace/IMG_2811_1080f75d_jpg.rf.7354e4ccfbf59aaa213ea531516044fd.jpg,IMG_2811_1080f75d,Necklace,2,valid,dataset1
DS1_IMG_004622,valid/Necklace/IMG_2823_a877cd37_jpg.rf.e0f41ff7294fd82315178725614048e0.jpg,IMG_2823_a877cd37,Necklace,2,valid,dataset1
DS1_IMG_004623,valid/Necklace/IMG_2829_08e9a617_jpg.rf.f8633b83915c2e00538b531a20fdb6b6.jpg,IMG_2829_08e9a617,Necklace,2,valid,dataset1
DS1_IMG_004624,valid/Necklace/IMG_2842_2e4c4e7e_jpg.rf.f1e38d838a0c07486b3ab8bfb7278d00.jpg,IMG_2842_2e4c4e7e,Necklace,2,valid,dataset1
DS1_IMG_004625,valid/Necklace/IMG_2857_757aa63b_jpg.rf.f9e2a6995fd1275e3c2ee1a5031b02dd.jpg,IMG_2857_757aa63b,Necklace,2,valid,dataset1
DS1_IMG_004626,valid/Necklace/IMG_2872_2872d206_jpg.rf.287217ad2717220e3e4541779f5b47e7.jpg,IMG_2872_2872d206,Necklace,2,valid,dataset1
DS1_IMG_004627,valid/Necklace/IMG_2874_5864ee67_jpg.rf.7b0fe414bfc8a959228b6e0a7c34cf50.jpg,IMG_2874_5864ee67,Necklace,2,valid,dataset1
DS1_IMG_004628,valid/Necklace/IMG_2884_f4a6dfa6_jpg.rf.c7a65e41baf86a7230b1c7c4f238f1f0.jpg,IMG_2884_f4a6dfa6,Necklace,2,valid,dataset1
DS1_IMG_004629,valid/Necklace/IMG_2899_125ceac2_jpg.rf.27671bcca106484dc12dc3dd0a98fcab.jpg,IMG_2899_125ceac2,Necklace,2,valid,dataset1
DS1_IMG_004630,valid/Necklace/IMG_2929_06a83960_jpg.rf.86e9e654835df956edeafac71236075b.jpg,IMG_2929_06a83960,Necklace,2,valid,dataset1
DS1_IMG_004631,valid/Necklace/IMG_3049_d0996fd1_JPG.rf.0609b3bf13072662b17476d6c493d074.jpg,IMG_3049_d0996fd1,Necklace,2,valid,dataset1
DS1_IMG_004632,valid/Necklace/IMG_3060_c8b86b96_JPG.rf.093504c3c8f366d5fe0e1c1b4c26c5da.jpg,IMG_3060_c8b86b96,Necklace,2,valid,dataset1
DS1_IMG_004633,valid/Necklace/IMG_3066_c25a6dbb_JPG.rf.c23d51a7261f41480b8def87c5b5f3ec.jpg,IMG_3066_c25a6dbb,Necklace,2,valid,dataset1
DS1_IMG_004634,valid/Necklace/IMG_3103_af624453_JPG.rf.06e02336ac7ddb7124184ede501b174c.jpg,IMG_3103_af624453,Necklace,2,valid,dataset1
DS1_IMG_004635,valid/Necklace/IMG_3108_98d4ebe6_JPG.rf.c90ca44682d911b1e35755e92893623f.jpg,IMG_3108_98d4ebe6,Necklace,2,valid,dataset1
DS1_IMG_004636,valid/Necklace/IMG_3109_51d3feba_JPG.rf.5377df6d1ad2b0cb50ac364289205156.jpg,IMG_3109_51d3feba,Necklace,2,valid,dataset1
DS1_IMG_004637,valid/Necklace/IMG_3115_f8441614_JPG.rf.19c4ad11ff887bcc2aa560394c75b8d3.jpg,IMG_3115_f8441614,Necklace,2,valid,dataset1
DS1_IMG_004638,valid/Necklace/IMG_3117_b8296674_JPG.rf.065ea5ec6a8cc732c6ec6687d7d7c1c5.jpg,IMG_3117_b8296674,Necklace,2,valid,dataset1
DS1_IMG_004639,valid/Necklace/IMG_3119_79ad327c_JPG.rf.ff882405c3d365b91944d6cdf9fe2db2.jpg,IMG_3119_79ad327c,Necklace,2,valid,dataset1
DS1_IMG_004640,valid/Necklace/IMG_3133_7bbfc63c_JPG.rf.dcbec9eff9c6e13dd9d969797bade983.jpg,IMG_3133_7bbfc63c,Necklace,2,valid,dataset1
DS1_IMG_004641,valid/Necklace/IMG_3138_1042c93c_JPG.rf.5e21f9b8fae653540012640270abda22.jpg,IMG_3138_1042c93c,Necklace,2,valid,dataset1
DS1_IMG_004642,valid/Necklace/IMG_3471_094077dc_JPG.rf.57f89b59c138181b638545cda31b432e.jpg,IMG_3471_094077dc,Necklace,2,valid,dataset1
DS1_IMG_004643,valid/Necklace/IMG_3478_0e53d65e_JPG.rf.eacc8e3d5e873c487fce3f10db1c35d5.jpg,IMG_3478_0e53d65e,Necklace,2,valid,dataset1
DS1_IMG_004644,valid/Necklace/IMG_3481_9cb52c73_JPG.rf.dc09ff04eef125b78e7570ba1957d554.jpg,IMG_3481_9cb52c73,Necklace,2,valid,dataset1
DS1_IMG_004645,valid/Necklace/IMG_3489_f8427137_JPG.rf.ca483d6b3841973ee12a317b4ab3007c.jpg,IMG_3489_f8427137,Necklace,2,valid,dataset1
DS1_IMG_004646,valid/Necklace/IMG_3499_5f8fd886_JPG.rf.c48405b6c63b8087a55d7e21912facb1.jpg,IMG_3499_5f8fd886,Necklace,2,valid,dataset1
DS1_IMG_004647,valid/Necklace/IMG_3509_2f31d66a_JPG.rf.419d63cb5ede7154d176f05c1f9d0250.jpg,IMG_3509_2f31d66a,Necklace,2,valid,dataset1
DS1_IMG_004648,valid/Necklace/IMG_3520_aa6ba03e_JPG.rf.99ad29176d2f170dd632d37a90db0f87.jpg,IMG_3520_aa6ba03e,Necklace,2,valid,dataset1
DS1_IMG_004649,valid/Necklace/IMG_3522_4f8dda5f_JPG.rf.c54729b8a4ba061de8001f79b56561a4.jpg,IMG_3522_4f8dda5f,Necklace,2,valid,dataset1
DS1_IMG_004650,valid/Necklace/IMG_3524_af25bd7c_JPG.rf.5e07784133fcf12086f411b43700fa3c.jpg,IMG_3524_af25bd7c,Necklace,2,valid,dataset1
DS1_IMG_004651,valid/Necklace/IMG_3541_565856b7_JPG.rf.422b1f78c171bf3f0fe626ff8ea552c2.jpg,IMG_3541_565856b7,Necklace,2,valid,dataset1
DS1_IMG_004652,valid/Necklace/IMG_3545_67a2a823_JPG.rf.4572c99e140d8475f2356e9bfe218347.jpg,IMG_3545_67a2a823,Necklace,2,valid,dataset1
DS1_IMG_004653,valid/Necklace/IMG_3546_1aeb7b94_JPG.rf.2358e0a8adddbcd36e864d7ef35c8eae.jpg,IMG_3546_1aeb7b94,Necklace,2,valid,dataset1
DS1_IMG_004654,valid/Necklace/IMG_3548_e4447cee_JPG.rf.60e7a9c9739ec679c94f02ce58175991.jpg,IMG_3548_e4447cee,Necklace,2,valid,dataset1
DS1_IMG_004655,valid/Necklace/IMG_3549_7d74fc28_JPG.rf.c8aec6a8c748b69aa7342115a5981600.jpg,IMG_3549_7d74fc28,Necklace,2,valid,dataset1
DS1_IMG_004656,valid/Necklace/IMG_3550_99b59fe9_JPG.rf.3f776a2020d47418ca92cc85bc8c76e0.jpg,IMG_3550_99b59fe9,Necklace,2,valid,dataset1
DS1_IMG_004657,valid/Necklace/IMG_3580_6c923f24_JPG.rf.131cff7f774b7b29f4484b9a88e2062d.jpg,IMG_3580_6c923f24,Necklace,2,valid,dataset1
DS1_IMG_004658,valid/Necklace/IMG_3616_714737f2_JPG.rf.ca3ed39d416ac53fbd1dfbe9e3934262.jpg,IMG_3616_714737f2,Necklace,2,valid,dataset1
DS1_IMG_004659,valid/Necklace/necklace_100_jpg.rf.474da817e4c48050120fcba0ac566b29.jpg,necklace_100,Necklace,2,valid,dataset1
DS1_IMG_004660,valid/Necklace/necklace_106_jpg.rf.6289ef0c40ee85c342ea276bead433a3.jpg,necklace_106,Necklace,2,valid,dataset1
DS1_IMG_004661,valid/Necklace/necklace_110_jpg.rf.2aea0a4809a713aca68aaaea6ca65a46.jpg,necklace_110,Necklace,2,valid,dataset1
DS1_IMG_004662,valid/Necklace/necklace_111_jpg.rf.2d6cc2145253768411de6562bfe0c7c1.jpg,necklace_111,Necklace,2,valid,dataset1
DS1_IMG_004663,valid/Necklace/necklace_125_jpg.rf.336bfc6517b812394b42f0bc6f324ab1.jpg,necklace_125,Necklace,2,valid,dataset1
DS1_IMG_004664,valid/Necklace/necklace_127_jpg.rf.86e5b8de31143d09726e3cc61a29ec88.jpg,necklace_127,Necklace,2,valid,dataset1
DS1_IMG_004665,valid/Necklace/necklace_128_jpg.rf.3cfcf2dc89d112d6e7e779ebd1267e3c.jpg,necklace_128,Necklace,2,valid,dataset1
DS1_IMG_004666,valid/Necklace/necklace_131_jpg.rf.440b889943bd58c1c1a6d246d70b97a2.jpg,necklace_131,Necklace,2,valid,dataset1
DS1_IMG_004667,valid/Necklace/necklace_138_jpg.rf.edf7eb6a4cec8be8a0afbdcd05934e23.jpg,necklace_138,Necklace,2,valid,dataset1
DS1_IMG_004668,valid/Necklace/necklace_143_jpg.rf.39c48968bc0e9d5548400e78543d3af1.jpg,necklace_143,Necklace,2,valid,dataset1
DS1_IMG_004669,valid/Necklace/necklace_151_jpg.rf.853714fc12f8206da9733497f1bf3e46.jpg,necklace_151,Necklace,2,valid,dataset1
DS1_IMG_004670,valid/Necklace/necklace_161_jpg.rf.288e7d71a082412e3ddf8dcb6d4924ec.jpg,necklace_161,Necklace,2,valid,dataset1
DS1_IMG_004671,valid/Necklace/necklace_164_jpg.rf.727bc633ceb5464d131aac5ed5684704.jpg,necklace_164,Necklace,2,valid,dataset1
DS1_IMG_004672,valid/Necklace/necklace_169_jpg.rf.320a11a5b78e4c57ba69f92ad3f10cd3.jpg,necklace_169,Necklace,2,valid,dataset1
DS1_IMG_004673,valid/Necklace/necklace_176_jpg.rf.9c2843a3f34ad4476526bd075caff7df.jpg,necklace_176,Necklace,2,valid,dataset1
DS1_IMG_004674,valid/Necklace/necklace_180_jpg.rf.c336031b093cfced7d16621f1d09c37f.jpg,necklace_180,Necklace,2,valid,dataset1
DS1_IMG_004675,valid/Necklace/necklace_194_jpg.rf.018379e9ee3f21889e182f9af9afb3ca.jpg,necklace_194,Necklace,2,valid,dataset1
DS1_IMG_004676,valid/Necklace/necklace_196_jpg.rf.393aa8d6f817f05d9af555296af277d7.jpg,necklace_196,Necklace,2,valid,dataset1
DS1_IMG_004677,valid/Necklace/necklace_20241125_122545_00386ec6_jpg.rf.1fa387dba6c3db04af2b23e1303e0551.jpg,necklace_20241125_122545_00386ec6,Necklace,2,valid,dataset1
DS1_IMG_004678,valid/Necklace/necklace_20241125_122545_00587e7e_jpg.rf.b0b959109651fb9362e16cf0dcf225ff.jpg,necklace_20241125_122545_00587e7e,Necklace,2,valid,dataset1
DS1_IMG_004679,valid/Necklace/necklace_20241125_122545_02060299_jpg.rf.f5832ec4c56030548f32a21f90fc50b0.jpg,necklace_20241125_122545_02060299,Necklace,2,valid,dataset1
DS1_IMG_004680,valid/Necklace/necklace_20241125_122545_0c0c1b1b_jpg.rf.a01fb9b1aac14eb465cb9d41f5edced0.jpg,necklace_20241125_122545_0c0c1b1b,Necklace,2,valid,dataset1
DS1_IMG_004681,valid/Necklace/necklace_20241125_122545_1e1c9edc_jpg.rf.0da527b4e12eb23bf616e4f6150e39b7.jpg,necklace_20241125_122545_1e1c9edc,Necklace,2,valid,dataset1
DS1_IMG_004682,valid/Necklace/necklace_20241125_122545_242f6f6f_jpg.rf.d597981ab4e2be627d16f7f4d9a6fb7d.jpg,necklace_20241125_122545_242f6f6f,Necklace,2,valid,dataset1
DS1_IMG_004683,valid/Necklace/necklace_20241125_122545_287e7e7e_jpg.rf.f2f7473c665c666f5e591ffe5f8f9505.jpg,necklace_20241125_122545_287e7e7e,Necklace,2,valid,dataset1
DS1_IMG_004684,valid/Necklace/necklace_20241125_122545_30303038_jpg.rf.3bd6945ce75016355fc1166fd393ea4b.jpg,necklace_20241125_122545_30303038,Necklace,2,valid,dataset1
DS1_IMG_004685,valid/Necklace/necklace_20241125_122545_60602030_jpg.rf.bc302d3e70bbc04fea9848ed165336eb.jpg,necklace_20241125_122545_60602030,Necklace,2,valid,dataset1
DS1_IMG_004686,valid/Necklace/necklace_20241125_122545_70307038_jpg.rf.eac3fafa30366f4f43b734e42e5ce14d.jpg,necklace_20241125_122545_70307038,Necklace,2,valid,dataset1
DS1_IMG_004687,valid/Necklace/necklace_20241125_122545_786367ff_jpg.rf.34da2d3f56ccfbae3cf6ccb1380762f0.jpg,necklace_20241125_122545_786367ff,Necklace,2,valid,dataset1
DS1_IMG_004688,valid/Necklace/necklace_20241125_122545_7c3f6078_jpg.rf.d8902a88c26bc06e737927dd452555f1.jpg,necklace_20241125_122545_7c3f6078,Necklace,2,valid,dataset1
DS1_IMG_004689,valid/Necklace/necklace_20241125_122545_7c63c1c1_jpg.rf.93e08095b5501554f3e79b9fc6fe7a98.jpg,necklace_20241125_122545_7c63c1c1,Necklace,2,valid,dataset1
DS1_IMG_004690,valid/Necklace/necklace_20241125_122545_8181819d_jpg.rf.623f89a102fdf32aa144ad2b4f10be11.jpg,necklace_20241125_122545_8181819d,Necklace,2,valid,dataset1
DS1_IMG_004691,valid/Necklace/necklace_20241125_122545_99818181_jpg.rf.d0c8127b7a5de75078d58463b179f14f.jpg,necklace_20241125_122545_99818181,Necklace,2,valid,dataset1
DS1_IMG_004692,valid/Necklace/necklace_20241125_122545_c0c0e0e0_jpg.rf.e2f3441f1a20d20a94bd6e99cf96ae6d.jpg,necklace_20241125_122545_c0c0e0e0,Necklace,2,valid,dataset1
DS1_IMG_004693,valid/Necklace/necklace_61_jpg.rf.910debbfa416698e0df86886e9d894a7.jpg,necklace_61,Necklace,2,valid,dataset1
DS1_IMG_004694,valid/Necklace/necklace_68_jpg.rf.eb487670ad77540318d9b809dcdaddbf.jpg,necklace_68,Necklace,2,valid,dataset1
DS1_IMG_004695,valid/Necklace/necklace_72_jpg.rf.6897ca9109cc6a329c6489ae91c9e9dc.jpg,necklace_72,Necklace,2,valid,dataset1
DS1_IMG_004696,valid/Necklace/necklace_75_jpg.rf.ada2221ceca77b546efef076fd0a3db1.jpg,necklace_75,Necklace,2,valid,dataset1
DS1_IMG_004697,valid/Necklace/necklace_85_jpg.rf.ccf6abf2d7abb48330e1242a18605d8f.jpg,necklace_85,Necklace,2,valid,dataset1
DS1_IMG_004698,valid/Necklace/other_20241125_122402_85818989_jpg.rf.a9ceae46ab42c2bb16bbe0f23e4b224a.jpg,other_20241125_122402_85818989,Necklace,2,valid,dataset1
DS1_IMG_004699,valid/Pendant/IMG_0542_7607ac76_jpg.rf.691ab2d81ea6f82c39e48f4f8265711e.jpg,IMG_0542_7607ac76,Pendant,3,valid,dataset1
DS1_IMG_004700,valid/Pendant/IMG_0672_5be3e364_jpg.rf.9fa8e4cde675d71958700d5f6b74ece1.jpg,IMG_0672_5be3e364,Pendant,3,valid,dataset1
DS1_IMG_004701,valid/Pendant/IMG_0674_ec4fffd2_jpg.rf.b47c11f6b7bd266c06f381c32db31384.jpg,IMG_0674_ec4fffd2,Pendant,3,valid,dataset1
DS1_IMG_004702,valid/Pendant/IMG_0699_32388976_jpg.rf.47d1cdc510d5e554c896851cd805b2cf.jpg,IMG_0699_32388976,Pendant,3,valid,dataset1
DS1_IMG_004703,valid/Pendant/IMG_0727_b1049367_jpg.rf.05bd7d0a5e42db5f4f8cf817f1eee1ca.jpg,IMG_0727_b1049367,Pendant,3,valid,dataset1
DS1_IMG_004704,valid/Pendant/IMG_0734_f4873b57_jpg.rf.10e31b8911198dd9b26cd7b3da9231f8.jpg,IMG_0734_f4873b57,Pendant,3,valid,dataset1
DS1_IMG_004705,valid/Pendant/IMG_0756_84977a3e_jpg.rf.59aea801d09113610bf5bfbb5943d0b3.jpg,IMG_0756_84977a3e,Pendant,3,valid,dataset1
DS1_IMG_004706,valid/Pendant/IMG_0800_7f4b5097_JPG.rf.00f76b23327d8238ff2a3927175214fe.jpg,IMG_0800_7f4b5097,Pendant,3,valid,dataset1
DS1_IMG_004707,valid/Pendant/IMG_0802_fda91942_JPG.rf.96ba102987612e330754ed5daaefb9e4.jpg,IMG_0802_fda91942,Pendant,3,valid,dataset1
DS1_IMG_004708,valid/Pendant/IMG_0893_d9455f72_jpg.rf.0e8926c4fb26597c5bffafea8f7d7908.jpg,IMG_0893_d9455f72,Pendant,3,valid,dataset1
DS1_IMG_004709,valid/Pendant/IMG_0906_87f20db8_jpg.rf.f10a07c696157a496b0a769936044abb.jpg,IMG_0906_87f20db8,Pendant,3,valid,dataset1
DS1_IMG_004710,valid/Pendant/IMG_0931_f286309a_jpg.rf.01d75d23026154f31b5564b4e07e93c0.jpg,IMG_0931_f286309a,Pendant,3,valid,dataset1
DS1_IMG_004711,valid/Pendant/IMG_1398_5a544914_JPG.rf.ff701ee5753018da7f220abf0974f380.jpg,IMG_1398_5a544914,Pendant,3,valid,dataset1
DS1_IMG_004712,valid/Pendant/IMG_1524_947f0e3b_JPG.rf.3da929c66deed51d13a3c06f55deed7f.jpg,IMG_1524_947f0e3b,Pendant,3,valid,dataset1
DS1_IMG_004713,valid/Pendant/IMG_1554_05234036_JPG.rf.c44a88c6a3998d6f29e584260b75143b.jpg,IMG_1554_05234036,Pendant,3,valid,dataset1
DS1_IMG_004714,valid/Pendant/IMG_1572_42e30247_JPG.rf.92fe9509cdf60ab8a207215fc3ba6777.jpg,IMG_1572_42e30247,Pendant,3,valid,dataset1
DS1_IMG_004715,valid/Pendant/IMG_1631_04fe2e2a_JPG.rf.ab19ddde100741a5371b7a634322726b.jpg,IMG_1631_04fe2e2a,Pendant,3,valid,dataset1
DS1_IMG_004716,valid/Pendant/IMG_2202_457acef3_JPG.rf.2a251ca097bb4fae72241ad7ac3ba82e.jpg,IMG_2202_457acef3,Pendant,3,valid,dataset1
DS1_IMG_004717,valid/Pendant/IMG_2808_b9e1ceb4_jpg.rf.c6edda412432477140d96448afefb8ce.jpg,IMG_2808_b9e1ceb4,Pendant,3,valid,dataset1
DS1_IMG_004718,valid/Pendant/IMG_2814_969d926b_jpg.rf.43473350e1417168d251c119f7ca0c00.jpg,IMG_2814_969d926b,Pendant,3,valid,dataset1
DS1_IMG_004719,valid/Pendant/IMG_2839_7f34c3df_jpg.rf.52a0451cb8f32d23eaee2bb71cc14710.jpg,IMG_2839_7f34c3df,Pendant,3,valid,dataset1
DS1_IMG_004720,valid/Pendant/IMG_2855_2b8b9b03_jpg.rf.6b7fd1be1aedcb21596925dafe2df1f0.jpg,IMG_2855_2b8b9b03,Pendant,3,valid,dataset1
DS1_IMG_004721,valid/Pendant/IMG_2861_1a0ba5c5_jpg.rf.6bfda3509fb2e0bd25f2397c22c6ec8c.jpg,IMG_2861_1a0ba5c5,Pendant,3,valid,dataset1
DS1_IMG_004722,valid/Pendant/IMG_2875_ab399006_jpg.rf.26f93f88571e6859e532cf60f14de425.jpg,IMG_2875_ab399006,Pendant,3,valid,dataset1
DS1_IMG_004723,valid/Pendant/IMG_3574_7d9fdf51_JPG.rf.09f4d24b369c1ae50a122156efa14970.jpg,IMG_3574_7d9fdf51,Pendant,3,valid,dataset1
DS1_IMG_004724,valid/Pendant/necklace_20241125_122545_00071f7f_jpg.rf.255911aef608f4042e044e82f8987a01.jpg,necklace_20241125_122545_00071f7f,Pendant,3,valid,dataset1
DS1_IMG_004725,valid/Pendant/necklace_20241125_122545_083e3c3c_jpg.rf.3198c16428c320cb6f0e67e4d1a37e41.jpg,necklace_20241125_122545_083e3c3c,Pendant,3,valid,dataset1
DS1_IMG_004726,valid/Pendant/necklace_20241125_122545_4042c0c9_jpg.rf.c884dc4a05ac98aecbe4049555239f15.jpg,necklace_20241125_122545_4042c0c9,Pendant,3,valid,dataset1
DS1_IMG_004727,valid/Pendant/necklace_20241125_122545_7efe0200_jpg.rf.2d09f69c988810f4aa5c384113fe04d1.jpg,necklace_20241125_122545_7efe0200,Pendant,3,valid,dataset1
DS1_IMG_004728,valid/Ring/Screenshot_20181116-202651_1542453325691_png.rf.674afc302e190f97f3c848f4bf3768d4.jpg,Screenshot_20181116-202651_1542453325691,Ring,4,valid,dataset1
DS1_IMG_004729,valid/Ring/Screenshot_20181116-203002_1542449955458_png.rf.aedb4f607bb9c577f38971d78cf8d5dd.jpg,Screenshot_20181116-203002_1542449955458,Ring,4,valid,dataset1
DS1_IMG_004730,valid/Ring/Screenshot_20181116-203048_1542449907984_png.rf.d046559452770a61a833deca893929b3.jpg,Screenshot_20181116-203048_1542449907984,Ring,4,valid,dataset1
DS1_IMG_004731,valid/Ring/Screenshot_20181116-204220_1542449522544_png.rf.5ae08713b81913796a487a792e6a25a5.jpg,Screenshot_20181116-204220_1542449522544,Ring,4,valid,dataset1
DS1_IMG_004732,valid/Ring/Screenshot_20181116-205200_1542447247163_png.rf.c5fddd5188f6365afb8937393b019078.jpg,Screenshot_20181116-205200_1542447247163,Ring,4,valid,dataset1
DS1_IMG_004733,valid/Ring/ring_053_jpg.rf.3acaa41fa4f409b4a84cc2998dcf0373.jpg,ring_053,Ring,4,valid,dataset1
DS1_IMG_004734,valid/Ring/ring_059_jpg.rf.187de8365788457971b7dd785c24a44c.jpg,ring_059,Ring,4,valid,dataset1
DS1_IMG_004735,valid/Ring/ring_061_jpg.rf.296533e32aa41f89897b876634bf061b.jpg,ring_061,Ring,4,valid,dataset1
DS1_IMG_004736,valid/Ring/ring_075_jpg.rf.5c6bb1c3cdc81a9b1e8db0701dcac79d.jpg,ring_075,Ring,4,valid,dataset1
DS1_IMG_004737,valid/Ring/ring_081_jpg.rf.f48f7d45602e5c4f63983a4440f50039.jpg,ring_081,Ring,4,valid,dataset1
DS1_IMG_004738,valid/Ring/ring_103_jpg.rf.6bc5b1dd023984d30416c182b73ea1d5.jpg,ring_103,Ring,4,valid,dataset1
DS1_IMG_004739,valid/Ring/ring_107_jpg.rf.d48f22f46e9118b23c4d26038bdad7ce.jpg,ring_107,Ring,4,valid,dataset1
DS1_IMG_004740,valid/Ring/ring_109_jpg.rf.dcf0917c7ed171b94ed7d7767c06ef75.jpg,ring_109,Ring,4,valid,dataset1
DS1_IMG_004741,valid/Ring/ring_119_jpg.rf.4f243bf32a00701157237a1b9720506c.jpg,ring_119,Ring,4,valid,dataset1
DS1_IMG_004742,valid/Ring/ring_125_jpg.rf.f2b116371e0d8f04e72b69a613c78e50.jpg,ring_125,Ring,4,valid,dataset1
DS1_IMG_004743,valid/Ring/ring_126_jpg.rf.51c9b35f6303701e3e8b02e0e1b26dfd.jpg,ring_126,Ring,4,valid,dataset1
DS1_IMG_004744,valid/Ring/ring_129_jpg.rf.c02c468f436aa4c1fb7046edda8e5e6a.jpg,ring_129,Ring,4,valid,dataset1
DS1_IMG_004745,valid/Ring/ring_132_jpg.rf.a160e73673b026766189a6a96c490d94.jpg,ring_132,Ring,4,valid,dataset1
DS1_IMG_004746,valid/Ring/ring_136_jpg.rf.5138eceb34910b55bf9831905542f676.jpg,ring_136,Ring,4,valid,dataset1
DS1_IMG_004747,valid/Ring/ring_137_jpg.rf.d40fbbeb89377d2319eab090f8a578c4.jpg,ring_137,Ring,4,valid,dataset1
DS1_IMG_004748,valid/Ring/ring_141_jpg.rf.e9159abe8521e84284dfc8b46212cde4.jpg,ring_141,Ring,4,valid,dataset1
DS1_IMG_004749,valid/Ring/ring_143_jpg.rf.353dcfc51794a67fc89d88517aa4d884.jpg,ring_143,Ring,4,valid,dataset1
DS1_IMG_004750,valid/Ring/ring_149_jpg.rf.83069136c8aa67bed1543478fcf06b3b.jpg,ring_149,Ring,4,valid,dataset1
DS1_IMG_004751,valid/Ring/ring_150_jpg.rf.f45ab0621f0132572f650a9461b20b6c.jpg,ring_150,Ring,4,valid,dataset1
DS1_IMG_004752,valid/Ring/ring_152_jpg.rf.70ee3d5d87140bfdb95fc6453938d192.jpg,ring_152,Ring,4,valid,dataset1
DS1_IMG_004753,valid/Ring/ring_160_jpg.rf.d4ed3cb7e141be4e72807164e0ebbd49.jpg,ring_160,Ring,4,valid,dataset1
DS1_IMG_004754,valid/Ring/ring_173_jpg.rf.3481709e415a88eece8de6a9bab03611.jpg,ring_173,Ring,4,valid,dataset1
DS1_IMG_004755,valid/Ring/ring_176_jpg.rf.dc7253859ae3f220cf75bdc607eb9aff.jpg,ring_176,Ring,4,valid,dataset1
DS1_IMG_004756,valid/Ring/ring_178_jpg.rf.7553641e7470f839fa29c6c5c2df6982.jpg,ring_178,Ring,4,valid,dataset1
DS1_IMG_004757,valid/Ring/ring_191_jpg.rf.688c75054946827e3476a098cf4fd14e.jpg,ring_191,Ring,4,valid,dataset1
DS1_IMG_004758,test/Bracelet/IMG_0438-1-_f624dbf7_JPG.rf.3bbe7d472238958dfd41f728236863b7.jpg,IMG_0438-1-_f624dbf7,Bracelet,0,test,dataset1
DS1_IMG_004759,test/Bracelet/IMG_0838_36e79443_JPG.rf.9ee641a3954f09d01667eafff3a9112d.jpg,IMG_0838_36e79443,Bracelet,0,test,dataset1
DS1_IMG_004760,test/Bracelet/IMG_1386_f685d9b2_JPG.rf.7f9cd5aba7dc7dea5651cfe072a426e9.jpg,IMG_1386_f685d9b2,Bracelet,0,test,dataset1
DS1_IMG_004761,test/Bracelet/IMG_2316_1a4ad027_JPG.rf.2ad7b1f2bfa38eae3b6e341eef7596c0.jpg,IMG_2316_1a4ad027,Bracelet,0,test,dataset1
DS1_IMG_004762,test/Bracelet/IMG_2480_2ad69991_JPG.rf.eec3ebe99e66c6b1d7264d49f34cbe51.jpg,IMG_2480_2ad69991,Bracelet,0,test,dataset1
DS1_IMG_004763,test/Bracelet/IMG_2536_9b207737_JPG.rf.56ebec6411403662c1c36dd74f7b2354.jpg,IMG_2536_9b207737,Bracelet,0,test,dataset1
DS1_IMG_004764,test/Bracelet/IMG_5997_JPG.rf.08b937c86d364261a2ecc69ab1b24e76.jpg,IMG_5997,Bracelet,0,test,dataset1
DS1_IMG_004765,test/Bracelet/IMG_6003_JPG.rf.068a7a0940f41e8d46fa38e67d07a496.jpg,IMG_6003,Bracelet,0,test,dataset1
DS1_IMG_004766,test/Bracelet/ORG89_1283265841_1_l_jpeg.rf.9b3c620f1ac783b09c5da4c78df43528.jpg,ORG89_1283265841_1_l,Bracelet,0,test,dataset1
DS1_IMG_004767,test/Bracelet/bracelet_025_jpg.rf.ccd694b5a550b4169f0a94556abd2383.jpg,bracelet_025,Bracelet,0,test,dataset1
DS1_IMG_004768,test/Bracelet/bracelet_055_jpg.rf.fbb7f7e941c2eca3a9c7b521c5b69903.jpg,bracelet_055,Bracelet,0,test,dataset1
DS1_IMG_004769,test/Bracelet/bracelet_060_jpg.rf.075ab59ada75108c6b04c94a6b911c9a.jpg,bracelet_060,Bracelet,0,test,dataset1
DS1_IMG_004770,test/Bracelet/bracelet_071_jpg.rf.65960be8a633d2abf83e2f07319312c5.jpg,bracelet_071,Bracelet,0,test,dataset1
DS1_IMG_004771,test/Bracelet/bracelet_076_jpg.rf.b4a1641d086b9392476fd429471965a2.jpg,bracelet_076,Bracelet,0,test,dataset1
DS1_IMG_004772,test/Bracelet/bracelet_091_jpg.rf.f8643c5e222f7d82f38d1c0f7618cbce.jpg,bracelet_091,Bracelet,0,test,dataset1
DS1_IMG_004773,test/Bracelet/bracelet_104_jpg.rf.dd3759009b36003212ef4eaf0a647842.jpg,bracelet_104,Bracelet,0,test,dataset1
DS1_IMG_004774,test/Bracelet/bracelet_138_jpg.rf.116c19563dc4785a6d96621b76b36c3e.jpg,bracelet_138,Bracelet,0,test,dataset1
DS1_IMG_004775,test/Bracelet/bracelet_140_jpg.rf.70ae43326568a03508a0b629a8e4a606.jpg,bracelet_140,Bracelet,0,test,dataset1
DS1_IMG_004776,test/Bracelet/bracelet_166_jpg.rf.303e54a671850edd318180f9d2ef6de3.jpg,bracelet_166,Bracelet,0,test,dataset1
DS1_IMG_004777,test/Bracelet/bracelet_172_jpg.rf.03ff4a9ef29dd5783427e269e104a287.jpg,bracelet_172,Bracelet,0,test,dataset1
DS1_IMG_004778,test/Bracelet/bracelet_185_jpg.rf.12aafe23ae576570cfb322447801b33c.jpg,bracelet_185,Bracelet,0,test,dataset1
DS1_IMG_004779,test/Bracelet/bracelet_193_jpg.rf.9fab6775b5e9355ef04a7c04fd5926f5.jpg,bracelet_193,Bracelet,0,test,dataset1
DS1_IMG_004780,test/Bracelet/bracelet_194_jpg.rf.709417ac16885e6621968f21f97c6283.jpg,bracelet_194,Bracelet,0,test,dataset1
DS1_IMG_004781,test/Bracelet/bracelet_204_jpg.rf.441f218c141b1a023d8cc752fc67566a.jpg,bracelet_204,Bracelet,0,test,dataset1
DS1_IMG_004782,test/Bracelet/bracelet_210_jpg.rf.4f18bfafaacda4e94f9573d822d05ad6.jpg,bracelet_210,Bracelet,0,test,dataset1
DS1_IMG_004783,test/Bracelet/bracelet_225_jpg.rf.ccb5913bac811387b13de45a1c76bb98.jpg,bracelet_225,Bracelet,0,test,dataset1
DS1_IMG_004784,test/Bracelet/bracelet_227_jpg.rf.2ff145fe1cc3e11ea675821e2a9a9441.jpg,bracelet_227,Bracelet,0,test,dataset1
DS1_IMG_004785,test/Bracelet/bracelet_245_jpg.rf.d5a19b2540198ae967d0653249eff432.jpg,bracelet_245,Bracelet,0,test,dataset1
DS1_IMG_004786,test/Bracelet/bracelet_263_jpg.rf.07068066e9f9cf8b2a821f1b7fc7b439.jpg,bracelet_263,Bracelet,0,test,dataset1
DS1_IMG_004787,test/Bracelet/bracelet_266_jpg.rf.f93d32cba9a673c565d2d6b8cd1aa467.jpg,bracelet_266,Bracelet,0,test,dataset1
DS1_IMG_004788,test/Bracelet/bracelet_307_jpg.rf.c9e667f16ec244c93fe252813703ce49.jpg,bracelet_307,Bracelet,0,test,dataset1
DS1_IMG_004789,test/Bracelet/zver-001-KNOTS-WAXED-CORD-LAVA-BEADS-925-SILVER-120-euro_jpg.rf.5c4c74869ae03044f69796b17b0efe43.jpg,zver-001-KNOTS-WAXED-CORD-LAVA-BEADS-925-SILVER-120-euro,Bracelet,0,test,dataset1
DS1_IMG_004790,test/Earrings/China-Supplier-Gold-Jhumka-Women-Silk-Thread-jpg_350x350_jpg.rf.4b6b82338550727bbb9682e163931d95.jpg,China-Supplier-Gold-Jhumka-Women-Silk-Thread-jpg_350x350,Earrings,1,test,dataset1
DS1_IMG_004791,test/Earrings/Diamond-Earrings-SMT337_GF-600x600_jpg.rf.fcf9d2cd7164acb977023771c43fe6a4.jpg,Diamond-Earrings-SMT337_GF-600x600,Earrings,1,test,dataset1
DS1_IMG_004792,test/Earrings/GGSDCiJvMV_20180411121700_jpg.rf.514eea3410ae020203f985a568616033.jpg,GGSDCiJvMV_20180411121700,Earrings,1,test,dataset1
DS1_IMG_004793,test/Earrings/Graff-White-Diamond-High-Jewellery-29_77ct-baguette_cut_double_loop_earrings-GE26997_png.rf.1ce54c6a0db4e03ef1b29af6fc2f6747.jpg,Graff-White-Diamond-High-Jewellery-29_77ct-baguette_cut_double_loop_earrings-GE26997,Earrings,1,test,dataset1
DS1_IMG_004794,test/Earrings/HAW_078_322701_EADPWIMESF_Alt_074_01b_Masked_png.rf.4129cd09e691748ff183f12f91e06ec4.jpg,HAW_078_322701_EADPWIMESF_Alt_074_01b_Masked,Earrings,1,test,dataset1
DS1_IMG_004795,test/Earrings/IMG_2034_c813afd5_JPG.rf.e149270ebd92475e39fb0a882f421b45.jpg,IMG_2034_c813afd5,Earrings,1,test,dataset1
DS1_IMG_004796,test/Earrings/IMG_2231_48da218f_JPG.rf.2acdc1f744151ccb285d5548d3795879.jpg,IMG_2231_48da218f,Earrings,1,test,dataset1
DS1_IMG_004797,test/Earrings/IMG_2256_6f731453_JPG.rf.2f28616b3f34ab7ebd8ffb4374b997b1.jpg,IMG_2256_6f731453,Earrings,1,test,dataset1
DS1_IMG_004798,test/Earrings/JE03525-YGP900_1_lar_jpg.rf.05029511f8ed1a402a5b541b8e03aef8.jpg,JE03525-YGP900_1_lar,Earrings,1,test,dataset1
DS1_IMG_004799,test/Earrings/Screenshot_20181115-080711_1542265887484_png.rf.c42717aa9af1f1f4081bfb4fbab3c022.jpg,Screenshot_20181115-080711_1542265887484,Earrings,1,test,dataset1
DS1_IMG_004800,test/Earrings/earring_100_jpg.rf.bc1b896f7d7da2bdab98aedf24ce8f47.jpg,earring_100,Earrings,1,test,dataset1
DS1_IMG_004801,test/Earrings/earring_111_jpg.rf.72c36e35fba7b88f4080311ac1aabbe3.jpg,earring_111,Earrings,1,test,dataset1
DS1_IMG_004802,test/Earrings/earring_114_jpg.rf.c403d129f06b2985a30cbfa17d5a1ece.jpg,earring_114,Earrings,1,test,dataset1
DS1_IMG_004803,test/Earrings/earring_141_jpg.rf.5389eed22922cfe827da571697be5fe4.jpg,earring_141,Earrings,1,test,dataset1
DS1_IMG_004804,test/Earrings/earring_144_jpg.rf.e7083be4695ea67ef78128202f869733.jpg,earring_144,Earrings,1,test,dataset1
DS1_IMG_004805,test/Earrings/earring_196_jpg.rf.6b0794265011b78aab5ab65b4cccfc11.jpg,earring_196,Earrings,1,test,dataset1
DS1_IMG_004806,test/Earrings/earring_206_jpg.rf.611863c016ab33d3718988c01036c4fc.jpg,earring_206,Earrings,1,test,dataset1
DS1_IMG_004807,test/Earrings/earring_20_jpg.rf.a132dcbcf7b32c67493c72696506d5dc.jpg,earring_20,Earrings,1,test,dataset1
DS1_IMG_004808,test/Earrings/earring_217_jpg.rf.0fe8d6b3e12ace70f5d09701975e576a.jpg,earring_217,Earrings,1,test,dataset1
DS1_IMG_004809,test/Earrings/earring_234_jpg.rf.bcda429b3237fa57397d309d7813cb5b.jpg,earring_234,Earrings,1,test,dataset1
DS1_IMG_004810,test/Earrings/earring_243_jpg.rf.6649a695684bab48ac1b02100a4d0ba8.jpg,earring_243,Earrings,1,test,dataset1
DS1_IMG_004811,test/Earrings/earring_265_jpg.rf.693f2a2be1ca505ab30fd8615675a5fc.jpg,earring_265,Earrings,1,test,dataset1
DS1_IMG_004812,test/Earrings/earring_280_jpg.rf.90fbfe4bb50192f22efe74ef162394e2.jpg,earring_280,Earrings,1,test,dataset1
DS1_IMG_004813,test/Earrings/earring_28_jpg.rf.0d6873e316a865be451b6b10d0023375.jpg,earring_28,Earrings,1,test,dataset1
DS1_IMG_004814,test/Earrings/earring_30_jpg.rf.3d5caa25010f17e7c1b08c10b854ab8d.jpg,earring_30,Earrings,1,test,dataset1
DS1_IMG_004815,test/Earrings/earring_318_jpg.rf.7d08acc45dbe1124ff8aa72b9a1ca5e9.jpg,earring_318,Earrings,1,test,dataset1
DS1_IMG_004816,test/Earrings/earring_351_jpg.rf.0280ed89428883c874a5f1bbb368fd3d.jpg,earring_351,Earrings,1,test,dataset1
DS1_IMG_004817,test/Earrings/earring_354_jpg.rf.04cb9f2ccfd5b21602ea1309003e4e88.jpg,earring_354,Earrings,1,test,dataset1
DS1_IMG_004818,test/Earrings/earring_365_jpg.rf.5909d307bf40f06bad72916ed7afafbf.jpg,earring_365,Earrings,1,test,dataset1
DS1_IMG_004819,test/Earrings/earring_384_jpg.rf.4a1b133471852efa1f6c3b78e4b36fae.jpg,earring_384,Earrings,1,test,dataset1
DS1_IMG_004820,test/Earrings/earring_396_jpg.rf.d9e890d8a3506b5920a4df6e9c0c0cbc.jpg,earring_396,Earrings,1,test,dataset1
DS1_IMG_004821,test/Earrings/earring_397_jpg.rf.6053aa3b1f5f781b5f8263361e1c6674.jpg,earring_397,Earrings,1,test,dataset1
DS1_IMG_004822,test/Earrings/earring_415_jpg.rf.d59d7068eb6e7bd26c1dfd69ef3ade3e.jpg,earring_415,Earrings,1,test,dataset1
DS1_IMG_004823,test/Earrings/earring_437_jpg.rf.aa3582b2770a68bd672395d8635da0c2.jpg,earring_437,Earrings,1,test,dataset1
DS1_IMG_004824,test/Earrings/earring_439_jpg.rf.d3ae8aa2230723382cde5437d880a97e.jpg,earring_439,Earrings,1,test,dataset1
DS1_IMG_004825,test/Earrings/earring_440_jpg.rf.918bec2f011e905b52a339cf49f55180.jpg,earring_440,Earrings,1,test,dataset1
DS1_IMG_004826,test/Earrings/earring_458_jpg.rf.39a48a7cf7535f14a5a991bdfb9d27c5.jpg,earring_458,Earrings,1,test,dataset1
DS1_IMG_004827,test/Earrings/earring_51_jpg.rf.276b6d69504cf869af28caef8a8b01c2.jpg,earring_51,Earrings,1,test,dataset1
DS1_IMG_004828,test/Earrings/earring_68_jpg.rf.51336c7e6697813e19d97f4320f241f8.jpg,earring_68,Earrings,1,test,dataset1
DS1_IMG_004829,test/Earrings/earring_87_jpg.rf.7a6531d784b131f2bb3c0b5b00f63eb5.jpg,earring_87,Earrings,1,test,dataset1
DS1_IMG_004830,test/Earrings/earring_90_jpg.rf.27bb20613a226cc017aade5d55a9285e.jpg,earring_90,Earrings,1,test,dataset1
DS1_IMG_004831,test/Earrings/ier82-20170628130105_jpg.rf.b231569bb621697af4902a0259256c64.jpg,ier82-20170628130105,Earrings,1,test,dataset1
DS1_IMG_004832,test/Earrings/images-17-_jpeg.rf.7ad5b63b901e1e2ab1981502dfd2f4f9.jpg,images-17-,Earrings,1,test,dataset1
DS1_IMG_004833,test/Earrings/images-90-_jpeg.rf.49f9f9803f4a8fb087cea310ccd80797.jpg,images-90-,Earrings,1,test,dataset1
DS1_IMG_004834,test/Earrings/jewellers-in-pune-parmar-jewellers-silver-payals-anklets-jewelleries-02-PY2504-01_jpg.rf.f132b219b66a8817c26a369760da554b.jpg,jewellers-in-pune-parmar-jewellers-silver-payals-anklets-jewelleries-02-PY2504-01,Earrings,1,test,dataset1
DS1_IMG_004835,test/Earrings/necklace_20241125_122356_787f6fc3_jpg.rf.323061b3993c8291f4ee4f667953bddf.jpg,necklace_20241125_122356_787f6fc3,Earrings,1,test,dataset1
DS1_IMG_004836,test/Earrings/product-hugerect-449571-169254-1423071030-3f92cfbdab3d38d2b7dae9dae4999a6e_jpg.rf.07d4f6cb2ab948f0e84a09347896a146.jpg,product-hugerect-449571-169254-1423071030-3f92cfbdab3d38d2b7dae9dae4999a6e,Earrings,1,test,dataset1
DS1_IMG_004837,test/Necklace/IMG_0188_9844386e_JPG.rf.ec5591ccf6fe873bc277a2cf0dde0b68.jpg,IMG_0188_9844386e,Necklace,2,test,dataset1
DS1_IMG_004838,test/Necklace/IMG_0193_aa15488f_JPG.rf.5388205039b201159cde06d4945bcc25.jpg,IMG_0193_aa15488f,Necklace,2,test,dataset1
DS1_IMG_004839,test/Necklace/IMG_0206_5cb6180c_JPG.rf.e02541e97a110de44906c2b817cbf457.jpg,IMG_0206_5cb6180c,Necklace,2,test,dataset1
DS1_IMG_004840,test/Necklace/IMG_0277_445893f5_JPG.rf.ac683e47675ac8f50a4e9ee82e3ace26.jpg,IMG_0277_445893f5,Necklace,2,test,dataset1
DS1_IMG_004841,test/Necklace/IMG_0355_b90faed0_jpg.rf.704a25af6907c9118e548fc4723c890c.jpg,IMG_0355_b90faed0,Necklace,2,test,dataset1
DS1_IMG_004842,test/Necklace/IMG_0359_36315713_jpg.rf.ca18bce9a6b52716d946dfd668f2bd11.jpg,IMG_0359_36315713,Necklace,2,test,dataset1
DS1_IMG_004843,test/Necklace/IMG_0363-1-_6f529021_JPG.rf.c948c2c9584836f52e58528c5139ccfd.jpg,IMG_0363-1-_6f529021,Necklace,2,test,dataset1
DS1_IMG_004844,test/Necklace/IMG_0364-1-_5898e10b_JPG.rf.41c632e87ec3d7abf63dbc7a1db5c5e8.jpg,IMG_0364-1-_5898e10b,Necklace,2,test,dataset1
DS1_IMG_004845,test/Necklace/IMG_0369-1-_b445ef82_JPG.rf.03d44721c2ac2c2078a4539c9cb95ee1.jpg,IMG_0369-1-_b445ef82,Necklace,2,test,dataset1
DS1_IMG_004846,test/Necklace/IMG_0385_55e38741_jpg.rf.3f61219ac8fe670e35301811b598614b.jpg,IMG_0385_55e38741,Necklace,2,test,dataset1
DS1_IMG_004847,test/Necklace/IMG_0394-1-_7c4ca718_JPG.rf.922c172a64cfd1d6e142a7662b001e75.jpg,IMG_0394-1-_7c4ca718,Necklace,2,test,dataset1
DS1_IMG_004848,test/Necklace/IMG_0405-1-_7459ce05_JPG.rf.6c40ab149066afd104ef5475563d8a49.jpg,IMG_0405-1-_7459ce05,Necklace,2,test,dataset1
DS1_IMG_004849,test/Necklace/IMG_0415_d0eea7b8_jpg.rf.6cb8df99e5a13be4ad5a2d8d937562f8.jpg,IMG_0415_d0eea7b8,Necklace,2,test,dataset1
DS1_IMG_004850,test/Necklace/IMG_0416-1-_fa9020da_JPG.rf.9f75cf7a2094f941868dd326938411d4.jpg,IMG_0416-1-_fa9020da,Necklace,2,test,dataset1
DS1_IMG_004851,test/Necklace/IMG_0439_fc920c0f_jpg.rf.55b6b28632f48d19411296084197ea92.jpg,IMG_0439_fc920c0f,Necklace,2,test,dataset1
DS1_IMG_004852,test/Necklace/IMG_0474-1-_e53130ae_jpg.rf.17513d50b9e6854905cffec2597e36ab.jpg,IMG_0474-1-_e53130ae,Necklace,2,test,dataset1
DS1_IMG_004853,test/Necklace/IMG_0500_7097b37c_JPG.rf.0fa7f09135774212bf058337b6648492.jpg,IMG_0500_7097b37c,Necklace,2,test,dataset1
DS1_IMG_004854,test/Necklace/IMG_0518-1-_9443f0f6_JPG.rf.7554842182a3b84fee09db397edc060e.jpg,IMG_0518-1-_9443f0f6,Necklace,2,test,dataset1
DS1_IMG_004855,test/Necklace/IMG_0549_d0271d70_jpg.rf.62123fcfc9c90d3805ed8f11ec036ee8.jpg,IMG_0549_d0271d70,Necklace,2,test,dataset1
DS1_IMG_004856,test/Necklace/IMG_0554_51dbf351_jpg.rf.983a89ca3130873662b8fba167d7d145.jpg,IMG_0554_51dbf351,Necklace,2,test,dataset1
DS1_IMG_004857,test/Necklace/IMG_0557-1-_21b493a8_JPG.rf.be8fc11477dc4735d9704472a9719745.jpg,IMG_0557-1-_21b493a8,Necklace,2,test,dataset1
DS1_IMG_004858,test/Necklace/IMG_0559-1-_0b834210_JPG.rf.dbbd49a3f70c9b28010b5532b7e93752.jpg,IMG_0559-1-_0b834210,Necklace,2,test,dataset1
DS1_IMG_004859,test/Necklace/IMG_0579-1-_4a552508_JPG.rf.1b886a6ccd3a2421a4d0c6d1e4fd6a29.jpg,IMG_0579-1-_4a552508,Necklace,2,test,dataset1
DS1_IMG_004860,test/Necklace/IMG_0580_6ddcfdf7_jpg.rf.cdb454ebb5ff05312a3545fffbc308f9.jpg,IMG_0580_6ddcfdf7,Necklace,2,test,dataset1
DS1_IMG_004861,test/Necklace/IMG_0584-1-_046b7bac_JPG.rf.582584981d07fa058f11a3cf58fb846d.jpg,IMG_0584-1-_046b7bac,Necklace,2,test,dataset1
DS1_IMG_004862,test/Necklace/IMG_0585_08c21b82_jpg.rf.e81a6c0b40ab62f5a7468052e547b4b6.jpg,IMG_0585_08c21b82,Necklace,2,test,dataset1
DS1_IMG_004863,test/Necklace/IMG_0592-Copy_31669056_jpg.rf.e6b58f2a97ed0d8d55a7bdb385693524.jpg,IMG_0592-Copy_31669056,Necklace,2,test,dataset1
DS1_IMG_004864,test/Necklace/IMG_0604-Copy_8b489241_jpg.rf.dda988e42ee28da3cfa8e421b83f4b15.jpg,IMG_0604-Copy_8b489241,Necklace,2,test,dataset1
DS1_IMG_004865,test/Necklace/IMG_0610_5b1349db_JPG.rf.d8346758062618b6361e0d1f6b5660c6.jpg,IMG_0610_5b1349db,Necklace,2,test,dataset1
DS1_IMG_004866,test/Necklace/IMG_0613-1-Copy_a640624f_jpg.rf.4ea3b853dee675b0ca5bd0596c780793.jpg,IMG_0613-1-Copy_a640624f,Necklace,2,test,dataset1
DS1_IMG_004867,test/Necklace/IMG_0936_fda379f5_jpg.rf.7ff9557b7783d4358bb109069672c1a8.jpg,IMG_0936_fda379f5,Necklace,2,test,dataset1
DS1_IMG_004868,test/Necklace/IMG_1306_5cecaecc_JPG.rf.c8185e298906ffc5b38b12637ff61ba9.jpg,IMG_1306_5cecaecc,Necklace,2,test,dataset1
DS1_IMG_004869,test/Necklace/IMG_1308_5d902e0e_JPG.rf.4619a80da2d85e72b46b03c14621f7fb.jpg,IMG_1308_5d902e0e,Necklace,2,test,dataset1
DS1_IMG_004870,test/Necklace/IMG_1314_7903e1c0_JPG.rf.32f6fba8afe51eba5f56e66c9cee92f9.jpg,IMG_1314_7903e1c0,Necklace,2,test,dataset1
DS1_IMG_004871,test/Necklace/IMG_1317_14b16df5_JPG.rf.8397ba91b67918c4847f796033ebb191.jpg,IMG_1317_14b16df5,Necklace,2,test,dataset1
DS1_IMG_004872,test/Necklace/IMG_1331_758ec661_JPG.rf.c4acb7a97d0ae707a7f884492d72e472.jpg,IMG_1331_758ec661,Necklace,2,test,dataset1
DS1_IMG_004873,test/Necklace/IMG_1338_13dc631b_JPG.rf.41e460c865bd8e0a8e75dfa4a36641e1.jpg,IMG_1338_13dc631b,Necklace,2,test,dataset1
DS1_IMG_004874,test/Necklace/IMG_1340_7d30dc09_JPG.rf.f6600b7f9ddac8c168027e880f04eea2.jpg,IMG_1340_7d30dc09,Necklace,2,test,dataset1
DS1_IMG_004875,test/Necklace/IMG_1358_f31d1b53_JPG.rf.66d82b61ecaf0d8575b60a15fcde3460.jpg,IMG_1358_f31d1b53,Necklace,2,test,dataset1
DS1_IMG_004876,test/Necklace/IMG_1370_49c1853f_JPG.rf.59897fd53b4ccbb476b788fdce3cf053.jpg,IMG_1370_49c1853f,Necklace,2,test,dataset1
DS1_IMG_004877,test/Necklace/IMG_1373_3456e26e_JPG.rf.316d306ca041f08a97ecef9036e0e969.jpg,IMG_1373_3456e26e,Necklace,2,test,dataset1
DS1_IMG_004878,test/Necklace/IMG_1382_311a6954_JPG.rf.50f15b1a9b24efa87668e4884862015e.jpg,IMG_1382_311a6954,Necklace,2,test,dataset1
DS1_IMG_004879,test/Necklace/IMG_1403_63204927_JPG.rf.c61863a1c46c1ab523abb87177771203.jpg,IMG_1403_63204927,Necklace,2,test,dataset1
DS1_IMG_004880,test/Necklace/IMG_1421_44bef530_JPG.rf.de4d8ed9c1907980a170aea11954f713.jpg,IMG_1421_44bef530,Necklace,2,test,dataset1
DS1_IMG_004881,test/Necklace/IMG_1424_3e14a5c7_JPG.rf.f2bd1813aa11039b356618248fa1c1e8.jpg,IMG_1424_3e14a5c7,Necklace,2,test,dataset1
DS1_IMG_004882,test/Necklace/IMG_1436_339ce006_JPG.rf.b6e3d1a0fbf17fa761e7abdbb22ee053.jpg,IMG_1436_339ce006,Necklace,2,test,dataset1
DS1_IMG_004883,test/Necklace/IMG_1469_04f347c6_JPG.rf.d6d03dac7d3f05eb69dd1f016f47334d.jpg,IMG_1469_04f347c6,Necklace,2,test,dataset1
DS1_IMG_004884,test/Necklace/IMG_1488_ffdefbd1_JPG.rf.ffb858392537df100f295b8b17e485a8.jpg,IMG_1488_ffdefbd1,Necklace,2,test,dataset1
DS1_IMG_004885,test/Necklace/IMG_1493_0c9d040c_JPG.rf.6972ecc22bdfcda2abfacc0722628403.jpg,IMG_1493_0c9d040c,Necklace,2,test,dataset1
DS1_IMG_004886,test/Necklace/IMG_1525_c33c05c0_JPG.rf.38a7bd952111790c9785ecd8ee022c8f.jpg,IMG_1525_c33c05c0,Necklace,2,test,dataset1
DS1_IMG_004887,test/Necklace/IMG_1544_c1af1816_JPG.rf.fdd9f0a3306e66475c334a6e35747350.jpg,IMG_1544_c1af1816,Necklace,2,test,dataset1
DS1_IMG_004888,test/Necklace/IMG_1569_cc26972a_JPG.rf.2fc84718b89da3ef18a6b2f9ae946bec.jpg,IMG_1569_cc26972a,Necklace,2,test,dataset1
DS1_IMG_004889,test/Necklace/IMG_1612_cd4f3b42_JPG.rf.f72894ab1cd6f93a3e336ad8d6431d09.jpg,IMG_1612_cd4f3b42,Necklace,2,test,dataset1
DS1_IMG_004890,test/Necklace/IMG_1614_64865aa2_JPG.rf.191d20a146950e0cb51212641a22d4aa.jpg,IMG_1614_64865aa2,Necklace,2,test,dataset1
DS1_IMG_004891,test/Necklace/IMG_1651_1a27ae5b_JPG.rf.ff60bec7dd3982e3ef8ce93b0da55d24.jpg,IMG_1651_1a27ae5b,Necklace,2,test,dataset1
DS1_IMG_004892,test/Necklace/IMG_1867_dcaead38_JPG.rf.f4cb6a285558a51724c098d58507d0ac.jpg,IMG_1867_dcaead38,Necklace,2,test,dataset1
DS1_IMG_004893,test/Necklace/IMG_2187_05e414dc_JPG.rf.26ac8bbccbc7144c2ae08e88cbef1d47.jpg,IMG_2187_05e414dc,Necklace,2,test,dataset1
DS1_IMG_004894,test/Necklace/IMG_2191_26d7abc3_JPG.rf.9a079b75d7c3b7cebccc896a87d10b3f.jpg,IMG_2191_26d7abc3,Necklace,2,test,dataset1
DS1_IMG_004895,test/Necklace/IMG_2197_1e7eeac7_JPG.rf.5a2bc7ff013a19423ee4cf943ac687b6.jpg,IMG_2197_1e7eeac7,Necklace,2,test,dataset1
DS1_IMG_004896,test/Necklace/IMG_2200_fa131dad_JPG.rf.fe0c2379330b36c3ea54a863530ae20c.jpg,IMG_2200_fa131dad,Necklace,2,test,dataset1
DS1_IMG_004897,test/Necklace/IMG_2261_59f5c255_JPG.rf.74378861f73db0d6a69b2dc3cf592911.jpg,IMG_2261_59f5c255,Necklace,2,test,dataset1
DS1_IMG_004898,test/Necklace/IMG_2262_73da5183_JPG.rf.1e1dbd0db2ff3382761673fade779c2c.jpg,IMG_2262_73da5183,Necklace,2,test,dataset1
DS1_IMG_004899,test/Necklace/IMG_2284_37bae58f_JPG.rf.181a7a3078dc372a2cbdd9b4b033b24b.jpg,IMG_2284_37bae58f,Necklace,2,test,dataset1
DS1_IMG_004900,test/Necklace/IMG_2290_00edb6c5_JPG.rf.39fc519d1bfe9f5646d94cadf3a45193.jpg,IMG_2290_00edb6c5,Necklace,2,test,dataset1
DS1_IMG_004901,test/Necklace/IMG_2443_9d16f3bf_JPG.rf.52f4bc37504bdaded60dd17baf80870f.jpg,IMG_2443_9d16f3bf,Necklace,2,test,dataset1
DS1_IMG_004902,test/Necklace/IMG_2749_94a2bc45_jpg.rf.12d13033aaba15d39b5599459523da53.jpg,IMG_2749_94a2bc45,Necklace,2,test,dataset1
DS1_IMG_004903,test/Necklace/IMG_2908_067acdd8_jpg.rf.7777f752d2603f20e0f61a1ca615e93b.jpg,IMG_2908_067acdd8,Necklace,2,test,dataset1
DS1_IMG_004904,test/Necklace/IMG_2933_5fc6a3dd_jpg.rf.c6d623dfea08355d26e181195fbdab3a.jpg,IMG_2933_5fc6a3dd,Necklace,2,test,dataset1
DS1_IMG_004905,test/Necklace/IMG_3067_2e9f7f81_JPG.rf.70773d06767f78c1dae7ce1d5bc78939.jpg,IMG_3067_2e9f7f81,Necklace,2,test,dataset1
DS1_IMG_004906,test/Necklace/IMG_3079_32514f4b_JPG.rf.a180ad72aeca1c982db25c879b2d73a5.jpg,IMG_3079_32514f4b,Necklace,2,test,dataset1
DS1_IMG_004907,test/Necklace/IMG_3081_2cfc6812_JPG.rf.364ee3ef0b2843e4184feb047d6f5667.jpg,IMG_3081_2cfc6812,Necklace,2,test,dataset1
DS1_IMG_004908,test/Necklace/IMG_3083_90ebcd79_JPG.rf.cde770ce6e213d0a1fe4b0b3308a2496.jpg,IMG_3083_90ebcd79,Necklace,2,test,dataset1
DS1_IMG_004909,test/Necklace/IMG_3129_4e4b9458_JPG.rf.5ef499ff066f10f9fd459c99c062be0a.jpg,IMG_3129_4e4b9458,Necklace,2,test,dataset1
DS1_IMG_004910,test/Necklace/IMG_3581_b8a217c6_JPG.rf.092d0b79c66fbfd3aad2e444baffe194.jpg,IMG_3581_b8a217c6,Necklace,2,test,dataset1
DS1_IMG_004911,test/Necklace/IMG_3584_4891ca07_JPG.rf.62b3615d65c257c45add6c8e5268ed5f.jpg,IMG_3584_4891ca07,Necklace,2,test,dataset1
DS1_IMG_004912,test/Necklace/IMG_3594_701ce85f_JPG.rf.d2faf2779a7a14f6105499759f21d860.jpg,IMG_3594_701ce85f,Necklace,2,test,dataset1
DS1_IMG_004913,test/Necklace/IMG_3595_1618e8c6_JPG.rf.ba0be9bbb6b6091bc38a812e2ea974e9.jpg,IMG_3595_1618e8c6,Necklace,2,test,dataset1
DS1_IMG_004914,test/Necklace/IMG_3599_e4fd16d8_JPG.rf.a902bcf2caea0458e249c745b10ca338.jpg,IMG_3599_e4fd16d8,Necklace,2,test,dataset1
DS1_IMG_004915,test/Necklace/necklace_107_jpg.rf.72ea2303922371734040469c9bf6156e.jpg,necklace_107,Necklace,2,test,dataset1
DS1_IMG_004916,test/Necklace/necklace_113_jpg.rf.c14aa90957f7baed0da2f32aaec22247.jpg,necklace_113,Necklace,2,test,dataset1
DS1_IMG_004917,test/Necklace/necklace_121_jpg.rf.172d7684ff68d7fdda683d15b0decfb7.jpg,necklace_121,Necklace,2,test,dataset1
DS1_IMG_004918,test/Necklace/necklace_149_jpg.rf.47fef14c768082353de5119fb52ecd30.jpg,necklace_149,Necklace,2,test,dataset1
DS1_IMG_004919,test/Necklace/necklace_160_jpg.rf.32c5a6f1f0df14f669ce87cad7eb7b2c.jpg,necklace_160,Necklace,2,test,dataset1
DS1_IMG_004920,test/Necklace/necklace_20241125_122545_00001f7f_jpg.rf.291c96c031cbeb095943bfce445b3954.jpg,necklace_20241125_122545_00001f7f,Necklace,2,test,dataset1
DS1_IMG_004921,test/Necklace/necklace_20241125_122545_00191303_jpg.rf.40f20bdb561138b08f6804b91aaaf601.jpg,necklace_20241125_122545_00191303,Necklace,2,test,dataset1
DS1_IMG_004922,test/Necklace/necklace_20241125_122545_01030307_jpg.rf.0cb2fbe66a0e2f82e656999b1345f9f1.jpg,necklace_20241125_122545_01030307,Necklace,2,test,dataset1
DS1_IMG_004923,test/Necklace/necklace_20241125_122545_02028081_jpg.rf.660298f02091fb03c2ef6caddb8ce05a.jpg,necklace_20241125_122545_02028081,Necklace,2,test,dataset1
DS1_IMG_004924,test/Necklace/necklace_20241125_122545_087c7e3c_jpg.rf.4be132fb279cd88eba52f214fe74dadd.jpg,necklace_20241125_122545_087c7e3c,Necklace,2,test,dataset1
DS1_IMG_004925,test/Necklace/necklace_20241125_122545_0ad29bb9_jpg.rf.1dc8cf7fd20b17cabe37979df8ba13dc.jpg,necklace_20241125_122545_0ad29bb9,Necklace,2,test,dataset1
DS1_IMG_004926,test/Necklace/necklace_20241125_122545_0ec2c3c3_jpg.rf.27b7c14719043650cf7871d6c9a00b97.jpg,necklace_20241125_122545_0ec2c3c3,Necklace,2,test,dataset1
DS1_IMG_004927,test/Necklace/necklace_20241125_122545_0eceefef_jpg.rf.89b44f621b6148cb0e3fe9b37e1e3cd5.jpg,necklace_20241125_122545_0eceefef,Necklace,2,test,dataset1
DS1_IMG_004928,test/Necklace/necklace_20241125_122545_7c6f6f7f_jpg.rf.51ef9e0f72ead59f01d46777d75a1481.jpg,necklace_20241125_122545_7c6f6f7f,Necklace,2,test,dataset1
DS1_IMG_004929,test/Necklace/necklace_20241125_122545_81818181_jpg.rf.f1b4afb553591c268255c4e1a4f18053.jpg,necklace_20241125_122545_81818181,Necklace,2,test,dataset1
DS1_IMG_004930,test/Necklace/necklace_20241125_122545_81c3c381_jpg.rf.afbf69a339fc11b1944da579f282d282.jpg,necklace_20241125_122545_81c3c381,Necklace,2,test,dataset1
DS1_IMG_004931,test/Necklace/necklace_20241125_122545_c0c1c1c3_jpg.rf.8e72e5c536c33a97020a74eeaf7ededb.jpg,necklace_20241125_122545_c0c1c1c3,Necklace,2,test,dataset1
DS1_IMG_004932,test/Necklace/necklace_64_jpg.rf.302fc64c48139b7c07f8bbad5e18d172.jpg,necklace_64,Necklace,2,test,dataset1
DS1_IMG_004933,test/Necklace/necklace_70_jpg.rf.80c34b3a8492a0456cbd633fdf698b43.jpg,necklace_70,Necklace,2,test,dataset1
DS1_IMG_004934,test/Necklace/other_20241125_122401_ffdf8301_jpg.rf.9fba7aa22e2910f55b5533e56a9545bf.jpg,other_20241125_122401_ffdf8301,Necklace,2,test,dataset1
DS1_IMG_004935,test/Necklace/other_20241125_122402_81818181_jpg.rf.0238c3fffb73441b28190a09c03a8426.jpg,other_20241125_122402_81818181,Necklace,2,test,dataset1
DS1_IMG_004936,test/Necklace/other_20241125_122402_f3c38381_jpg.rf.8706310a26ac5ecd13bc25f2a553d17f.jpg,other_20241125_122402_f3c38381,Necklace,2,test,dataset1
DS1_IMG_004937,test/Pendant/IMG_0467-1-_3b931b8b_jpg.rf.c90539aea9223312e421224fd367edb9.jpg,IMG_0467-1-_3b931b8b,Pendant,3,test,dataset1
DS1_IMG_004938,test/Pendant/IMG_0542-1-_e9ea24ad_JPG.rf.be3db92f64469b7339ff39dd16c3f347.jpg,IMG_0542-1-_e9ea24ad,Pendant,3,test,dataset1
DS1_IMG_004939,test/Pendant/IMG_0544_48e3515b_jpg.rf.8bf44d1a71c526701c5af53743b741fe.jpg,IMG_0544_48e3515b,Pendant,3,test,dataset1
DS1_IMG_004940,test/Pendant/IMG_0792_db613a2c_jpg.rf.8111cd02a1cf496bf7715bfc9e7bb8b9.jpg,IMG_0792_db613a2c,Pendant,3,test,dataset1
DS1_IMG_004941,test/Pendant/IMG_0806_4b4a79d6_JPG.rf.0a98ef8219feaf1cb2123d7bf0a49291.jpg,IMG_0806_4b4a79d6,Pendant,3,test,dataset1
DS1_IMG_004942,test/Pendant/IMG_0864_0fe26b78_JPG.rf.3c4dc9b31ca0e6e7a64469c41f7b74a3.jpg,IMG_0864_0fe26b78,Pendant,3,test,dataset1
DS1_IMG_004943,test/Pendant/IMG_1457_cfbced03_JPG.rf.6f59c1b2a1dbb4f35ca0d53b6905212f.jpg,IMG_1457_cfbced03,Pendant,3,test,dataset1
DS1_IMG_004944,test/Pendant/IMG_1523_c0c2c238_JPG.rf.51d5052df225538478c3ea705c297447.jpg,IMG_1523_c0c2c238,Pendant,3,test,dataset1
DS1_IMG_004945,test/Pendant/IMG_2182_3d27fc0e_JPG.rf.36d72293cceb30dfcd92cdbd57607739.jpg,IMG_2182_3d27fc0e,Pendant,3,test,dataset1
DS1_IMG_004946,test/Pendant/IMG_2188_f8d41da8_JPG.rf.152898301e76f4338241497b6f1deb54.jpg,IMG_2188_f8d41da8,Pendant,3,test,dataset1
DS1_IMG_004947,test/Pendant/IMG_2283_5d920d1f_JPG.rf.d9bca06dad29aa104563d1d62a859d46.jpg,IMG_2283_5d920d1f,Pendant,3,test,dataset1
DS1_IMG_004948,test/Pendant/IMG_2468_e8e651f3_JPG.rf.6a5f638450aca1c4ba188aa593786ab8.jpg,IMG_2468_e8e651f3,Pendant,3,test,dataset1
DS1_IMG_004949,test/Pendant/IMG_2507_c5b601e6_JPG.rf.f75e4c99d7a03a7ad26e2759a55c1e81.jpg,IMG_2507_c5b601e6,Pendant,3,test,dataset1
DS1_IMG_004950,test/Pendant/IMG_2510_b9c02660_JPG.rf.f7101c8e7061a08e569d064fca802783.jpg,IMG_2510_b9c02660,Pendant,3,test,dataset1
DS1_IMG_004951,test/Pendant/IMG_2511_fb681a2d_JPG.rf.d67cf43bf15e4d24f5e7a22c4c3cc4a1.jpg,IMG_2511_fb681a2d,Pendant,3,test,dataset1
DS1_IMG_004952,test/Pendant/IMG_2806_2acdc6df_jpg.rf.dc5bf280298e6fa379a8789bb4afa4cf.jpg,IMG_2806_2acdc6df,Pendant,3,test,dataset1
DS1_IMG_004953,test/Pendant/IMG_2834_57c8d440_jpg.rf.d9b81d6e8c123316c9489f9c7aec9680.jpg,IMG_2834_57c8d440,Pendant,3,test,dataset1
DS1_IMG_004954,test/Pendant/IMG_2893_a4fe4278_jpg.rf.0e1562853a8c6d03e7258c89d8abf5ab.jpg,IMG_2893_a4fe4278,Pendant,3,test,dataset1
DS1_IMG_004955,test/Pendant/necklace_20241125_122545_2d83931b_jpg.rf.61e611271cba447220493e0a5cfd26a9.jpg,necklace_20241125_122545_2d83931b,Pendant,3,test,dataset1
DS1_IMG_004956,test/Pendant/necklace_20241125_122545_7c7f6301_jpg.rf.9af346f5e677ec4f70c5e1092eba3e99.jpg,necklace_20241125_122545_7c7f6301,Pendant,3,test,dataset1
DS1_IMG_004957,test/Ring/Screenshot_20181116-202725_1542453224588_png.rf.b5259ad69862cdcb76446faebf1ebe6d.jpg,Screenshot_20181116-202725_1542453224588,Ring,4,test,dataset1
DS1_IMG_004958,test/Ring/Screenshot_20181116-203130_1542449796557_png.rf.8e3ad37fbeeb36a7d6e0335796af06ac.jpg,Screenshot_20181116-203130_1542449796557,Ring,4,test,dataset1
DS1_IMG_004959,test/Ring/ring_052_jpg.rf.dfa1395d50ee9c09a6b38b38e6f86728.jpg,ring_052,Ring,4,test,dataset1
DS1_IMG_004960,test/Ring/ring_063_jpg.rf.8c00f6118837b332d2951972741fee08.jpg,ring_063,Ring,4,test,dataset1
DS1_IMG_004961,test/Ring/ring_073_jpg.rf.a27324c90401cbc3259565440d5cff78.jpg,ring_073,Ring,4,test,dataset1
DS1_IMG_004962,test/Ring/ring_079_jpg.rf.a3b6ee3ba08bfc0f678e07fccc69dbf6.jpg,ring_079,Ring,4,test,dataset1
DS1_IMG_004963,test/Ring/ring_090_jpg.rf.2c7691186615926426506c21d7677b54.jpg,ring_090,Ring,4,test,dataset1
DS1_IMG_004964,test/Ring/ring_094_jpg.rf.0e95bb1c734c2bf3f824ddc0eb6f50cd.jpg,ring_094,Ring,4,test,dataset1
DS1_IMG_004965,test/Ring/ring_100_jpg.rf.2fc868b77c77a693d545f21bc2547735.jpg,ring_100,Ring,4,test,dataset1
DS1_IMG_004966,test/Ring/ring_146_jpg.rf.2d6479a2eb0722309c7ce20fc5bc421b.jpg,ring_146,Ring,4,test,dataset1
DS1_IMG_004967,test/Ring/ring_151_jpg.rf.d8ea766c5d8819881f12770f068fceb2.jpg,ring_151,Ring,4,test,dataset1
DS1_IMG_004968,test/Ring/ring_161_jpg.rf.ad1f0fa2a46757f02686ee9abd024646.jpg,ring_161,Ring,4,test,dataset1
DS1_IMG_004969,test/Ring/ring_190_jpg.rf.bb80a8870d2a5bf05e155dd03ccaea7a.jpg,ring_190,Ring,4,test,dataset1
