pair_id,image_id_1,image_id_2,group_id_1,group_id_2,category_id_1,category_id_2,category_1,category_2,split,label,pair_type,negative_type
DS1_IMG_000001__DS1_IMG_000002,DS1_IMG_000001,DS1_IMG_000002,IMG_0424-1-_ee300501,IMG_0424-1-_ee300501,0,0,Bracelet,Bracelet,train,1,positive,
DS1_IMG_000001__DS1_IMG_000003,DS1_IMG_000001,DS1_IMG_000003,IMG_0424-1-_ee300501,IMG_0424-1-_ee300501,0,0,Bracelet,Bracelet,train,1,positive,
DS1_IMG_000001__DS1_IMG_001130,DS1_IMG_000001,DS1_IMG_001130,IMG_0424-1-_ee300501,earring_267,0,1,Bracelet,Earrings,train,0,negative,cross_category
DS1_IMG_000001__DS1_IMG_001842,DS1_IMG_000001,DS1_IMG_001842,IMG_0424-1-_ee300501,IMG_0520_2e644d1c,0,2,Bracelet,Necklace,train,0,negative,cross_category
DS1_IMG_000001__DS1_IMG_003727,DS1_IMG_000001,DS1_IMG_003727,IMG_0424-1-_ee300501,IMG_0842_54be0d37,0,3,Bracelet,Pendant,train,0,negative,cross_category
DS1_IMG_000001__DS1_IMG_003896,DS1_IMG_000001,DS1_IMG_003896,IMG_0424-1-_ee300501,IMG_2894_945d19e5,0,3,Bracelet,Pendant,train,0,negative,cross_category
DS1_IMG_000002__DS1_IMG_000003,DS1_IMG_000002,DS1_IMG_000003,IMG_0424-1-_ee300501,IMG_0424-1-_ee300501,0,0,Bracelet,Bracelet,train,1,positive,
DS1_IMG_000002__DS1_IMG_004057,DS1_IMG_000002,DS1_IMG_004057,IMG_0424-1-_ee300501,Screenshot_20181116-204417_1542449390654,0,4,Bracelet,Ring,train,0,negative,cross_category
DS1_IMG_000004__DS1_IMG_000005,DS1_IMG_000004,DS1_IMG_000005,IMG_0425-1-_0d7c9614,IMG_0425-1-_0d7c9614,0,0,Bracelet,Bracelet,train,1,positive,
DS1_IMG_000004__DS1_IMG_000006,DS1_IMG_000004,DS1_IMG_000006,IMG_0425-1-_0d7c9614,IMG_0425-1-_0d7c9614,0,0,Bracelet,Bracelet,train,1,positive,
DS1_IMG_000004__DS1_IMG_000766,DS1_IMG_000004,DS1_IMG_000766,IMG_0425-1-_0d7c9614,ER10422PL-1_large,0,1,Bracelet,Earrings,train,0,negative,cross_category
DS1_IMG_000005__DS1_IMG_000006,DS1_IMG_000005,DS1_IMG_000006,IMG_0425-1-_0d7c9614,IMG_0425-1-_0d7c9614,0,0,Bracelet,Bracelet,train,1,positive,
DS1_IMG_000005__DS1_IMG_000849,DS1_IMG_000005,DS1_IMG_000849,IMG_0425-1-_0d7c9614,IMG_2503_83eaf2d8,0,1,Bracelet,Earrings,train,0,negative,cross_category
DS1_IMG_000005__DS1_IMG_001976,DS1_IMG_000005,DS1_IMG_001976,IMG_0425-1-_0d7c9614,IMG_0586_952d41e8,0,2,Bracelet,Necklace,train,0,negative,cross_category
DS1_IMG_000005__DS1_IMG_002094,DS1_IMG_000005,DS1_IMG_002094,IMG_0425-1-_0d7c9614,IMG_1299_18b800ce,0,2,Bracelet,Necklace,train,0,negative,cross_category
DS1_IMG_000005__DS1_IMG_002104,DS1_IMG_000005,DS1_IMG_002104,IMG_0425-1-_0d7c9614,IMG_1309_699b4ad9,0,2,Bracelet,Necklace,train,0,negative,cross_category
DS1_IMG_000006__DS1_IMG_001075,DS1_IMG_000006,DS1_IMG_001075,IMG_0425-1-_0d7c9614,earring_219,0,1,Bracelet,Earrings,train,0,negative,cross_category
DS1_IMG_000006__DS1_IMG_001720,DS1_IMG_000006,DS1_IMG_001720,IMG_0425-1-_0d7c9614,IMG_0419_2058b182,0,2,Bracelet,Necklace,train,0,negative,cross_category
DS1_IMG_000007__DS1_IMG_000008,DS1_IMG_000007,DS1_IMG_000008,IMG_0425-1-_ffe4ecb4,IMG_0425-1-_ffe4ecb4,0,0,Bracelet,Bracelet,train,1,positive,
DS1_IMG_000007__DS1_IMG_000009,DS1_IMG_000007,DS1_IMG_000009,IMG_0425-1-_ffe4ecb4,IMG_0425-1-_ffe4ecb4,0,0,Bracelet,Bracelet,train,1,positive,
DS1_IMG_000007__DS1_IMG_001101,DS1_IMG_000007,DS1_IMG_001101,IMG_0425-1-_ffe4ecb4,earring_239,0,1,Bracelet,Earrings,train,0,negative,cross_category
DS1_IMG_000007__DS1_IMG_004283,DS1_IMG_000007,DS1_IMG_004283,IMG_0425-1-_ffe4ecb4,ring_167,0,4,Bracelet,Ring,train,0,negative,cross_category
DS1_IMG_000008__DS1_IMG_000009,DS1_IMG_000008,DS1_IMG_000009,IMG_0425-1-_ffe4ecb4,IMG_0425-1-_ffe4ecb4,0,0,Bracelet,Bracelet,train,1,positive,
DS1_IMG_000008__DS1_IMG_003706,DS1_IMG_000008,DS1_IMG_003706,IMG_0425-1-_ffe4ecb4,IMG_0702_fc96bc4c,0,3,Bracelet,Pendant,train,0,negative,cross_category
DS1_IMG_000009__DS1_IMG_001427,DS1_IMG_000009,DS1_IMG_001427,IMG_0425-1-_ffe4ecb4,images-4-,0,1,Bracelet,Earrings,train,0,negative,cross_category
DS1_IMG_000010__DS1_IMG_000011,DS1_IMG_000010,DS1_IMG_000011,IMG_0428_18d789de,IMG_0428_18d789de,0,0,Bracelet,Bracelet,train,1,positive,
DS1_IMG_000010__DS1_IMG_000012,DS1_IMG_000010,DS1_IMG_000012,IMG_0428_18d789de,IMG_0428_18d789de,0,0,Bracelet,Bracelet,train,1,positive,
DS1_IMG_000010__DS1_IMG_003876,DS1_IMG_000010,DS1_IMG_003876,IMG_0428_18d789de,IMG_2860_b5be60fb,0,3,Bracelet,Pendant,train,0,negative,cross_category
DS1_IMG_000011__DS1_IMG_000012,DS1_IMG_000011,DS1_IMG_000012,IMG_0428_18d789de,IMG_0428_18d789de,0,0,Bracelet,Bracelet,train,1,positive,
DS1_IMG_000011__DS1_IMG_001738,DS1_IMG_000011,DS1_IMG_001738,IMG_0428_18d789de,IMG_0442_7e7a3b25,0,2,Bracelet,Necklace,train,0,negative,cross_category
DS1_IMG_000012__DS1_IMG_001545,DS1_IMG_000012,DS1_IMG_001545,IMG_0428_18d789de,IMG_0157_b671fd42,0,2,Bracelet,Necklace,train,0,negative,cross_category
DS1_IMG_000012__DS1_IMG_002652,DS1_IMG_000012,DS1_IMG_002652,IMG_0428_18d789de,IMG_2216_79cc4ca5,0,2,Bracelet,Necklace,train,0,negative,cross_category
DS1_IMG_000012__DS1_IMG_003080,DS1_IMG_000012,DS1_IMG_003080,IMG_0428_18d789de,IMG_3110_e8631d85,0,2,Bracelet,Necklace,train,0,negative,cross_category
DS1_IMG_000012__DS1_IMG_004280,DS1_IMG_000012,DS1_IMG_004280,IMG_0428_18d789de,ring_166,0,4,Bracelet,Ring,train,0,negative,cross_category
DS1_IMG_000013__DS1_IMG_000014,DS1_IMG_000013,DS1_IMG_000014,IMG_0429_94ddbe5a,IMG_0429_94ddbe5a,0,0,Bracelet,Bracelet,train,1,positive,
DS1_IMG_000013__DS1_IMG_000015,DS1_IMG_000013,DS1_IMG_000015,IMG_0429_94ddbe5a,IMG_0429_94ddbe5a,0,0,Bracelet,Bracelet,train,1,positive,
DS1_IMG_000013__DS1_IMG_002448,DS1_IMG_000013,DS1_IMG_002448,IMG_0429_94ddbe5a,IMG_1583_94401dfd,0,2,Bracelet,Necklace,train,0,negative,cross_category
DS1_IMG_000013__DS1_IMG_003671,DS1_IMG_000013,DS1_IMG_003671,IMG_0429_94ddbe5a,IMG_0391_13077dff,0,3,Bracelet,Pendant,train,0,negative,cross_category
DS1_IMG_000014__DS1_IMG_000015,DS1_IMG_000014,DS1_IMG_000015,IMG_0429_94ddbe5a,IMG_0429_94ddbe5a,0,0,Bracelet,Bracelet,train,1,positive,
DS1_IMG_000015__DS1_IMG_003681,DS1_IMG_000015,DS1_IMG_003681,IMG_0429_94ddbe5a,IMG_0457_cb73a0c4,0,3,Bracelet,Pendant,train,0,negative,cross_category
DS1_IMG_000016__DS1_IMG_000017,DS1_IMG_000016,DS1_IMG_000017,IMG_0430-1-_046d20ce,IMG_0430-1-_046d20ce,0,0,Bracelet,Bracelet,train,1,positive,
DS1_IMG_000016__DS1_IMG_000018,DS1_IMG_000016,DS1_IMG_000018,IMG_0430-1-_046d20ce,IMG_0430-1-_046d20ce,0,0,Bracelet,Bracelet,train,1,positive,
DS1_IMG_000016__DS1_IMG_001718,DS1_IMG_000016,DS1_IMG_001718,IMG_0430-1-_046d20ce,IMG_0419_2058b182,0,2,Bracelet,Necklace,train,0,negative,cross_category
DS1_IMG_000017__DS1_IMG_000018,DS1_IMG_000017,DS1_IMG_000018,IMG_0430-1-_046d20ce,IMG_0430-1-_046d20ce,0,0,Bracelet,Bracelet,train,1,positive,
DS1_IMG_000017__DS1_IMG_004008,DS1_IMG_000017,DS1_IMG_004008,IMG_0430-1-_046d20ce,other_20241125_122403_8383c799,0,3,Bracelet,Pendant,train,0,negative,cross_category
DS1_IMG_000018__DS1_IMG_001382,DS1_IMG_000018,DS1_IMG_001382,IMG_0430-1-_046d20ce,earring_89,0,1,Bracelet,Earrings,train,0,negative,cross_category
DS1_IMG_000019__DS1_IMG_000020,DS1_IMG_000019,DS1_IMG_000020,IMG_0430-1-_e8eb3b89,IMG_0430-1-_e8eb3b89,0,0,Bracelet,Bracelet,train,1,positive,
DS1_IMG_000019__DS1_IMG_000021,DS1_IMG_000019,DS1_IMG_000021,IMG_0430-1-_e8eb3b89,IMG_0430-1-_e8eb3b89,0,0,Bracelet,Bracelet,train,1,positive,
DS1_IMG_000019__DS1_IMG_001971,DS1_IMG_000019,DS1_IMG_001971,IMG_0430-1-_e8eb3b89,IMG_0583-Copy_d1d61f9e,0,2,Bracelet,Necklace,train,0,negative,cross_category
DS1_IMG_000019__DS1_IMG_003943,DS1_IMG_000019,DS1_IMG_003943,IMG_0430-1-_e8eb3b89,IMG_2943_c72380bb,0,3,Bracelet,Pendant,train,0,negative,cross_category
DS1_IMG_000019__DS1_IMG_004007,DS1_IMG_000019,DS1_IMG_004007,IMG_0430-1-_e8eb3b89,other_20241125_122403_8383c799,0,3,Bracelet,Pendant,train,0,negative,cross_category
DS1_IMG_000020__DS1_IMG_000021,DS1_IMG_000020,DS1_IMG_000021,IMG_0430-1-_e8eb3b89,IMG_0430-1-_e8eb3b89,0,0,Bracelet,Bracelet,train,1,positive,
DS1_IMG_000020__DS1_IMG_001127,DS1_IMG_000020,DS1_IMG_001127,IMG_0430-1-_e8eb3b89,earring_264,0,1,Bracelet,Earrings,train,0,negative,cross_category
DS1_IMG_000020__DS1_IMG_004072,DS1_IMG_000020,DS1_IMG_004072,IMG_0430-1-_e8eb3b89,ring_047,0,4,Bracelet,Ring,train,0,negative,cross_category
DS1_IMG_000022__DS1_IMG_000023,DS1_IMG_000022,DS1_IMG_000023,IMG_0431_69caa589,IMG_0431_69caa589,0,0,Bracelet,Bracelet,train,1,positive,
DS1_IMG_000022__DS1_IMG_000024,DS1_IMG_000022,DS1_IMG_000024,IMG_0431_69caa589,IMG_0431_69caa589,0,0,Bracelet,Bracelet,train,1,positive,
DS1_IMG_000022__DS1_IMG_001792,DS1_IMG_000022,DS1_IMG_001792,IMG_0431_69caa589,IMG_0489-1-_27e95fd4,0,2,Bracelet,Necklace,train,0,negative,cross_category
DS1_IMG_000022__DS1_IMG_004214,DS1_IMG_000022,DS1_IMG_004214,IMG_0431_69caa589,ring_124,0,4,Bracelet,Ring,train,0,negative,cross_category
DS1_IMG_000023__DS1_IMG_000024,DS1_IMG_000023,DS1_IMG_000024,IMG_0431_69caa589,IMG_0431_69caa589,0,0,Bracelet,Bracelet,train,1,positive,
DS1_IMG_000025__DS1_IMG_000026,DS1_IMG_000025,DS1_IMG_000026,IMG_0432_ebfd19c6,IMG_0432_ebfd19c6,0,0,Bracelet,Bracelet,train,1,positive,
DS1_IMG_000025__DS1_IMG_000027,DS1_IMG_000025,DS1_IMG_000027,IMG_0432_ebfd19c6,IMG_0432_ebfd19c6,0,0,Bracelet,Bracelet,train,1,positive,
DS1_IMG_000025__DS1_IMG_002355,DS1_IMG_000025,DS1_IMG_002355,IMG_0432_ebfd19c6,IMG_1503_7c88ee1e,0,2,Bracelet,Necklace,train,0,negative,cross_category
DS1_IMG_000025__DS1_IMG_003854,DS1_IMG_000025,DS1_IMG_003854,IMG_0432_ebfd19c6,IMG_2836_db94d1e7,0,3,Bracelet,Pendant,train,0,negative,cross_category
DS1_IMG_000026__DS1_IMG_000027,DS1_IMG_000026,DS1_IMG_000027,IMG_0432_ebfd19c6,IMG_0432_ebfd19c6,0,0,Bracelet,Bracelet,train,1,positive,
DS1_IMG_000026__DS1_IMG_004171,DS1_IMG_000026,DS1_IMG_004171,IMG_0432_ebfd19c6,ring_097,0,4,Bracelet,Ring,train,0,negative,cross_category
DS1_IMG_000027__DS1_IMG_001675,DS1_IMG_000027,DS1_IMG_001675,IMG_0432_ebfd19c6,IMG_0388_f427e539,0,2,Bracelet,Necklace,train,0,negative,cross_category
DS1_IMG_000027__DS1_IMG_003733,DS1_IMG_000027,DS1_IMG_003733,IMG_0432_ebfd19c6,IMG_0858_52572277,0,3,Bracelet,Pendant,train,0,negative,cross_category
DS1_IMG_000027__DS1_IMG_003931,DS1_IMG_000027,DS1_IMG_003931,IMG_0432_ebfd19c6,IMG_2931_6b15625f,0,3,Bracelet,Pendant,train,0,negative,cross_category
DS1_IMG_000028__DS1_IMG_000029,DS1_IMG_000028,DS1_IMG_000029,IMG_0433-1-_c47b78a0,IMG_0433-1-_c47b78a0,0,0,Bracelet,Bracelet,train,1,positive,
DS1_IMG_000028__DS1_IMG_000030,DS1_IMG_000028,DS1_IMG_000030,IMG_0433-1-_c47b78a0,IMG_0433-1-_c47b78a0,0,0,Bracelet,Bracelet,train,1,positive,
DS1_IMG_000028__DS1_IMG_003957,DS1_IMG_000028,DS1_IMG_003957,IMG_0433-1-_c47b78a0,necklace_124,0,3,Bracelet,Pendant,train,0,negative,cross_category
DS1_IMG_000028__DS1_IMG_003962,DS1_IMG_000028,DS1_IMG_003962,IMG_0433-1-_c47b78a0,necklace_20241125_122545_01000080,0,3,Bracelet,Pendant,train,0,negative,cross_category
DS1_IMG_000029__DS1_IMG_000030,DS1_IMG_000029,DS1_IMG_000030,IMG_0433-1-_c47b78a0,IMG_0433-1-_c47b78a0,0,0,Bracelet,Bracelet,train,1,positive,
DS1_IMG_000029__DS1_IMG_003081,DS1_IMG_000029,DS1_IMG_003081,IMG_0433-1-_c47b78a0,IMG_3110_e8631d85,0,2,Bracelet,Necklace,train,0,negative,cross_category
DS1_IMG_000029__DS1_IMG_003712,DS1_IMG_000029,DS1_IMG_003712,IMG_0433-1-_c47b78a0,IMG_0733_64e5db0c,0,3,Bracelet,Pendant,train,0,negative,cross_category
DS1_IMG_000029__DS1_IMG_003751,DS1_IMG_000029,DS1_IMG_003751,IMG_0433-1-_c47b78a0,IMG_0885_67639274,0,3,Bracelet,Pendant,train,0,negative,cross_category
DS1_IMG_000029__DS1_IMG_004152,DS1_IMG_000029,DS1_IMG_004152,IMG_0433-1-_c47b78a0,ring_089,0,4,Bracelet,Ring,train,0,negative,cross_category
DS1_IMG_000030__DS1_IMG_001579,DS1_IMG_000030,DS1_IMG_001579,IMG_0433-1-_c47b78a0,IMG_0239_fed2d21f,0,2,Bracelet,Necklace,train,0,negative,cross_category
DS1_IMG_000034__DS1_IMG_000035,DS1_IMG_000034,DS1_IMG_000035,IMG_0434_5a344889,IMG_0434_5a344889,0,0,Bracelet,Bracelet,train,1,positive,
DS1_IMG_000034__DS1_IMG_000036,DS1_IMG_000034,DS1_IMG_000036,IMG_0434_5a344889,IMG_0434_5a344889,0,0,Bracelet,Bracelet,train,1,positive,
DS1_IMG_000034__DS1_IMG_002697,DS1_IMG_000034,DS1_IMG_002697,IMG_0434_5a344889,IMG_2241_3b280df7,0,2,Bracelet,Necklace,train,0,negative,cross_category
DS1_IMG_000034__DS1_IMG_003726,DS1_IMG_000034,DS1_IMG_003726,IMG_0434_5a344889,IMG_0842_54be0d37,0,3,Bracelet,Pendant,train,0,negative,cross_category
DS1_IMG_000034__DS1_IMG_003789,DS1_IMG_000034,DS1_IMG_003789,IMG_0434_5a344889,IMG_2269_56abfe73,0,3,Bracelet,Pendant,train,0,negative,cross_category
DS1_IMG_000034__DS1_IMG_004008,DS1_IMG_000034,DS1_IMG_004008,IMG_0434_5a344889,other_20241125_122403_8383c799,0,3,Bracelet,Pendant,train,0,negative,cross_category
DS1_IMG_000035__DS1_IMG_000036,DS1_IMG_000035,DS1_IMG_000036,IMG_0434_5a344889,IMG_0434_5a344889,0,0,Bracelet,Bracelet,train,1,positive,
DS1_IMG_000035__DS1_IMG_003985,DS1_IMG_000035,DS1_IMG_003985,IMG_0434_5a344889,necklace_20241125_122545_3efef2e3,0,3,Bracelet,Pendant,train,0,negative,cross_category
DS1_IMG_000035__DS1_IMG_004057,DS1_IMG_000035,DS1_IMG_004057,IMG_0434_5a344889,Screenshot_20181116-204417_1542449390654,0,4,Bracelet,Ring,train,0,negative,cross_category
DS1_IMG_000035__DS1_IMG_004080,DS1_IMG_000035,DS1_IMG_004080,IMG_0434_5a344889,ring_050,0,4,Bracelet,Ring,train,0,negative,cross_category
DS1_IMG_000040__DS1_IMG_000041,DS1_IMG_000040,DS1_IMG_000041,IMG_0436_b4f3da31,IMG_0436_b4f3da31,0,0,Bracelet,Bracelet,train,1,positive,
DS1_IMG_000040__DS1_IMG_000042,DS1_IMG_000040,DS1_IMG_000042,IMG_0436_b4f3da31,IMG_0436_b4f3da31,0,0,Bracelet,Bracelet,train,1,positive,
DS1_IMG_000041__DS1_IMG_000042,DS1_IMG_000041,DS1_IMG_000042,IMG_0436_b4f3da31,IMG_0436_b4f3da31,0,0,Bracelet,Bracelet,train,1,positive,
DS1_IMG_000041__DS1_IMG_000984,DS1_IMG_000041,DS1_IMG_000984,IMG_0436_b4f3da31,earring_143,0,1,Bracelet,Earrings,train,0,negative,cross_category
DS1_IMG_000041__DS1_IMG_003798,DS1_IMG_000041,DS1_IMG_003798,IMG_0436_b4f3da31,IMG_2371_c0acc0f4,0,3,Bracelet,Pendant,train,0,negative,cross_category
DS1_IMG_000042__DS1_IMG_000881,DS1_IMG_000042,DS1_IMG_000881,IMG_0436_b4f3da31,Screenshot_20181115-080413_1542265992057,0,1,Bracelet,Earrings,train,0,negative,cross_category
DS1_IMG_000042__DS1_IMG_004266,DS1_IMG_000042,DS1_IMG_004266,IMG_0436_b4f3da31,ring_158,0,4,Bracelet,Ring,train,0,negative,cross_category
DS1_IMG_000043__DS1_IMG_000044,DS1_IMG_000043,DS1_IMG_000044,IMG_0437_87aa8202,IMG_0437_87aa8202,0,0,Bracelet,Bracelet,train,1,positive,
DS1_IMG_000043__DS1_IMG_000045,DS1_IMG_000043,DS1_IMG_000045,IMG_0437_87aa8202,IMG_0437_87aa8202,0,0,Bracelet,Bracelet,train,1,positive,
DS1_IMG_000043__DS1_IMG_001186,DS1_IMG_000043,DS1_IMG_001186,IMG_0437_87aa8202,earring_323,0,1,Bracelet,Earrings,train,0,negative,cross_category
DS1_IMG_000043__DS1_IMG_004037,DS1_IMG_000043,DS1_IMG_004037,IMG_0437_87aa8202,Screenshot_20181116-203818_1542449673275,0,4,Bracelet,Ring,train,0,negative,cross_category
DS1_IMG_000044__DS1_IMG_000045,DS1_IMG_000044,DS1_IMG_000045,IMG_0437_87aa8202,IMG_0437_87aa8202,0,0,Bracelet,Bracelet,train,1,positive,
DS1_IMG_000044__DS1_IMG_003800,DS1_IMG_000044,DS1_IMG_003800,IMG_0437_87aa8202,IMG_2379_ad6a1bf5,0,3,Bracelet,Pendant,train,0,negative,cross_category
DS1_IMG_000044__DS1_IMG_003876,DS1_IMG_000044,DS1_IMG_003876,IMG_0437_87aa8202,IMG_2860_b5be60fb,0,3,Bracelet,Pendant,train,0,negative,cross_category
DS1_IMG_000044__DS1_IMG_004169,DS1_IMG_000044,DS1_IMG_004169,IMG_0437_87aa8202,ring_097,0,4,Bracelet,Ring,train,0,negative,cross_category
DS1_IMG_000045__DS1_IMG_002158,DS1_IMG_000045,DS1_IMG_002158,IMG_0437_87aa8202,IMG_1339_be32dfe7,0,2,Bracelet,Necklace,train,0,negative,cross_category
DS1_IMG_000045__DS1_IMG_004052,DS1_IMG_000045,DS1_IMG_004052,IMG_0437_87aa8202,Screenshot_20181116-204341_1542449441847,0,4,Bracelet,Ring,train,0,negative,cross_category
DS1_IMG_000046__DS1_IMG_000047,DS1_IMG_000046,DS1_IMG_000047,IMG_0438_35a93e41,IMG_0438_35a93e41,0,0,Bracelet,Bracelet,train,1,positive,
DS1_IMG_000046__DS1_IMG_000048,DS1_IMG_000046,DS1_IMG_000048,IMG_0438_35a93e41,IMG_0438_35a93e41,0,0,Bracelet,Bracelet,train,1,positive,
DS1_IMG_000046__DS1_IMG_001061,DS1_IMG_000046,DS1_IMG_001061,IMG_0438_35a93e41,earring_20241125_122504_ffff2707,0,1,Bracelet,Earrings,train,0,negative,cross_category
DS1_IMG_000046__DS1_IMG_002703,DS1_IMG_000046,DS1_IMG_002703,IMG_0438_35a93e41,IMG_2244_14406e61,0,2,Bracelet,Necklace,train,0,negative,cross_category
DS1_IMG_000046__DS1_IMG_003807,DS1_IMG_000046,DS1_IMG_003807,IMG_0438_35a93e41,IMG_2427_3a6bdae9,0,3,Bracelet,Pendant,train,0,negative,cross_category
DS1_IMG_000047__DS1_IMG_000048,DS1_IMG_000047,DS1_IMG_000048,IMG_0438_35a93e41,IMG_0438_35a93e41,0,0,Bracelet,Bracelet,train,1,positive,
DS1_IMG_000047__DS1_IMG_003698,DS1_IMG_000047,DS1_IMG_003698,IMG_0438_35a93e41,IMG_0669_957b4e82,0,3,Bracelet,Pendant,train,0,negative,cross_category
DS1_IMG_000047__DS1_IMG_003889,DS1_IMG_000047,DS1_IMG_003889,IMG_0438_35a93e41,IMG_2877_c118c42c,0,3,Bracelet,Pendant,train,0,negative,cross_category
DS1_IMG_000048__DS1_IMG_001235,DS1_IMG_000048,DS1_IMG_001235,IMG_0438_35a93e41,earring_371,0,1,Bracelet,Earrings,train,0,negative,cross_category
DS1_IMG_000048__DS1_IMG_001788,DS1_IMG_000048,DS1_IMG_001788,IMG_0438_35a93e41,IMG_0476-1-_7c255155,0,2,Bracelet,Necklace,train,0,negative,cross_category
DS1_IMG_000049__DS1_IMG_000050,DS1_IMG_000049,DS1_IMG_000050,IMG_0822_795188d3,IMG_0822_795188d3,0,0,Bracelet,Bracelet,train,1,positive,
DS1_IMG_000049__DS1_IMG_000051,DS1_IMG_000049,DS1_IMG_000051,IMG_0822_795188d3,IMG_0822_795188d3,0,0,Bracelet,Bracelet,train,1,positive,
DS1_IMG_000049__DS1_IMG_001148,DS1_IMG_000049,DS1_IMG_001148,IMG_0822_795188d3,earring_285,0,1,Bracelet,Earrings,train,0,negative,cross_category
DS1_IMG_000050__DS1_IMG_000051,DS1_IMG_000050,DS1_IMG_000051,IMG_0822_795188d3,IMG_0822_795188d3,0,0,Bracelet,Bracelet,train,1,positive,
DS1_IMG_000050__DS1_IMG_000999,DS1_IMG_000050,DS1_IMG_000999,IMG_0822_795188d3,earring_152,0,1,Bracelet,Earrings,train,0,negative,cross_category
DS1_IMG_000050__DS1_IMG_003686,DS1_IMG_000050,DS1_IMG_003686,IMG_0822_795188d3,IMG_0471_02f2128e,0,3,Bracelet,Pendant,train,0,negative,cross_category
DS1_IMG_000050__DS1_IMG_004153,DS1_IMG_000050,DS1_IMG_004153,IMG_0822_795188d3,ring_089,0,4,Bracelet,Ring,train,0,negative,cross_category
DS1_IMG_000051__DS1_IMG_002706,DS1_IMG_000051,DS1_IMG_002706,IMG_0822_795188d3,IMG_2245_a2950813,0,2,Bracelet,Necklace,train,0,negative,cross_category
DS1_IMG_000051__DS1_IMG_003922,DS1_IMG_000051,DS1_IMG_003922,IMG_0822_795188d3,IMG_2922_996200cd,0,3,Bracelet,Pendant,train,0,negative,cross_category
DS1_IMG_000058__DS1_IMG_000059,DS1_IMG_000058,DS1_IMG_000059,IMG_0828_1a7ccf98,IMG_0828_1a7ccf98,0,0,Bracelet,Bracelet,train,1,positive,
DS1_IMG_000058__DS1_IMG_000060,DS1_IMG_000058,DS1_IMG_000060,IMG_0828_1a7ccf98,IMG_0828_1a7ccf98,0,0,Bracelet,Bracelet,train,1,positive,
DS1_IMG_000058__DS1_IMG_003317,DS1_IMG_000058,DS1_IMG_003317,IMG_0828_1a7ccf98,IMG_3596_dd2c482e,0,2,Bracelet,Necklace,train,0,negative,cross_category
DS1_IMG_000058__DS1_IMG_003844,DS1_IMG_000058,DS1_IMG_003844,IMG_0828_1a7ccf98,IMG_2821_d4955818,0,3,Bracelet,Pendant,train,0,negative,cross_category
DS1_IMG_000058__DS1_IMG_003911,DS1_IMG_000058,DS1_IMG_003911,IMG_0828_1a7ccf98,IMG_2912_9176f0b9,0,3,Bracelet,Pendant,train,0,negative,cross_category
DS1_IMG_000058__DS1_IMG_004056,DS1_IMG_000058,DS1_IMG_004056,IMG_0828_1a7ccf98,Screenshot_20181116-204417_1542449390654,0,4,Bracelet,Ring,train,0,negative,cross_category
DS1_IMG_000058__DS1_IMG_004086,DS1_IMG_000058,DS1_IMG_004086,IMG_0828_1a7ccf98,ring_054,0,4,Bracelet,Ring,train,0,negative,cross_category
DS1_IMG_000059__DS1_IMG_000060,DS1_IMG_000059,DS1_IMG_000060,IMG_0828_1a7ccf98,IMG_0828_1a7ccf98,0,0,Bracelet,Bracelet,train,1,positive,
DS1_IMG_000059__DS1_IMG_003769,DS1_IMG_000059,DS1_IMG_003769,IMG_0828_1a7ccf98,IMG_1404_0cd245f2,0,3,Bracelet,Pendant,train,0,negative,cross_category
DS1_IMG_000059__DS1_IMG_004164,DS1_IMG_000059,DS1_IMG_004164,IMG_0828_1a7ccf98,ring_095,0,4,Bracelet,Ring,train,0,negative,cross_category
DS1_IMG_000060__DS1_IMG_003630,DS1_IMG_000060,DS1_IMG_003630,IMG_0828_1a7ccf98,necklace_77,0,2,Bracelet,Necklace,train,0,negative,cross_category
DS1_IMG_000060__DS1_IMG_003670,DS1_IMG_000060,DS1_IMG_003670,IMG_0828_1a7ccf98,IMG_0371_d1d4878f,0,3,Bracelet,Pendant,train,0,negative,cross_category
DS1_IMG_000061__DS1_IMG_000062,DS1_IMG_000061,DS1_IMG_000062,IMG_0829_d0d05a1e,IMG_0829_d0d05a1e,0,0,Bracelet,Bracelet,train,1,positive,
DS1_IMG_000061__DS1_IMG_000063,DS1_IMG_000061,DS1_IMG_000063,IMG_0829_d0d05a1e,IMG_0829_d0d05a1e,0,0,Bracelet,Bracelet,train,1,positive,
DS1_IMG_000061__DS1_IMG_001346,DS1_IMG_000061,DS1_IMG_001346,IMG_0829_d0d05a1e,earring_57,0,1,Bracelet,Earrings,train,0,negative,cross_category
DS1_IMG_000061__DS1_IMG_003744,DS1_IMG_000061,DS1_IMG_003744,IMG_0829_d0d05a1e,IMG_0863_4e8ef7be,0,3,Bracelet,Pendant,train,0,negative,cross_category
DS1_IMG_000061__DS1_IMG_004068,DS1_IMG_000061,DS1_IMG_004068,IMG_0829_d0d05a1e,ring_044,0,4,Bracelet,Ring,train,0,negative,cross_category
DS1_IMG_000062__DS1_IMG_000063,DS1_IMG_000062,DS1_IMG_000063,IMG_0829_d0d05a1e,IMG_0829_d0d05a1e,0,0,Bracelet,Bracelet,train,1,positive,
DS1_IMG_000062__DS1_IMG_000847,DS1_IMG_000062,DS1_IMG_000847,IMG_0829_d0d05a1e,IMG_2503_83eaf2d8,0,1,Bracelet,Earrings,train,0,negative,cross_category
DS1_IMG_000062__DS1_IMG_001446,DS1_IMG_000062,DS1_IMG_001446,IMG_0829_d0d05a1e,images-71-,0,1,Bracelet,Earrings,train,0,negative,cross_category
DS1_IMG_000062__DS1_IMG_003897,DS1_IMG_000062,DS1_IMG_003897,IMG_0829_d0d05a1e,IMG_2894_945d19e5,0,3,Bracelet,Pendant,train,0,negative,cross_category
DS1_IMG_000062__DS1_IMG_004110,DS1_IMG_000062,DS1_IMG_004110,IMG_0829_d0d05a1e,ring_069,0,4,Bracelet,Ring,train,0,negative,cross_category
DS1_IMG_000062__DS1_IMG_004191,DS1_IMG_000062,DS1_IMG_004191,IMG_0829_d0d05a1e,ring_112,0,4,Bracelet,Ring,train,0,negative,cross_category
DS1_IMG_000063__DS1_IMG_001096,DS1_IMG_000063,DS1_IMG_001096,IMG_0829_d0d05a1e,earring_235,0,1,Bracelet,Earrings,train,0,negative,cross_category
DS1_IMG_000064__DS1_IMG_000065,DS1_IMG_000064,DS1_IMG_000065,IMG_0830_8ad47e30,IMG_0830_8ad47e30,0,0,Bracelet,Bracelet,train,1,positive,
DS1_IMG_000064__DS1_IMG_000066,DS1_IMG_000064,DS1_IMG_000066,IMG_0830_8ad47e30,IMG_0830_8ad47e30,0,0,Bracelet,Bracelet,train,1,positive,
DS1_IMG_000064__DS1_IMG_001015,DS1_IMG_000064,DS1_IMG_001015,IMG_0830_8ad47e30,earring_161,0,1,Bracelet,Earrings,train,0,negative,cross_category
DS1_IMG_000064__DS1_IMG_003832,DS1_IMG_000064,DS1_IMG_003832,IMG_0830_8ad47e30,IMG_2750_393840e9,0,3,Bracelet,Pendant,train,0,negative,cross_category
DS1_IMG_000065__DS1_IMG_000066,DS1_IMG_000065,DS1_IMG_000066,IMG_0830_8ad47e30,IMG_0830_8ad47e30,0,0,Bracelet,Bracelet,train,1,positive,
DS1_IMG_000065__DS1_IMG_001100,DS1_IMG_000065,DS1_IMG_001100,IMG_0830_8ad47e30,earring_239,0,1,Bracelet,Earrings,train,0,negative,cross_category
DS1_IMG_000066__DS1_IMG_002764,DS1_IMG_000066,DS1_IMG_002764,IMG_0830_8ad47e30,IMG_2300_5d6c66bc,0,2,Bracelet,Necklace,train,0,negative,cross_category
DS1_IMG_000067__DS1_IMG_000068,DS1_IMG_000067,DS1_IMG_000068,IMG_0832_373648dc,IMG_0832_373648dc,0,0,Bracelet,Bracelet,train,1,positive,
DS1_IMG_000067__DS1_IMG_000069,DS1_IMG_000067,DS1_IMG_000069,IMG_0832_373648dc,IMG_0832_373648dc,0,0,Bracelet,Bracelet,train,1,positive,
DS1_IMG_000067__DS1_IMG_001502,DS1_IMG_000067,DS1_IMG_001502,IMG_0832_373648dc,new-tassel-turquiose-silk-thread-earrings-fringe-with-resin-stone_553269_1534919450_1_600x600,0,1,Bracelet,Earrings,train,0,negative,cross_category
DS1_IMG_000067__DS1_IMG_001657,DS1_IMG_000067,DS1_IMG_001657,IMG_0832_373648dc,IMG_0382-1-_bb3327df,0,2,Bracelet,Necklace,train,0,negative,cross_category
DS1_IMG_000068__DS1_IMG_000069,DS1_IMG_000068,DS1_IMG_000069,IMG_0832_373648dc,IMG_0832_373648dc,0,0,Bracelet,Bracelet,train,1,positive,
DS1_IMG_000068__DS1_IMG_003389,DS1_IMG_000068,DS1_IMG_003389,IMG_0832_373648dc,necklace_135,0,2,Bracelet,Necklace,train,0,negative,cross_category
DS1_IMG_000068__DS1_IMG_003854,DS1_IMG_000068,DS1_IMG_003854,IMG_0832_373648dc,IMG_2836_db94d1e7,0,3,Bracelet,Pendant,train,0,negative,cross_category
DS1_IMG_000069__DS1_IMG_001000,DS1_IMG_000069,DS1_IMG_001000,IMG_0832_373648dc,earring_152,0,1,Bracelet,Earrings,train,0,negative,cross_category
DS1_IMG_000069__DS1_IMG_003896,DS1_IMG_000069,DS1_IMG_003896,IMG_0832_373648dc,IMG_2894_945d19e5,0,3,Bracelet,Pendant,train,0,negative,cross_category
DS1_IMG_000069__DS1_IMG_004290,DS1_IMG_000069,DS1_IMG_004290,IMG_0832_373648dc,ring_170,0,4,Bracelet,Ring,train,0,negative,cross_category
DS1_IMG_000070__DS1_IMG_000071,DS1_IMG_000070,DS1_IMG_000071,IMG_0835_6fd40262,IMG_0835_6fd40262,0,0,Bracelet,Bracelet,train,1,positive,
DS1_IMG_000070__DS1_IMG_000072,DS1_IMG_000070,DS1_IMG_000072,IMG_0835_6fd40262,IMG_0835_6fd40262,0,0,Bracelet,Bracelet,train,1,positive,
DS1_IMG_000070__DS1_IMG_003607,DS1_IMG_000070,DS1_IMG_003607,IMG_0835_6fd40262,necklace_20241125_122545_c1c3c3c3,0,2,Bracelet,Necklace,train,0,negative,cross_category
DS1_IMG_000071__DS1_IMG_000072,DS1_IMG_000071,DS1_IMG_000072,IMG_0835_6fd40262,IMG_0835_6fd40262,0,0,Bracelet,Bracelet,train,1,positive,
DS1_IMG_000071__DS1_IMG_003784,DS1_IMG_000071,DS1_IMG_003784,IMG_0835_6fd40262,IMG_2181_9f77e4aa,0,3,Bracelet,Pendant,train,0,negative,cross_category
DS1_IMG_000073__DS1_IMG_000074,DS1_IMG_000073,DS1_IMG_000074,IMG_0836_ab653e05,IMG_0836_ab653e05,0,0,Bracelet,Bracelet,train,1,positive,
DS1_IMG_000074__DS1_IMG_001453,DS1_IMG_000074,DS1_IMG_001453,IMG_0836_ab653e05,images-74-,0,1,Bracelet,Earrings,train,0,negative,cross_category
DS1_IMG_000074__DS1_IMG_001461,DS1_IMG_000074,DS1_IMG_001461,IMG_0836_ab653e05,images-79-,0,1,Bracelet,Earrings,train,0,negative,cross_category
DS1_IMG_000074__DS1_IMG_003353,DS1_IMG_000074,DS1_IMG_003353,IMG_0836_ab653e05,IMG_3615_818197d5,0,2,Bracelet,Necklace,train,0,negative,cross_category
DS1_IMG_000074__DS1_IMG_003970,DS1_IMG_000074,DS1_IMG_003970,IMG_0836_ab653e05,necklace_20241125_122545_08081c1c,0,3,Bracelet,Pendant,train,0,negative,cross_category
DS1_IMG_000074__DS1_IMG_003995,DS1_IMG_000074,DS1_IMG_003995,IMG_0836_ab653e05,necklace_20241125_122545_94000018,0,3,Bracelet,Pendant,train,0,negative,cross_category
DS1_IMG_000075__DS1_IMG_000076,DS1_IMG_000075,DS1_IMG_000076,IMG_1303_6c9f80f2,IMG_1303_6c9f80f2,0,0,Bracelet,Bracelet,train,1,positive,
DS1_IMG_000075__DS1_IMG_000077,DS1_IMG_000075,DS1_IMG_000077,IMG_1303_6c9f80f2,IMG_1303_6c9f80f2,0,0,Bracelet,Bracelet,train,1,positive,
DS1_IMG_000076__DS1_IMG_000077,DS1_IMG_000076,DS1_IMG_000077,IMG_1303_6c9f80f2,IMG_1303_6c9f80f2,0,0,Bracelet,Bracelet,train,1,positive,
DS1_IMG_000076__DS1_IMG_004051,DS1_IMG_000076,DS1_IMG_004051,IMG_1303_6c9f80f2,Screenshot_20181116-204341_1542449441847,0,4,Bracelet,Ring,train,0,negative,cross_category
DS1_IMG_000076__DS1_IMG_004156,DS1_IMG_000076,DS1_IMG_004156,IMG_1303_6c9f80f2,ring_091,0,4,Bracelet,Ring,train,0,negative,cross_category
DS1_IMG_000077__DS1_IMG_001114,DS1_IMG_000077,DS1_IMG_001114,IMG_1303_6c9f80f2,earring_255,0,1,Bracelet,Earrings,train,0,negative,cross_category
DS1_IMG_000078__DS1_IMG_000079,DS1_IMG_000078,DS1_IMG_000079,IMG_1304_0ee02e82,IMG_1304_0ee02e82,0,0,Bracelet,Bracelet,train,1,positive,
DS1_IMG_000078__DS1_IMG_000080,DS1_IMG_000078,DS1_IMG_000080,IMG_1304_0ee02e82,IMG_1304_0ee02e82,0,0,Bracelet,Bracelet,train,1,positive,
DS1_IMG_000078__DS1_IMG_003128,DS1_IMG_000078,DS1_IMG_003128,IMG_1304_0ee02e82,IMG_3482_4e81cc09,0,2,Bracelet,Necklace,train,0,negative,cross_category
DS1_IMG_000078__DS1_IMG_003912,DS1_IMG_000078,DS1_IMG_003912,IMG_1304_0ee02e82,IMG_2912_9176f0b9,0,3,Bracelet,Pendant,train,0,negative,cross_category
DS1_IMG_000078__DS1_IMG_004234,DS1_IMG_000078,DS1_IMG_004234,IMG_1304_0ee02e82,ring_138,0,4,Bracelet,Ring,train,0,negative,cross_category
DS1_IMG_000079__DS1_IMG_000080,DS1_IMG_000079,DS1_IMG_000080,IMG_1304_0ee02e82,IMG_1304_0ee02e82,0,0,Bracelet,Bracelet,train,1,positive,
DS1_IMG_000079__DS1_IMG_001735,DS1_IMG_000079,DS1_IMG_001735,IMG_1304_0ee02e82,IMG_0441-1-_97d821c1,0,2,Bracelet,Necklace,train,0,negative,cross_category
DS1_IMG_000079__DS1_IMG_003830,DS1_IMG_000079,DS1_IMG_003830,IMG_1304_0ee02e82,IMG_2750_393840e9,0,3,Bracelet,Pendant,train,0,negative,cross_category
DS1_IMG_000079__DS1_IMG_003953,DS1_IMG_000079,DS1_IMG_003953,IMG_1304_0ee02e82,IMG_3515_3ed94d29,0,3,Bracelet,Pendant,train,0,negative,cross_category
DS1_IMG_000080__DS1_IMG_000926,DS1_IMG_000080,DS1_IMG_000926,IMG_1304_0ee02e82,ariel-elegant-diamond-earrings-jle139-1-750x500,0,1,Bracelet,Earrings,train,0,negative,cross_category
DS1_IMG_000080__DS1_IMG_001772,DS1_IMG_000080,DS1_IMG_001772,IMG_1304_0ee02e82,IMG_0469_a45c8b59,0,2,Bracelet,Necklace,train,0,negative,cross_category
DS1_IMG_000081__DS1_IMG_000082,DS1_IMG_000081,DS1_IMG_000082,IMG_1361_afe9f25a,IMG_1361_afe9f25a,0,0,Bracelet,Bracelet,train,1,positive,
DS1_IMG_000081__DS1_IMG_000083,DS1_IMG_000081,DS1_IMG_000083,IMG_1361_afe9f25a,IMG_1361_afe9f25a,0,0,Bracelet,Bracelet,train,1,positive,
DS1_IMG_000081__DS1_IMG_001322,DS1_IMG_000081,DS1_IMG_001322,IMG_1361_afe9f25a,earring_466,0,1,Bracelet,Earrings,train,0,negative,cross_category
DS1_IMG_000081__DS1_IMG_004174,DS1_IMG_000081,DS1_IMG_004174,IMG_1361_afe9f25a,ring_099,0,4,Bracelet,Ring,train,0,negative,cross_category
DS1_IMG_000081__DS1_IMG_004328,DS1_IMG_000081,DS1_IMG_004328,IMG_1361_afe9f25a,wedding-rings-jewellery-png-31,0,4,Bracelet,Ring,train,0,negative,cross_category
DS1_IMG_000082__DS1_IMG_000083,DS1_IMG_000082,DS1_IMG_000083,IMG_1361_afe9f25a,IMG_1361_afe9f25a,0,0,Bracelet,Bracelet,train,1,positive,
DS1_IMG_000082__DS1_IMG_003816,DS1_IMG_000082,DS1_IMG_003816,IMG_1361_afe9f25a,IMG_2506_cab336a0,0,3,Bracelet,Pendant,train,0,negative,cross_category
DS1_IMG_000082__DS1_IMG_003878,DS1_IMG_000082,DS1_IMG_003878,IMG_1361_afe9f25a,IMG_2862_dc66ea02,0,3,Bracelet,Pendant,train,0,negative,cross_category
DS1_IMG_000082__DS1_IMG_004288,DS1_IMG_000082,DS1_IMG_004288,IMG_1361_afe9f25a,ring_170,0,4,Bracelet,Ring,train,0,negative,cross_category
DS1_IMG_000083__DS1_IMG_003671,DS1_IMG_000083,DS1_IMG_003671,IMG_1361_afe9f25a,IMG_0391_13077dff,0,3,Bracelet,Pendant,train,0,negative,cross_category
DS1_IMG_000083__DS1_IMG_004079,DS1_IMG_000083,DS1_IMG_004079,IMG_1361_afe9f25a,ring_050,0,4,Bracelet,Ring,train,0,negative,cross_category
DS1_IMG_000084__DS1_IMG_000085,DS1_IMG_000084,DS1_IMG_000085,IMG_1363_044ae8fa,IMG_1363_044ae8fa,0,0,Bracelet,Bracelet,train,1,positive,
DS1_IMG_000084__DS1_IMG_000086,DS1_IMG_000084,DS1_IMG_000086,IMG_1363_044ae8fa,IMG_1363_044ae8fa,0,0,Bracelet,Bracelet,train,1,positive,
DS1_IMG_000084__DS1_IMG_004132,DS1_IMG_000084,DS1_IMG_004132,IMG_1363_044ae8fa,ring_082,0,4,Bracelet,Ring,train,0,negative,cross_category
DS1_IMG_000085__DS1_IMG_000086,DS1_IMG_000085,DS1_IMG_000086,IMG_1363_044ae8fa,IMG_1363_044ae8fa,0,0,Bracelet,Bracelet,train,1,positive,
DS1_IMG_000085__DS1_IMG_000904,DS1_IMG_000085,DS1_IMG_000904,IMG_1363_044ae8fa,Screenshot_20181125-115550_1544080112908,0,1,Bracelet,Earrings,train,0,negative,cross_category
DS1_IMG_000085__DS1_IMG_001641,DS1_IMG_000085,DS1_IMG_001641,IMG_1363_044ae8fa,IMG_0374_482d525e,0,2,Bracelet,Necklace,train,0,negative,cross_category
DS1_IMG_000085__DS1_IMG_003969,DS1_IMG_000085,DS1_IMG_003969,IMG_1363_044ae8fa,necklace_20241125_122545_08081c1c,0,3,Bracelet,Pendant,train,0,negative,cross_category
DS1_IMG_000086__DS1_IMG_000972,DS1_IMG_000086,DS1_IMG_000972,IMG_1363_044ae8fa,earring_138,0,1,Bracelet,Earrings,train,0,negative,cross_category
DS1_IMG_000086__DS1_IMG_001513,DS1_IMG_000086,DS1_IMG_001513,IMG_1363_044ae8fa,other_20241125_122356_fffffbdb,0,1,Bracelet,Earrings,train,0,negative,cross_category
DS1_IMG_000086__DS1_IMG_002689,DS1_IMG_000086,DS1_IMG_002689,IMG_1363_044ae8fa,IMG_2239_46a7e801,0,2,Bracelet,Necklace,train,0,negative,cross_category
DS1_IMG_000086__DS1_IMG_004196,DS1_IMG_000086,DS1_IMG_004196,IMG_1363_044ae8fa,ring_114,0,4,Bracelet,Ring,train,0,negative,cross_category
DS1_IMG_000086__DS1_IMG_004213,DS1_IMG_000086,DS1_IMG_004213,IMG_1363_044ae8fa,ring_123,0,4,Bracelet,Ring,train,0,negative,cross_category
DS1_IMG_000090__DS1_IMG_000091,DS1_IMG_000090,DS1_IMG_000091,IMG_1368_4ca7c297,IMG_1368_4ca7c297,0,0,Bracelet,Bracelet,train,1,positive,
DS1_IMG_000090__DS1_IMG_000092,DS1_IMG_000090,DS1_IMG_000092,IMG_1368_4ca7c297,IMG_1368_4ca7c297,0,0,Bracelet,Bracelet,train,1,positive,
DS1_IMG_000090__DS1_IMG_003981,DS1_IMG_000090,DS1_IMG_003981,IMG_1368_4ca7c297,necklace_20241125_122545_3ef84081,0,3,Bracelet,Pendant,train,0,negative,cross_category
DS1_IMG_000090__DS1_IMG_004227,DS1_IMG_000090,DS1_IMG_004227,IMG_1368_4ca7c297,ring_134,0,4,Bracelet,Ring,train,0,negative,cross_category
DS1_IMG_000091__DS1_IMG_000092,DS1_IMG_000091,DS1_IMG_000092,IMG_1368_4ca7c297,IMG_1368_4ca7c297,0,0,Bracelet,Bracelet,train,1,positive,
DS1_IMG_000091__DS1_IMG_003692,DS1_IMG_000091,DS1_IMG_003692,IMG_1368_4ca7c297,IMG_0479_27be300a,0,3,Bracelet,Pendant,train,0,negative,cross_category
DS1_IMG_000091__DS1_IMG_003700,DS1_IMG_000091,DS1_IMG_003700,IMG_1368_4ca7c297,IMG_0669_957b4e82,0,3,Bracelet,Pendant,train,0,negative,cross_category
DS1_IMG_000092__DS1_IMG_004081,DS1_IMG_000092,DS1_IMG_004081,IMG_1368_4ca7c297,ring_050,0,4,Bracelet,Ring,train,0,negative,cross_category
DS1_IMG_000093__DS1_IMG_000094,DS1_IMG_000093,DS1_IMG_000094,IMG_1387_df6d03a0,IMG_1387_df6d03a0,0,0,Bracelet,Bracelet,train,1,positive,
DS1_IMG_000093__DS1_IMG_000095,DS1_IMG_000093,DS1_IMG_000095,IMG_1387_df6d03a0,IMG_1387_df6d03a0,0,0,Bracelet,Bracelet,train,1,positive,
DS1_IMG_000093__DS1_IMG_004001,DS1_IMG_000093,DS1_IMG_004001,IMG_1387_df6d03a0,necklace_79,0,3,Bracelet,Pendant,train,0,negative,cross_category
DS1_IMG_000093__DS1_IMG_004283,DS1_IMG_000093,DS1_IMG_004283,IMG_1387_df6d03a0,ring_167,0,4,Bracelet,Ring,train,0,negative,cross_category
DS1_IMG_000094__DS1_IMG_000095,DS1_IMG_000094,DS1_IMG_000095,IMG_1387_df6d03a0,IMG_1387_df6d03a0,0,0,Bracelet,Bracelet,train,1,positive,
DS1_IMG_000094__DS1_IMG_001139,DS1_IMG_000094,DS1_IMG_001139,IMG_1387_df6d03a0,earring_274,0,1,Bracelet,Earrings,train,0,negative,cross_category
DS1_IMG_000094__DS1_IMG_003695,DS1_IMG_000094,DS1_IMG_003695,IMG_1387_df6d03a0,IMG_0602_6d616791,0,3,Bracelet,Pendant,train,0,negative,cross_category
DS1_IMG_000094__DS1_IMG_003766,DS1_IMG_000094,DS1_IMG_003766,IMG_1387_df6d03a0,IMG_1372_c936a18b,0,3,Bracelet,Pendant,train,0,negative,cross_category
DS1_IMG_000095__DS1_IMG_002369,DS1_IMG_000095,DS1_IMG_002369,IMG_1387_df6d03a0,IMG_1509_313cb201,0,2,Bracelet,Necklace,train,0,negative,cross_category
DS1_IMG_000099__DS1_IMG_000100,DS1_IMG_000099,DS1_IMG_000100,IMG_1394_7607b0c2,IMG_1394_7607b0c2,0,0,Bracelet,Bracelet,train,1,positive,
DS1_IMG_000099__DS1_IMG_000101,DS1_IMG_000099,DS1_IMG_000101,IMG_1394_7607b0c2,IMG_1394_7607b0c2,0,0,Bracelet,Bracelet,train,1,positive,
DS1_IMG_000099__DS1_IMG_004184,DS1_IMG_000099,DS1_IMG_004184,IMG_1394_7607b0c2,ring_110,0,4,Bracelet,Ring,train,0,negative,cross_category
DS1_IMG_000100__DS1_IMG_000101,DS1_IMG_000100,DS1_IMG_000101,IMG_1394_7607b0c2,IMG_1394_7607b0c2,0,0,Bracelet,Bracelet,train,1,positive,
DS1_IMG_000101__DS1_IMG_001345,DS1_IMG_000101,DS1_IMG_001345,IMG_1394_7607b0c2,earring_57,0,1,Bracelet,Earrings,train,0,negative,cross_category
DS1_IMG_000101__DS1_IMG_004195,DS1_IMG_000101,DS1_IMG_004195,IMG_1394_7607b0c2,ring_113,0,4,Bracelet,Ring,train,0,negative,cross_category
DS1_IMG_000102__DS1_IMG_000103,DS1_IMG_000102,DS1_IMG_000103,IMG_1395_86846678,IMG_1395_86846678,0,0,Bracelet,Bracelet,train,1,positive,
DS1_IMG_000102__DS1_IMG_000104,DS1_IMG_000102,DS1_IMG_000104,IMG_1395_86846678,IMG_1395_86846678,0,0,Bracelet,Bracelet,train,1,positive,
DS1_IMG_000102__DS1_IMG_002200,DS1_IMG_000102,DS1_IMG_002200,IMG_1395_86846678,IMG_1383_d2995f70,0,2,Bracelet,Necklace,train,0,negative,cross_category
DS1_IMG_000103__DS1_IMG_000104,DS1_IMG_000103,DS1_IMG_000104,IMG_1395_86846678,IMG_1395_86846678,0,0,Bracelet,Bracelet,train,1,positive,
DS1_IMG_000103__DS1_IMG_003842,DS1_IMG_000103,DS1_IMG_003842,IMG_1395_86846678,IMG_2821_d4955818,0,3,Bracelet,Pendant,train,0,negative,cross_category
DS1_IMG_000103__DS1_IMG_004260,DS1_IMG_000103,DS1_IMG_004260,IMG_1395_86846678,ring_156,0,4,Bracelet,Ring,train,0,negative,cross_category
DS1_IMG_000104__DS1_IMG_003720,DS1_IMG_000104,DS1_IMG_003720,IMG_1395_86846678,IMG_0811_ccf24bcc,0,3,Bracelet,Pendant,train,0,negative,cross_category
DS1_IMG_000108__DS1_IMG_000109,DS1_IMG_000108,DS1_IMG_000109,IMG_1408_7894aa0a,IMG_1408_7894aa0a,0,0,Bracelet,Bracelet,train,1,positive,
DS1_IMG_000108__DS1_IMG_000110,DS1_IMG_000108,DS1_IMG_000110,IMG_1408_7894aa0a,IMG_1408_7894aa0a,0,0,Bracelet,Bracelet,train,1,positive,
DS1_IMG_000108__DS1_IMG_002910,DS1_IMG_000108,DS1_IMG_002910,IMG_1408_7894aa0a,IMG_2812_accaafa7,0,2,Bracelet,Necklace,train,0,negative,cross_category
DS1_IMG_000108__DS1_IMG_003751,DS1_IMG_000108,DS1_IMG_003751,IMG_1408_7894aa0a,IMG_0885_67639274,0,3,Bracelet,Pendant,train,0,negative,cross_category
DS1_IMG_000109__DS1_IMG_000110,DS1_IMG_000109,DS1_IMG_000110,IMG_1408_7894aa0a,IMG_1408_7894aa0a,0,0,Bracelet,Bracelet,train,1,positive,
DS1_IMG_000109__DS1_IMG_001054,DS1_IMG_000109,DS1_IMG_001054,IMG_1408_7894aa0a,earring_201,0,1,Bracelet,Earrings,train,0,negative,cross_category
DS1_IMG_000109__DS1_IMG_004057,DS1_IMG_000109,DS1_IMG_004057,IMG_1408_7894aa0a,Screenshot_20181116-204417_1542449390654,0,4,Bracelet,Ring,train,0,negative,cross_category
DS1_IMG_000110__DS1_IMG_004134,DS1_IMG_000110,DS1_IMG_004134,IMG_1408_7894aa0a,ring_083,0,4,Bracelet,Ring,train,0,negative,cross_category
DS1_IMG_000114__DS1_IMG_000115,DS1_IMG_000114,DS1_IMG_000115,IMG_1412_af9b6ad5,IMG_1412_af9b6ad5,0,0,Bracelet,Bracelet,train,1,positive,
DS1_IMG_000114__DS1_IMG_000116,DS1_IMG_000114,DS1_IMG_000116,IMG_1412_af9b6ad5,IMG_1412_af9b6ad5,0,0,Bracelet,Bracelet,train,1,positive,
DS1_IMG_000114__DS1_IMG_004220,DS1_IMG_000114,DS1_IMG_004220,IMG_1412_af9b6ad5,ring_130,0,4,Bracelet,Ring,train,0,negative,cross_category
DS1_IMG_000115__DS1_IMG_000116,DS1_IMG_000115,DS1_IMG_000116,IMG_1412_af9b6ad5,IMG_1412_af9b6ad5,0,0,Bracelet,Bracelet,train,1,positive,
DS1_IMG_000115__DS1_IMG_000805,DS1_IMG_000115,DS1_IMG_000805,IMG_1412_af9b6ad5,IMG_2035_e9e50fa5,0,1,Bracelet,Earrings,train,0,negative,cross_category
DS1_IMG_000116__DS1_IMG_002720,DS1_IMG_000116,DS1_IMG_002720,IMG_1412_af9b6ad5,IMG_2251_153f9562,0,2,Bracelet,Necklace,train,0,negative,cross_category
DS1_IMG_000116__DS1_IMG_003899,DS1_IMG_000116,DS1_IMG_003899,IMG_1412_af9b6ad5,IMG_2900_b470bf1b,0,3,Bracelet,Pendant,train,0,negative,cross_category
DS1_IMG_000123__DS1_IMG_000124,DS1_IMG_000123,DS1_IMG_000124,IMG_1665_b27c0450,IMG_1665_b27c0450,0,0,Bracelet,Bracelet,train,1,positive,
DS1_IMG_000123__DS1_IMG_000125,DS1_IMG_000123,DS1_IMG_000125,IMG_1665_b27c0450,IMG_1665_b27c0450,0,0,Bracelet,Bracelet,train,1,positive,
DS1_IMG_000123__DS1_IMG_001071,DS1_IMG_000123,DS1_IMG_001071,IMG_1665_b27c0450,earring_210,0,1,Bracelet,Earrings,train,0,negative,cross_category
DS1_IMG_000123__DS1_IMG_002511,DS1_IMG_000123,DS1_IMG_002511,IMG_1665_b27c0450,IMG_1656_0a0a3538,0,2,Bracelet,Necklace,train,0,negative,cross_category
DS1_IMG_000123__DS1_IMG_003013,DS1_IMG_000123,DS1_IMG_003013,IMG_1665_b27c0450,IMG_2935_f0bec497,0,2,Bracelet,Necklace,train,0,negative,cross_category
DS1_IMG_000124__DS1_IMG_000125,DS1_IMG_000124,DS1_IMG_000125,IMG_1665_b27c0450,IMG_1665_b27c0450,0,0,Bracelet,Bracelet,train,1,positive,
DS1_IMG_000124__DS1_IMG_001129,DS1_IMG_000124,DS1_IMG_001129,IMG_1665_b27c0450,earring_264,0,1,Bracelet,Earrings,train,0,negative,cross_category
DS1_IMG_000124__DS1_IMG_003502,DS1_IMG_000124,DS1_IMG_003502,IMG_1665_b27c0450,necklace_20241125_122545_387efea7,0,2,Bracelet,Necklace,train,0,negative,cross_category
DS1_IMG_000124__DS1_IMG_003690,DS1_IMG_000124,DS1_IMG_003690,IMG_1665_b27c0450,IMG_0475_694c48a1,0,3,Bracelet,Pendant,train,0,negative,cross_category
DS1_IMG_000124__DS1_IMG_003778,DS1_IMG_000124,DS1_IMG_003778,IMG_1665_b27c0450,IMG_1567_31c00736,0,3,Bracelet,Pendant,train,0,negative,cross_category
DS1_IMG_000124__DS1_IMG_003868,DS1_IMG_000124,DS1_IMG_003868,IMG_1665_b27c0450,IMG_2846_3025b335,0,3,Bracelet,Pendant,train,0,negative,cross_category
DS1_IMG_000125__DS1_IMG_001454,DS1_IMG_000125,DS1_IMG_001454,IMG_1665_b27c0450,images-74-,0,1,Bracelet,Earrings,train,0,negative,cross_category
DS1_IMG_000125__DS1_IMG_003897,DS1_IMG_000125,DS1_IMG_003897,IMG_1665_b27c0450,IMG_2894_945d19e5,0,3,Bracelet,Pendant,train,0,negative,cross_category
DS1_IMG_000126__DS1_IMG_000127,DS1_IMG_000126,DS1_IMG_000127,IMG_1683_b28ea518,IMG_1683_b28ea518,0,0,Bracelet,Bracelet,train,1,positive,
DS1_IMG_000126__DS1_IMG_000128,DS1_IMG_000126,DS1_IMG_000128,IMG_1683_b28ea518,IMG_1683_b28ea518,0,0,Bracelet,Bracelet,train,1,positive,
DS1_IMG_000126__DS1_IMG_001806,DS1_IMG_000126,DS1_IMG_001806,IMG_1683_b28ea518,IMG_0506-1-_d1bc4b55,0,2,Bracelet,Necklace,train,0,negative,cross_category
DS1_IMG_000126__DS1_IMG_004269,DS1_IMG_000126,DS1_IMG_004269,IMG_1683_b28ea518,ring_159,0,4,Bracelet,Ring,train,0,negative,cross_category
DS1_IMG_000127__DS1_IMG_000128,DS1_IMG_000127,DS1_IMG_000128,IMG_1683_b28ea518,IMG_1683_b28ea518,0,0,Bracelet,Bracelet,train,1,positive,
DS1_IMG_000127__DS1_IMG_001162,DS1_IMG_000127,DS1_IMG_001162,IMG_1683_b28ea518,earring_294,0,1,Bracelet,Earrings,train,0,negative,cross_category
DS1_IMG_000127__DS1_IMG_003732,DS1_IMG_000127,DS1_IMG_003732,IMG_1683_b28ea518,IMG_0858_52572277,0,3,Bracelet,Pendant,train,0,negative,cross_category
DS1_IMG_000127__DS1_IMG_003784,DS1_IMG_000127,DS1_IMG_003784,IMG_1683_b28ea518,IMG_2181_9f77e4aa,0,3,Bracelet,Pendant,train,0,negative,cross_category
DS1_IMG_000128__DS1_IMG_001250,DS1_IMG_000128,DS1_IMG_001250,IMG_1683_b28ea518,earring_381,0,1,Bracelet,Earrings,train,0,negative,cross_category
DS1_IMG_000128__DS1_IMG_003955,DS1_IMG_000128,DS1_IMG_003955,IMG_1683_b28ea518,IMG_3515_3ed94d29,0,3,Bracelet,Pendant,train,0,negative,cross_category
DS1_IMG_000128__DS1_IMG_004302,DS1_IMG_000128,DS1_IMG_004302,IMG_1683_b28ea518,ring_181,0,4,Bracelet,Ring,train,0,negative,cross_category
DS1_IMG_000132__DS1_IMG_000133,DS1_IMG_000132,DS1_IMG_000133,IMG_1685_c6b74b54,IMG_1685_c6b74b54,0,0,Bracelet,Bracelet,train,1,positive,
DS1_IMG_000132__DS1_IMG_000134,DS1_IMG_000132,DS1_IMG_000134,IMG_1685_c6b74b54,IMG_1685_c6b74b54,0,0,Bracelet,Bracelet,train,1,positive,
DS1_IMG_000132__DS1_IMG_001103,DS1_IMG_000132,DS1_IMG_001103,IMG_1685_c6b74b54,earring_23,0,1,Bracelet,Earrings,train,0,negative,cross_category
DS1_IMG_000132__DS1_IMG_003909,DS1_IMG_000132,DS1_IMG_003909,IMG_1685_c6b74b54,IMG_2911_4bf24190,0,3,Bracelet,Pendant,train,0,negative,cross_category
DS1_IMG_000132__DS1_IMG_004013,DS1_IMG_000132,DS1_IMG_004013,IMG_1685_c6b74b54,Screenshot_20181116-202707_1542453179073,0,4,Bracelet,Ring,train,0,negative,cross_category
DS1_IMG_000132__DS1_IMG_004154,DS1_IMG_000132,DS1_IMG_004154,IMG_1685_c6b74b54,ring_091,0,4,Bracelet,Ring,train,0,negative,cross_category
DS1_IMG_000133__DS1_IMG_000134,DS1_IMG_000133,DS1_IMG_000134,IMG_1685_c6b74b54,IMG_1685_c6b74b54,0,0,Bracelet,Bracelet,train,1,positive,
DS1_IMG_000138__DS1_IMG_000139,DS1_IMG_000138,DS1_IMG_000139,IMG_1687_eac9193f,IMG_1687_eac9193f,0,0,Bracelet,Bracelet,train,1,positive,
DS1_IMG_000138__DS1_IMG_000140,DS1_IMG_000138,DS1_IMG_000140,IMG_1687_eac9193f,IMG_1687_eac9193f,0,0,Bracelet,Bracelet,train,1,positive,
DS1_IMG_000138__DS1_IMG_001343,DS1_IMG_000138,DS1_IMG_001343,IMG_1687_eac9193f,earring_56,0,1,Bracelet,Earrings,train,0,negative,cross_category
DS1_IMG_000138__DS1_IMG_003993,DS1_IMG_000138,DS1_IMG_003993,IMG_1687_eac9193f,necklace_20241125_122545_8181cfe3,0,3,Bracelet,Pendant,train,0,negative,cross_category
DS1_IMG_000139__DS1_IMG_000140,DS1_IMG_000139,DS1_IMG_000140,IMG_1687_eac9193f,IMG_1687_eac9193f,0,0,Bracelet,Bracelet,train,1,positive,
DS1_IMG_000139__DS1_IMG_003219,DS1_IMG_000139,DS1_IMG_003219,IMG_1687_eac9193f,IMG_3536_67ab1a81,0,2,Bracelet,Necklace,train,0,negative,cross_category
DS1_IMG_000140__DS1_IMG_000920,DS1_IMG_000140,DS1_IMG_000920,IMG_1687_eac9193f,UE00694-2Y0000_1_lar,0,1,Bracelet,Earrings,train,0,negative,cross_category
DS1_IMG_000140__DS1_IMG_001153,DS1_IMG_000140,DS1_IMG_001153,IMG_1687_eac9193f,earring_289,0,1,Bracelet,Earrings,train,0,negative,cross_category
DS1_IMG_000140__DS1_IMG_003372,DS1_IMG_000140,DS1_IMG_003372,IMG_1687_eac9193f,necklace_102,0,2,Bracelet,Necklace,train,0,negative,cross_category
DS1_IMG_000140__DS1_IMG_003588,DS1_IMG_000140,DS1_IMG_003588,IMG_1687_eac9193f,necklace_20241125_122545_81c1c599,0,2,Bracelet,Necklace,train,0,negative,cross_category
DS1_IMG_000140__DS1_IMG_003843,DS1_IMG_000140,DS1_IMG_003843,IMG_1687_eac9193f,IMG_2821_d4955818,0,3,Bracelet,Pendant,train,0,negative,cross_category
DS1_IMG_000140__DS1_IMG_004160,DS1_IMG_000140,DS1_IMG_004160,IMG_1687_eac9193f,ring_093,0,4,Bracelet,Ring,train,0,negative,cross_category
DS1_IMG_000141__DS1_IMG_000142,DS1_IMG_000141,DS1_IMG_000142,IMG_2314_ab5f5308,IMG_2314_ab5f5308,0,0,Bracelet,Bracelet,train,1,positive,
DS1_IMG_000141__DS1_IMG_000143,DS1_IMG_000141,DS1_IMG_000143,IMG_2314_ab5f5308,IMG_2314_ab5f5308,0,0,Bracelet,Bracelet,train,1,positive,
DS1_IMG_000141__DS1_IMG_001074,DS1_IMG_000141,DS1_IMG_001074,IMG_2314_ab5f5308,earring_213,0,1,Bracelet,Earrings,train,0,negative,cross_category
DS1_IMG_000141__DS1_IMG_003147,DS1_IMG_000141,DS1_IMG_003147,IMG_2314_ab5f5308,IMG_3501_59379313,0,2,Bracelet,Necklace,train,0,negative,cross_category
DS1_IMG_000141__DS1_IMG_003918,DS1_IMG_000141,DS1_IMG_003918,IMG_2314_ab5f5308,IMG_2918_dbac9ef3,0,3,Bracelet,Pendant,train,0,negative,cross_category
DS1_IMG_000141__DS1_IMG_003947,DS1_IMG_000141,DS1_IMG_003947,IMG_2314_ab5f5308,IMG_3503_4d37f1fe,0,3,Bracelet,Pendant,train,0,negative,cross_category
DS1_IMG_000141__DS1_IMG_004011,DS1_IMG_000141,DS1_IMG_004011,IMG_2314_ab5f5308,Screenshot_20181116-202630_1542453353168,0,4,Bracelet,Ring,train,0,negative,cross_category
DS1_IMG_000142__DS1_IMG_000143,DS1_IMG_000142,DS1_IMG_000143,IMG_2314_ab5f5308,IMG_2314_ab5f5308,0,0,Bracelet,Bracelet,train,1,positive,
DS1_IMG_000142__DS1_IMG_001825,DS1_IMG_000142,DS1_IMG_001825,IMG_2314_ab5f5308,IMG_0513_6e66a86e,0,2,Bracelet,Necklace,train,0,negative,cross_category
DS1_IMG_000143__DS1_IMG_003180,DS1_IMG_000143,DS1_IMG_003180,IMG_2314_ab5f5308,IMG_3518_909c4cb9,0,2,Bracelet,Necklace,train,0,negative,cross_category
DS1_IMG_000143__DS1_IMG_003235,DS1_IMG_000143,DS1_IMG_003235,IMG_2314_ab5f5308,IMG_3542_6f3662d1,0,2,Bracelet,Necklace,train,0,negative,cross_category
DS1_IMG_000144__DS1_IMG_000145,DS1_IMG_000144,DS1_IMG_000145,IMG_2315_66fd2087,IMG_2315_66fd2087,0,0,Bracelet,Bracelet,train,1,positive,
DS1_IMG_000144__DS1_IMG_000146,DS1_IMG_000144,DS1_IMG_000146,IMG_2315_66fd2087,IMG_2315_66fd2087,0,0,Bracelet,Bracelet,train,1,positive,
DS1_IMG_000144__DS1_IMG_000926,DS1_IMG_000144,DS1_IMG_000926,IMG_2315_66fd2087,ariel-elegant-diamond-earrings-jle139-1-750x500,0,1,Bracelet,Earrings,train,0,negative,cross_category
DS1_IMG_000144__DS1_IMG_001186,DS1_IMG_000144,DS1_IMG_001186,IMG_2315_66fd2087,earring_323,0,1,Bracelet,Earrings,train,0,negative,cross_category
DS1_IMG_000144__DS1_IMG_002554,DS1_IMG_000144,DS1_IMG_002554,IMG_2315_66fd2087,IMG_1862_cff5a31d,0,2,Bracelet,Necklace,train,0,negative,cross_category
DS1_IMG_000144__DS1_IMG_004271,DS1_IMG_000144,DS1_IMG_004271,IMG_2315_66fd2087,ring_162,0,4,Bracelet,Ring,train,0,negative,cross_category
DS1_IMG_000145__DS1_IMG_000146,DS1_IMG_000145,DS1_IMG_000146,IMG_2315_66fd2087,IMG_2315_66fd2087,0,0,Bracelet,Bracelet,train,1,positive,
DS1_IMG_000145__DS1_IMG_001234,DS1_IMG_000145,DS1_IMG_001234,IMG_2315_66fd2087,earring_371,0,1,Bracelet,Earrings,train,0,negative,cross_category
DS1_IMG_000145__DS1_IMG_001991,DS1_IMG_000145,DS1_IMG_001991,IMG_2315_66fd2087,IMG_0591-1-Copy_5f3b2c50,0,2,Bracelet,Necklace,train,0,negative,cross_category
DS1_IMG_000145__DS1_IMG_003945,DS1_IMG_000145,DS1_IMG_003945,IMG_2315_66fd2087,IMG_3467_d962189e,0,3,Bracelet,Pendant,train,0,negative,cross_category
DS1_IMG_000146__DS1_IMG_003283,DS1_IMG_000146,DS1_IMG_003283,IMG_2315_66fd2087,IMG_3576_ef2345f5,0,2,Bracelet,Necklace,train,0,negative,cross_category
DS1_IMG_000146__DS1_IMG_004090,DS1_IMG_000146,DS1_IMG_004090,IMG_2315_66fd2087,ring_057,0,4,Bracelet,Ring,train,0,negative,cross_category
DS1_IMG_000147__DS1_IMG_000148,DS1_IMG_000147,DS1_IMG_000148,IMG_2381_daa7fc1f,IMG_2381_daa7fc1f,0,0,Bracelet,Bracelet,train,1,positive,
DS1_IMG_000147__DS1_IMG_000149,DS1_IMG_000147,DS1_IMG_000149,IMG_2381_daa7fc1f,IMG_2381_daa7fc1f,0,0,Bracelet,Bracelet,train,1,positive,
DS1_IMG_000147__DS1_IMG_000850,DS1_IMG_000147,DS1_IMG_000850,IMG_2381_daa7fc1f,IMG_2505_d351bdbf,0,1,Bracelet,Earrings,train,0,negative,cross_category
DS1_IMG_000147__DS1_IMG_004159,DS1_IMG_000147,DS1_IMG_004159,IMG_2381_daa7fc1f,ring_092,0,4,Bracelet,Ring,train,0,negative,cross_category
DS1_IMG_000148__DS1_IMG_000149,DS1_IMG_000148,DS1_IMG_000149,IMG_2381_daa7fc1f,IMG_2381_daa7fc1f,0,0,Bracelet,Bracelet,train,1,positive,
DS1_IMG_000148__DS1_IMG_001924,DS1_IMG_000148,DS1_IMG_001924,IMG_2381_daa7fc1f,IMG_0560_ca3fce77,0,2,Bracelet,Necklace,train,0,negative,cross_category
DS1_IMG_000148__DS1_IMG_002409,DS1_IMG_000148,DS1_IMG_002409,IMG_2381_daa7fc1f,IMG_1542_c869448e,0,2,Bracelet,Necklace,train,0,negative,cross_category
DS1_IMG_000148__DS1_IMG_003534,DS1_IMG_000148,DS1_IMG_003534,IMG_2381_daa7fc1f,necklace_20241125_122545_787767e7,0,2,Bracelet,Necklace,train,0,negative,cross_category
DS1_IMG_000148__DS1_IMG_003957,DS1_IMG_000148,DS1_IMG_003957,IMG_2381_daa7fc1f,necklace_124,0,3,Bracelet,Pendant,train,0,negative,cross_category
DS1_IMG_000148__DS1_IMG_003994,DS1_IMG_000148,DS1_IMG_003994,IMG_2381_daa7fc1f,necklace_20241125_122545_8181cfe3,0,3,Bracelet,Pendant,train,0,negative,cross_category
DS1_IMG_000148__DS1_IMG_004067,DS1_IMG_000148,DS1_IMG_004067,IMG_2381_daa7fc1f,ring_044,0,4,Bracelet,Ring,train,0,negative,cross_category
DS1_IMG_000148__DS1_IMG_004150,DS1_IMG_000148,DS1_IMG_004150,IMG_2381_daa7fc1f,ring_088,0,4,Bracelet,Ring,train,0,negative,cross_category
DS1_IMG_000149__DS1_IMG_004027,DS1_IMG_000149,DS1_IMG_004027,IMG_2381_daa7fc1f,Screenshot_20181116-203109_1542449890237,0,4,Bracelet,Ring,train,0,negative,cross_category
DS1_IMG_000150__DS1_IMG_000151,DS1_IMG_000150,DS1_IMG_000151,IMG_2382_6dc25ee9,IMG_2382_6dc25ee9,0,0,Bracelet,Bracelet,train,1,positive,
DS1_IMG_000150__DS1_IMG_000152,DS1_IMG_000150,DS1_IMG_000152,IMG_2382_6dc25ee9,IMG_2382_6dc25ee9,0,0,Bracelet,Bracelet,train,1,positive,
DS1_IMG_000150__DS1_IMG_000870,DS1_IMG_000150,DS1_IMG_000870,IMG_2382_6dc25ee9,Roberto-Coin-Black-Jade-18K-Rose-Gold-Earrings-with-Mother-of-Pearl-and-Diamonds-8881985AXERJ,0,1,Bracelet,Earrings,train,0,negative,cross_category
DS1_IMG_000150__DS1_IMG_001294,DS1_IMG_000150,DS1_IMG_001294,IMG_2382_6dc25ee9,earring_436,0,1,Bracelet,Earrings,train,0,negative,cross_category
DS1_IMG_000150__DS1_IMG_001373,DS1_IMG_000150,DS1_IMG_001373,IMG_2382_6dc25ee9,earring_82,0,1,Bracelet,Earrings,train,0,negative,cross_category
DS1_IMG_000150__DS1_IMG_001883,DS1_IMG_000150,DS1_IMG_001883,IMG_2382_6dc25ee9,IMG_0537-1-_6492be50,0,2,Bracelet,Necklace,train,0,negative,cross_category
DS1_IMG_000150__DS1_IMG_002136,DS1_IMG_000150,DS1_IMG_002136,IMG_2382_6dc25ee9,IMG_1326_9c846176,0,2,Bracelet,Necklace,train,0,negative,cross_category
DS1_IMG_000150__DS1_IMG_003689,DS1_IMG_000150,DS1_IMG_003689,IMG_2382_6dc25ee9,IMG_0475_694c48a1,0,3,Bracelet,Pendant,train,0,negative,cross_category
DS1_IMG_000151__DS1_IMG_000152,DS1_IMG_000151,DS1_IMG_000152,IMG_2382_6dc25ee9,IMG_2382_6dc25ee9,0,0,Bracelet,Bracelet,train,1,positive,
DS1_IMG_000151__DS1_IMG_001137,DS1_IMG_000151,DS1_IMG_001137,IMG_2382_6dc25ee9,earring_272,0,1,Bracelet,Earrings,train,0,negative,cross_category
DS1_IMG_000151__DS1_IMG_001527,DS1_IMG_000151,DS1_IMG_001527,IMG_2382_6dc25ee9,IMG_0129_28b216fe,0,2,Bracelet,Necklace,train,0,negative,cross_category
DS1_IMG_000151__DS1_IMG_004037,DS1_IMG_000151,DS1_IMG_004037,IMG_2382_6dc25ee9,Screenshot_20181116-203818_1542449673275,0,4,Bracelet,Ring,train,0,negative,cross_category
DS1_IMG_000152__DS1_IMG_003707,DS1_IMG_000152,DS1_IMG_003707,IMG_2382_6dc25ee9,IMG_0726_46863f42,0,3,Bracelet,Pendant,train,0,negative,cross_category
DS1_IMG_000153__DS1_IMG_000154,DS1_IMG_000153,DS1_IMG_000154,IMG_2384_dd60b133,IMG_2384_dd60b133,0,0,Bracelet,Bracelet,train,1,positive,
DS1_IMG_000153__DS1_IMG_000155,DS1_IMG_000153,DS1_IMG_000155,IMG_2384_dd60b133,IMG_2384_dd60b133,0,0,Bracelet,Bracelet,train,1,positive,
DS1_IMG_000153__DS1_IMG_001818,DS1_IMG_000153,DS1_IMG_001818,IMG_2384_dd60b133,IMG_0511-1-_7102e7de,0,2,Bracelet,Necklace,train,0,negative,cross_category
DS1_IMG_000153__DS1_IMG_003697,DS1_IMG_000153,DS1_IMG_003697,IMG_2384_dd60b133,IMG_0602_6d616791,0,3,Bracelet,Pendant,train,0,negative,cross_category
DS1_IMG_000154__DS1_IMG_000155,DS1_IMG_000154,DS1_IMG_000155,IMG_2384_dd60b133,IMG_2384_dd60b133,0,0,Bracelet,Bracelet,train,1,positive,
DS1_IMG_000154__DS1_IMG_002958,DS1_IMG_000154,DS1_IMG_002958,IMG_2384_dd60b133,IMG_2869_61973608,0,2,Bracelet,Necklace,train,0,negative,cross_category
DS1_IMG_000154__DS1_IMG_003853,DS1_IMG_000154,DS1_IMG_003853,IMG_2384_dd60b133,IMG_2828_c95edb5d,0,3,Bracelet,Pendant,train,0,negative,cross_category
DS1_IMG_000154__DS1_IMG_004072,DS1_IMG_000154,DS1_IMG_004072,IMG_2384_dd60b133,ring_047,0,4,Bracelet,Ring,train,0,negative,cross_category
DS1_IMG_000159__DS1_IMG_000160,DS1_IMG_000159,DS1_IMG_000160,IMG_2388_c27a09a3,IMG_2388_c27a09a3,0,0,Bracelet,Bracelet,train,1,positive,
DS1_IMG_000159__DS1_IMG_000161,DS1_IMG_000159,DS1_IMG_000161,IMG_2388_c27a09a3,IMG_2388_c27a09a3,0,0,Bracelet,Bracelet,train,1,positive,
DS1_IMG_000159__DS1_IMG_000856,DS1_IMG_000159,DS1_IMG_000856,IMG_2388_c27a09a3,Kedatangan-mode-baru-model-baru-anting-anting-emas-kuning-Desain-jantung-Stup-anting-untuk-anak-perempuan-jpg_640x640,0,1,Bracelet,Earrings,train,0,negative,cross_category
DS1_IMG_000159__DS1_IMG_001554,DS1_IMG_000159,DS1_IMG_001554,IMG_2388_c27a09a3,IMG_0187_fa1879f6,0,2,Bracelet,Necklace,train,0,negative,cross_category
DS1_IMG_000160__DS1_IMG_000161,DS1_IMG_000160,DS1_IMG_000161,IMG_2388_c27a09a3,IMG_2388_c27a09a3,0,0,Bracelet,Bracelet,train,1,positive,
DS1_IMG_000160__DS1_IMG_001345,DS1_IMG_000160,DS1_IMG_001345,IMG_2388_c27a09a3,earring_57,0,1,Bracelet,Earrings,train,0,negative,cross_category
DS1_IMG_000160__DS1_IMG_002208,DS1_IMG_000160,DS1_IMG_002208,IMG_2388_c27a09a3,IMG_1396_89a03e43,0,2,Bracelet,Necklace,train,0,negative,cross_category
DS1_IMG_000161__DS1_IMG_003710,DS1_IMG_000161,DS1_IMG_003710,IMG_2388_c27a09a3,IMG_0733_64e5db0c,0,3,Bracelet,Pendant,train,0,negative,cross_category
DS1_IMG_000162__DS1_IMG_000163,DS1_IMG_000162,DS1_IMG_000163,IMG_2389_63558634,IMG_2389_63558634,0,0,Bracelet,Bracelet,train,1,positive,
DS1_IMG_000162__DS1_IMG_000164,DS1_IMG_000162,DS1_IMG_000164,IMG_2389_63558634,IMG_2389_63558634,0,0,Bracelet,Bracelet,train,1,positive,
DS1_IMG_000162__DS1_IMG_004023,DS1_IMG_000162,DS1_IMG_004023,IMG_2389_63558634,Screenshot_20181116-202936_1542450027786,0,4,Bracelet,Ring,train,0,negative,cross_category
DS1_IMG_000163__DS1_IMG_000164,DS1_IMG_000163,DS1_IMG_000164,IMG_2389_63558634,IMG_2389_63558634,0,0,Bracelet,Bracelet,train,1,positive,
DS1_IMG_000163__DS1_IMG_002685,DS1_IMG_000163,DS1_IMG_002685,IMG_2389_63558634,IMG_2235_d9c89efe,0,2,Bracelet,Necklace,train,0,negative,cross_category
DS1_IMG_000163__DS1_IMG_004273,DS1_IMG_000163,DS1_IMG_004273,IMG_2389_63558634,ring_163,0,4,Bracelet,Ring,train,0,negative,cross_category
DS1_IMG_000164__DS1_IMG_003682,DS1_IMG_000164,DS1_IMG_003682,IMG_2389_63558634,IMG_0457_cb73a0c4,0,3,Bracelet,Pendant,train,0,negative,cross_category
DS1_IMG_000164__DS1_IMG_003715,DS1_IMG_000164,DS1_IMG_003715,IMG_2389_63558634,IMG_0753_2ca36338,0,3,Bracelet,Pendant,train,0,negative,cross_category
DS1_IMG_000164__DS1_IMG_003911,DS1_IMG_000164,DS1_IMG_003911,IMG_2389_63558634,IMG_2912_9176f0b9,0,3,Bracelet,Pendant,train,0,negative,cross_category
DS1_IMG_000165__DS1_IMG_000166,DS1_IMG_000165,DS1_IMG_000166,IMG_2407_a3ecbb0c,IMG_2407_a3ecbb0c,0,0,Bracelet,Bracelet,train,1,positive,
DS1_IMG_000165__DS1_IMG_000167,DS1_IMG_000165,DS1_IMG_000167,IMG_2407_a3ecbb0c,IMG_2407_a3ecbb0c,0,0,Bracelet,Bracelet,train,1,positive,
DS1_IMG_000165__DS1_IMG_001386,DS1_IMG_000165,DS1_IMG_001386,IMG_2407_a3ecbb0c,earring_98,0,1,Bracelet,Earrings,train,0,negative,cross_category
DS1_IMG_000165__DS1_IMG_002303,DS1_IMG_000165,DS1_IMG_002303,IMG_2407_a3ecbb0c,IMG_1463_ad1463d3,0,2,Bracelet,Necklace,train,0,negative,cross_category
DS1_IMG_000165__DS1_IMG_003031,DS1_IMG_000165,DS1_IMG_003031,IMG_2407_a3ecbb0c,IMG_3050_44a1217c,0,2,Bracelet,Necklace,train,0,negative,cross_category
DS1_IMG_000165__DS1_IMG_003715,DS1_IMG_000165,DS1_IMG_003715,IMG_2407_a3ecbb0c,IMG_0753_2ca36338,0,3,Bracelet,Pendant,train,0,negative,cross_category
DS1_IMG_000166__DS1_IMG_000167,DS1_IMG_000166,DS1_IMG_000167,IMG_2407_a3ecbb0c,IMG_2407_a3ecbb0c,0,0,Bracelet,Bracelet,train,1,positive,
DS1_IMG_000166__DS1_IMG_000915,DS1_IMG_000166,DS1_IMG_000915,IMG_2407_a3ecbb0c,Turquoise-Bracelet-Sterling-Silver-Vintage-Bracelet-full-5-720-19-l-59-ea,0,1,Bracelet,Earrings,train,0,negative,cross_category
DS1_IMG_000166__DS1_IMG_001353,DS1_IMG_000166,DS1_IMG_001353,IMG_2407_a3ecbb0c,earring_5,0,1,Bracelet,Earrings,train,0,negative,cross_category
DS1_IMG_000166__DS1_IMG_001498,DS1_IMG_000166,DS1_IMG_001498,IMG_2407_a3ecbb0c,necklace_20241125_122545_3ee281b9,0,1,Bracelet,Earrings,train,0,negative,cross_category
DS1_IMG_000166__DS1_IMG_003673,DS1_IMG_000166,DS1_IMG_003673,IMG_2407_a3ecbb0c,IMG_0391_13077dff,0,3,Bracelet,Pendant,train,0,negative,cross_category
DS1_IMG_000166__DS1_IMG_003836,DS1_IMG_000166,DS1_IMG_003836,IMG_2407_a3ecbb0c,IMG_2809_3cfb570f,0,3,Bracelet,Pendant,train,0,negative,cross_category
DS1_IMG_000166__DS1_IMG_003896,DS1_IMG_000166,DS1_IMG_003896,IMG_2407_a3ecbb0c,IMG_2894_945d19e5,0,3,Bracelet,Pendant,train,0,negative,cross_category
DS1_IMG_000167__DS1_IMG_004284,DS1_IMG_000167,DS1_IMG_004284,IMG_2407_a3ecbb0c,ring_167,0,4,Bracelet,Ring,train,0,negative,cross_category
DS1_IMG_000168__DS1_IMG_000169,DS1_IMG_000168,DS1_IMG_000169,IMG_2408_f315ed8a,IMG_2408_f315ed8a,0,0,Bracelet,Bracelet,train,1,positive,
DS1_IMG_000168__DS1_IMG_000170,DS1_IMG_000168,DS1_IMG_000170,IMG_2408_f315ed8a,IMG_2408_f315ed8a,0,0,Bracelet,Bracelet,train,1,positive,
DS1_IMG_000169__DS1_IMG_000170,DS1_IMG_000169,DS1_IMG_000170,IMG_2408_f315ed8a,IMG_2408_f315ed8a,0,0,Bracelet,Bracelet,train,1,positive,
DS1_IMG_000169__DS1_IMG_002306,DS1_IMG_000169,DS1_IMG_002306,IMG_2408_f315ed8a,IMG_1470_f4ebcbcc,0,2,Bracelet,Necklace,train,0,negative,cross_category
DS1_IMG_000169__DS1_IMG_003669,DS1_IMG_000169,DS1_IMG_003669,IMG_2408_f315ed8a,IMG_0371_d1d4878f,0,3,Bracelet,Pendant,train,0,negative,cross_category
DS1_IMG_000170__DS1_IMG_000766,DS1_IMG_000170,DS1_IMG_000766,IMG_2408_f315ed8a,ER10422PL-1_large,0,1,Bracelet,Earrings,train,0,negative,cross_category
DS1_IMG_000170__DS1_IMG_003242,DS1_IMG_000170,DS1_IMG_003242,IMG_2408_f315ed8a,IMG_3551_bb7628cc,0,2,Bracelet,Necklace,train,0,negative,cross_category
DS1_IMG_000170__DS1_IMG_003711,DS1_IMG_000170,DS1_IMG_003711,IMG_2408_f315ed8a,IMG_0733_64e5db0c,0,3,Bracelet,Pendant,train,0,negative,cross_category
DS1_IMG_000171__DS1_IMG_000172,DS1_IMG_000171,DS1_IMG_000172,IMG_2409_04d9f307,IMG_2409_04d9f307,0,0,Bracelet,Bracelet,train,1,positive,
DS1_IMG_000171__DS1_IMG_000173,DS1_IMG_000171,DS1_IMG_000173,IMG_2409_04d9f307,IMG_2409_04d9f307,0,0,Bracelet,Bracelet,train,1,positive,
DS1_IMG_000171__DS1_IMG_001462,DS1_IMG_000171,DS1_IMG_001462,IMG_2409_04d9f307,images-79-,0,1,Bracelet,Earrings,train,0,negative,cross_category
DS1_IMG_000171__DS1_IMG_002055,DS1_IMG_000171,DS1_IMG_002055,IMG_2409_04d9f307,IMG_0625-1-_d93fcd5c,0,2,Bracelet,Necklace,train,0,negative,cross_category
DS1_IMG_000171__DS1_IMG_004000,DS1_IMG_000171,DS1_IMG_004000,IMG_2409_04d9f307,necklace_78,0,3,Bracelet,Pendant,train,0,negative,cross_category
DS1_IMG_000172__DS1_IMG_000173,DS1_IMG_000172,DS1_IMG_000173,IMG_2409_04d9f307,IMG_2409_04d9f307,0,0,Bracelet,Bracelet,train,1,positive,
DS1_IMG_000172__DS1_IMG_003812,DS1_IMG_000172,DS1_IMG_003812,IMG_2409_04d9f307,IMG_2457_895e154f,0,3,Bracelet,Pendant,train,0,negative,cross_category
DS1_IMG_000172__DS1_IMG_004279,DS1_IMG_000172,DS1_IMG_004279,IMG_2409_04d9f307,ring_166,0,4,Bracelet,Ring,train,0,negative,cross_category
DS1_IMG_000173__DS1_IMG_003433,DS1_IMG_000173,DS1_IMG_003433,IMG_2409_04d9f307,necklace_190,0,2,Bracelet,Necklace,train,0,negative,cross_category
DS1_IMG_000174__DS1_IMG_000175,DS1_IMG_000174,DS1_IMG_000175,IMG_2410_07569e2b,IMG_2410_07569e2b,0,0,Bracelet,Bracelet,train,1,positive,
DS1_IMG_000174__DS1_IMG_000176,DS1_IMG_000174,DS1_IMG_000176,IMG_2410_07569e2b,IMG_2410_07569e2b,0,0,Bracelet,Bracelet,train,1,positive,
DS1_IMG_000174__DS1_IMG_004070,DS1_IMG_000174,DS1_IMG_004070,IMG_2410_07569e2b,ring_046,0,4,Bracelet,Ring,train,0,negative,cross_category
DS1_IMG_000175__DS1_IMG_000176,DS1_IMG_000175,DS1_IMG_000176,IMG_2410_07569e2b,IMG_2410_07569e2b,0,0,Bracelet,Bracelet,train,1,positive,
DS1_IMG_000175__DS1_IMG_003719,DS1_IMG_000175,DS1_IMG_003719,IMG_2410_07569e2b,IMG_0811_ccf24bcc,0,3,Bracelet,Pendant,train,0,negative,cross_category
DS1_IMG_000175__DS1_IMG_004226,DS1_IMG_000175,DS1_IMG_004226,IMG_2410_07569e2b,ring_134,0,4,Bracelet,Ring,train,0,negative,cross_category
DS1_IMG_000176__DS1_IMG_004190,DS1_IMG_000176,DS1_IMG_004190,IMG_2410_07569e2b,ring_112,0,4,Bracelet,Ring,train,0,negative,cross_category
DS1_IMG_000177__DS1_IMG_000178,DS1_IMG_000177,DS1_IMG_000178,IMG_2475_4f3381d6,IMG_2475_4f3381d6,0,0,Bracelet,Bracelet,train,1,positive,
DS1_IMG_000177__DS1_IMG_000179,DS1_IMG_000177,DS1_IMG_000179,IMG_2475_4f3381d6,IMG_2475_4f3381d6,0,0,Bracelet,Bracelet,train,1,positive,
DS1_IMG_000177__DS1_IMG_000780,DS1_IMG_000177,DS1_IMG_000780,IMG_2475_4f3381d6,IMG_0677_d0b99f2e,0,1,Bracelet,Earrings,train,0,negative,cross_category
DS1_IMG_000177__DS1_IMG_001285,DS1_IMG_000177,DS1_IMG_001285,IMG_2475_4f3381d6,earring_429,0,1,Bracelet,Earrings,train,0,negative,cross_category
DS1_IMG_000177__DS1_IMG_002324,DS1_IMG_000177,DS1_IMG_002324,IMG_2475_4f3381d6,IMG_1486_9788ba28,0,2,Bracelet,Necklace,train,0,negative,cross_category
DS1_IMG_000178__DS1_IMG_000179,DS1_IMG_000178,DS1_IMG_000179,IMG_2475_4f3381d6,IMG_2475_4f3381d6,0,0,Bracelet,Bracelet,train,1,positive,
DS1_IMG_000179__DS1_IMG_000874,DS1_IMG_000179,DS1_IMG_000874,IMG_2475_4f3381d6,Screenshot_20181114-203953_1542265021406,0,1,Bracelet,Earrings,train,0,negative,cross_category
DS1_IMG_000179__DS1_IMG_001137,DS1_IMG_000179,DS1_IMG_001137,IMG_2475_4f3381d6,earring_272,0,1,Bracelet,Earrings,train,0,negative,cross_category
DS1_IMG_000179__DS1_IMG_001969,DS1_IMG_000179,DS1_IMG_001969,IMG_2475_4f3381d6,IMG_0581_2ce97edc,0,2,Bracelet,Necklace,train,0,negative,cross_category
DS1_IMG_000179__DS1_IMG_003742,DS1_IMG_000179,DS1_IMG_003742,IMG_2475_4f3381d6,IMG_0862_36a7b364,0,3,Bracelet,Pendant,train,0,negative,cross_category
DS1_IMG_000180__DS1_IMG_000181,DS1_IMG_000180,DS1_IMG_000181,IMG_2479_094b7f69,IMG_2479_094b7f69,0,0,Bracelet,Bracelet,train,1,positive,
DS1_IMG_000180__DS1_IMG_000182,DS1_IMG_000180,DS1_IMG_000182,IMG_2479_094b7f69,IMG_2479_094b7f69,0,0,Bracelet,Bracelet,train,1,positive,
DS1_IMG_000181__DS1_IMG_000182,DS1_IMG_000181,DS1_IMG_000182,IMG_2479_094b7f69,IMG_2479_094b7f69,0,0,Bracelet,Bracelet,train,1,positive,
DS1_IMG_000181__DS1_IMG_000804,DS1_IMG_000181,DS1_IMG_000804,IMG_2479_094b7f69,IMG_1673_fdbb6ced,0,1,Bracelet,Earrings,train,0,negative,cross_category
DS1_IMG_000181__DS1_IMG_000828,DS1_IMG_000181,DS1_IMG_000828,IMG_2479_094b7f69,IMG_2152_1a02edb6,0,1,Bracelet,Earrings,train,0,negative,cross_category
DS1_IMG_000182__DS1_IMG_000777,DS1_IMG_000182,DS1_IMG_000777,IMG_2479_094b7f69,IMG_0636_4580acd4,0,1,Bracelet,Earrings,train,0,negative,cross_category
DS1_IMG_000182__DS1_IMG_001183,DS1_IMG_000182,DS1_IMG_001183,IMG_2479_094b7f69,earring_320,0,1,Bracelet,Earrings,train,0,negative,cross_category
DS1_IMG_000182__DS1_IMG_004196,DS1_IMG_000182,DS1_IMG_004196,IMG_2479_094b7f69,ring_114,0,4,Bracelet,Ring,train,0,negative,cross_category
DS1_IMG_000182__DS1_IMG_004281,DS1_IMG_000182,DS1_IMG_004281,IMG_2479_094b7f69,ring_166,0,4,Bracelet,Ring,train,0,negative,cross_category
DS1_IMG_000183__DS1_IMG_000184,DS1_IMG_000183,DS1_IMG_000184,IMG_2483_800e0baa,IMG_2483_800e0baa,0,0,Bracelet,Bracelet,train,1,positive,
DS1_IMG_000183__DS1_IMG_000185,DS1_IMG_000183,DS1_IMG_000185,IMG_2483_800e0baa,IMG_2483_800e0baa,0,0,Bracelet,Bracelet,train,1,positive,
DS1_IMG_000183__DS1_IMG_003914,DS1_IMG_000183,DS1_IMG_003914,IMG_2483_800e0baa,IMG_2913_9f1d6820,0,3,Bracelet,Pendant,train,0,negative,cross_category
DS1_IMG_000184__DS1_IMG_000185,DS1_IMG_000184,DS1_IMG_000185,IMG_2483_800e0baa,IMG_2483_800e0baa,0,0,Bracelet,Bracelet,train,1,positive,
DS1_IMG_000185__DS1_IMG_003994,DS1_IMG_000185,DS1_IMG_003994,IMG_2483_800e0baa,necklace_20241125_122545_8181cfe3,0,3,Bracelet,Pendant,train,0,negative,cross_category
DS1_IMG_000185__DS1_IMG_004248,DS1_IMG_000185,DS1_IMG_004248,IMG_2483_800e0baa,ring_148,0,4,Bracelet,Ring,train,0,negative,cross_category
DS1_IMG_000192__DS1_IMG_000193,DS1_IMG_000192,DS1_IMG_000193,IMG_2489_175ae45e,IMG_2489_175ae45e,0,0,Bracelet,Bracelet,train,1,positive,
DS1_IMG_000192__DS1_IMG_000194,DS1_IMG_000192,DS1_IMG_000194,IMG_2489_175ae45e,IMG_2489_175ae45e,0,0,Bracelet,Bracelet,train,1,positive,
DS1_IMG_000192__DS1_IMG_000846,DS1_IMG_000192,DS1_IMG_000846,IMG_2489_175ae45e,IMG_2502_5907549c,0,1,Bracelet,Earrings,train,0,negative,cross_category
DS1_IMG_000192__DS1_IMG_000993,DS1_IMG_000192,DS1_IMG_000993,IMG_2489_175ae45e,earring_14,0,1,Bracelet,Earrings,train,0,negative,cross_category
DS1_IMG_000192__DS1_IMG_001141,DS1_IMG_000192,DS1_IMG_001141,IMG_2489_175ae45e,earring_275,0,1,Bracelet,Earrings,train,0,negative,cross_category
DS1_IMG_000192__DS1_IMG_001318,DS1_IMG_000192,DS1_IMG_001318,IMG_2489_175ae45e,earring_45,0,1,Bracelet,Earrings,train,0,negative,cross_category
DS1_IMG_000192__DS1_IMG_002552,DS1_IMG_000192,DS1_IMG_002552,IMG_2489_175ae45e,IMG_1861_d6aec339,0,2,Bracelet,Necklace,train,0,negative,cross_category
DS1_IMG_000192__DS1_IMG_003671,DS1_IMG_000192,DS1_IMG_003671,IMG_2489_175ae45e,IMG_0391_13077dff,0,3,Bracelet,Pendant,train,0,negative,cross_category
DS1_IMG_000193__DS1_IMG_000194,DS1_IMG_000193,DS1_IMG_000194,IMG_2489_175ae45e,IMG_2489_175ae45e,0,0,Bracelet,Bracelet,train,1,positive,
DS1_IMG_000193__DS1_IMG_000871,DS1_IMG_000193,DS1_IMG_000871,IMG_2489_175ae45e,Roberto-Coin-Black-Jade-18K-Rose-Gold-Earrings-with-Mother-of-Pearl-and-Diamonds-8881985AXERJ,0,1,Bracelet,Earrings,train,0,negative,cross_category
DS1_IMG_000193__DS1_IMG_004023,DS1_IMG_000193,DS1_IMG_004023,IMG_2489_175ae45e,Screenshot_20181116-202936_1542450027786,0,4,Bracelet,Ring,train,0,negative,cross_category
DS1_IMG_000194__DS1_IMG_003903,DS1_IMG_000194,DS1_IMG_003903,IMG_2489_175ae45e,IMG_2901_79d86e58,0,3,Bracelet,Pendant,train,0,negative,cross_category
DS1_IMG_000194__DS1_IMG_003909,DS1_IMG_000194,DS1_IMG_003909,IMG_2489_175ae45e,IMG_2911_4bf24190,0,3,Bracelet,Pendant,train,0,negative,cross_category
DS1_IMG_000194__DS1_IMG_004000,DS1_IMG_000194,DS1_IMG_004000,IMG_2489_175ae45e,necklace_78,0,3,Bracelet,Pendant,train,0,negative,cross_category
DS1_IMG_000195__DS1_IMG_000196,DS1_IMG_000195,DS1_IMG_000196,IMG_2516_c01bb9ae,IMG_2516_c01bb9ae,0,0,Bracelet,Bracelet,train,1,positive,
DS1_IMG_000195__DS1_IMG_000197,DS1_IMG_000195,DS1_IMG_000197,IMG_2516_c01bb9ae,IMG_2516_c01bb9ae,0,0,Bracelet,Bracelet,train,1,positive,
DS1_IMG_000195__DS1_IMG_003636,DS1_IMG_000195,DS1_IMG_003636,IMG_2516_c01bb9ae,necklace_82,0,2,Bracelet,Necklace,train,0,negative,cross_category
DS1_IMG_000195__DS1_IMG_004166,DS1_IMG_000195,DS1_IMG_004166,IMG_2516_c01bb9ae,ring_096,0,4,Bracelet,Ring,train,0,negative,cross_category
DS1_IMG_000196__DS1_IMG_000197,DS1_IMG_000196,DS1_IMG_000197,IMG_2516_c01bb9ae,IMG_2516_c01bb9ae,0,0,Bracelet,Bracelet,train,1,positive,
DS1_IMG_000196__DS1_IMG_001974,DS1_IMG_000196,DS1_IMG_001974,IMG_2516_c01bb9ae,IMG_0584_7150a47d,0,2,Bracelet,Necklace,train,0,negative,cross_category
DS1_IMG_000196__DS1_IMG_004173,DS1_IMG_000196,DS1_IMG_004173,IMG_2516_c01bb9ae,ring_099,0,4,Bracelet,Ring,train,0,negative,cross_category
DS1_IMG_000197__DS1_IMG_002207,DS1_IMG_000197,DS1_IMG_002207,IMG_2516_c01bb9ae,IMG_1396_89a03e43,0,2,Bracelet,Necklace,train,0,negative,cross_category
DS1_IMG_000197__DS1_IMG_002563,DS1_IMG_000197,DS1_IMG_002563,IMG_2516_c01bb9ae,IMG_1868_1da28c1b,0,2,Bracelet,Necklace,train,0,negative,cross_category
DS1_IMG_000197__DS1_IMG_003609,DS1_IMG_000197,DS1_IMG_003609,IMG_2516_c01bb9ae,necklace_57,0,2,Bracelet,Necklace,train,0,negative,cross_category
DS1_IMG_000197__DS1_IMG_003800,DS1_IMG_000197,DS1_IMG_003800,IMG_2516_c01bb9ae,IMG_2379_ad6a1bf5,0,3,Bracelet,Pendant,train,0,negative,cross_category
DS1_IMG_000197__DS1_IMG_003930,DS1_IMG_000197,DS1_IMG_003930,IMG_2516_c01bb9ae,IMG_2931_6b15625f,0,3,Bracelet,Pendant,train,0,negative,cross_category
DS1_IMG_000201__DS1_IMG_000202,DS1_IMG_000201,DS1_IMG_000202,IMG_2519_ec4c522d,IMG_2519_ec4c522d,0,0,Bracelet,Bracelet,train,1,positive,
DS1_IMG_000201__DS1_IMG_000203,DS1_IMG_000201,DS1_IMG_000203,IMG_2519_ec4c522d,IMG_2519_ec4c522d,0,0,Bracelet,Bracelet,train,1,positive,
DS1_IMG_000202__DS1_IMG_000203,DS1_IMG_000202,DS1_IMG_000203,IMG_2519_ec4c522d,IMG_2519_ec4c522d,0,0,Bracelet,Bracelet,train,1,positive,
DS1_IMG_000202__DS1_IMG_000765,DS1_IMG_000202,DS1_IMG_000765,IMG_2519_ec4c522d,ER10422PL-1_large,0,1,Bracelet,Earrings,train,0,negative,cross_category
DS1_IMG_000202__DS1_IMG_001022,DS1_IMG_000202,DS1_IMG_001022,IMG_2519_ec4c522d,earring_167,0,1,Bracelet,Earrings,train,0,negative,cross_category
DS1_IMG_000202__DS1_IMG_001736,DS1_IMG_000202,DS1_IMG_001736,IMG_2519_ec4c522d,IMG_0442_7e7a3b25,0,2,Bracelet,Necklace,train,0,negative,cross_category
DS1_IMG_000202__DS1_IMG_002357,DS1_IMG_000202,DS1_IMG_002357,IMG_2519_ec4c522d,IMG_1504_2a4e4e87,0,2,Bracelet,Necklace,train,0,negative,cross_category
DS1_IMG_000202__DS1_IMG_003867,DS1_IMG_000202,DS1_IMG_003867,IMG_2519_ec4c522d,IMG_2846_3025b335,0,3,Bracelet,Pendant,train,0,negative,cross_category
DS1_IMG_000202__DS1_IMG_004259,DS1_IMG_000202,DS1_IMG_004259,IMG_2519_ec4c522d,ring_156,0,4,Bracelet,Ring,train,0,negative,cross_category
DS1_IMG_000203__DS1_IMG_003680,DS1_IMG_000203,DS1_IMG_003680,IMG_2519_ec4c522d,IMG_0457_cb73a0c4,0,3,Bracelet,Pendant,train,0,negative,cross_category
DS1_IMG_000203__DS1_IMG_003817,DS1_IMG_000203,DS1_IMG_003817,IMG_2519_ec4c522d,IMG_2506_cab336a0,0,3,Bracelet,Pendant,train,0,negative,cross_category
DS1_IMG_000203__DS1_IMG_004127,DS1_IMG_000203,DS1_IMG_004127,IMG_2519_ec4c522d,ring_078,0,4,Bracelet,Ring,train,0,negative,cross_category
DS1_IMG_000204__DS1_IMG_000205,DS1_IMG_000204,DS1_IMG_000205,IMG_2521_2f7dd27c,IMG_2521_2f7dd27c,0,0,Bracelet,Bracelet,train,1,positive,
DS1_IMG_000204__DS1_IMG_000206,DS1_IMG_000204,DS1_IMG_000206,IMG_2521_2f7dd27c,IMG_2521_2f7dd27c,0,0,Bracelet,Bracelet,train,1,positive,
DS1_IMG_000204__DS1_IMG_001364,DS1_IMG_000204,DS1_IMG_001364,IMG_2521_2f7dd27c,earring_76,0,1,Bracelet,Earrings,train,0,negative,cross_category
DS1_IMG_000204__DS1_IMG_003831,DS1_IMG_000204,DS1_IMG_003831,IMG_2521_2f7dd27c,IMG_2750_393840e9,0,3,Bracelet,Pendant,train,0,negative,cross_category
DS1_IMG_000204__DS1_IMG_003875,DS1_IMG_000204,DS1_IMG_003875,IMG_2521_2f7dd27c,IMG_2860_b5be60fb,0,3,Bracelet,Pendant,train,0,negative,cross_category
DS1_IMG_000205__DS1_IMG_000206,DS1_IMG_000205,DS1_IMG_000206,IMG_2521_2f7dd27c,IMG_2521_2f7dd27c,0,0,Bracelet,Bracelet,train,1,positive,
DS1_IMG_000205__DS1_IMG_001958,DS1_IMG_000205,DS1_IMG_001958,IMG_2521_2f7dd27c,IMG_0575_d24d70ee,0,2,Bracelet,Necklace,train,0,negative,cross_category
DS1_IMG_000205__DS1_IMG_002909,DS1_IMG_000205,DS1_IMG_002909,IMG_2521_2f7dd27c,IMG_2812_accaafa7,0,2,Bracelet,Necklace,train,0,negative,cross_category
DS1_IMG_000206__DS1_IMG_001018,DS1_IMG_000206,DS1_IMG_001018,IMG_2521_2f7dd27c,earring_162,0,1,Bracelet,Earrings,train,0,negative,cross_category
DS1_IMG_000207__DS1_IMG_000208,DS1_IMG_000207,DS1_IMG_000208,IMG_2523_6a3a03ba,IMG_2523_6a3a03ba,0,0,Bracelet,Bracelet,train,1,positive,
DS1_IMG_000207__DS1_IMG_000209,DS1_IMG_000207,DS1_IMG_000209,IMG_2523_6a3a03ba,IMG_2523_6a3a03ba,0,0,Bracelet,Bracelet,train,1,positive,
DS1_IMG_000207__DS1_IMG_003954,DS1_IMG_000207,DS1_IMG_003954,IMG_2523_6a3a03ba,IMG_3515_3ed94d29,0,3,Bracelet,Pendant,train,0,negative,cross_category
DS1_IMG_000207__DS1_IMG_004087,DS1_IMG_000207,DS1_IMG_004087,IMG_2523_6a3a03ba,ring_055,0,4,Bracelet,Ring,train,0,negative,cross_category
DS1_IMG_000207__DS1_IMG_004155,DS1_IMG_000207,DS1_IMG_004155,IMG_2523_6a3a03ba,ring_091,0,4,Bracelet,Ring,train,0,negative,cross_category
DS1_IMG_000208__DS1_IMG_000209,DS1_IMG_000208,DS1_IMG_000209,IMG_2523_6a3a03ba,IMG_2523_6a3a03ba,0,0,Bracelet,Bracelet,train,1,positive,
DS1_IMG_000208__DS1_IMG_000885,DS1_IMG_000208,DS1_IMG_000885,IMG_2523_6a3a03ba,Screenshot_20181115-080745_1542265825200,0,1,Bracelet,Earrings,train,0,negative,cross_category
DS1_IMG_000208__DS1_IMG_001381,DS1_IMG_000208,DS1_IMG_001381,IMG_2523_6a3a03ba,earring_89,0,1,Bracelet,Earrings,train,0,negative,cross_category
DS1_IMG_000208__DS1_IMG_002202,DS1_IMG_000208,DS1_IMG_002202,IMG_2523_6a3a03ba,IMG_1383_d2995f70,0,2,Bracelet,Necklace,train,0,negative,cross_category
DS1_IMG_000208__DS1_IMG_003722,DS1_IMG_000208,DS1_IMG_003722,IMG_2523_6a3a03ba,IMG_0841_55d04e95,0,3,Bracelet,Pendant,train,0,negative,cross_category
DS1_IMG_000209__DS1_IMG_001404,DS1_IMG_000209,DS1_IMG_001404,IMG_2523_6a3a03ba,images-3-,0,1,Bracelet,Earrings,train,0,negative,cross_category
DS1_IMG_000209__DS1_IMG_002429,DS1_IMG_000209,DS1_IMG_002429,IMG_2523_6a3a03ba,IMG_1573_3b6aa91a,0,2,Bracelet,Necklace,train,0,negative,cross_category
DS1_IMG_000209__DS1_IMG_003599,DS1_IMG_000209,DS1_IMG_003599,IMG_2523_6a3a03ba,necklace_20241125_122545_9888989c,0,2,Bracelet,Necklace,train,0,negative,cross_category
DS1_IMG_000209__DS1_IMG_003938,DS1_IMG_000209,DS1_IMG_003938,IMG_2523_6a3a03ba,IMG_2937_71e488de,0,3,Bracelet,Pendant,train,0,negative,cross_category
DS1_IMG_000210__DS1_IMG_000211,DS1_IMG_000210,DS1_IMG_000211,IMG_2525_700d9c6e,IMG_2525_700d9c6e,0,0,Bracelet,Bracelet,train,1,positive,
DS1_IMG_000210__DS1_IMG_000212,DS1_IMG_000210,DS1_IMG_000212,IMG_2525_700d9c6e,IMG_2525_700d9c6e,0,0,Bracelet,Bracelet,train,1,positive,
DS1_IMG_000210__DS1_IMG_001386,DS1_IMG_000210,DS1_IMG_001386,IMG_2525_700d9c6e,earring_98,0,1,Bracelet,Earrings,train,0,negative,cross_category
DS1_IMG_000210__DS1_IMG_004009,DS1_IMG_000210,DS1_IMG_004009,IMG_2525_700d9c6e,other_20241125_122403_8383c799,0,3,Bracelet,Pendant,train,0,negative,cross_category
DS1_IMG_000211__DS1_IMG_000212,DS1_IMG_000211,DS1_IMG_000212,IMG_2525_700d9c6e,IMG_2525_700d9c6e,0,0,Bracelet,Bracelet,train,1,positive,
DS1_IMG_000212__DS1_IMG_000805,DS1_IMG_000212,DS1_IMG_000805,IMG_2525_700d9c6e,IMG_2035_e9e50fa5,0,1,Bracelet,Earrings,train,0,negative,cross_category
DS1_IMG_000212__DS1_IMG_004092,DS1_IMG_000212,DS1_IMG_004092,IMG_2525_700d9c6e,ring_057,0,4,Bracelet,Ring,train,0,negative,cross_category
DS1_IMG_000213__DS1_IMG_000214,DS1_IMG_000213,DS1_IMG_000214,IMG_2527_ccfe7f9f,IMG_2527_ccfe7f9f,0,0,Bracelet,Bracelet,train,1,positive,
DS1_IMG_000213__DS1_IMG_000215,DS1_IMG_000213,DS1_IMG_000215,IMG_2527_ccfe7f9f,IMG_2527_ccfe7f9f,0,0,Bracelet,Bracelet,train,1,positive,
DS1_IMG_000213__DS1_IMG_003452,DS1_IMG_000213,DS1_IMG_003452,IMG_2527_ccfe7f9f,necklace_20241125_122545_00187c7e,0,2,Bracelet,Necklace,train,0,negative,cross_category
DS1_IMG_000213__DS1_IMG_003917,DS1_IMG_000213,DS1_IMG_003917,IMG_2527_ccfe7f9f,IMG_2918_dbac9ef3,0,3,Bracelet,Pendant,train,0,negative,cross_category
DS1_IMG_000213__DS1_IMG_004279,DS1_IMG_000213,DS1_IMG_004279,IMG_2527_ccfe7f9f,ring_166,0,4,Bracelet,Ring,train,0,negative,cross_category
DS1_IMG_000214__DS1_IMG_000215,DS1_IMG_000214,DS1_IMG_000215,IMG_2527_ccfe7f9f,IMG_2527_ccfe7f9f,0,0,Bracelet,Bracelet,train,1,positive,
DS1_IMG_000214__DS1_IMG_000993,DS1_IMG_000214,DS1_IMG_000993,IMG_2527_ccfe7f9f,earring_14,0,1,Bracelet,Earrings,train,0,negative,cross_category
DS1_IMG_000214__DS1_IMG_001282,DS1_IMG_000214,DS1_IMG_001282,IMG_2527_ccfe7f9f,earring_422,0,1,Bracelet,Earrings,train,0,negative,cross_category
DS1_IMG_000214__DS1_IMG_003604,DS1_IMG_000214,DS1_IMG_003604,IMG_2527_ccfe7f9f,necklace_20241125_122545_c1c14163,0,2,Bracelet,Necklace,train,0,negative,cross_category
DS1_IMG_000214__DS1_IMG_003803,DS1_IMG_000214,DS1_IMG_003803,IMG_2527_ccfe7f9f,IMG_2426_f8412daf,0,3,Bracelet,Pendant,train,0,negative,cross_category
DS1_IMG_000215__DS1_IMG_000917,DS1_IMG_000215,DS1_IMG_000917,IMG_2527_ccfe7f9f,UE00012-YG0000_1_lar,0,1,Bracelet,Earrings,train,0,negative,cross_category
DS1_IMG_000215__DS1_IMG_001135,DS1_IMG_000215,DS1_IMG_001135,IMG_2527_ccfe7f9f,earring_272,0,1,Bracelet,Earrings,train,0,negative,cross_category
DS1_IMG_000216__DS1_IMG_000217,DS1_IMG_000216,DS1_IMG_000217,IMG_2528_8617bac9,IMG_2528_8617bac9,0,0,Bracelet,Bracelet,train,1,positive,
DS1_IMG_000216__DS1_IMG_000218,DS1_IMG_000216,DS1_IMG_000218,IMG_2528_8617bac9,IMG_2528_8617bac9,0,0,Bracelet,Bracelet,train,1,positive,
DS1_IMG_000216__DS1_IMG_001070,DS1_IMG_000216,DS1_IMG_001070,IMG_2528_8617bac9,earring_210,0,1,Bracelet,Earrings,train,0,negative,cross_category
DS1_IMG_000216__DS1_IMG_001736,DS1_IMG_000216,DS1_IMG_001736,IMG_2528_8617bac9,IMG_0442_7e7a3b25,0,2,Bracelet,Necklace,train,0,negative,cross_category
DS1_IMG_000217__DS1_IMG_000218,DS1_IMG_000217,DS1_IMG_000218,IMG_2528_8617bac9,IMG_2528_8617bac9,0,0,Bracelet,Bracelet,train,1,positive,
DS1_IMG_000217__DS1_IMG_003137,DS1_IMG_000217,DS1_IMG_003137,IMG_2528_8617bac9,IMG_3490_b500c066,0,2,Bracelet,Necklace,train,0,negative,cross_category
DS1_IMG_000217__DS1_IMG_003250,DS1_IMG_000217,DS1_IMG_003250,IMG_2528_8617bac9,IMG_3554_8749868f,0,2,Bracelet,Necklace,train,0,negative,cross_category
DS1_IMG_000217__DS1_IMG_004213,DS1_IMG_000217,DS1_IMG_004213,IMG_2528_8617bac9,ring_123,0,4,Bracelet,Ring,train,0,negative,cross_category
DS1_IMG_000218__DS1_IMG_002870,DS1_IMG_000218,DS1_IMG_002870,IMG_2528_8617bac9,IMG_2423_debfc027,0,2,Bracelet,Necklace,train,0,negative,cross_category
DS1_IMG_000219__DS1_IMG_000220,DS1_IMG_000219,DS1_IMG_000220,IMG_2530_8e04d936,IMG_2530_8e04d936,0,0,Bracelet,Bracelet,train,1,positive,
DS1_IMG_000219__DS1_IMG_000221,DS1_IMG_000219,DS1_IMG_000221,IMG_2530_8e04d936,IMG_2530_8e04d936,0,0,Bracelet,Bracelet,train,1,positive,
DS1_IMG_000219__DS1_IMG_001121,DS1_IMG_000219,DS1_IMG_001121,IMG_2530_8e04d936,earring_260,0,1,Bracelet,Earrings,train,0,negative,cross_category
DS1_IMG_000219__DS1_IMG_003681,DS1_IMG_000219,DS1_IMG_003681,IMG_2530_8e04d936,IMG_0457_cb73a0c4,0,3,Bracelet,Pendant,train,0,negative,cross_category
DS1_IMG_000219__DS1_IMG_003727,DS1_IMG_000219,DS1_IMG_003727,IMG_2530_8e04d936,IMG_0842_54be0d37,0,3,Bracelet,Pendant,train,0,negative,cross_category
DS1_IMG_000220__DS1_IMG_000221,DS1_IMG_000220,DS1_IMG_000221,IMG_2530_8e04d936,IMG_2530_8e04d936,0,0,Bracelet,Bracelet,train,1,positive,
DS1_IMG_000221__DS1_IMG_001370,DS1_IMG_000221,DS1_IMG_001370,IMG_2530_8e04d936,earring_7,0,1,Bracelet,Earrings,train,0,negative,cross_category
DS1_IMG_000221__DS1_IMG_002998,DS1_IMG_000221,DS1_IMG_002998,IMG_2530_8e04d936,IMG_2921_7aac934c,0,2,Bracelet,Necklace,train,0,negative,cross_category
DS1_IMG_000222__DS1_IMG_000223,DS1_IMG_000222,DS1_IMG_000223,IMG_2532_a16ec5d2,IMG_2532_a16ec5d2,0,0,Bracelet,Bracelet,train,1,positive,
DS1_IMG_000222__DS1_IMG_000224,DS1_IMG_000222,DS1_IMG_000224,IMG_2532_a16ec5d2,IMG_2532_a16ec5d2,0,0,Bracelet,Bracelet,train,1,positive,
DS1_IMG_000222__DS1_IMG_001090,DS1_IMG_000222,DS1_IMG_001090,IMG_2532_a16ec5d2,earring_22,0,1,Bracelet,Earrings,train,0,negative,cross_category
DS1_IMG_000222__DS1_IMG_001095,DS1_IMG_000222,DS1_IMG_001095,IMG_2532_a16ec5d2,earring_235,0,1,Bracelet,Earrings,train,0,negative,cross_category
DS1_IMG_000222__DS1_IMG_003749,DS1_IMG_000222,DS1_IMG_003749,IMG_2532_a16ec5d2,IMG_0885_67639274,0,3,Bracelet,Pendant,train,0,negative,cross_category
DS1_IMG_000222__DS1_IMG_004016,DS1_IMG_000222,DS1_IMG_004016,IMG_2532_a16ec5d2,Screenshot_20181116-202757_1542453058358,0,4,Bracelet,Ring,train,0,negative,cross_category
DS1_IMG_000222__DS1_IMG_004056,DS1_IMG_000222,DS1_IMG_004056,IMG_2532_a16ec5d2,Screenshot_20181116-204417_1542449390654,0,4,Bracelet,Ring,train,0,negative,cross_category
DS1_IMG_000223__DS1_IMG_000224,DS1_IMG_000223,DS1_IMG_000224,IMG_2532_a16ec5d2,IMG_2532_a16ec5d2,0,0,Bracelet,Bracelet,train,1,positive,
DS1_IMG_000223__DS1_IMG_001131,DS1_IMG_000223,DS1_IMG_001131,IMG_2532_a16ec5d2,earring_267,0,1,Bracelet,Earrings,train,0,negative,cross_category
DS1_IMG_000223__DS1_IMG_001462,DS1_IMG_000223,DS1_IMG_001462,IMG_2532_a16ec5d2,images-79-,0,1,Bracelet,Earrings,train,0,negative,cross_category
DS1_IMG_000223__DS1_IMG_003737,DS1_IMG_000223,DS1_IMG_003737,IMG_2532_a16ec5d2,IMG_0860_40d0505f,0,3,Bracelet,Pendant,train,0,negative,cross_category
DS1_IMG_000224__DS1_IMG_004129,DS1_IMG_000224,DS1_IMG_004129,IMG_2532_a16ec5d2,ring_080,0,4,Bracelet,Ring,train,0,negative,cross_category
DS1_IMG_000228__DS1_IMG_000229,DS1_IMG_000228,DS1_IMG_000229,IMG_2534_0107c272,IMG_2534_0107c272,0,0,Bracelet,Bracelet,train,1,positive,
DS1_IMG_000228__DS1_IMG_000230,DS1_IMG_000228,DS1_IMG_000230,IMG_2534_0107c272,IMG_2534_0107c272,0,0,Bracelet,Bracelet,train,1,positive,
DS1_IMG_000228__DS1_IMG_003874,DS1_IMG_000228,DS1_IMG_003874,IMG_2534_0107c272,IMG_2856_b3d7e108,0,3,Bracelet,Pendant,train,0,negative,cross_category
DS1_IMG_000229__DS1_IMG_000230,DS1_IMG_000229,DS1_IMG_000230,IMG_2534_0107c272,IMG_2534_0107c272,0,0,Bracelet,Bracelet,train,1,positive,
DS1_IMG_000229__DS1_IMG_001387,DS1_IMG_000229,DS1_IMG_001387,IMG_2534_0107c272,earring_98,0,1,Bracelet,Earrings,train,0,negative,cross_category
DS1_IMG_000229__DS1_IMG_002547,DS1_IMG_000229,DS1_IMG_002547,IMG_2534_0107c272,IMG_1855_8b7f24a5,0,2,Bracelet,Necklace,train,0,negative,cross_category
DS1_IMG_000230__DS1_IMG_000852,DS1_IMG_000230,DS1_IMG_000852,IMG_2534_0107c272,IMG_2505_d351bdbf,0,1,Bracelet,Earrings,train,0,negative,cross_category
DS1_IMG_000230__DS1_IMG_001289,DS1_IMG_000230,DS1_IMG_001289,IMG_2534_0107c272,earring_433,0,1,Bracelet,Earrings,train,0,negative,cross_category
DS1_IMG_000230__DS1_IMG_004220,DS1_IMG_000230,DS1_IMG_004220,IMG_2534_0107c272,ring_130,0,4,Bracelet,Ring,train,0,negative,cross_category
DS1_IMG_000234__DS1_IMG_000235,DS1_IMG_000234,DS1_IMG_000235,IMG_2537_3008d8f2,IMG_2537_3008d8f2,0,0,Bracelet,Bracelet,train,1,positive,
DS1_IMG_000234__DS1_IMG_000236,DS1_IMG_000234,DS1_IMG_000236,IMG_2537_3008d8f2,IMG_2537_3008d8f2,0,0,Bracelet,Bracelet,train,1,positive,
DS1_IMG_000234__DS1_IMG_001388,DS1_IMG_000234,DS1_IMG_001388,IMG_2537_3008d8f2,earring_98,0,1,Bracelet,Earrings,train,0,negative,cross_category
DS1_IMG_000234__DS1_IMG_001908,DS1_IMG_000234,DS1_IMG_001908,IMG_2537_3008d8f2,IMG_0553-1-_919866de,0,2,Bracelet,Necklace,train,0,negative,cross_category
DS1_IMG_000234__DS1_IMG_003878,DS1_IMG_000234,DS1_IMG_003878,IMG_2537_3008d8f2,IMG_2862_dc66ea02,0,3,Bracelet,Pendant,train,0,negative,cross_category
DS1_IMG_000234__DS1_IMG_004186,DS1_IMG_000234,DS1_IMG_004186,IMG_2537_3008d8f2,ring_110,0,4,Bracelet,Ring,train,0,negative,cross_category
DS1_IMG_000234__DS1_IMG_004301,DS1_IMG_000234,DS1_IMG_004301,IMG_2537_3008d8f2,ring_180,0,4,Bracelet,Ring,train,0,negative,cross_category
DS1_IMG_000235__DS1_IMG_000236,DS1_IMG_000235,DS1_IMG_000236,IMG_2537_3008d8f2,IMG_2537_3008d8f2,0,0,Bracelet,Bracelet,train,1,positive,
DS1_IMG_000235__DS1_IMG_001105,DS1_IMG_000235,DS1_IMG_001105,IMG_2537_3008d8f2,earring_23,0,1,Bracelet,Earrings,train,0,negative,cross_category
DS1_IMG_000235__DS1_IMG_001516,DS1_IMG_000235,DS1_IMG_001516,IMG_2537_3008d8f2,other_20241125_122356_ffffffdb,0,1,Bracelet,Earrings,train,0,negative,cross_category
DS1_IMG_000236__DS1_IMG_000970,DS1_IMG_000236,DS1_IMG_000970,IMG_2537_3008d8f2,earring_135,0,1,Bracelet,Earrings,train,0,negative,cross_category
DS1_IMG_000236__DS1_IMG_004267,DS1_IMG_000236,DS1_IMG_004267,IMG_2537_3008d8f2,ring_159,0,4,Bracelet,Ring,train,0,negative,cross_category
DS1_IMG_000237__DS1_IMG_000238,DS1_IMG_000237,DS1_IMG_000238,IMG_2538_0a1e31c7,IMG_2538_0a1e31c7,0,0,Bracelet,Bracelet,train,1,positive,
DS1_IMG_000237__DS1_IMG_000239,DS1_IMG_000237,DS1_IMG_000239,IMG_2538_0a1e31c7,IMG_2538_0a1e31c7,0,0,Bracelet,Bracelet,train,1,positive,
DS1_IMG_000237__DS1_IMG_001128,DS1_IMG_000237,DS1_IMG_001128,IMG_2538_0a1e31c7,earring_264,0,1,Bracelet,Earrings,train,0,negative,cross_category
DS1_IMG_000237__DS1_IMG_004158,DS1_IMG_000237,DS1_IMG_004158,IMG_2538_0a1e31c7,ring_092,0,4,Bracelet,Ring,train,0,negative,cross_category
DS1_IMG_000238__DS1_IMG_000239,DS1_IMG_000238,DS1_IMG_000239,IMG_2538_0a1e31c7,IMG_2538_0a1e31c7,0,0,Bracelet,Bracelet,train,1,positive,
DS1_IMG_000238__DS1_IMG_000776,DS1_IMG_000238,DS1_IMG_000776,IMG_2538_0a1e31c7,IMG_0636_4580acd4,0,1,Bracelet,Earrings,train,0,negative,cross_category
DS1_IMG_000238__DS1_IMG_001391,DS1_IMG_000238,DS1_IMG_001391,IMG_2538_0a1e31c7,earring_99,0,1,Bracelet,Earrings,train,0,negative,cross_category
DS1_IMG_000239__DS1_IMG_000862,DS1_IMG_000239,DS1_IMG_000862,IMG_2538_0a1e31c7,OBJ16MBE07w_LRG_rgb_Web,0,1,Bracelet,Earrings,train,0,negative,cross_category
DS1_IMG_000239__DS1_IMG_004006,DS1_IMG_000239,DS1_IMG_004006,IMG_2538_0a1e31c7,other_20241125_122403_6020381c,0,3,Bracelet,Pendant,train,0,negative,cross_category
DS1_IMG_000239__DS1_IMG_004082,DS1_IMG_000239,DS1_IMG_004082,IMG_2538_0a1e31c7,ring_051,0,4,Bracelet,Ring,train,0,negative,cross_category
DS1_IMG_000239__DS1_IMG_004130,DS1_IMG_000239,DS1_IMG_004130,IMG_2538_0a1e31c7,ring_080,0,4,Bracelet,Ring,train,0,negative,cross_category
DS1_IMG_000240__DS1_IMG_000241,DS1_IMG_000240,DS1_IMG_000241,IMG_2539_a7eb0c18,IMG_2539_a7eb0c18,0,0,Bracelet,Bracelet,train,1,positive,
DS1_IMG_000240__DS1_IMG_000242,DS1_IMG_000240,DS1_IMG_000242,IMG_2539_a7eb0c18,IMG_2539_a7eb0c18,0,0,Bracelet,Bracelet,train,1,positive,
DS1_IMG_000240__DS1_IMG_000976,DS1_IMG_000240,DS1_IMG_000976,IMG_2539_a7eb0c18,earring_139,0,1,Bracelet,Earrings,train,0,negative,cross_category
DS1_IMG_000240__DS1_IMG_004319,DS1_IMG_000240,DS1_IMG_004319,IMG_2539_a7eb0c18,ring_188,0,4,Bracelet,Ring,train,0,negative,cross_category
DS1_IMG_000241__DS1_IMG_000242,DS1_IMG_000241,DS1_IMG_000242,IMG_2539_a7eb0c18,IMG_2539_a7eb0c18,0,0,Bracelet,Bracelet,train,1,positive,
DS1_IMG_000241__DS1_IMG_003816,DS1_IMG_000241,DS1_IMG_003816,IMG_2539_a7eb0c18,IMG_2506_cab336a0,0,3,Bracelet,Pendant,train,0,negative,cross_category
DS1_IMG_000242__DS1_IMG_003813,DS1_IMG_000242,DS1_IMG_003813,IMG_2539_a7eb0c18,IMG_2457_895e154f,0,3,Bracelet,Pendant,train,0,negative,cross_category
DS1_IMG_000242__DS1_IMG_003888,DS1_IMG_000242,DS1_IMG_003888,IMG_2539_a7eb0c18,IMG_2877_c118c42c,0,3,Bracelet,Pendant,train,0,negative,cross_category
DS1_IMG_000243__DS1_IMG_000244,DS1_IMG_000243,DS1_IMG_000244,IMG_2541_05473c92,IMG_2541_05473c92,0,0,Bracelet,Bracelet,train,1,positive,
DS1_IMG_000243__DS1_IMG_000245,DS1_IMG_000243,DS1_IMG_000245,IMG_2541_05473c92,IMG_2541_05473c92,0,0,Bracelet,Bracelet,train,1,positive,
DS1_IMG_000243__DS1_IMG_000986,DS1_IMG_000243,DS1_IMG_000986,IMG_2541_05473c92,earring_143,0,1,Bracelet,Earrings,train,0,negative,cross_category
DS1_IMG_000244__DS1_IMG_000245,DS1_IMG_000244,DS1_IMG_000245,IMG_2541_05473c92,IMG_2541_05473c92,0,0,Bracelet,Bracelet,train,1,positive,
DS1_IMG_000244__DS1_IMG_001007,DS1_IMG_000244,DS1_IMG_001007,IMG_2541_05473c92,earring_159,0,1,Bracelet,Earrings,train,0,negative,cross_category
DS1_IMG_000244__DS1_IMG_004071,DS1_IMG_000244,DS1_IMG_004071,IMG_2541_05473c92,ring_047,0,4,Bracelet,Ring,train,0,negative,cross_category
DS1_IMG_000245__DS1_IMG_001518,DS1_IMG_000245,DS1_IMG_001518,IMG_2541_05473c92,pirouette_by_harry_winston_earrings__diamond__EADPRFPRSPIR_trans-1h,0,1,Bracelet,Earrings,train,0,negative,cross_category
DS1_IMG_000245__DS1_IMG_003990,DS1_IMG_000245,DS1_IMG_003990,IMG_2541_05473c92,necklace_20241125_122545_6063e3a7,0,3,Bracelet,Pendant,train,0,negative,cross_category
DS1_IMG_000246__DS1_IMG_000247,DS1_IMG_000246,DS1_IMG_000247,IMG_3038_47a492b2,IMG_3038_47a492b2,0,0,Bracelet,Bracelet,train,1,positive,
DS1_IMG_000246__DS1_IMG_000248,DS1_IMG_000246,DS1_IMG_000248,IMG_3038_47a492b2,IMG_3038_47a492b2,0,0,Bracelet,Bracelet,train,1,positive,
DS1_IMG_000246__DS1_IMG_003139,DS1_IMG_000246,DS1_IMG_003139,IMG_3038_47a492b2,IMG_3490_b500c066,0,2,Bracelet,Necklace,train,0,negative,cross_category
DS1_IMG_000247__DS1_IMG_000248,DS1_IMG_000247,DS1_IMG_000248,IMG_3038_47a492b2,IMG_3038_47a492b2,0,0,Bracelet,Bracelet,train,1,positive,
DS1_IMG_000247__DS1_IMG_003631,DS1_IMG_000247,DS1_IMG_003631,IMG_3038_47a492b2,necklace_77,0,2,Bracelet,Necklace,train,0,negative,cross_category
DS1_IMG_000247__DS1_IMG_003917,DS1_IMG_000247,DS1_IMG_003917,IMG_3038_47a492b2,IMG_2918_dbac9ef3,0,3,Bracelet,Pendant,train,0,negative,cross_category
DS1_IMG_000248__DS1_IMG_002950,DS1_IMG_000248,DS1_IMG_002950,IMG_3038_47a492b2,IMG_2863_c3999afa,0,2,Bracelet,Necklace,train,0,negative,cross_category
DS1_IMG_000248__DS1_IMG_003930,DS1_IMG_000248,DS1_IMG_003930,IMG_3038_47a492b2,IMG_2931_6b15625f,0,3,Bracelet,Pendant,train,0,negative,cross_category
DS1_IMG_000252__DS1_IMG_000253,DS1_IMG_000252,DS1_IMG_000253,IMG_3040_328e96db,IMG_3040_328e96db,0,0,Bracelet,Bracelet,train,1,positive,
DS1_IMG_000252__DS1_IMG_000254,DS1_IMG_000252,DS1_IMG_000254,IMG_3040_328e96db,IMG_3040_328e96db,0,0,Bracelet,Bracelet,train,1,positive,
DS1_IMG_000252__DS1_IMG_003886,DS1_IMG_000252,DS1_IMG_003886,IMG_3040_328e96db,IMG_2871_08b05150,0,3,Bracelet,Pendant,train,0,negative,cross_category
DS1_IMG_000252__DS1_IMG_004004,DS1_IMG_000252,DS1_IMG_004004,IMG_3040_328e96db,other_20241125_122403_6020381c,0,3,Bracelet,Pendant,train,0,negative,cross_category
DS1_IMG_000252__DS1_IMG_004249,DS1_IMG_000252,DS1_IMG_004249,IMG_3040_328e96db,ring_153,0,4,Bracelet,Ring,train,0,negative,cross_category
DS1_IMG_000252__DS1_IMG_004313,DS1_IMG_000252,DS1_IMG_004313,IMG_3040_328e96db,ring_185,0,4,Bracelet,Ring,train,0,negative,cross_category
DS1_IMG_000253__DS1_IMG_000254,DS1_IMG_000253,DS1_IMG_000254,IMG_3040_328e96db,IMG_3040_328e96db,0,0,Bracelet,Bracelet,train,1,positive,
DS1_IMG_000253__DS1_IMG_004287,DS1_IMG_000253,DS1_IMG_004287,IMG_3040_328e96db,ring_168,0,4,Bracelet,Ring,train,0,negative,cross_category
DS1_IMG_000254__DS1_IMG_001083,DS1_IMG_000254,DS1_IMG_001083,IMG_3040_328e96db,earring_222,0,1,Bracelet,Earrings,train,0,negative,cross_category
DS1_IMG_000254__DS1_IMG_003687,DS1_IMG_000254,DS1_IMG_003687,IMG_3040_328e96db,IMG_0471_02f2128e,0,3,Bracelet,Pendant,train,0,negative,cross_category
DS1_IMG_000255__DS1_IMG_000256,DS1_IMG_000255,DS1_IMG_000256,IMG_3041_d0c68029,IMG_3041_d0c68029,0,0,Bracelet,Bracelet,train,1,positive,
DS1_IMG_000255__DS1_IMG_000257,DS1_IMG_000255,DS1_IMG_000257,IMG_3041_d0c68029,IMG_3041_d0c68029,0,0,Bracelet,Bracelet,train,1,positive,
DS1_IMG_000255__DS1_IMG_001788,DS1_IMG_000255,DS1_IMG_001788,IMG_3041_d0c68029,IMG_0476-1-_7c255155,0,2,Bracelet,Necklace,train,0,negative,cross_category
DS1_IMG_000255__DS1_IMG_002636,DS1_IMG_000255,DS1_IMG_002636,IMG_3041_d0c68029,IMG_2208_cf196528,0,2,Bracelet,Necklace,train,0,negative,cross_category
DS1_IMG_000256__DS1_IMG_000257,DS1_IMG_000256,DS1_IMG_000257,IMG_3041_d0c68029,IMG_3041_d0c68029,0,0,Bracelet,Bracelet,train,1,positive,
DS1_IMG_000256__DS1_IMG_002988,DS1_IMG_000256,DS1_IMG_002988,IMG_3041_d0c68029,IMG_2914_f2b1f19b,0,2,Bracelet,Necklace,train,0,negative,cross_category
DS1_IMG_000256__DS1_IMG_003719,DS1_IMG_000256,DS1_IMG_003719,IMG_3041_d0c68029,IMG_0811_ccf24bcc,0,3,Bracelet,Pendant,train,0,negative,cross_category
DS1_IMG_000256__DS1_IMG_003903,DS1_IMG_000256,DS1_IMG_003903,IMG_3041_d0c68029,IMG_2901_79d86e58,0,3,Bracelet,Pendant,train,0,negative,cross_category
DS1_IMG_000256__DS1_IMG_004027,DS1_IMG_000256,DS1_IMG_004027,IMG_3041_d0c68029,Screenshot_20181116-203109_1542449890237,0,4,Bracelet,Ring,train,0,negative,cross_category
DS1_IMG_000256__DS1_IMG_004217,DS1_IMG_000256,DS1_IMG_004217,IMG_3041_d0c68029,ring_128,0,4,Bracelet,Ring,train,0,negative,cross_category
DS1_IMG_000257__DS1_IMG_001546,DS1_IMG_000257,DS1_IMG_001546,IMG_3041_d0c68029,IMG_0157_b671fd42,0,2,Bracelet,Necklace,train,0,negative,cross_category
DS1_IMG_000261__DS1_IMG_000262,DS1_IMG_000261,DS1_IMG_000262,IMG_3061_50c9e0b3,IMG_3061_50c9e0b3,0,0,Bracelet,Bracelet,train,1,positive,
DS1_IMG_000261__DS1_IMG_000263,DS1_IMG_000261,DS1_IMG_000263,IMG_3061_50c9e0b3,IMG_3061_50c9e0b3,0,0,Bracelet,Bracelet,train,1,positive,
DS1_IMG_000261__DS1_IMG_001063,DS1_IMG_000261,DS1_IMG_001063,IMG_3061_50c9e0b3,earring_202,0,1,Bracelet,Earrings,train,0,negative,cross_category
DS1_IMG_000261__DS1_IMG_004138,DS1_IMG_000261,DS1_IMG_004138,IMG_3061_50c9e0b3,ring_084,0,4,Bracelet,Ring,train,0,negative,cross_category
DS1_IMG_000262__DS1_IMG_000263,DS1_IMG_000262,DS1_IMG_000263,IMG_3061_50c9e0b3,IMG_3061_50c9e0b3,0,0,Bracelet,Bracelet,train,1,positive,
DS1_IMG_000262__DS1_IMG_004271,DS1_IMG_000262,DS1_IMG_004271,IMG_3061_50c9e0b3,ring_162,0,4,Bracelet,Ring,train,0,negative,cross_category
DS1_IMG_000263__DS1_IMG_002093,DS1_IMG_000263,DS1_IMG_002093,IMG_3061_50c9e0b3,IMG_1299_18b800ce,0,2,Bracelet,Necklace,train,0,negative,cross_category
DS1_IMG_000263__DS1_IMG_003939,DS1_IMG_000263,DS1_IMG_003939,IMG_3061_50c9e0b3,IMG_2937_71e488de,0,3,Bracelet,Pendant,train,0,negative,cross_category
DS1_IMG_000263__DS1_IMG_004110,DS1_IMG_000263,DS1_IMG_004110,IMG_3061_50c9e0b3,ring_069,0,4,Bracelet,Ring,train,0,negative,cross_category
DS1_IMG_000264__DS1_IMG_000265,DS1_IMG_000264,DS1_IMG_000265,IMG_3062_7d067bf8,IMG_3062_7d067bf8,0,0,Bracelet,Bracelet,train,1,positive,
DS1_IMG_000264__DS1_IMG_000266,DS1_IMG_000264,DS1_IMG_000266,IMG_3062_7d067bf8,IMG_3062_7d067bf8,0,0,Bracelet,Bracelet,train,1,positive,
DS1_IMG_000264__DS1_IMG_001160,DS1_IMG_000264,DS1_IMG_001160,IMG_3062_7d067bf8,earring_292,0,1,Bracelet,Earrings,train,0,negative,cross_category
DS1_IMG_000265__DS1_IMG_000266,DS1_IMG_000265,DS1_IMG_000266,IMG_3062_7d067bf8,IMG_3062_7d067bf8,0,0,Bracelet,Bracelet,train,1,positive,
DS1_IMG_000265__DS1_IMG_001440,DS1_IMG_000265,DS1_IMG_001440,IMG_3062_7d067bf8,images-61-,0,1,Bracelet,Earrings,train,0,negative,cross_category
DS1_IMG_000266__DS1_IMG_002935,DS1_IMG_000266,DS1_IMG_002935,IMG_3062_7d067bf8,IMG_2848_b8589f1e,0,2,Bracelet,Necklace,train,0,negative,cross_category
DS1_IMG_000266__DS1_IMG_003101,DS1_IMG_000266,DS1_IMG_003101,IMG_3062_7d067bf8,IMG_3124_2a93b6ae,0,2,Bracelet,Necklace,train,0,negative,cross_category
DS1_IMG_000266__DS1_IMG_003806,DS1_IMG_000266,DS1_IMG_003806,IMG_3062_7d067bf8,IMG_2427_3a6bdae9,0,3,Bracelet,Pendant,train,0,negative,cross_category
DS1_IMG_000267__DS1_IMG_000268,DS1_IMG_000267,DS1_IMG_000268,IMG_3063_f2672d8c,IMG_3063_f2672d8c,0,0,Bracelet,Bracelet,train,1,positive,
DS1_IMG_000267__DS1_IMG_000269,DS1_IMG_000267,DS1_IMG_000269,IMG_3063_f2672d8c,IMG_3063_f2672d8c,0,0,Bracelet,Bracelet,train,1,positive,
DS1_IMG_000267__DS1_IMG_001687,DS1_IMG_000267,DS1_IMG_001687,IMG_3063_f2672d8c,IMG_0400_49c223c9,0,2,Bracelet,Necklace,train,0,negative,cross_category
DS1_IMG_000268__DS1_IMG_000269,DS1_IMG_000268,DS1_IMG_000269,IMG_3063_f2672d8c,IMG_3063_f2672d8c,0,0,Bracelet,Bracelet,train,1,positive,
DS1_IMG_000268__DS1_IMG_003801,DS1_IMG_000268,DS1_IMG_003801,IMG_3063_f2672d8c,IMG_2379_ad6a1bf5,0,3,Bracelet,Pendant,train,0,negative,cross_category
DS1_IMG_000268__DS1_IMG_004069,DS1_IMG_000268,DS1_IMG_004069,IMG_3063_f2672d8c,ring_046,0,4,Bracelet,Ring,train,0,negative,cross_category
DS1_IMG_000269__DS1_IMG_002057,DS1_IMG_000269,DS1_IMG_002057,IMG_3063_f2672d8c,IMG_0625-1-_d93fcd5c,0,2,Bracelet,Necklace,train,0,negative,cross_category
DS1_IMG_000269__DS1_IMG_002943,DS1_IMG_000269,DS1_IMG_002943,IMG_3063_f2672d8c,IMG_2852_b8fec241,0,2,Bracelet,Necklace,train,0,negative,cross_category
DS1_IMG_000269__DS1_IMG_003984,DS1_IMG_000269,DS1_IMG_003984,IMG_3063_f2672d8c,necklace_20241125_122545_3efef2e3,0,3,Bracelet,Pendant,train,0,negative,cross_category
DS1_IMG_000269__DS1_IMG_004152,DS1_IMG_000269,DS1_IMG_004152,IMG_3063_f2672d8c,ring_089,0,4,Bracelet,Ring,train,0,negative,cross_category
DS1_IMG_000269__DS1_IMG_004299,DS1_IMG_000269,DS1_IMG_004299,IMG_3063_f2672d8c,ring_180,0,4,Bracelet,Ring,train,0,negative,cross_category
DS1_IMG_000273__DS1_IMG_000274,DS1_IMG_000273,DS1_IMG_000274,IMG_3125_bb293a87,IMG_3125_bb293a87,0,0,Bracelet,Bracelet,train,1,positive,
DS1_IMG_000273__DS1_IMG_000275,DS1_IMG_000273,DS1_IMG_000275,IMG_3125_bb293a87,IMG_3125_bb293a87,0,0,Bracelet,Bracelet,train,1,positive,
DS1_IMG_000273__DS1_IMG_001118,DS1_IMG_000273,DS1_IMG_001118,IMG_3125_bb293a87,earring_258,0,1,Bracelet,Earrings,train,0,negative,cross_category
DS1_IMG_000273__DS1_IMG_001271,DS1_IMG_000273,DS1_IMG_001271,IMG_3125_bb293a87,earring_40,0,1,Bracelet,Earrings,train,0,negative,cross_category
DS1_IMG_000273__DS1_IMG_001398,DS1_IMG_000273,DS1_IMG_001398,IMG_3125_bb293a87,images-25-,0,1,Bracelet,Earrings,train,0,negative,cross_category
DS1_IMG_000273__DS1_IMG_003719,DS1_IMG_000273,DS1_IMG_003719,IMG_3125_bb293a87,IMG_0811_ccf24bcc,0,3,Bracelet,Pendant,train,0,negative,cross_category
DS1_IMG_000273__DS1_IMG_004206,DS1_IMG_000273,DS1_IMG_004206,IMG_3125_bb293a87,ring_121,0,4,Bracelet,Ring,train,0,negative,cross_category
DS1_IMG_000274__DS1_IMG_000275,DS1_IMG_000274,DS1_IMG_000275,IMG_3125_bb293a87,IMG_3125_bb293a87,0,0,Bracelet,Bracelet,train,1,positive,
DS1_IMG_000274__DS1_IMG_002210,DS1_IMG_000274,DS1_IMG_002210,IMG_3125_bb293a87,IMG_1397_967fc1a8,0,2,Bracelet,Necklace,train,0,negative,cross_category
DS1_IMG_000274__DS1_IMG_003682,DS1_IMG_000274,DS1_IMG_003682,IMG_3125_bb293a87,IMG_0457_cb73a0c4,0,3,Bracelet,Pendant,train,0,negative,cross_category
DS1_IMG_000274__DS1_IMG_003843,DS1_IMG_000274,DS1_IMG_003843,IMG_3125_bb293a87,IMG_2821_d4955818,0,3,Bracelet,Pendant,train,0,negative,cross_category
DS1_IMG_000274__DS1_IMG_003967,DS1_IMG_000274,DS1_IMG_003967,IMG_3125_bb293a87,necklace_20241125_122545_02020381,0,3,Bracelet,Pendant,train,0,negative,cross_category
DS1_IMG_000274__DS1_IMG_004212,DS1_IMG_000274,DS1_IMG_004212,IMG_3125_bb293a87,ring_123,0,4,Bracelet,Ring,train,0,negative,cross_category
DS1_IMG_000275__DS1_IMG_003900,DS1_IMG_000275,DS1_IMG_003900,IMG_3125_bb293a87,IMG_2900_b470bf1b,0,3,Bracelet,Pendant,train,0,negative,cross_category
DS1_IMG_000275__DS1_IMG_004281,DS1_IMG_000275,DS1_IMG_004281,IMG_3125_bb293a87,ring_166,0,4,Bracelet,Ring,train,0,negative,cross_category
DS1_IMG_000276__DS1_IMG_000277,DS1_IMG_000276,DS1_IMG_000277,IMG_3126_9944bde7,IMG_3126_9944bde7,0,0,Bracelet,Bracelet,train,1,positive,
DS1_IMG_000276__DS1_IMG_000278,DS1_IMG_000276,DS1_IMG_000278,IMG_3126_9944bde7,IMG_3126_9944bde7,0,0,Bracelet,Bracelet,train,1,positive,
DS1_IMG_000276__DS1_IMG_003946,DS1_IMG_000276,DS1_IMG_003946,IMG_3126_9944bde7,IMG_3467_d962189e,0,3,Bracelet,Pendant,train,0,negative,cross_category
DS1_IMG_000277__DS1_IMG_000278,DS1_IMG_000277,DS1_IMG_000278,IMG_3126_9944bde7,IMG_3126_9944bde7,0,0,Bracelet,Bracelet,train,1,positive,
DS1_IMG_000277__DS1_IMG_000838,DS1_IMG_000277,DS1_IMG_000838,IMG_3126_9944bde7,IMG_2498_776465de,0,1,Bracelet,Earrings,train,0,negative,cross_category
DS1_IMG_000277__DS1_IMG_001007,DS1_IMG_000277,DS1_IMG_001007,IMG_3126_9944bde7,earring_159,0,1,Bracelet,Earrings,train,0,negative,cross_category
DS1_IMG_000277__DS1_IMG_001071,DS1_IMG_000277,DS1_IMG_001071,IMG_3126_9944bde7,earring_210,0,1,Bracelet,Earrings,train,0,negative,cross_category
DS1_IMG_000277__DS1_IMG_001865,DS1_IMG_000277,DS1_IMG_001865,IMG_3126_9944bde7,IMG_0529_c0e7d577,0,2,Bracelet,Necklace,train,0,negative,cross_category
DS1_IMG_000277__DS1_IMG_003389,DS1_IMG_000277,DS1_IMG_003389,IMG_3126_9944bde7,necklace_135,0,2,Bracelet,Necklace,train,0,negative,cross_category
DS1_IMG_000278__DS1_IMG_003548,DS1_IMG_000278,DS1_IMG_003548,IMG_3126_9944bde7,necklace_20241125_122545_7c7f677f,0,2,Bracelet,Necklace,train,0,negative,cross_category
DS1_IMG_000278__DS1_IMG_003970,DS1_IMG_000278,DS1_IMG_003970,IMG_3126_9944bde7,necklace_20241125_122545_08081c1c,0,3,Bracelet,Pendant,train,0,negative,cross_category
DS1_IMG_000279__DS1_IMG_000280,DS1_IMG_000279,DS1_IMG_000280,IMG_3127_d048e342,IMG_3127_d048e342,0,0,Bracelet,Bracelet,train,1,positive,
DS1_IMG_000279__DS1_IMG_000281,DS1_IMG_000279,DS1_IMG_000281,IMG_3127_d048e342,IMG_3127_d048e342,0,0,Bracelet,Bracelet,train,1,positive,
DS1_IMG_000279__DS1_IMG_004083,DS1_IMG_000279,DS1_IMG_004083,IMG_3127_d048e342,ring_051,0,4,Bracelet,Ring,train,0,negative,cross_category
DS1_IMG_000280__DS1_IMG_000281,DS1_IMG_000280,DS1_IMG_000281,IMG_3127_d048e342,IMG_3127_d048e342,0,0,Bracelet,Bracelet,train,1,positive,
DS1_IMG_000280__DS1_IMG_000915,DS1_IMG_000280,DS1_IMG_000915,IMG_3127_d048e342,Turquoise-Bracelet-Sterling-Silver-Vintage-Bracelet-full-5-720-19-l-59-ea,0,1,Bracelet,Earrings,train,0,negative,cross_category
DS1_IMG_000280__DS1_IMG_001256,DS1_IMG_000280,DS1_IMG_001256,IMG_3127_d048e342,earring_391,0,1,Bracelet,Earrings,train,0,negative,cross_category
DS1_IMG_000280__DS1_IMG_002043,DS1_IMG_000280,DS1_IMG_002043,IMG_3127_d048e342,IMG_0618-Copy_204a414e,0,2,Bracelet,Necklace,train,0,negative,cross_category
DS1_IMG_000280__DS1_IMG_002354,DS1_IMG_000280,DS1_IMG_002354,IMG_3127_d048e342,IMG_1503_7c88ee1e,0,2,Bracelet,Necklace,train,0,negative,cross_category
DS1_IMG_000280__DS1_IMG_003680,DS1_IMG_000280,DS1_IMG_003680,IMG_3127_d048e342,IMG_0457_cb73a0c4,0,3,Bracelet,Pendant,train,0,negative,cross_category
DS1_IMG_000280__DS1_IMG_003776,DS1_IMG_000280,DS1_IMG_003776,IMG_3127_d048e342,IMG_1567_31c00736,0,3,Bracelet,Pendant,train,0,negative,cross_category
DS1_IMG_000280__DS1_IMG_004017,DS1_IMG_000280,DS1_IMG_004017,IMG_3127_d048e342,Screenshot_20181116-202757_1542453058358,0,4,Bracelet,Ring,train,0,negative,cross_category
DS1_IMG_000280__DS1_IMG_004252,DS1_IMG_000280,DS1_IMG_004252,IMG_3127_d048e342,ring_154,0,4,Bracelet,Ring,train,0,negative,cross_category
DS1_IMG_000281__DS1_IMG_000976,DS1_IMG_000281,DS1_IMG_000976,IMG_3127_d048e342,earring_139,0,1,Bracelet,Earrings,train,0,negative,cross_category
DS1_IMG_000281__DS1_IMG_001780,DS1_IMG_000281,DS1_IMG_001780,IMG_3127_d048e342,IMG_0471-1-_8fce9a01,0,2,Bracelet,Necklace,train,0,negative,cross_category
DS1_IMG_000282__DS1_IMG_000283,DS1_IMG_000282,DS1_IMG_000283,IMG_3132_77d5cd36,IMG_3132_77d5cd36,0,0,Bracelet,Bracelet,train,1,positive,
DS1_IMG_000282__DS1_IMG_000284,DS1_IMG_000282,DS1_IMG_000284,IMG_3132_77d5cd36,IMG_3132_77d5cd36,0,0,Bracelet,Bracelet,train,1,positive,
DS1_IMG_000282__DS1_IMG_001137,DS1_IMG_000282,DS1_IMG_001137,IMG_3132_77d5cd36,earring_272,0,1,Bracelet,Earrings,train,0,negative,cross_category
DS1_IMG_000282__DS1_IMG_001318,DS1_IMG_000282,DS1_IMG_001318,IMG_3132_77d5cd36,earring_45,0,1,Bracelet,Earrings,train,0,negative,cross_category
DS1_IMG_000283__DS1_IMG_000284,DS1_IMG_000283,DS1_IMG_000284,IMG_3132_77d5cd36,IMG_3132_77d5cd36,0,0,Bracelet,Bracelet,train,1,positive,
DS1_IMG_000284__DS1_IMG_001007,DS1_IMG_000284,DS1_IMG_001007,IMG_3132_77d5cd36,earring_159,0,1,Bracelet,Earrings,train,0,negative,cross_category
DS1_IMG_000284__DS1_IMG_002768,DS1_IMG_000284,DS1_IMG_002768,IMG_3132_77d5cd36,IMG_2305_f7da93de,0,2,Bracelet,Necklace,train,0,negative,cross_category
DS1_IMG_000284__DS1_IMG_003726,DS1_IMG_000284,DS1_IMG_003726,IMG_3132_77d5cd36,IMG_0842_54be0d37,0,3,Bracelet,Pendant,train,0,negative,cross_category
DS1_IMG_000284__DS1_IMG_004020,DS1_IMG_000284,DS1_IMG_004020,IMG_3132_77d5cd36,Screenshot_20181116-202810_1542452183994,0,4,Bracelet,Ring,train,0,negative,cross_category
DS1_IMG_000284__DS1_IMG_004271,DS1_IMG_000284,DS1_IMG_004271,IMG_3132_77d5cd36,ring_162,0,4,Bracelet,Ring,train,0,negative,cross_category
DS1_IMG_000285__DS1_IMG_000286,DS1_IMG_000285,DS1_IMG_000286,IMG_3136_e1214d2d,IMG_3136_e1214d2d,0,0,Bracelet,Bracelet,train,1,positive,
DS1_IMG_000285__DS1_IMG_000287,DS1_IMG_000285,DS1_IMG_000287,IMG_3136_e1214d2d,IMG_3136_e1214d2d,0,0,Bracelet,Bracelet,train,1,positive,
DS1_IMG_000285__DS1_IMG_002182,DS1_IMG_000285,DS1_IMG_002182,IMG_3136_e1214d2d,IMG_1357_a815d20f,0,2,Bracelet,Necklace,train,0,negative,cross_category
DS1_IMG_000285__DS1_IMG_004139,DS1_IMG_000285,DS1_IMG_004139,IMG_3136_e1214d2d,ring_084,0,4,Bracelet,Ring,train,0,negative,cross_category
DS1_IMG_000286__DS1_IMG_000287,DS1_IMG_000286,DS1_IMG_000287,IMG_3136_e1214d2d,IMG_3136_e1214d2d,0,0,Bracelet,Bracelet,train,1,positive,
DS1_IMG_000286__DS1_IMG_004135,DS1_IMG_000286,DS1_IMG_004135,IMG_3136_e1214d2d,ring_083,0,4,Bracelet,Ring,train,0,negative,cross_category
DS1_IMG_000286__DS1_IMG_004144,DS1_IMG_000286,DS1_IMG_004144,IMG_3136_e1214d2d,ring_086,0,4,Bracelet,Ring,train,0,negative,cross_category
DS1_IMG_000287__DS1_IMG_002065,DS1_IMG_000287,DS1_IMG_002065,IMG_3136_e1214d2d,IMG_0628_71c27f0b,0,2,Bracelet,Necklace,train,0,negative,cross_category
DS1_IMG_000287__DS1_IMG_003989,DS1_IMG_000287,DS1_IMG_003989,IMG_3136_e1214d2d,necklace_20241125_122545_6063e3a7,0,3,Bracelet,Pendant,train,0,negative,cross_category
DS1_IMG_000291__DS1_IMG_000292,DS1_IMG_000291,DS1_IMG_000292,IMG_3633_200c38e4,IMG_3633_200c38e4,0,0,Bracelet,Bracelet,train,1,positive,
DS1_IMG_000291__DS1_IMG_000293,DS1_IMG_000291,DS1_IMG_000293,IMG_3633_200c38e4,IMG_3633_200c38e4,0,0,Bracelet,Bracelet,train,1,positive,
DS1_IMG_000291__DS1_IMG_001256,DS1_IMG_000291,DS1_IMG_001256,IMG_3633_200c38e4,earring_391,0,1,Bracelet,Earrings,train,0,negative,cross_category
DS1_IMG_000291__DS1_IMG_004097,DS1_IMG_000291,DS1_IMG_004097,IMG_3633_200c38e4,ring_060,0,4,Bracelet,Ring,train,0,negative,cross_category
DS1_IMG_000292__DS1_IMG_000293,DS1_IMG_000292,DS1_IMG_000293,IMG_3633_200c38e4,IMG_3633_200c38e4,0,0,Bracelet,Bracelet,train,1,positive,
DS1_IMG_000292__DS1_IMG_000765,DS1_IMG_000292,DS1_IMG_000765,IMG_3633_200c38e4,ER10422PL-1_large,0,1,Bracelet,Earrings,train,0,negative,cross_category
DS1_IMG_000292__DS1_IMG_001428,DS1_IMG_000292,DS1_IMG_001428,IMG_3633_200c38e4,images-40-,0,1,Bracelet,Earrings,train,0,negative,cross_category
DS1_IMG_000293__DS1_IMG_002061,DS1_IMG_000293,DS1_IMG_002061,IMG_3633_200c38e4,IMG_0627-1-_97df84b3,0,2,Bracelet,Necklace,train,0,negative,cross_category
DS1_IMG_000294__DS1_IMG_000295,DS1_IMG_000294,DS1_IMG_000295,IMG_5992-Copy,IMG_5992-Copy,0,0,Bracelet,Bracelet,train,1,positive,
DS1_IMG_000294__DS1_IMG_002371,DS1_IMG_000294,DS1_IMG_002371,IMG_5992-Copy,IMG_1514_c34815b0,0,2,Bracelet,Necklace,train,0,negative,cross_category
DS1_IMG_000294__DS1_IMG_003698,DS1_IMG_000294,DS1_IMG_003698,IMG_5992-Copy,IMG_0669_957b4e82,0,3,Bracelet,Pendant,train,0,negative,cross_category
DS1_IMG_000294__DS1_IMG_003802,DS1_IMG_000294,DS1_IMG_003802,IMG_5992-Copy,IMG_2379_ad6a1bf5,0,3,Bracelet,Pendant,train,0,negative,cross_category
DS1_IMG_000294__DS1_IMG_003846,DS1_IMG_000294,DS1_IMG_003846,IMG_5992-Copy,IMG_2822_df249f8d,0,3,Bracelet,Pendant,train,0,negative,cross_category
DS1_IMG_000295__DS1_IMG_000866,DS1_IMG_000295,DS1_IMG_000866,IMG_5992-Copy,ROSC090818E14_1,0,1,Bracelet,Earrings,train,0,negative,cross_category
DS1_IMG_000295__DS1_IMG_002299,DS1_IMG_000295,DS1_IMG_002299,IMG_5992-Copy,IMG_1462_75d8e03c,0,2,Bracelet,Necklace,train,0,negative,cross_category
DS1_IMG_000296__DS1_IMG_000297,DS1_IMG_000296,DS1_IMG_000297,IMG_5993,IMG_5993,0,0,Bracelet,Bracelet,train,1,positive,
DS1_IMG_000296__DS1_IMG_000298,DS1_IMG_000296,DS1_IMG_000298,IMG_5993,IMG_5993,0,0,Bracelet,Bracelet,train,1,positive,
DS1_IMG_000296__DS1_IMG_000839,DS1_IMG_000296,DS1_IMG_000839,IMG_5993,IMG_2498_776465de,0,1,Bracelet,Earrings,train,0,negative,cross_category
DS1_IMG_000296__DS1_IMG_001160,DS1_IMG_000296,DS1_IMG_001160,IMG_5993,earring_292,0,1,Bracelet,Earrings,train,0,negative,cross_category
DS1_IMG_000296__DS1_IMG_003478,DS1_IMG_000296,DS1_IMG_003478,IMG_5993,necklace_20241125_122545_0e0f0e0e,0,2,Bracelet,Necklace,train,0,negative,cross_category
DS1_IMG_000296__DS1_IMG_004312,DS1_IMG_000296,DS1_IMG_004312,IMG_5993,ring_185,0,4,Bracelet,Ring,train,0,negative,cross_category
DS1_IMG_000297__DS1_IMG_000298,DS1_IMG_000297,DS1_IMG_000298,IMG_5993,IMG_5993,0,0,Bracelet,Bracelet,train,1,positive,
DS1_IMG_000297__DS1_IMG_004164,DS1_IMG_000297,DS1_IMG_004164,IMG_5993,ring_095,0,4,Bracelet,Ring,train,0,negative,cross_category
DS1_IMG_000308__DS1_IMG_000309,DS1_IMG_000308,DS1_IMG_000309,Silver_Turquoise_Arts_Crafts_Bracelet_6_1024x1024,Silver_Turquoise_Arts_Crafts_Bracelet_6_1024x1024,0,0,Bracelet,Bracelet,train,1,positive,
DS1_IMG_000308__DS1_IMG_000310,DS1_IMG_000308,DS1_IMG_000310,Silver_Turquoise_Arts_Crafts_Bracelet_6_1024x1024,Silver_Turquoise_Arts_Crafts_Bracelet_6_1024x1024,0,0,Bracelet,Bracelet,train,1,positive,
DS1_IMG_000308__DS1_IMG_001254,DS1_IMG_000308,DS1_IMG_001254,Silver_Turquoise_Arts_Crafts_Bracelet_6_1024x1024,earring_382,0,1,Bracelet,Earrings,train,0,negative,cross_category
DS1_IMG_000308__DS1_IMG_004037,DS1_IMG_000308,DS1_IMG_004037,Silver_Turquoise_Arts_Crafts_Bracelet_6_1024x1024,Screenshot_20181116-203818_1542449673275,0,4,Bracelet,Ring,train,0,negative,cross_category
DS1_IMG_000309__DS1_IMG_000310,DS1_IMG_000309,DS1_IMG_000310,Silver_Turquoise_Arts_Crafts_Bracelet_6_1024x1024,Silver_Turquoise_Arts_Crafts_Bracelet_6_1024x1024,0,0,Bracelet,Bracelet,train,1,positive,
DS1_IMG_000309__DS1_IMG_002875,DS1_IMG_000309,DS1_IMG_002875,Silver_Turquoise_Arts_Crafts_Bracelet_6_1024x1024,IMG_2425_bef80101,0,2,Bracelet,Necklace,train,0,negative,cross_category
DS1_IMG_000309__DS1_IMG_003784,DS1_IMG_000309,DS1_IMG_003784,Silver_Turquoise_Arts_Crafts_Bracelet_6_1024x1024,IMG_2181_9f77e4aa,0,3,Bracelet,Pendant,train,0,negative,cross_category
DS1_IMG_000309__DS1_IMG_003789,DS1_IMG_000309,DS1_IMG_003789,Silver_Turquoise_Arts_Crafts_Bracelet_6_1024x1024,IMG_2269_56abfe73,0,3,Bracelet,Pendant,train,0,negative,cross_category
DS1_IMG_000309__DS1_IMG_003811,DS1_IMG_000309,DS1_IMG_003811,Silver_Turquoise_Arts_Crafts_Bracelet_6_1024x1024,IMG_2456_13fd8ff6,0,3,Bracelet,Pendant,train,0,negative,cross_category
DS1_IMG_000310__DS1_IMG_001143,DS1_IMG_000310,DS1_IMG_001143,Silver_Turquoise_Arts_Crafts_Bracelet_6_1024x1024,earring_275,0,1,Bracelet,Earrings,train,0,negative,cross_category
DS1_IMG_000310__DS1_IMG_003742,DS1_IMG_000310,DS1_IMG_003742,Silver_Turquoise_Arts_Crafts_Bracelet_6_1024x1024,IMG_0862_36a7b364,0,3,Bracelet,Pendant,train,0,negative,cross_category
DS1_IMG_000310__DS1_IMG_003784,DS1_IMG_000310,DS1_IMG_003784,Silver_Turquoise_Arts_Crafts_Bracelet_6_1024x1024,IMG_2181_9f77e4aa,0,3,Bracelet,Pendant,train,0,negative,cross_category
DS1_IMG_000310__DS1_IMG_004070,DS1_IMG_000310,DS1_IMG_004070,Silver_Turquoise_Arts_Crafts_Bracelet_6_1024x1024,ring_046,0,4,Bracelet,Ring,train,0,negative,cross_category
DS1_IMG_000311__DS1_IMG_000312,DS1_IMG_000311,DS1_IMG_000312,bracelet_002,bracelet_002,0,0,Bracelet,Bracelet,train,1,positive,
DS1_IMG_000311__DS1_IMG_000313,DS1_IMG_000311,DS1_IMG_000313,bracelet_002,bracelet_002,0,0,Bracelet,Bracelet,train,1,positive,
DS1_IMG_000312__DS1_IMG_000313,DS1_IMG_000312,DS1_IMG_000313,bracelet_002,bracelet_002,0,0,Bracelet,Bracelet,train,1,positive,
DS1_IMG_000312__DS1_IMG_001332,DS1_IMG_000312,DS1_IMG_001332,bracelet_002,earring_475,0,1,Bracelet,Earrings,train,0,negative,cross_category
DS1_IMG_000312__DS1_IMG_002087,DS1_IMG_000312,DS1_IMG_002087,bracelet_002,IMG_0943_839d50ba,0,2,Bracelet,Necklace,train,0,negative,cross_category
DS1_IMG_000312__DS1_IMG_002125,DS1_IMG_000312,DS1_IMG_002125,bracelet_002,IMG_1323_89d043bd,0,2,Bracelet,Necklace,train,0,negative,cross_category
DS1_IMG_000312__DS1_IMG_003608,DS1_IMG_000312,DS1_IMG_003608,bracelet_002,necklace_20241125_122545_c1c3c3c3,0,2,Bracelet,Necklace,train,0,negative,cross_category
DS1_IMG_000312__DS1_IMG_003916,DS1_IMG_000312,DS1_IMG_003916,bracelet_002,IMG_2913_9f1d6820,0,3,Bracelet,Pendant,train,0,negative,cross_category
DS1_IMG_000312__DS1_IMG_003955,DS1_IMG_000312,DS1_IMG_003955,bracelet_002,IMG_3515_3ed94d29,0,3,Bracelet,Pendant,train,0,negative,cross_category
DS1_IMG_000312__DS1_IMG_003987,DS1_IMG_000312,DS1_IMG_003987,bracelet_002,necklace_20241125_122545_586d69f7,0,3,Bracelet,Pendant,train,0,negative,cross_category
DS1_IMG_000312__DS1_IMG_004157,DS1_IMG_000312,DS1_IMG_004157,bracelet_002,ring_092,0,4,Bracelet,Ring,train,0,negative,cross_category
DS1_IMG_000313__DS1_IMG_002605,DS1_IMG_000313,DS1_IMG_002605,bracelet_002,IMG_2185_5d50bf33,0,2,Bracelet,Necklace,train,0,negative,cross_category
DS1_IMG_000313__DS1_IMG_002638,DS1_IMG_000313,DS1_IMG_002638,bracelet_002,IMG_2209_2b5dc9a9,0,2,Bracelet,Necklace,train,0,negative,cross_category
DS1_IMG_000313__DS1_IMG_003809,DS1_IMG_000313,DS1_IMG_003809,bracelet_002,IMG_2456_13fd8ff6,0,3,Bracelet,Pendant,train,0,negative,cross_category
DS1_IMG_000313__DS1_IMG_003916,DS1_IMG_000313,DS1_IMG_003916,bracelet_002,IMG_2913_9f1d6820,0,3,Bracelet,Pendant,train,0,negative,cross_category
DS1_IMG_000317__DS1_IMG_000318,DS1_IMG_000317,DS1_IMG_000318,bracelet_009,bracelet_009,0,0,Bracelet,Bracelet,train,1,positive,
DS1_IMG_000317__DS1_IMG_000319,DS1_IMG_000317,DS1_IMG_000319,bracelet_009,bracelet_009,0,0,Bracelet,Bracelet,train,1,positive,
DS1_IMG_000317__DS1_IMG_003844,DS1_IMG_000317,DS1_IMG_003844,bracelet_009,IMG_2821_d4955818,0,3,Bracelet,Pendant,train,0,negative,cross_category
DS1_IMG_000317__DS1_IMG_003976,DS1_IMG_000317,DS1_IMG_003976,bracelet_009,necklace_20241125_122545_20212176,0,3,Bracelet,Pendant,train,0,negative,cross_category
DS1_IMG_000317__DS1_IMG_004060,DS1_IMG_000317,DS1_IMG_004060,bracelet_009,Screenshot_20181116-204603_1542447556990,0,4,Bracelet,Ring,train,0,negative,cross_category
DS1_IMG_000317__DS1_IMG_004128,DS1_IMG_000317,DS1_IMG_004128,bracelet_009,ring_080,0,4,Bracelet,Ring,train,0,negative,cross_category
DS1_IMG_000318__DS1_IMG_000319,DS1_IMG_000318,DS1_IMG_000319,bracelet_009,bracelet_009,0,0,Bracelet,Bracelet,train,1,positive,
DS1_IMG_000319__DS1_IMG_001025,DS1_IMG_000319,DS1_IMG_001025,bracelet_009,earring_174,0,1,Bracelet,Earrings,train,0,negative,cross_category
DS1_IMG_000319__DS1_IMG_003883,DS1_IMG_000319,DS1_IMG_003883,bracelet_009,IMG_2870_451f1def,0,3,Bracelet,Pendant,train,0,negative,cross_category
DS1_IMG_000319__DS1_IMG_004015,DS1_IMG_000319,DS1_IMG_004015,bracelet_009,Screenshot_20181116-202757_1542453058358,0,4,Bracelet,Ring,train,0,negative,cross_category
DS1_IMG_000319__DS1_IMG_004214,DS1_IMG_000319,DS1_IMG_004214,bracelet_009,ring_124,0,4,Bracelet,Ring,train,0,negative,cross_category
DS1_IMG_000319__DS1_IMG_004327,DS1_IMG_000319,DS1_IMG_004327,bracelet_009,wedding-rings-jewellery-png-31,0,4,Bracelet,Ring,train,0,negative,cross_category
DS1_IMG_000320__DS1_IMG_000321,DS1_IMG_000320,DS1_IMG_000321,bracelet_012,bracelet_012,0,0,Bracelet,Bracelet,train,1,positive,
DS1_IMG_000320__DS1_IMG_000322,DS1_IMG_000320,DS1_IMG_000322,bracelet_012,bracelet_012,0,0,Bracelet,Bracelet,train,1,positive,
DS1_IMG_000320__DS1_IMG_001490,DS1_IMG_000320,DS1_IMG_001490,bracelet_012,necklace_20241125_122545_0000c0fc,0,1,Bracelet,Earrings,train,0,negative,cross_category
DS1_IMG_000320__DS1_IMG_001771,DS1_IMG_000320,DS1_IMG_001771,bracelet_012,IMG_0456_143d0eba,0,2,Bracelet,Necklace,train,0,negative,cross_category
DS1_IMG_000320__DS1_IMG_003372,DS1_IMG_000320,DS1_IMG_003372,bracelet_012,necklace_102,0,2,Bracelet,Necklace,train,0,negative,cross_category
DS1_IMG_000320__DS1_IMG_003929,DS1_IMG_000320,DS1_IMG_003929,bracelet_012,IMG_2931_6b15625f,0,3,Bracelet,Pendant,train,0,negative,cross_category
DS1_IMG_000320__DS1_IMG_004027,DS1_IMG_000320,DS1_IMG_004027,bracelet_012,Screenshot_20181116-203109_1542449890237,0,4,Bracelet,Ring,train,0,negative,cross_category
DS1_IMG_000320__DS1_IMG_004299,DS1_IMG_000320,DS1_IMG_004299,bracelet_012,ring_180,0,4,Bracelet,Ring,train,0,negative,cross_category
DS1_IMG_000321__DS1_IMG_000322,DS1_IMG_000321,DS1_IMG_000322,bracelet_012,bracelet_012,0,0,Bracelet,Bracelet,train,1,positive,
DS1_IMG_000321__DS1_IMG_002559,DS1_IMG_000321,DS1_IMG_002559,bracelet_012,IMG_1863_8494810c,0,2,Bracelet,Necklace,train,0,negative,cross_category
DS1_IMG_000321__DS1_IMG_003843,DS1_IMG_000321,DS1_IMG_003843,bracelet_012,IMG_2821_d4955818,0,3,Bracelet,Pendant,train,0,negative,cross_category
DS1_IMG_000323__DS1_IMG_000324,DS1_IMG_000323,DS1_IMG_000324,bracelet_013,bracelet_013,0,0,Bracelet,Bracelet,train,1,positive,
DS1_IMG_000323__DS1_IMG_000325,DS1_IMG_000323,DS1_IMG_000325,bracelet_013,bracelet_013,0,0,Bracelet,Bracelet,train,1,positive,
DS1_IMG_000323__DS1_IMG_001407,DS1_IMG_000323,DS1_IMG_001407,bracelet_013,images-30-,0,1,Bracelet,Earrings,train,0,negative,cross_category
DS1_IMG_000323__DS1_IMG_003779,DS1_IMG_000323,DS1_IMG_003779,bracelet_013,IMG_1568_07ccbeb1,0,3,Bracelet,Pendant,train,0,negative,cross_category
DS1_IMG_000324__DS1_IMG_000325,DS1_IMG_000324,DS1_IMG_000325,bracelet_013,bracelet_013,0,0,Bracelet,Bracelet,train,1,positive,
DS1_IMG_000324__DS1_IMG_003553,DS1_IMG_000324,DS1_IMG_003553,bracelet_013,necklace_20241125_122545_7c7f7f07,0,2,Bracelet,Necklace,train,0,negative,cross_category
DS1_IMG_000324__DS1_IMG_003665,DS1_IMG_000324,DS1_IMG_003665,bracelet_013,IMG_0255_bd4ecf03,0,3,Bracelet,Pendant,train,0,negative,cross_category
DS1_IMG_000324__DS1_IMG_003812,DS1_IMG_000324,DS1_IMG_003812,bracelet_013,IMG_2457_895e154f,0,3,Bracelet,Pendant,train,0,negative,cross_category
DS1_IMG_000324__DS1_IMG_004090,DS1_IMG_000324,DS1_IMG_004090,bracelet_013,ring_057,0,4,Bracelet,Ring,train,0,negative,cross_category
DS1_IMG_000325__DS1_IMG_000957,DS1_IMG_000325,DS1_IMG_000957,bracelet_013,earring_122,0,1,Bracelet,Earrings,train,0,negative,cross_category
DS1_IMG_000325__DS1_IMG_001358,DS1_IMG_000325,DS1_IMG_001358,bracelet_013,earring_72,0,1,Bracelet,Earrings,train,0,negative,cross_category
DS1_IMG_000326__DS1_IMG_000327,DS1_IMG_000326,DS1_IMG_000327,bracelet_016,bracelet_016,0,0,Bracelet,Bracelet,train,1,positive,
DS1_IMG_000326__DS1_IMG_000328,DS1_IMG_000326,DS1_IMG_000328,bracelet_016,bracelet_016,0,0,Bracelet,Bracelet,train,1,positive,
DS1_IMG_000326__DS1_IMG_004304,DS1_IMG_000326,DS1_IMG_004304,bracelet_016,ring_181,0,4,Bracelet,Ring,train,0,negative,cross_category
DS1_IMG_000327__DS1_IMG_000328,DS1_IMG_000327,DS1_IMG_000328,bracelet_016,bracelet_016,0,0,Bracelet,Bracelet,train,1,positive,
DS1_IMG_000327__DS1_IMG_001068,DS1_IMG_000327,DS1_IMG_001068,bracelet_016,earring_205,0,1,Bracelet,Earrings,train,0,negative,cross_category
DS1_IMG_000327__DS1_IMG_003995,DS1_IMG_000327,DS1_IMG_003995,bracelet_016,necklace_20241125_122545_94000018,0,3,Bracelet,Pendant,train,0,negative,cross_category
DS1_IMG_000328__DS1_IMG_001071,DS1_IMG_000328,DS1_IMG_001071,bracelet_016,earring_210,0,1,Bracelet,Earrings,train,0,negative,cross_category
DS1_IMG_000328__DS1_IMG_003723,DS1_IMG_000328,DS1_IMG_003723,bracelet_016,IMG_0841_55d04e95,0,3,Bracelet,Pendant,train,0,negative,cross_category
DS1_IMG_000328__DS1_IMG_003983,DS1_IMG_000328,DS1_IMG_003983,bracelet_016,necklace_20241125_122545_3efef2e3,0,3,Bracelet,Pendant,train,0,negative,cross_category
DS1_IMG_000329__DS1_IMG_000330,DS1_IMG_000329,DS1_IMG_000330,bracelet_018,bracelet_018,0,0,Bracelet,Bracelet,train,1,positive,
DS1_IMG_000329__DS1_IMG_000331,DS1_IMG_000329,DS1_IMG_000331,bracelet_018,bracelet_018,0,0,Bracelet,Bracelet,train,1,positive,
DS1_IMG_000329__DS1_IMG_003874,DS1_IMG_000329,DS1_IMG_003874,bracelet_018,IMG_2856_b3d7e108,0,3,Bracelet,Pendant,train,0,negative,cross_category
DS1_IMG_000329__DS1_IMG_004191,DS1_IMG_000329,DS1_IMG_004191,bracelet_018,ring_112,0,4,Bracelet,Ring,train,0,negative,cross_category
DS1_IMG_000330__DS1_IMG_000331,DS1_IMG_000330,DS1_IMG_000331,bracelet_018,bracelet_018,0,0,Bracelet,Bracelet,train,1,positive,
DS1_IMG_000330__DS1_IMG_002686,DS1_IMG_000330,DS1_IMG_002686,bracelet_018,IMG_2236_87c45f0e,0,2,Bracelet,Necklace,train,0,negative,cross_category
DS1_IMG_000331__DS1_IMG_001833,DS1_IMG_000331,DS1_IMG_001833,bracelet_018,IMG_0517-1-_b36d44c9,0,2,Bracelet,Necklace,train,0,negative,cross_category
DS1_IMG_000331__DS1_IMG_003872,DS1_IMG_000331,DS1_IMG_003872,bracelet_018,IMG_2856_b3d7e108,0,3,Bracelet,Pendant,train,0,negative,cross_category
DS1_IMG_000331__DS1_IMG_004272,DS1_IMG_000331,DS1_IMG_004272,bracelet_018,ring_162,0,4,Bracelet,Ring,train,0,negative,cross_category
DS1_IMG_000332__DS1_IMG_000333,DS1_IMG_000332,DS1_IMG_000333,bracelet_019,bracelet_019,0,0,Bracelet,Bracelet,train,1,positive,
DS1_IMG_000332__DS1_IMG_001171,DS1_IMG_000332,DS1_IMG_001171,bracelet_019,earring_301,0,1,Bracelet,Earrings,train,0,negative,cross_category
DS1_IMG_000332__DS1_IMG_001257,DS1_IMG_000332,DS1_IMG_001257,bracelet_019,earring_391,0,1,Bracelet,Earrings,train,0,negative,cross_category
DS1_IMG_000332__DS1_IMG_003799,DS1_IMG_000332,DS1_IMG_003799,bracelet_019,IMG_2371_c0acc0f4,0,3,Bracelet,Pendant,train,0,negative,cross_category
DS1_IMG_000332__DS1_IMG_004216,DS1_IMG_000332,DS1_IMG_004216,bracelet_019,ring_124,0,4,Bracelet,Ring,train,0,negative,cross_category
DS1_IMG_000333__DS1_IMG_001495,DS1_IMG_000333,DS1_IMG_001495,bracelet_019,necklace_20241125_122545_0060089f,0,1,Bracelet,Earrings,train,0,negative,cross_category
DS1_IMG_000333__DS1_IMG_003885,DS1_IMG_000333,DS1_IMG_003885,bracelet_019,IMG_2871_08b05150,0,3,Bracelet,Pendant,train,0,negative,cross_category
DS1_IMG_000334__DS1_IMG_000945,DS1_IMG_000334,DS1_IMG_000945,bracelet_020,earring_115,0,1,Bracelet,Earrings,train,0,negative,cross_category
DS1_IMG_000334__DS1_IMG_003984,DS1_IMG_000334,DS1_IMG_003984,bracelet_020,necklace_20241125_122545_3efef2e3,0,3,Bracelet,Pendant,train,0,negative,cross_category
DS1_IMG_000335__DS1_IMG_000336,DS1_IMG_000335,DS1_IMG_000336,bracelet_023,bracelet_023,0,0,Bracelet,Bracelet,train,1,positive,
DS1_IMG_000335__DS1_IMG_000337,DS1_IMG_000335,DS1_IMG_000337,bracelet_023,bracelet_023,0,0,Bracelet,Bracelet,train,1,positive,
DS1_IMG_000335__DS1_IMG_002493,DS1_IMG_000335,DS1_IMG_002493,bracelet_023,IMG_1634_9ee1ed82,0,2,Bracelet,Necklace,train,0,negative,cross_category
DS1_IMG_000335__DS1_IMG_003673,DS1_IMG_000335,DS1_IMG_003673,bracelet_023,IMG_0391_13077dff,0,3,Bracelet,Pendant,train,0,negative,cross_category
DS1_IMG_000335__DS1_IMG_003817,DS1_IMG_000335,DS1_IMG_003817,bracelet_023,IMG_2506_cab336a0,0,3,Bracelet,Pendant,train,0,negative,cross_category
DS1_IMG_000335__DS1_IMG_003940,DS1_IMG_000335,DS1_IMG_003940,bracelet_023,IMG_2937_71e488de,0,3,Bracelet,Pendant,train,0,negative,cross_category
DS1_IMG_000336__DS1_IMG_000337,DS1_IMG_000336,DS1_IMG_000337,bracelet_023,bracelet_023,0,0,Bracelet,Bracelet,train,1,positive,
DS1_IMG_000336__DS1_IMG_002937,DS1_IMG_000336,DS1_IMG_002937,bracelet_023,IMG_2848_b8589f1e,0,2,Bracelet,Necklace,train,0,negative,cross_category
DS1_IMG_000336__DS1_IMG_003725,DS1_IMG_000336,DS1_IMG_003725,bracelet_023,IMG_0842_54be0d37,0,3,Bracelet,Pendant,train,0,negative,cross_category
DS1_IMG_000336__DS1_IMG_004216,DS1_IMG_000336,DS1_IMG_004216,bracelet_023,ring_124,0,4,Bracelet,Ring,train,0,negative,cross_category
DS1_IMG_000337__DS1_IMG_004088,DS1_IMG_000337,DS1_IMG_004088,bracelet_023,ring_055,0,4,Bracelet,Ring,train,0,negative,cross_category
DS1_IMG_000337__DS1_IMG_004255,DS1_IMG_000337,DS1_IMG_004255,bracelet_023,ring_155,0,4,Bracelet,Ring,train,0,negative,cross_category
DS1_IMG_000338__DS1_IMG_001502,DS1_IMG_000338,DS1_IMG_001502,bracelet_024,new-tassel-turquiose-silk-thread-earrings-fringe-with-resin-stone_553269_1534919450_1_600x600,0,1,Bracelet,Earrings,train,0,negative,cross_category
DS1_IMG_000338__DS1_IMG_002079,DS1_IMG_000338,DS1_IMG_002079,bracelet_024,IMG_0934_527e6c46,0,2,Bracelet,Necklace,train,0,negative,cross_category
DS1_IMG_000338__DS1_IMG_002094,DS1_IMG_000338,DS1_IMG_002094,bracelet_024,IMG_1299_18b800ce,0,2,Bracelet,Necklace,train,0,negative,cross_category
DS1_IMG_000338__DS1_IMG_003805,DS1_IMG_000338,DS1_IMG_003805,bracelet_024,IMG_2426_f8412daf,0,3,Bracelet,Pendant,train,0,negative,cross_category
DS1_IMG_000338__DS1_IMG_004021,DS1_IMG_000338,DS1_IMG_004021,bracelet_024,Screenshot_20181116-202936_1542450027786,0,4,Bracelet,Ring,train,0,negative,cross_category
DS1_IMG_000339__DS1_IMG_000340,DS1_IMG_000339,DS1_IMG_000340,bracelet_029,bracelet_029,0,0,Bracelet,Bracelet,train,1,positive,
DS1_IMG_000339__DS1_IMG_000341,DS1_IMG_000339,DS1_IMG_000341,bracelet_029,bracelet_029,0,0,Bracelet,Bracelet,train,1,positive,
DS1_IMG_000339__DS1_IMG_001007,DS1_IMG_000339,DS1_IMG_001007,bracelet_029,earring_159,0,1,Bracelet,Earrings,train,0,negative,cross_category
DS1_IMG_000339__DS1_IMG_003886,DS1_IMG_000339,DS1_IMG_003886,bracelet_029,IMG_2871_08b05150,0,3,Bracelet,Pendant,train,0,negative,cross_category
DS1_IMG_000339__DS1_IMG_004020,DS1_IMG_000339,DS1_IMG_004020,bracelet_029,Screenshot_20181116-202810_1542452183994,0,4,Bracelet,Ring,train,0,negative,cross_category
DS1_IMG_000340__DS1_IMG_000341,DS1_IMG_000340,DS1_IMG_000341,bracelet_029,bracelet_029,0,0,Bracelet,Bracelet,train,1,positive,
DS1_IMG_000341__DS1_IMG_003981,DS1_IMG_000341,DS1_IMG_003981,bracelet_029,necklace_20241125_122545_3ef84081,0,3,Bracelet,Pendant,train,0,negative,cross_category
DS1_IMG_000342__DS1_IMG_000343,DS1_IMG_000342,DS1_IMG_000343,bracelet_030,bracelet_030,0,0,Bracelet,Bracelet,train,1,positive,
DS1_IMG_000342__DS1_IMG_002533,DS1_IMG_000342,DS1_IMG_002533,bracelet_030,IMG_1850_77cd24da,0,2,Bracelet,Necklace,train,0,negative,cross_category
DS1_IMG_000342__DS1_IMG_003139,DS1_IMG_000342,DS1_IMG_003139,bracelet_030,IMG_3490_b500c066,0,2,Bracelet,Necklace,train,0,negative,cross_category
DS1_IMG_000342__DS1_IMG_004173,DS1_IMG_000342,DS1_IMG_004173,bracelet_030,ring_099,0,4,Bracelet,Ring,train,0,negative,cross_category
DS1_IMG_000347__DS1_IMG_000348,DS1_IMG_000347,DS1_IMG_000348,bracelet_032,bracelet_032,0,0,Bracelet,Bracelet,train,1,positive,
DS1_IMG_000347__DS1_IMG_000349,DS1_IMG_000347,DS1_IMG_000349,bracelet_032,bracelet_032,0,0,Bracelet,Bracelet,train,1,positive,
DS1_IMG_000347__DS1_IMG_001249,DS1_IMG_000347,DS1_IMG_001249,bracelet_032,earring_380,0,1,Bracelet,Earrings,train,0,negative,cross_category
DS1_IMG_000347__DS1_IMG_002341,DS1_IMG_000347,DS1_IMG_002341,bracelet_032,IMG_1497_29f8159d,0,2,Bracelet,Necklace,train,0,negative,cross_category
DS1_IMG_000347__DS1_IMG_002780,DS1_IMG_000347,DS1_IMG_002780,bracelet_032,IMG_2313_a8c8f877,0,2,Bracelet,Necklace,train,0,negative,cross_category
DS1_IMG_000348__DS1_IMG_000349,DS1_IMG_000348,DS1_IMG_000349,bracelet_032,bracelet_032,0,0,Bracelet,Bracelet,train,1,positive,
DS1_IMG_000349__DS1_IMG_000780,DS1_IMG_000349,DS1_IMG_000780,bracelet_032,IMG_0677_d0b99f2e,0,1,Bracelet,Earrings,train,0,negative,cross_category
DS1_IMG_000349__DS1_IMG_001503,DS1_IMG_000349,DS1_IMG_001503,bracelet_032,new-tassel-turquiose-silk-thread-earrings-fringe-with-resin-stone_553269_1534919450_1_600x600,0,1,Bracelet,Earrings,train,0,negative,cross_category
DS1_IMG_000349__DS1_IMG_004267,DS1_IMG_000349,DS1_IMG_004267,bracelet_032,ring_159,0,4,Bracelet,Ring,train,0,negative,cross_category
DS1_IMG_000350__DS1_IMG_000351,DS1_IMG_000350,DS1_IMG_000351,bracelet_033,bracelet_033,0,0,Bracelet,Bracelet,train,1,positive,
DS1_IMG_000350__DS1_IMG_000352,DS1_IMG_000350,DS1_IMG_000352,bracelet_033,bracelet_033,0,0,Bracelet,Bracelet,train,1,positive,
DS1_IMG_000350__DS1_IMG_001176,DS1_IMG_000350,DS1_IMG_001176,bracelet_033,earring_308,0,1,Bracelet,Earrings,train,0,negative,cross_category
DS1_IMG_000350__DS1_IMG_002598,DS1_IMG_000350,DS1_IMG_002598,bracelet_033,IMG_2147_98ed9476,0,2,Bracelet,Necklace,train,0,negative,cross_category
DS1_IMG_000350__DS1_IMG_003375,DS1_IMG_000350,DS1_IMG_003375,bracelet_033,necklace_122,0,2,Bracelet,Necklace,train,0,negative,cross_category
DS1_IMG_000351__DS1_IMG_000352,DS1_IMG_000351,DS1_IMG_000352,bracelet_033,bracelet_033,0,0,Bracelet,Bracelet,train,1,positive,
DS1_IMG_000351__DS1_IMG_004260,DS1_IMG_000351,DS1_IMG_004260,bracelet_033,ring_156,0,4,Bracelet,Ring,train,0,negative,cross_category
DS1_IMG_000352__DS1_IMG_003968,DS1_IMG_000352,DS1_IMG_003968,bracelet_033,necklace_20241125_122545_08081c1c,0,3,Bracelet,Pendant,train,0,negative,cross_category
DS1_IMG_000356__DS1_IMG_000357,DS1_IMG_000356,DS1_IMG_000357,bracelet_036,bracelet_036,0,0,Bracelet,Bracelet,train,1,positive,
DS1_IMG_000356__DS1_IMG_000358,DS1_IMG_000356,DS1_IMG_000358,bracelet_036,bracelet_036,0,0,Bracelet,Bracelet,train,1,positive,
DS1_IMG_000356__DS1_IMG_001465,DS1_IMG_000356,DS1_IMG_001465,bracelet_036,images-8-,0,1,Bracelet,Earrings,train,0,negative,cross_category
DS1_IMG_000356__DS1_IMG_001970,DS1_IMG_000356,DS1_IMG_001970,bracelet_036,IMG_0583-Copy_d1d61f9e,0,2,Bracelet,Necklace,train,0,negative,cross_category
DS1_IMG_000356__DS1_IMG_003611,DS1_IMG_000356,DS1_IMG_003611,bracelet_036,necklace_57,0,2,Bracelet,Necklace,train,0,negative,cross_category
DS1_IMG_000356__DS1_IMG_003784,DS1_IMG_000356,DS1_IMG_003784,bracelet_036,IMG_2181_9f77e4aa,0,3,Bracelet,Pendant,train,0,negative,cross_category
DS1_IMG_000357__DS1_IMG_000358,DS1_IMG_000357,DS1_IMG_000358,bracelet_036,bracelet_036,0,0,Bracelet,Bracelet,train,1,positive,
DS1_IMG_000357__DS1_IMG_001105,DS1_IMG_000357,DS1_IMG_001105,bracelet_036,earring_23,0,1,Bracelet,Earrings,train,0,negative,cross_category
DS1_IMG_000357__DS1_IMG_002110,DS1_IMG_000357,DS1_IMG_002110,bracelet_036,IMG_1318_c39bdc55,0,2,Bracelet,Necklace,train,0,negative,cross_category
DS1_IMG_000357__DS1_IMG_002355,DS1_IMG_000357,DS1_IMG_002355,bracelet_036,IMG_1503_7c88ee1e,0,2,Bracelet,Necklace,train,0,negative,cross_category
DS1_IMG_000357__DS1_IMG_002492,DS1_IMG_000357,DS1_IMG_002492,bracelet_036,IMG_1634_9ee1ed82,0,2,Bracelet,Necklace,train,0,negative,cross_category
DS1_IMG_000357__DS1_IMG_004057,DS1_IMG_000357,DS1_IMG_004057,bracelet_036,Screenshot_20181116-204417_1542449390654,0,4,Bracelet,Ring,train,0,negative,cross_category
DS1_IMG_000358__DS1_IMG_001370,DS1_IMG_000358,DS1_IMG_001370,bracelet_036,earring_7,0,1,Bracelet,Earrings,train,0,negative,cross_category
DS1_IMG_000358__DS1_IMG_003173,DS1_IMG_000358,DS1_IMG_003173,bracelet_036,IMG_3514_31829c59,0,2,Bracelet,Necklace,train,0,negative,cross_category
DS1_IMG_000358__DS1_IMG_003779,DS1_IMG_000358,DS1_IMG_003779,bracelet_036,IMG_1568_07ccbeb1,0,3,Bracelet,Pendant,train,0,negative,cross_category
DS1_IMG_000358__DS1_IMG_004087,DS1_IMG_000358,DS1_IMG_004087,bracelet_036,ring_055,0,4,Bracelet,Ring,train,0,negative,cross_category
DS1_IMG_000359__DS1_IMG_000360,DS1_IMG_000359,DS1_IMG_000360,bracelet_037,bracelet_037,0,0,Bracelet,Bracelet,train,1,positive,
DS1_IMG_000359__DS1_IMG_003719,DS1_IMG_000359,DS1_IMG_003719,bracelet_037,IMG_0811_ccf24bcc,0,3,Bracelet,Pendant,train,0,negative,cross_category
DS1_IMG_000360__DS1_IMG_001130,DS1_IMG_000360,DS1_IMG_001130,bracelet_037,earring_267,0,1,Bracelet,Earrings,train,0,negative,cross_category
DS1_IMG_000360__DS1_IMG_001466,DS1_IMG_000360,DS1_IMG_001466,bracelet_037,images-80-,0,1,Bracelet,Earrings,train,0,negative,cross_category
DS1_IMG_000360__DS1_IMG_002498,DS1_IMG_000360,DS1_IMG_002498,bracelet_037,IMG_1639_3633c2cb,0,2,Bracelet,Necklace,train,0,negative,cross_category
DS1_IMG_000361__DS1_IMG_000362,DS1_IMG_000361,DS1_IMG_000362,bracelet_038,bracelet_038,0,0,Bracelet,Bracelet,train,1,positive,
DS1_IMG_000361__DS1_IMG_001228,DS1_IMG_000361,DS1_IMG_001228,bracelet_038,earring_359,0,1,Bracelet,Earrings,train,0,negative,cross_category
DS1_IMG_000361__DS1_IMG_003914,DS1_IMG_000361,DS1_IMG_003914,bracelet_038,IMG_2913_9f1d6820,0,3,Bracelet,Pendant,train,0,negative,cross_category
DS1_IMG_000361__DS1_IMG_003931,DS1_IMG_000361,DS1_IMG_003931,bracelet_038,IMG_2931_6b15625f,0,3,Bracelet,Pendant,train,0,negative,cross_category
DS1_IMG_000361__DS1_IMG_003975,DS1_IMG_000361,DS1_IMG_003975,bracelet_038,necklace_20241125_122545_20212176,0,3,Bracelet,Pendant,train,0,negative,cross_category
DS1_IMG_000361__DS1_IMG_004264,DS1_IMG_000361,DS1_IMG_004264,bracelet_038,ring_158,0,4,Bracelet,Ring,train,0,negative,cross_category
DS1_IMG_000362__DS1_IMG_000929,DS1_IMG_000362,DS1_IMG_000929,bracelet_038,beautiful-fancy-peacock-earring-with-hanging-drops-11-250x250,0,1,Bracelet,Earrings,train,0,negative,cross_category
DS1_IMG_000362__DS1_IMG_001478,DS1_IMG_000362,DS1_IMG_001478,bracelet_038,images-91-,0,1,Bracelet,Earrings,train,0,negative,cross_category
DS1_IMG_000362__DS1_IMG_003669,DS1_IMG_000362,DS1_IMG_003669,bracelet_038,IMG_0371_d1d4878f,0,3,Bracelet,Pendant,train,0,negative,cross_category
DS1_IMG_000362__DS1_IMG_004309,DS1_IMG_000362,DS1_IMG_004309,bracelet_038,ring_184,0,4,Bracelet,Ring,train,0,negative,cross_category
DS1_IMG_000363__DS1_IMG_000364,DS1_IMG_000363,DS1_IMG_000364,bracelet_039,bracelet_039,0,0,Bracelet,Bracelet,train,1,positive,
DS1_IMG_000363__DS1_IMG_000365,DS1_IMG_000363,DS1_IMG_000365,bracelet_039,bracelet_039,0,0,Bracelet,Bracelet,train,1,positive,
DS1_IMG_000363__DS1_IMG_001052,DS1_IMG_000363,DS1_IMG_001052,bracelet_039,earring_200,0,1,Bracelet,Earrings,train,0,negative,cross_category
DS1_IMG_000363__DS1_IMG_001973,DS1_IMG_000363,DS1_IMG_001973,bracelet_039,IMG_0584_7150a47d,0,2,Bracelet,Necklace,train,0,negative,cross_category
DS1_IMG_000363__DS1_IMG_002271,DS1_IMG_000363,DS1_IMG_002271,bracelet_039,IMG_1437_cbc308b5,0,2,Bracelet,Necklace,train,0,negative,cross_category
DS1_IMG_000363__DS1_IMG_003784,DS1_IMG_000363,DS1_IMG_003784,bracelet_039,IMG_2181_9f77e4aa,0,3,Bracelet,Pendant,train,0,negative,cross_category
DS1_IMG_000363__DS1_IMG_003968,DS1_IMG_000363,DS1_IMG_003968,bracelet_039,necklace_20241125_122545_08081c1c,0,3,Bracelet,Pendant,train,0,negative,cross_category
DS1_IMG_000363__DS1_IMG_004109,DS1_IMG_000363,DS1_IMG_004109,bracelet_039,ring_069,0,4,Bracelet,Ring,train,0,negative,cross_category
DS1_IMG_000363__DS1_IMG_004182,DS1_IMG_000363,DS1_IMG_004182,bracelet_039,ring_105,0,4,Bracelet,Ring,train,0,negative,cross_category
DS1_IMG_000364__DS1_IMG_000365,DS1_IMG_000364,DS1_IMG_000365,bracelet_039,bracelet_039,0,0,Bracelet,Bracelet,train,1,positive,
DS1_IMG_000364__DS1_IMG_000850,DS1_IMG_000364,DS1_IMG_000850,bracelet_039,IMG_2505_d351bdbf,0,1,Bracelet,Earrings,train,0,negative,cross_category
DS1_IMG_000364__DS1_IMG_002408,DS1_IMG_000364,DS1_IMG_002408,bracelet_039,IMG_1542_c869448e,0,2,Bracelet,Necklace,train,0,negative,cross_category
DS1_IMG_000364__DS1_IMG_002413,DS1_IMG_000364,DS1_IMG_002413,bracelet_039,IMG_1557_abf86615,0,2,Bracelet,Necklace,train,0,negative,cross_category
DS1_IMG_000365__DS1_IMG_003966,DS1_IMG_000365,DS1_IMG_003966,bracelet_039,necklace_20241125_122545_02020381,0,3,Bracelet,Pendant,train,0,negative,cross_category
DS1_IMG_000365__DS1_IMG_003980,DS1_IMG_000365,DS1_IMG_003980,bracelet_039,necklace_20241125_122545_3ef84081,0,3,Bracelet,Pendant,train,0,negative,cross_category
DS1_IMG_000366__DS1_IMG_000367,DS1_IMG_000366,DS1_IMG_000367,bracelet_040,bracelet_040,0,0,Bracelet,Bracelet,train,1,positive,
DS1_IMG_000366__DS1_IMG_000368,DS1_IMG_000366,DS1_IMG_000368,bracelet_040,bracelet_040,0,0,Bracelet,Bracelet,train,1,positive,
DS1_IMG_000366__DS1_IMG_001267,DS1_IMG_000366,DS1_IMG_001267,bracelet_040,earring_398,0,1,Bracelet,Earrings,train,0,negative,cross_category
DS1_IMG_000366__DS1_IMG_003655,DS1_IMG_000366,DS1_IMG_003655,bracelet_040,necklace_95,0,2,Bracelet,Necklace,train,0,negative,cross_category
DS1_IMG_000367__DS1_IMG_000368,DS1_IMG_000367,DS1_IMG_000368,bracelet_040,bracelet_040,0,0,Bracelet,Bracelet,train,1,positive,
DS1_IMG_000367__DS1_IMG_004269,DS1_IMG_000367,DS1_IMG_004269,bracelet_040,ring_159,0,4,Bracelet,Ring,train,0,negative,cross_category
DS1_IMG_000367__DS1_IMG_004274,DS1_IMG_000367,DS1_IMG_004274,bracelet_040,ring_163,0,4,Bracelet,Ring,train,0,negative,cross_category
DS1_IMG_000368__DS1_IMG_001345,DS1_IMG_000368,DS1_IMG_001345,bracelet_040,earring_57,0,1,Bracelet,Earrings,train,0,negative,cross_category
DS1_IMG_000368__DS1_IMG_001701,DS1_IMG_000368,DS1_IMG_001701,bracelet_040,IMG_0408-1-_d7a3d4a0,0,2,Bracelet,Necklace,train,0,negative,cross_category
DS1_IMG_000368__DS1_IMG_003709,DS1_IMG_000368,DS1_IMG_003709,bracelet_040,IMG_0726_46863f42,0,3,Bracelet,Pendant,train,0,negative,cross_category
DS1_IMG_000368__DS1_IMG_003767,DS1_IMG_000368,DS1_IMG_003767,bracelet_040,IMG_1404_0cd245f2,0,3,Bracelet,Pendant,train,0,negative,cross_category
DS1_IMG_000369__DS1_IMG_000370,DS1_IMG_000369,DS1_IMG_000370,bracelet_044,bracelet_044,0,0,Bracelet,Bracelet,train,1,positive,
DS1_IMG_000369__DS1_IMG_000371,DS1_IMG_000369,DS1_IMG_000371,bracelet_044,bracelet_044,0,0,Bracelet,Bracelet,train,1,positive,
DS1_IMG_000369__DS1_IMG_003790,DS1_IMG_000369,DS1_IMG_003790,bracelet_044,IMG_2269_56abfe73,0,3,Bracelet,Pendant,train,0,negative,cross_category
DS1_IMG_000369__DS1_IMG_004016,DS1_IMG_000369,DS1_IMG_004016,bracelet_044,Screenshot_20181116-202757_1542453058358,0,4,Bracelet,Ring,train,0,negative,cross_category
DS1_IMG_000370__DS1_IMG_000371,DS1_IMG_000370,DS1_IMG_000371,bracelet_044,bracelet_044,0,0,Bracelet,Bracelet,train,1,positive,
DS1_IMG_000370__DS1_IMG_003783,DS1_IMG_000370,DS1_IMG_003783,bracelet_044,IMG_2181_9f77e4aa,0,3,Bracelet,Pendant,train,0,negative,cross_category
DS1_IMG_000371__DS1_IMG_003454,DS1_IMG_000371,DS1_IMG_003454,bracelet_044,necklace_20241125_122545_00187c7e,0,2,Bracelet,Necklace,train,0,negative,cross_category
DS1_IMG_000371__DS1_IMG_003729,DS1_IMG_000371,DS1_IMG_003729,bracelet_044,IMG_0845_2d416634,0,3,Bracelet,Pendant,train,0,negative,cross_category
DS1_IMG_000371__DS1_IMG_004052,DS1_IMG_000371,DS1_IMG_004052,bracelet_044,Screenshot_20181116-204341_1542449441847,0,4,Bracelet,Ring,train,0,negative,cross_category
DS1_IMG_000372__DS1_IMG_000373,DS1_IMG_000372,DS1_IMG_000373,bracelet_045,bracelet_045,0,0,Bracelet,Bracelet,train,1,positive,
DS1_IMG_000372__DS1_IMG_000374,DS1_IMG_000372,DS1_IMG_000374,bracelet_045,bracelet_045,0,0,Bracelet,Bracelet,train,1,positive,
DS1_IMG_000372__DS1_IMG_002572,DS1_IMG_000372,DS1_IMG_002572,bracelet_045,IMG_2136_4adadf95,0,2,Bracelet,Necklace,train,0,negative,cross_category
DS1_IMG_000372__DS1_IMG_003817,DS1_IMG_000372,DS1_IMG_003817,bracelet_045,IMG_2506_cab336a0,0,3,Bracelet,Pendant,train,0,negative,cross_category
DS1_IMG_000373__DS1_IMG_000374,DS1_IMG_000373,DS1_IMG_000374,bracelet_045,bracelet_045,0,0,Bracelet,Bracelet,train,1,positive,
DS1_IMG_000373__DS1_IMG_003834,DS1_IMG_000373,DS1_IMG_003834,bracelet_045,IMG_2801_3215b841,0,3,Bracelet,Pendant,train,0,negative,cross_category
DS1_IMG_000373__DS1_IMG_003879,DS1_IMG_000373,DS1_IMG_003879,bracelet_045,IMG_2862_dc66ea02,0,3,Bracelet,Pendant,train,0,negative,cross_category
DS1_IMG_000374__DS1_IMG_003809,DS1_IMG_000374,DS1_IMG_003809,bracelet_045,IMG_2456_13fd8ff6,0,3,Bracelet,Pendant,train,0,negative,cross_category
DS1_IMG_000374__DS1_IMG_004048,DS1_IMG_000374,DS1_IMG_004048,bracelet_045,Screenshot_20181116-204235_1542449500589,0,4,Bracelet,Ring,train,0,negative,cross_category
DS1_IMG_000375__DS1_IMG_000376,DS1_IMG_000375,DS1_IMG_000376,bracelet_046,bracelet_046,0,0,Bracelet,Bracelet,train,1,positive,
DS1_IMG_000375__DS1_IMG_000377,DS1_IMG_000375,DS1_IMG_000377,bracelet_046,bracelet_046,0,0,Bracelet,Bracelet,train,1,positive,
DS1_IMG_000375__DS1_IMG_003100,DS1_IMG_000375,DS1_IMG_003100,bracelet_046,IMG_3123_d72cb3a0,0,2,Bracelet,Necklace,train,0,negative,cross_category
DS1_IMG_000375__DS1_IMG_003978,DS1_IMG_000375,DS1_IMG_003978,bracelet_046,necklace_20241125_122545_24201818,0,3,Bracelet,Pendant,train,0,negative,cross_category
DS1_IMG_000375__DS1_IMG_004195,DS1_IMG_000375,DS1_IMG_004195,bracelet_046,ring_113,0,4,Bracelet,Ring,train,0,negative,cross_category
DS1_IMG_000375__DS1_IMG_004319,DS1_IMG_000375,DS1_IMG_004319,bracelet_046,ring_188,0,4,Bracelet,Ring,train,0,negative,cross_category
DS1_IMG_000376__DS1_IMG_000377,DS1_IMG_000376,DS1_IMG_000377,bracelet_046,bracelet_046,0,0,Bracelet,Bracelet,train,1,positive,
DS1_IMG_000376__DS1_IMG_001154,DS1_IMG_000376,DS1_IMG_001154,bracelet_046,earring_289,0,1,Bracelet,Earrings,train,0,negative,cross_category
DS1_IMG_000376__DS1_IMG_003801,DS1_IMG_000376,DS1_IMG_003801,bracelet_046,IMG_2379_ad6a1bf5,0,3,Bracelet,Pendant,train,0,negative,cross_category
DS1_IMG_000378__DS1_IMG_000379,DS1_IMG_000378,DS1_IMG_000379,bracelet_048,bracelet_048,0,0,Bracelet,Bracelet,train,1,positive,
DS1_IMG_000378__DS1_IMG_000380,DS1_IMG_000378,DS1_IMG_000380,bracelet_048,bracelet_048,0,0,Bracelet,Bracelet,train,1,positive,
DS1_IMG_000378__DS1_IMG_000867,DS1_IMG_000378,DS1_IMG_000867,bracelet_048,Resin-Rhinestone-Butterfly-Stud-Earrings__30519_zoom,0,1,Bracelet,Earrings,train,0,negative,cross_category
DS1_IMG_000378__DS1_IMG_002966,DS1_IMG_000378,DS1_IMG_002966,bracelet_048,IMG_2880_0ef03fed,0,2,Bracelet,Necklace,train,0,negative,cross_category
DS1_IMG_000378__DS1_IMG_003295,DS1_IMG_000378,DS1_IMG_003295,bracelet_048,IMG_3582_8b546d7a,0,2,Bracelet,Necklace,train,0,negative,cross_category
DS1_IMG_000378__DS1_IMG_004254,DS1_IMG_000378,DS1_IMG_004254,bracelet_048,ring_154,0,4,Bracelet,Ring,train,0,negative,cross_category
DS1_IMG_000379__DS1_IMG_000380,DS1_IMG_000379,DS1_IMG_000380,bracelet_048,bracelet_048,0,0,Bracelet,Bracelet,train,1,positive,
DS1_IMG_000381__DS1_IMG_000382,DS1_IMG_000381,DS1_IMG_000382,bracelet_049,bracelet_049,0,0,Bracelet,Bracelet,train,1,positive,
DS1_IMG_000381__DS1_IMG_000383,DS1_IMG_000381,DS1_IMG_000383,bracelet_049,bracelet_049,0,0,Bracelet,Bracelet,train,1,positive,
DS1_IMG_000381__DS1_IMG_001049,DS1_IMG_000381,DS1_IMG_001049,bracelet_049,earring_1,0,1,Bracelet,Earrings,train,0,negative,cross_category
DS1_IMG_000381__DS1_IMG_003705,DS1_IMG_000381,DS1_IMG_003705,bracelet_049,IMG_0702_fc96bc4c,0,3,Bracelet,Pendant,train,0,negative,cross_category
DS1_IMG_000381__DS1_IMG_003791,DS1_IMG_000381,DS1_IMG_003791,bracelet_049,IMG_2275_5f527887,0,3,Bracelet,Pendant,train,0,negative,cross_category
DS1_IMG_000381__DS1_IMG_004054,DS1_IMG_000381,DS1_IMG_004054,bracelet_049,Screenshot_20181116-204359_1542449415504,0,4,Bracelet,Ring,train,0,negative,cross_category
DS1_IMG_000381__DS1_IMG_004232,DS1_IMG_000381,DS1_IMG_004232,bracelet_049,ring_138,0,4,Bracelet,Ring,train,0,negative,cross_category
DS1_IMG_000382__DS1_IMG_000383,DS1_IMG_000382,DS1_IMG_000383,bracelet_049,bracelet_049,0,0,Bracelet,Bracelet,train,1,positive,
DS1_IMG_000382__DS1_IMG_003294,DS1_IMG_000382,DS1_IMG_003294,bracelet_049,IMG_3579_8d4406ca,0,2,Bracelet,Necklace,train,0,negative,cross_category
DS1_IMG_000382__DS1_IMG_003750,DS1_IMG_000382,DS1_IMG_003750,bracelet_049,IMG_0885_67639274,0,3,Bracelet,Pendant,train,0,negative,cross_category
DS1_IMG_000382__DS1_IMG_003787,DS1_IMG_000382,DS1_IMG_003787,bracelet_049,IMG_2186_10d4d23b,0,3,Bracelet,Pendant,train,0,negative,cross_category
DS1_IMG_000383__DS1_IMG_001803,DS1_IMG_000383,DS1_IMG_001803,bracelet_049,IMG_0497-1-_991979e3,0,2,Bracelet,Necklace,train,0,negative,cross_category
DS1_IMG_000383__DS1_IMG_003672,DS1_IMG_000383,DS1_IMG_003672,bracelet_049,IMG_0391_13077dff,0,3,Bracelet,Pendant,train,0,negative,cross_category
DS1_IMG_000383__DS1_IMG_003800,DS1_IMG_000383,DS1_IMG_003800,bracelet_049,IMG_2379_ad6a1bf5,0,3,Bracelet,Pendant,train,0,negative,cross_category
DS1_IMG_000383__DS1_IMG_004254,DS1_IMG_000383,DS1_IMG_004254,bracelet_049,ring_154,0,4,Bracelet,Ring,train,0,negative,cross_category
DS1_IMG_000387__DS1_IMG_000388,DS1_IMG_000387,DS1_IMG_000388,bracelet_054,bracelet_054,0,0,Bracelet,Bracelet,train,1,positive,
DS1_IMG_000387__DS1_IMG_000389,DS1_IMG_000387,DS1_IMG_000389,bracelet_054,bracelet_054,0,0,Bracelet,Bracelet,train,1,positive,
DS1_IMG_000387__DS1_IMG_003959,DS1_IMG_000387,DS1_IMG_003959,bracelet_054,necklace_20241125_122545_00801018,0,3,Bracelet,Pendant,train,0,negative,cross_category
DS1_IMG_000387__DS1_IMG_004135,DS1_IMG_000387,DS1_IMG_004135,bracelet_054,ring_083,0,4,Bracelet,Ring,train,0,negative,cross_category
DS1_IMG_000388__DS1_IMG_000389,DS1_IMG_000388,DS1_IMG_000389,bracelet_054,bracelet_054,0,0,Bracelet,Bracelet,train,1,positive,
DS1_IMG_000388__DS1_IMG_001293,DS1_IMG_000388,DS1_IMG_001293,bracelet_054,earring_436,0,1,Bracelet,Earrings,train,0,negative,cross_category
DS1_IMG_000388__DS1_IMG_001346,DS1_IMG_000388,DS1_IMG_001346,bracelet_054,earring_57,0,1,Bracelet,Earrings,train,0,negative,cross_category
DS1_IMG_000388__DS1_IMG_004099,DS1_IMG_000388,DS1_IMG_004099,bracelet_054,ring_062,0,4,Bracelet,Ring,train,0,negative,cross_category
DS1_IMG_000389__DS1_IMG_001379,DS1_IMG_000389,DS1_IMG_001379,bracelet_054,earring_88,0,1,Bracelet,Earrings,train,0,negative,cross_category
DS1_IMG_000389__DS1_IMG_002165,DS1_IMG_000389,DS1_IMG_002165,bracelet_054,IMG_1344_55a5877e,0,2,Bracelet,Necklace,train,0,negative,cross_category
DS1_IMG_000389__DS1_IMG_002881,DS1_IMG_000389,DS1_IMG_002881,bracelet_054,IMG_2429_448e19a6,0,2,Bracelet,Necklace,train,0,negative,cross_category
DS1_IMG_000389__DS1_IMG_003779,DS1_IMG_000389,DS1_IMG_003779,bracelet_054,IMG_1568_07ccbeb1,0,3,Bracelet,Pendant,train,0,negative,cross_category
DS1_IMG_000389__DS1_IMG_004184,DS1_IMG_000389,DS1_IMG_004184,bracelet_054,ring_110,0,4,Bracelet,Ring,train,0,negative,cross_category
DS1_IMG_000390__DS1_IMG_000391,DS1_IMG_000390,DS1_IMG_000391,bracelet_057,bracelet_057,0,0,Bracelet,Bracelet,train,1,positive,
DS1_IMG_000390__DS1_IMG_000392,DS1_IMG_000390,DS1_IMG_000392,bracelet_057,bracelet_057,0,0,Bracelet,Bracelet,train,1,positive,
DS1_IMG_000390__DS1_IMG_001372,DS1_IMG_000390,DS1_IMG_001372,bracelet_057,earring_82,0,1,Bracelet,Earrings,train,0,negative,cross_category
DS1_IMG_000390__DS1_IMG_002641,DS1_IMG_000390,DS1_IMG_002641,bracelet_057,IMG_2210_a9083f04,0,2,Bracelet,Necklace,train,0,negative,cross_category
DS1_IMG_000390__DS1_IMG_003785,DS1_IMG_000390,DS1_IMG_003785,bracelet_057,IMG_2186_10d4d23b,0,3,Bracelet,Pendant,train,0,negative,cross_category
DS1_IMG_000391__DS1_IMG_000392,DS1_IMG_000391,DS1_IMG_000392,bracelet_057,bracelet_057,0,0,Bracelet,Bracelet,train,1,positive,
DS1_IMG_000393__DS1_IMG_000394,DS1_IMG_000393,DS1_IMG_000394,bracelet_059,bracelet_059,0,0,Bracelet,Bracelet,train,1,positive,
DS1_IMG_000393__DS1_IMG_000395,DS1_IMG_000393,DS1_IMG_000395,bracelet_059,bracelet_059,0,0,Bracelet,Bracelet,train,1,positive,
DS1_IMG_000393__DS1_IMG_001215,DS1_IMG_000393,DS1_IMG_001215,bracelet_059,earring_34,0,1,Bracelet,Earrings,train,0,negative,cross_category
DS1_IMG_000394__DS1_IMG_000395,DS1_IMG_000394,DS1_IMG_000395,bracelet_059,bracelet_059,0,0,Bracelet,Bracelet,train,1,positive,
DS1_IMG_000394__DS1_IMG_001302,DS1_IMG_000394,DS1_IMG_001302,bracelet_059,earring_443,0,1,Bracelet,Earrings,train,0,negative,cross_category
DS1_IMG_000394__DS1_IMG_001326,DS1_IMG_000394,DS1_IMG_001326,bracelet_059,earring_467,0,1,Bracelet,Earrings,train,0,negative,cross_category
DS1_IMG_000394__DS1_IMG_002726,DS1_IMG_000394,DS1_IMG_002726,bracelet_059,IMG_2263_9d418fb5,0,2,Bracelet,Necklace,train,0,negative,cross_category
DS1_IMG_000395__DS1_IMG_001121,DS1_IMG_000395,DS1_IMG_001121,bracelet_059,earring_260,0,1,Bracelet,Earrings,train,0,negative,cross_category
DS1_IMG_000395__DS1_IMG_004033,DS1_IMG_000395,DS1_IMG_004033,bracelet_059,Screenshot_20181116-203347_1542449724585,0,4,Bracelet,Ring,train,0,negative,cross_category
DS1_IMG_000399__DS1_IMG_000400,DS1_IMG_000399,DS1_IMG_000400,bracelet_062,bracelet_062,0,0,Bracelet,Bracelet,train,1,positive,
DS1_IMG_000399__DS1_IMG_000401,DS1_IMG_000399,DS1_IMG_000401,bracelet_062,bracelet_062,0,0,Bracelet,Bracelet,train,1,positive,
DS1_IMG_000399__DS1_IMG_002479,DS1_IMG_000399,DS1_IMG_002479,bracelet_062,IMG_1624_23dc9804,0,2,Bracelet,Necklace,train,0,negative,cross_category
DS1_IMG_000399__DS1_IMG_004217,DS1_IMG_000399,DS1_IMG_004217,bracelet_062,ring_128,0,4,Bracelet,Ring,train,0,negative,cross_category
DS1_IMG_000399__DS1_IMG_004280,DS1_IMG_000399,DS1_IMG_004280,bracelet_062,ring_166,0,4,Bracelet,Ring,train,0,negative,cross_category
DS1_IMG_000400__DS1_IMG_000401,DS1_IMG_000400,DS1_IMG_000401,bracelet_062,bracelet_062,0,0,Bracelet,Bracelet,train,1,positive,
DS1_IMG_000400__DS1_IMG_000803,DS1_IMG_000400,DS1_IMG_000803,bracelet_062,IMG_1673_fdbb6ced,0,1,Bracelet,Earrings,train,0,negative,cross_category
DS1_IMG_000400__DS1_IMG_003565,DS1_IMG_000400,DS1_IMG_003565,bracelet_062,necklace_20241125_122545_808181f9,0,2,Bracelet,Necklace,train,0,negative,cross_category
DS1_IMG_000400__DS1_IMG_003639,DS1_IMG_000400,DS1_IMG_003639,bracelet_062,necklace_84,0,2,Bracelet,Necklace,train,0,negative,cross_category
DS1_IMG_000401__DS1_IMG_001378,DS1_IMG_000401,DS1_IMG_001378,bracelet_062,earring_88,0,1,Bracelet,Earrings,train,0,negative,cross_category
DS1_IMG_000401__DS1_IMG_002129,DS1_IMG_000401,DS1_IMG_002129,bracelet_062,IMG_1324_ddbeb74a,0,2,Bracelet,Necklace,train,0,negative,cross_category
DS1_IMG_000401__DS1_IMG_003969,DS1_IMG_000401,DS1_IMG_003969,bracelet_062,necklace_20241125_122545_08081c1c,0,3,Bracelet,Pendant,train,0,negative,cross_category
DS1_IMG_000402__DS1_IMG_000403,DS1_IMG_000402,DS1_IMG_000403,bracelet_063,bracelet_063,0,0,Bracelet,Bracelet,train,1,positive,
DS1_IMG_000402__DS1_IMG_000404,DS1_IMG_000402,DS1_IMG_000404,bracelet_063,bracelet_063,0,0,Bracelet,Bracelet,train,1,positive,
DS1_IMG_000402__DS1_IMG_001417,DS1_IMG_000402,DS1_IMG_001417,bracelet_063,images-37-,0,1,Bracelet,Earrings,train,0,negative,cross_category
DS1_IMG_000402__DS1_IMG_004177,DS1_IMG_000402,DS1_IMG_004177,bracelet_063,ring_102,0,4,Bracelet,Ring,train,0,negative,cross_category
DS1_IMG_000402__DS1_IMG_004304,DS1_IMG_000402,DS1_IMG_004304,bracelet_063,ring_181,0,4,Bracelet,Ring,train,0,negative,cross_category
DS1_IMG_000403__DS1_IMG_000404,DS1_IMG_000403,DS1_IMG_000404,bracelet_063,bracelet_063,0,0,Bracelet,Bracelet,train,1,positive,
DS1_IMG_000403__DS1_IMG_000832,DS1_IMG_000403,DS1_IMG_000832,bracelet_063,IMG_2157_340a75b2,0,1,Bracelet,Earrings,train,0,negative,cross_category
DS1_IMG_000403__DS1_IMG_003763,DS1_IMG_000403,DS1_IMG_003763,bracelet_063,IMG_1354_4b8275b6,0,3,Bracelet,Pendant,train,0,negative,cross_category
DS1_IMG_000403__DS1_IMG_003790,DS1_IMG_000403,DS1_IMG_003790,bracelet_063,IMG_2269_56abfe73,0,3,Bracelet,Pendant,train,0,negative,cross_category
DS1_IMG_000403__DS1_IMG_003998,DS1_IMG_000403,DS1_IMG_003998,bracelet_063,necklace_78,0,3,Bracelet,Pendant,train,0,negative,cross_category
DS1_IMG_000403__DS1_IMG_004150,DS1_IMG_000403,DS1_IMG_004150,bracelet_063,ring_088,0,4,Bracelet,Ring,train,0,negative,cross_category
DS1_IMG_000405__DS1_IMG_000406,DS1_IMG_000405,DS1_IMG_000406,bracelet_064,bracelet_064,0,0,Bracelet,Bracelet,train,1,positive,
DS1_IMG_000405__DS1_IMG_000407,DS1_IMG_000405,DS1_IMG_000407,bracelet_064,bracelet_064,0,0,Bracelet,Bracelet,train,1,positive,
DS1_IMG_000405__DS1_IMG_003213,DS1_IMG_000405,DS1_IMG_003213,bracelet_064,IMG_3532_fa6f730f,0,2,Bracelet,Necklace,train,0,negative,cross_category
DS1_IMG_000405__DS1_IMG_004313,DS1_IMG_000405,DS1_IMG_004313,bracelet_064,ring_185,0,4,Bracelet,Ring,train,0,negative,cross_category
DS1_IMG_000406__DS1_IMG_000407,DS1_IMG_000406,DS1_IMG_000407,bracelet_064,bracelet_064,0,0,Bracelet,Bracelet,train,1,positive,
DS1_IMG_000406__DS1_IMG_003695,DS1_IMG_000406,DS1_IMG_003695,bracelet_064,IMG_0602_6d616791,0,3,Bracelet,Pendant,train,0,negative,cross_category
DS1_IMG_000407__DS1_IMG_000987,DS1_IMG_000407,DS1_IMG_000987,bracelet_064,earring_145,0,1,Bracelet,Earrings,train,0,negative,cross_category
DS1_IMG_000407__DS1_IMG_002281,DS1_IMG_000407,DS1_IMG_002281,bracelet_064,IMG_1449_3b359112,0,2,Bracelet,Necklace,train,0,negative,cross_category
DS1_IMG_000408__DS1_IMG_000409,DS1_IMG_000408,DS1_IMG_000409,bracelet_067,bracelet_067,0,0,Bracelet,Bracelet,train,1,positive,
DS1_IMG_000408__DS1_IMG_000410,DS1_IMG_000408,DS1_IMG_000410,bracelet_067,bracelet_067,0,0,Bracelet,Bracelet,train,1,positive,
DS1_IMG_000408__DS1_IMG_000983,DS1_IMG_000408,DS1_IMG_000983,bracelet_067,earring_142,0,1,Bracelet,Earrings,train,0,negative,cross_category
DS1_IMG_000408__DS1_IMG_001400,DS1_IMG_000408,DS1_IMG_001400,bracelet_067,images-25-,0,1,Bracelet,Earrings,train,0,negative,cross_category
DS1_IMG_000408__DS1_IMG_003236,DS1_IMG_000408,DS1_IMG_003236,bracelet_067,IMG_3543_1d658345,0,2,Bracelet,Necklace,train,0,negative,cross_category
DS1_IMG_000408__DS1_IMG_004129,DS1_IMG_000408,DS1_IMG_004129,bracelet_067,ring_080,0,4,Bracelet,Ring,train,0,negative,cross_category
DS1_IMG_000409__DS1_IMG_000410,DS1_IMG_000409,DS1_IMG_000410,bracelet_067,bracelet_067,0,0,Bracelet,Bracelet,train,1,positive,
DS1_IMG_000409__DS1_IMG_001036,DS1_IMG_000409,DS1_IMG_001036,bracelet_067,earring_189,0,1,Bracelet,Earrings,train,0,negative,cross_category
DS1_IMG_000409__DS1_IMG_003436,DS1_IMG_000409,DS1_IMG_003436,bracelet_067,necklace_193,0,2,Bracelet,Necklace,train,0,negative,cross_category
DS1_IMG_000409__DS1_IMG_003743,DS1_IMG_000409,DS1_IMG_003743,bracelet_067,IMG_0863_4e8ef7be,0,3,Bracelet,Pendant,train,0,negative,cross_category
DS1_IMG_000410__DS1_IMG_003762,DS1_IMG_000410,DS1_IMG_003762,bracelet_067,IMG_1354_4b8275b6,0,3,Bracelet,Pendant,train,0,negative,cross_category
DS1_IMG_000410__DS1_IMG_003765,DS1_IMG_000410,DS1_IMG_003765,bracelet_067,IMG_1372_c936a18b,0,3,Bracelet,Pendant,train,0,negative,cross_category
DS1_IMG_000410__DS1_IMG_003842,DS1_IMG_000410,DS1_IMG_003842,bracelet_067,IMG_2821_d4955818,0,3,Bracelet,Pendant,train,0,negative,cross_category
DS1_IMG_000410__DS1_IMG_003877,DS1_IMG_000410,DS1_IMG_003877,bracelet_067,IMG_2860_b5be60fb,0,3,Bracelet,Pendant,train,0,negative,cross_category
DS1_IMG_000411__DS1_IMG_000412,DS1_IMG_000411,DS1_IMG_000412,bracelet_073,bracelet_073,0,0,Bracelet,Bracelet,train,1,positive,
DS1_IMG_000411__DS1_IMG_000413,DS1_IMG_000411,DS1_IMG_000413,bracelet_073,bracelet_073,0,0,Bracelet,Bracelet,train,1,positive,
DS1_IMG_000412__DS1_IMG_000413,DS1_IMG_000412,DS1_IMG_000413,bracelet_073,bracelet_073,0,0,Bracelet,Bracelet,train,1,positive,
DS1_IMG_000412__DS1_IMG_004214,DS1_IMG_000412,DS1_IMG_004214,bracelet_073,ring_124,0,4,Bracelet,Ring,train,0,negative,cross_category
DS1_IMG_000413__DS1_IMG_001441,DS1_IMG_000413,DS1_IMG_001441,bracelet_073,images-61-,0,1,Bracelet,Earrings,train,0,negative,cross_category
DS1_IMG_000413__DS1_IMG_001940,DS1_IMG_000413,DS1_IMG_001940,bracelet_073,IMG_0568_75bfef59,0,2,Bracelet,Necklace,train,0,negative,cross_category
DS1_IMG_000413__DS1_IMG_002650,DS1_IMG_000413,DS1_IMG_002650,bracelet_073,IMG_2216_79cc4ca5,0,2,Bracelet,Necklace,train,0,negative,cross_category
DS1_IMG_000413__DS1_IMG_004017,DS1_IMG_000413,DS1_IMG_004017,bracelet_073,Screenshot_20181116-202757_1542453058358,0,4,Bracelet,Ring,train,0,negative,cross_category
DS1_IMG_000416__DS1_IMG_000417,DS1_IMG_000416,DS1_IMG_000417,bracelet_077,bracelet_077,0,0,Bracelet,Bracelet,train,1,positive,
DS1_IMG_000416__DS1_IMG_000418,DS1_IMG_000416,DS1_IMG_000418,bracelet_077,bracelet_077,0,0,Bracelet,Bracelet,train,1,positive,
DS1_IMG_000416__DS1_IMG_003762,DS1_IMG_000416,DS1_IMG_003762,bracelet_077,IMG_1354_4b8275b6,0,3,Bracelet,Pendant,train,0,negative,cross_category
DS1_IMG_000416__DS1_IMG_003937,DS1_IMG_000416,DS1_IMG_003937,bracelet_077,IMG_2936_bba41476,0,3,Bracelet,Pendant,train,0,negative,cross_category
DS1_IMG_000416__DS1_IMG_003953,DS1_IMG_000416,DS1_IMG_003953,bracelet_077,IMG_3515_3ed94d29,0,3,Bracelet,Pendant,train,0,negative,cross_category
DS1_IMG_000416__DS1_IMG_003979,DS1_IMG_000416,DS1_IMG_003979,bracelet_077,necklace_20241125_122545_24201818,0,3,Bracelet,Pendant,train,0,negative,cross_category
DS1_IMG_000417__DS1_IMG_000418,DS1_IMG_000417,DS1_IMG_000418,bracelet_077,bracelet_077,0,0,Bracelet,Bracelet,train,1,positive,
DS1_IMG_000417__DS1_IMG_002672,DS1_IMG_000417,DS1_IMG_002672,bracelet_077,IMG_2224_d21a322f,0,2,Bracelet,Necklace,train,0,negative,cross_category
DS1_IMG_000417__DS1_IMG_003948,DS1_IMG_000417,DS1_IMG_003948,bracelet_077,IMG_3503_4d37f1fe,0,3,Bracelet,Pendant,train,0,negative,cross_category
DS1_IMG_000417__DS1_IMG_003990,DS1_IMG_000417,DS1_IMG_003990,bracelet_077,necklace_20241125_122545_6063e3a7,0,3,Bracelet,Pendant,train,0,negative,cross_category
DS1_IMG_000418__DS1_IMG_002433,DS1_IMG_000418,DS1_IMG_002433,bracelet_077,IMG_1575_9dfb858d,0,2,Bracelet,Necklace,train,0,negative,cross_category
DS1_IMG_000418__DS1_IMG_002818,DS1_IMG_000418,DS1_IMG_002818,bracelet_077,IMG_2376_0441f512,0,2,Bracelet,Necklace,train,0,negative,cross_category
DS1_IMG_000422__DS1_IMG_000423,DS1_IMG_000422,DS1_IMG_000423,bracelet_079,bracelet_079,0,0,Bracelet,Bracelet,train,1,positive,
DS1_IMG_000422__DS1_IMG_000424,DS1_IMG_000422,DS1_IMG_000424,bracelet_079,bracelet_079,0,0,Bracelet,Bracelet,train,1,positive,
DS1_IMG_000422__DS1_IMG_002471,DS1_IMG_000422,DS1_IMG_002471,bracelet_079,IMG_1615_a599501b,0,2,Bracelet,Necklace,train,0,negative,cross_category
DS1_IMG_000422__DS1_IMG_003687,DS1_IMG_000422,DS1_IMG_003687,bracelet_079,IMG_0471_02f2128e,0,3,Bracelet,Pendant,train,0,negative,cross_category
DS1_IMG_000423__DS1_IMG_000424,DS1_IMG_000423,DS1_IMG_000424,bracelet_079,bracelet_079,0,0,Bracelet,Bracelet,train,1,positive,
DS1_IMG_000423__DS1_IMG_001709,DS1_IMG_000423,DS1_IMG_001709,bracelet_079,IMG_0414-1-_9d1a0021,0,2,Bracelet,Necklace,train,0,negative,cross_category
DS1_IMG_000423__DS1_IMG_002366,DS1_IMG_000423,DS1_IMG_002366,bracelet_079,IMG_1507_fd8f9e4f,0,2,Bracelet,Necklace,train,0,negative,cross_category
DS1_IMG_000424__DS1_IMG_001082,DS1_IMG_000424,DS1_IMG_001082,bracelet_079,earring_222,0,1,Bracelet,Earrings,train,0,negative,cross_category
DS1_IMG_000425__DS1_IMG_000426,DS1_IMG_000425,DS1_IMG_000426,bracelet_082,bracelet_082,0,0,Bracelet,Bracelet,train,1,positive,
DS1_IMG_000425__DS1_IMG_002117,DS1_IMG_000425,DS1_IMG_002117,bracelet_082,IMG_1320_14748a53,0,2,Bracelet,Necklace,train,0,negative,cross_category
DS1_IMG_000425__DS1_IMG_004172,DS1_IMG_000425,DS1_IMG_004172,bracelet_082,ring_099,0,4,Bracelet,Ring,train,0,negative,cross_category
DS1_IMG_000426__DS1_IMG_001224,DS1_IMG_000426,DS1_IMG_001224,bracelet_082,earring_358,0,1,Bracelet,Earrings,train,0,negative,cross_category
DS1_IMG_000426__DS1_IMG_001487,DS1_IMG_000426,DS1_IMG_001487,bracelet_082,marshall_pierce_company_chicago_fine_jewelry_pearl_and_diamond_bracelet_256-10305,0,1,Bracelet,Earrings,train,0,negative,cross_category
DS1_IMG_000426__DS1_IMG_004023,DS1_IMG_000426,DS1_IMG_004023,bracelet_082,Screenshot_20181116-202936_1542450027786,0,4,Bracelet,Ring,train,0,negative,cross_category
DS1_IMG_000435__DS1_IMG_000436,DS1_IMG_000435,DS1_IMG_000436,bracelet_087,bracelet_087,0,0,Bracelet,Bracelet,train,1,positive,
DS1_IMG_000435__DS1_IMG_000437,DS1_IMG_000435,DS1_IMG_000437,bracelet_087,bracelet_087,0,0,Bracelet,Bracelet,train,1,positive,
DS1_IMG_000435__DS1_IMG_003813,DS1_IMG_000435,DS1_IMG_003813,bracelet_087,IMG_2457_895e154f,0,3,Bracelet,Pendant,train,0,negative,cross_category
DS1_IMG_000436__DS1_IMG_000437,DS1_IMG_000436,DS1_IMG_000437,bracelet_087,bracelet_087,0,0,Bracelet,Bracelet,train,1,positive,
DS1_IMG_000436__DS1_IMG_004193,DS1_IMG_000436,DS1_IMG_004193,bracelet_087,ring_113,0,4,Bracelet,Ring,train,0,negative,cross_category
DS1_IMG_000437__DS1_IMG_001281,DS1_IMG_000437,DS1_IMG_001281,bracelet_087,earring_422,0,1,Bracelet,Earrings,train,0,negative,cross_category
DS1_IMG_000438__DS1_IMG_000439,DS1_IMG_000438,DS1_IMG_000439,bracelet_088,bracelet_088,0,0,Bracelet,Bracelet,train,1,positive,
DS1_IMG_000438__DS1_IMG_000440,DS1_IMG_000438,DS1_IMG_000440,bracelet_088,bracelet_088,0,0,Bracelet,Bracelet,train,1,positive,
DS1_IMG_000438__DS1_IMG_001039,DS1_IMG_000438,DS1_IMG_001039,bracelet_088,earring_18,0,1,Bracelet,Earrings,train,0,negative,cross_category
DS1_IMG_000438__DS1_IMG_001108,DS1_IMG_000438,DS1_IMG_001108,bracelet_088,earring_24,0,1,Bracelet,Earrings,train,0,negative,cross_category
DS1_IMG_000438__DS1_IMG_003842,DS1_IMG_000438,DS1_IMG_003842,bracelet_088,IMG_2821_d4955818,0,3,Bracelet,Pendant,train,0,negative,cross_category
DS1_IMG_000438__DS1_IMG_004167,DS1_IMG_000438,DS1_IMG_004167,bracelet_088,ring_096,0,4,Bracelet,Ring,train,0,negative,cross_category
DS1_IMG_000439__DS1_IMG_000440,DS1_IMG_000439,DS1_IMG_000440,bracelet_088,bracelet_088,0,0,Bracelet,Bracelet,train,1,positive,
DS1_IMG_000440__DS1_IMG_002005,DS1_IMG_000440,DS1_IMG_002005,bracelet_088,IMG_0597-1-_ef4736be,0,2,Bracelet,Necklace,train,0,negative,cross_category
DS1_IMG_000441__DS1_IMG_000442,DS1_IMG_000441,DS1_IMG_000442,bracelet_093,bracelet_093,0,0,Bracelet,Bracelet,train,1,positive,
DS1_IMG_000441__DS1_IMG_000443,DS1_IMG_000441,DS1_IMG_000443,bracelet_093,bracelet_093,0,0,Bracelet,Bracelet,train,1,positive,
DS1_IMG_000441__DS1_IMG_002439,DS1_IMG_000441,DS1_IMG_002439,bracelet_093,IMG_1580_b78f12f1,0,2,Bracelet,Necklace,train,0,negative,cross_category
DS1_IMG_000441__DS1_IMG_004265,DS1_IMG_000441,DS1_IMG_004265,bracelet_093,ring_158,0,4,Bracelet,Ring,train,0,negative,cross_category
DS1_IMG_000442__DS1_IMG_000443,DS1_IMG_000442,DS1_IMG_000443,bracelet_093,bracelet_093,0,0,Bracelet,Bracelet,train,1,positive,
DS1_IMG_000442__DS1_IMG_004048,DS1_IMG_000442,DS1_IMG_004048,bracelet_093,Screenshot_20181116-204235_1542449500589,0,4,Bracelet,Ring,train,0,negative,cross_category
DS1_IMG_000442__DS1_IMG_004051,DS1_IMG_000442,DS1_IMG_004051,bracelet_093,Screenshot_20181116-204341_1542449441847,0,4,Bracelet,Ring,train,0,negative,cross_category
DS1_IMG_000443__DS1_IMG_003828,DS1_IMG_000443,DS1_IMG_003828,bracelet_093,IMG_2513_2e38170a,0,3,Bracelet,Pendant,train,0,negative,cross_category
DS1_IMG_000443__DS1_IMG_004076,DS1_IMG_000443,DS1_IMG_004076,bracelet_093,ring_049,0,4,Bracelet,Ring,train,0,negative,cross_category
DS1_IMG_000444__DS1_IMG_000445,DS1_IMG_000444,DS1_IMG_000445,bracelet_095,bracelet_095,0,0,Bracelet,Bracelet,train,1,positive,
DS1_IMG_000444__DS1_IMG_000446,DS1_IMG_000444,DS1_IMG_000446,bracelet_095,bracelet_095,0,0,Bracelet,Bracelet,train,1,positive,
DS1_IMG_000444__DS1_IMG_003319,DS1_IMG_000444,DS1_IMG_003319,bracelet_095,IMG_3597_040758e8,0,2,Bracelet,Necklace,train,0,negative,cross_category
DS1_IMG_000445__DS1_IMG_000446,DS1_IMG_000445,DS1_IMG_000446,bracelet_095,bracelet_095,0,0,Bracelet,Bracelet,train,1,positive,
DS1_IMG_000445__DS1_IMG_001132,DS1_IMG_000445,DS1_IMG_001132,bracelet_095,earring_268,0,1,Bracelet,Earrings,train,0,negative,cross_category
DS1_IMG_000445__DS1_IMG_001497,DS1_IMG_000445,DS1_IMG_001497,bracelet_095,necklace_20241125_122545_3ee281b9,0,1,Bracelet,Earrings,train,0,negative,cross_category
DS1_IMG_000446__DS1_IMG_004248,DS1_IMG_000446,DS1_IMG_004248,bracelet_095,ring_148,0,4,Bracelet,Ring,train,0,negative,cross_category
DS1_IMG_000447__DS1_IMG_000448,DS1_IMG_000447,DS1_IMG_000448,bracelet_096,bracelet_096,0,0,Bracelet,Bracelet,train,1,positive,
DS1_IMG_000447__DS1_IMG_000887,DS1_IMG_000447,DS1_IMG_000887,bracelet_096,Screenshot_20181115-080745_1542265825200,0,1,Bracelet,Earrings,train,0,negative,cross_category
DS1_IMG_000447__DS1_IMG_001171,DS1_IMG_000447,DS1_IMG_001171,bracelet_096,earring_301,0,1,Bracelet,Earrings,train,0,negative,cross_category
DS1_IMG_000447__DS1_IMG_003806,DS1_IMG_000447,DS1_IMG_003806,bracelet_096,IMG_2427_3a6bdae9,0,3,Bracelet,Pendant,train,0,negative,cross_category
DS1_IMG_000448__DS1_IMG_003358,DS1_IMG_000448,DS1_IMG_003358,bracelet_096,IMG_3618_c11dfd98,0,2,Bracelet,Necklace,train,0,negative,cross_category
DS1_IMG_000451__DS1_IMG_000452,DS1_IMG_000451,DS1_IMG_000452,bracelet_100,bracelet_100,0,0,Bracelet,Bracelet,train,1,positive,
DS1_IMG_000451__DS1_IMG_000453,DS1_IMG_000451,DS1_IMG_000453,bracelet_100,bracelet_100,0,0,Bracelet,Bracelet,train,1,positive,
DS1_IMG_000451__DS1_IMG_002469,DS1_IMG_000451,DS1_IMG_002469,bracelet_100,IMG_1613_82dee47b,0,2,Bracelet,Necklace,train,0,negative,cross_category
DS1_IMG_000452__DS1_IMG_000453,DS1_IMG_000452,DS1_IMG_000453,bracelet_100,bracelet_100,0,0,Bracelet,Bracelet,train,1,positive,
DS1_IMG_000452__DS1_IMG_003912,DS1_IMG_000452,DS1_IMG_003912,bracelet_100,IMG_2912_9176f0b9,0,3,Bracelet,Pendant,train,0,negative,cross_category
DS1_IMG_000452__DS1_IMG_003981,DS1_IMG_000452,DS1_IMG_003981,bracelet_100,necklace_20241125_122545_3ef84081,0,3,Bracelet,Pendant,train,0,negative,cross_category
DS1_IMG_000452__DS1_IMG_004321,DS1_IMG_000452,DS1_IMG_004321,bracelet_100,ring_192,0,4,Bracelet,Ring,train,0,negative,cross_category
DS1_IMG_000453__DS1_IMG_001033,DS1_IMG_000453,DS1_IMG_001033,bracelet_100,earring_185,0,1,Bracelet,Earrings,train,0,negative,cross_category
DS1_IMG_000453__DS1_IMG_002168,DS1_IMG_000453,DS1_IMG_002168,bracelet_100,IMG_1347_0e60935e,0,2,Bracelet,Necklace,train,0,negative,cross_category
DS1_IMG_000453__DS1_IMG_003927,DS1_IMG_000453,DS1_IMG_003927,bracelet_100,IMG_2926_bb65e3e0,0,3,Bracelet,Pendant,train,0,negative,cross_category
DS1_IMG_000454__DS1_IMG_000455,DS1_IMG_000454,DS1_IMG_000455,bracelet_102,bracelet_102,0,0,Bracelet,Bracelet,train,1,positive,
DS1_IMG_000454__DS1_IMG_000456,DS1_IMG_000454,DS1_IMG_000456,bracelet_102,bracelet_102,0,0,Bracelet,Bracelet,train,1,positive,
DS1_IMG_000454__DS1_IMG_001043,DS1_IMG_000454,DS1_IMG_001043,bracelet_102,earring_194,0,1,Bracelet,Earrings,train,0,negative,cross_category
DS1_IMG_000454__DS1_IMG_001146,DS1_IMG_000454,DS1_IMG_001146,bracelet_102,earring_277,0,1,Bracelet,Earrings,train,0,negative,cross_category
DS1_IMG_000454__DS1_IMG_001572,DS1_IMG_000454,DS1_IMG_001572,bracelet_102,IMG_0229_277b9ba2,0,2,Bracelet,Necklace,train,0,negative,cross_category
DS1_IMG_000454__DS1_IMG_004181,DS1_IMG_000454,DS1_IMG_004181,bracelet_102,ring_105,0,4,Bracelet,Ring,train,0,negative,cross_category
DS1_IMG_000454__DS1_IMG_004201,DS1_IMG_000454,DS1_IMG_004201,bracelet_102,ring_116,0,4,Bracelet,Ring,train,0,negative,cross_category
DS1_IMG_000455__DS1_IMG_000456,DS1_IMG_000455,DS1_IMG_000456,bracelet_102,bracelet_102,0,0,Bracelet,Bracelet,train,1,positive,
DS1_IMG_000455__DS1_IMG_001074,DS1_IMG_000455,DS1_IMG_001074,bracelet_102,earring_213,0,1,Bracelet,Earrings,train,0,negative,cross_category
DS1_IMG_000455__DS1_IMG_003340,DS1_IMG_000455,DS1_IMG_003340,bracelet_102,IMG_3606_f3d57d9f,0,2,Bracelet,Necklace,train,0,negative,cross_category
DS1_IMG_000455__DS1_IMG_003483,DS1_IMG_000455,DS1_IMG_003483,bracelet_102,necklace_20241125_122545_0e7efef6,0,2,Bracelet,Necklace,train,0,negative,cross_category
DS1_IMG_000456__DS1_IMG_003308,DS1_IMG_000456,DS1_IMG_003308,bracelet_102,IMG_3590_e334bde9,0,2,Bracelet,Necklace,train,0,negative,cross_category
DS1_IMG_000456__DS1_IMG_003989,DS1_IMG_000456,DS1_IMG_003989,bracelet_102,necklace_20241125_122545_6063e3a7,0,3,Bracelet,Pendant,train,0,negative,cross_category
DS1_IMG_000456__DS1_IMG_004184,DS1_IMG_000456,DS1_IMG_004184,bracelet_102,ring_110,0,4,Bracelet,Ring,train,0,negative,cross_category
DS1_IMG_000456__DS1_IMG_004304,DS1_IMG_000456,DS1_IMG_004304,bracelet_102,ring_181,0,4,Bracelet,Ring,train,0,negative,cross_category
DS1_IMG_000457__DS1_IMG_000458,DS1_IMG_000457,DS1_IMG_000458,bracelet_103,bracelet_103,0,0,Bracelet,Bracelet,train,1,positive,
DS1_IMG_000457__DS1_IMG_000459,DS1_IMG_000457,DS1_IMG_000459,bracelet_103,bracelet_103,0,0,Bracelet,Bracelet,train,1,positive,
DS1_IMG_000457__DS1_IMG_001332,DS1_IMG_000457,DS1_IMG_001332,bracelet_103,earring_475,0,1,Bracelet,Earrings,train,0,negative,cross_category
DS1_IMG_000458__DS1_IMG_000459,DS1_IMG_000458,DS1_IMG_000459,bracelet_103,bracelet_103,0,0,Bracelet,Bracelet,train,1,positive,
DS1_IMG_000458__DS1_IMG_001321,DS1_IMG_000458,DS1_IMG_001321,bracelet_103,earring_463,0,1,Bracelet,Earrings,train,0,negative,cross_category
DS1_IMG_000458__DS1_IMG_001977,DS1_IMG_000458,DS1_IMG_001977,bracelet_103,IMG_0586_952d41e8,0,2,Bracelet,Necklace,train,0,negative,cross_category
DS1_IMG_000458__DS1_IMG_002733,DS1_IMG_000458,DS1_IMG_002733,bracelet_103,IMG_2267_abb061e6,0,2,Bracelet,Necklace,train,0,negative,cross_category
DS1_IMG_000458__DS1_IMG_003921,DS1_IMG_000458,DS1_IMG_003921,bracelet_103,IMG_2922_996200cd,0,3,Bracelet,Pendant,train,0,negative,cross_category
DS1_IMG_000459__DS1_IMG_003713,DS1_IMG_000459,DS1_IMG_003713,bracelet_103,IMG_0753_2ca36338,0,3,Bracelet,Pendant,train,0,negative,cross_category
DS1_IMG_000459__DS1_IMG_004065,DS1_IMG_000459,DS1_IMG_004065,bracelet_103,ring_043,0,4,Bracelet,Ring,train,0,negative,cross_category
DS1_IMG_000459__DS1_IMG_004066,DS1_IMG_000459,DS1_IMG_004066,bracelet_103,ring_044,0,4,Bracelet,Ring,train,0,negative,cross_category
DS1_IMG_000459__DS1_IMG_004160,DS1_IMG_000459,DS1_IMG_004160,bracelet_103,ring_093,0,4,Bracelet,Ring,train,0,negative,cross_category
DS1_IMG_000459__DS1_IMG_004301,DS1_IMG_000459,DS1_IMG_004301,bracelet_103,ring_180,0,4,Bracelet,Ring,train,0,negative,cross_category
DS1_IMG_000460__DS1_IMG_000461,DS1_IMG_000460,DS1_IMG_000461,bracelet_105,bracelet_105,0,0,Bracelet,Bracelet,train,1,positive,
DS1_IMG_000460__DS1_IMG_000462,DS1_IMG_000460,DS1_IMG_000462,bracelet_105,bracelet_105,0,0,Bracelet,Bracelet,train,1,positive,
DS1_IMG_000460__DS1_IMG_000955,DS1_IMG_000460,DS1_IMG_000955,bracelet_105,earring_122,0,1,Bracelet,Earrings,train,0,negative,cross_category
DS1_IMG_000460__DS1_IMG_003441,DS1_IMG_000460,DS1_IMG_003441,bracelet_105,necklace_20241125_122545_0000123d,0,2,Bracelet,Necklace,train,0,negative,cross_category
DS1_IMG_000460__DS1_IMG_004088,DS1_IMG_000460,DS1_IMG_004088,bracelet_105,ring_055,0,4,Bracelet,Ring,train,0,negative,cross_category
DS1_IMG_000461__DS1_IMG_000462,DS1_IMG_000461,DS1_IMG_000462,bracelet_105,bracelet_105,0,0,Bracelet,Bracelet,train,1,positive,
DS1_IMG_000461__DS1_IMG_002396,DS1_IMG_000461,DS1_IMG_002396,bracelet_105,IMG_1529_9822ebb6,0,2,Bracelet,Necklace,train,0,negative,cross_category
DS1_IMG_000461__DS1_IMG_003998,DS1_IMG_000461,DS1_IMG_003998,bracelet_105,necklace_78,0,3,Bracelet,Pendant,train,0,negative,cross_category
DS1_IMG_000462__DS1_IMG_001291,DS1_IMG_000462,DS1_IMG_001291,bracelet_105,earring_435,0,1,Bracelet,Earrings,train,0,negative,cross_category
DS1_IMG_000463__DS1_IMG_000464,DS1_IMG_000463,DS1_IMG_000464,bracelet_107,bracelet_107,0,0,Bracelet,Bracelet,train,1,positive,
DS1_IMG_000463__DS1_IMG_000465,DS1_IMG_000463,DS1_IMG_000465,bracelet_107,bracelet_107,0,0,Bracelet,Bracelet,train,1,positive,
DS1_IMG_000463__DS1_IMG_001348,DS1_IMG_000463,DS1_IMG_001348,bracelet_107,earring_58,0,1,Bracelet,Earrings,train,0,negative,cross_category
DS1_IMG_000463__DS1_IMG_001512,DS1_IMG_000463,DS1_IMG_001512,bracelet_107,other_20241125_122356_fffffbdb,0,1,Bracelet,Earrings,train,0,negative,cross_category
DS1_IMG_000463__DS1_IMG_003293,DS1_IMG_000463,DS1_IMG_003293,bracelet_107,IMG_3579_8d4406ca,0,2,Bracelet,Necklace,train,0,negative,cross_category
DS1_IMG_000463__DS1_IMG_003516,DS1_IMG_000463,DS1_IMG_003516,bracelet_107,necklace_20241125_122545_468283c3,0,2,Bracelet,Necklace,train,0,negative,cross_category
DS1_IMG_000463__DS1_IMG_003803,DS1_IMG_000463,DS1_IMG_003803,bracelet_107,IMG_2426_f8412daf,0,3,Bracelet,Pendant,train,0,negative,cross_category
DS1_IMG_000464__DS1_IMG_000465,DS1_IMG_000464,DS1_IMG_000465,bracelet_107,bracelet_107,0,0,Bracelet,Bracelet,train,1,positive,
DS1_IMG_000464__DS1_IMG_003751,DS1_IMG_000464,DS1_IMG_003751,bracelet_107,IMG_0885_67639274,0,3,Bracelet,Pendant,train,0,negative,cross_category
DS1_IMG_000464__DS1_IMG_003883,DS1_IMG_000464,DS1_IMG_003883,bracelet_107,IMG_2870_451f1def,0,3,Bracelet,Pendant,train,0,negative,cross_category
DS1_IMG_000465__DS1_IMG_001106,DS1_IMG_000465,DS1_IMG_001106,bracelet_107,earring_24,0,1,Bracelet,Earrings,train,0,negative,cross_category
DS1_IMG_000465__DS1_IMG_001186,DS1_IMG_000465,DS1_IMG_001186,bracelet_107,earring_323,0,1,Bracelet,Earrings,train,0,negative,cross_category
DS1_IMG_000465__DS1_IMG_001239,DS1_IMG_000465,DS1_IMG_001239,bracelet_107,earring_374,0,1,Bracelet,Earrings,train,0,negative,cross_category
DS1_IMG_000465__DS1_IMG_001990,DS1_IMG_000465,DS1_IMG_001990,bracelet_107,IMG_0589-1-_bcc80d73,0,2,Bracelet,Necklace,train,0,negative,cross_category
DS1_IMG_000466__DS1_IMG_000467,DS1_IMG_000466,DS1_IMG_000467,bracelet_108,bracelet_108,0,0,Bracelet,Bracelet,train,1,positive,
DS1_IMG_000466__DS1_IMG_000468,DS1_IMG_000466,DS1_IMG_000468,bracelet_108,bracelet_108,0,0,Bracelet,Bracelet,train,1,positive,
DS1_IMG_000466__DS1_IMG_004021,DS1_IMG_000466,DS1_IMG_004021,bracelet_108,Screenshot_20181116-202936_1542450027786,0,4,Bracelet,Ring,train,0,negative,cross_category
DS1_IMG_000467__DS1_IMG_000468,DS1_IMG_000467,DS1_IMG_000468,bracelet_108,bracelet_108,0,0,Bracelet,Bracelet,train,1,positive,
DS1_IMG_000467__DS1_IMG_001321,DS1_IMG_000467,DS1_IMG_001321,bracelet_108,earring_463,0,1,Bracelet,Earrings,train,0,negative,cross_category
DS1_IMG_000467__DS1_IMG_001468,DS1_IMG_000467,DS1_IMG_001468,bracelet_108,images-80-,0,1,Bracelet,Earrings,train,0,negative,cross_category
DS1_IMG_000467__DS1_IMG_003881,DS1_IMG_000467,DS1_IMG_003881,bracelet_108,IMG_2870_451f1def,0,3,Bracelet,Pendant,train,0,negative,cross_category
DS1_IMG_000468__DS1_IMG_000868,DS1_IMG_000468,DS1_IMG_000868,bracelet_108,Resin-Rhinestone-Butterfly-Stud-Earrings__30519_zoom,0,1,Bracelet,Earrings,train,0,negative,cross_category
DS1_IMG_000468__DS1_IMG_002183,DS1_IMG_000468,DS1_IMG_002183,bracelet_108,IMG_1357_a815d20f,0,2,Bracelet,Necklace,train,0,negative,cross_category
DS1_IMG_000468__DS1_IMG_003954,DS1_IMG_000468,DS1_IMG_003954,bracelet_108,IMG_3515_3ed94d29,0,3,Bracelet,Pendant,train,0,negative,cross_category
DS1_IMG_000469__DS1_IMG_000470,DS1_IMG_000469,DS1_IMG_000470,bracelet_109,bracelet_109,0,0,Bracelet,Bracelet,train,1,positive,
DS1_IMG_000469__DS1_IMG_000471,DS1_IMG_000469,DS1_IMG_000471,bracelet_109,bracelet_109,0,0,Bracelet,Bracelet,train,1,positive,
DS1_IMG_000470__DS1_IMG_000471,DS1_IMG_000470,DS1_IMG_000471,bracelet_109,bracelet_109,0,0,Bracelet,Bracelet,train,1,positive,
DS1_IMG_000470__DS1_IMG_002259,DS1_IMG_000470,DS1_IMG_002259,bracelet_109,IMG_1428_5e4c7d87,0,2,Bracelet,Necklace,train,0,negative,cross_category
DS1_IMG_000470__DS1_IMG_004059,DS1_IMG_000470,DS1_IMG_004059,bracelet_109,Screenshot_20181116-204603_1542447556990,0,4,Bracelet,Ring,train,0,negative,cross_category
DS1_IMG_000471__DS1_IMG_001454,DS1_IMG_000471,DS1_IMG_001454,bracelet_109,images-74-,0,1,Bracelet,Earrings,train,0,negative,cross_category
DS1_IMG_000471__DS1_IMG_003830,DS1_IMG_000471,DS1_IMG_003830,bracelet_109,IMG_2750_393840e9,0,3,Bracelet,Pendant,train,0,negative,cross_category
DS1_IMG_000471__DS1_IMG_003908,DS1_IMG_000471,DS1_IMG_003908,bracelet_109,IMG_2911_4bf24190,0,3,Bracelet,Pendant,train,0,negative,cross_category
DS1_IMG_000471__DS1_IMG_003930,DS1_IMG_000471,DS1_IMG_003930,bracelet_109,IMG_2931_6b15625f,0,3,Bracelet,Pendant,train,0,negative,cross_category
DS1_IMG_000471__DS1_IMG_003969,DS1_IMG_000471,DS1_IMG_003969,bracelet_109,necklace_20241125_122545_08081c1c,0,3,Bracelet,Pendant,train,0,negative,cross_category
DS1_IMG_000471__DS1_IMG_004144,DS1_IMG_000471,DS1_IMG_004144,bracelet_109,ring_086,0,4,Bracelet,Ring,train,0,negative,cross_category
DS1_IMG_000471__DS1_IMG_004219,DS1_IMG_000471,DS1_IMG_004219,bracelet_109,ring_128,0,4,Bracelet,Ring,train,0,negative,cross_category
DS1_IMG_000475__DS1_IMG_000476,DS1_IMG_000475,DS1_IMG_000476,bracelet_111,bracelet_111,0,0,Bracelet,Bracelet,train,1,positive,
DS1_IMG_000475__DS1_IMG_000477,DS1_IMG_000475,DS1_IMG_000477,bracelet_111,bracelet_111,0,0,Bracelet,Bracelet,train,1,positive,
DS1_IMG_000475__DS1_IMG_002922,DS1_IMG_000475,DS1_IMG_002922,bracelet_111,IMG_2826_9283fa5c,0,2,Bracelet,Necklace,train,0,negative,cross_category
DS1_IMG_000475__DS1_IMG_004265,DS1_IMG_000475,DS1_IMG_004265,bracelet_111,ring_158,0,4,Bracelet,Ring,train,0,negative,cross_category
DS1_IMG_000476__DS1_IMG_000477,DS1_IMG_000476,DS1_IMG_000477,bracelet_111,bracelet_111,0,0,Bracelet,Bracelet,train,1,positive,
DS1_IMG_000476__DS1_IMG_001333,DS1_IMG_000476,DS1_IMG_001333,bracelet_111,earring_47,0,1,Bracelet,Earrings,train,0,negative,cross_category
DS1_IMG_000477__DS1_IMG_003469,DS1_IMG_000477,DS1_IMG_003469,bracelet_111,necklace_20241125_122545_00818181,0,2,Bracelet,Necklace,train,0,negative,cross_category
DS1_IMG_000477__DS1_IMG_003869,DS1_IMG_000477,DS1_IMG_003869,bracelet_111,IMG_2850_604c1d7b,0,3,Bracelet,Pendant,train,0,negative,cross_category
DS1_IMG_000477__DS1_IMG_004159,DS1_IMG_000477,DS1_IMG_004159,bracelet_111,ring_092,0,4,Bracelet,Ring,train,0,negative,cross_category
DS1_IMG_000478__DS1_IMG_000479,DS1_IMG_000478,DS1_IMG_000479,bracelet_112,bracelet_112,0,0,Bracelet,Bracelet,train,1,positive,
DS1_IMG_000478__DS1_IMG_001502,DS1_IMG_000478,DS1_IMG_001502,bracelet_112,new-tassel-turquiose-silk-thread-earrings-fringe-with-resin-stone_553269_1534919450_1_600x600,0,1,Bracelet,Earrings,train,0,negative,cross_category
DS1_IMG_000478__DS1_IMG_003108,DS1_IMG_000478,DS1_IMG_003108,bracelet_112,IMG_3134_e2481f1e,0,2,Bracelet,Necklace,train,0,negative,cross_category
DS1_IMG_000478__DS1_IMG_003802,DS1_IMG_000478,DS1_IMG_003802,bracelet_112,IMG_2379_ad6a1bf5,0,3,Bracelet,Pendant,train,0,negative,cross_category
DS1_IMG_000478__DS1_IMG_004161,DS1_IMG_000478,DS1_IMG_004161,bracelet_112,ring_093,0,4,Bracelet,Ring,train,0,negative,cross_category
DS1_IMG_000479__DS1_IMG_001735,DS1_IMG_000479,DS1_IMG_001735,bracelet_112,IMG_0441-1-_97d821c1,0,2,Bracelet,Necklace,train,0,negative,cross_category
DS1_IMG_000479__DS1_IMG_004153,DS1_IMG_000479,DS1_IMG_004153,bracelet_112,ring_089,0,4,Bracelet,Ring,train,0,negative,cross_category
DS1_IMG_000479__DS1_IMG_004265,DS1_IMG_000479,DS1_IMG_004265,bracelet_112,ring_158,0,4,Bracelet,Ring,train,0,negative,cross_category
DS1_IMG_000480__DS1_IMG_000481,DS1_IMG_000480,DS1_IMG_000481,bracelet_113,bracelet_113,0,0,Bracelet,Bracelet,train,1,positive,
DS1_IMG_000480__DS1_IMG_000482,DS1_IMG_000480,DS1_IMG_000482,bracelet_113,bracelet_113,0,0,Bracelet,Bracelet,train,1,positive,
DS1_IMG_000480__DS1_IMG_001596,DS1_IMG_000480,DS1_IMG_001596,bracelet_113,IMG_0271_9289ffcf,0,2,Bracelet,Necklace,train,0,negative,cross_category
DS1_IMG_000480__DS1_IMG_003900,DS1_IMG_000480,DS1_IMG_003900,bracelet_113,IMG_2900_b470bf1b,0,3,Bracelet,Pendant,train,0,negative,cross_category
DS1_IMG_000481__DS1_IMG_000482,DS1_IMG_000481,DS1_IMG_000482,bracelet_113,bracelet_113,0,0,Bracelet,Bracelet,train,1,positive,
DS1_IMG_000481__DS1_IMG_001342,DS1_IMG_000481,DS1_IMG_001342,bracelet_113,earring_56,0,1,Bracelet,Earrings,train,0,negative,cross_category
DS1_IMG_000481__DS1_IMG_002398,DS1_IMG_000481,DS1_IMG_002398,bracelet_113,IMG_1536_7f9b1214,0,2,Bracelet,Necklace,train,0,negative,cross_category
DS1_IMG_000481__DS1_IMG_003755,DS1_IMG_000481,DS1_IMG_003755,bracelet_113,IMG_0911_ecd59d89,0,3,Bracelet,Pendant,train,0,negative,cross_category
DS1_IMG_000481__DS1_IMG_003974,DS1_IMG_000481,DS1_IMG_003974,bracelet_113,necklace_20241125_122545_20212176,0,3,Bracelet,Pendant,train,0,negative,cross_category
DS1_IMG_000481__DS1_IMG_004130,DS1_IMG_000481,DS1_IMG_004130,bracelet_113,ring_080,0,4,Bracelet,Ring,train,0,negative,cross_category
DS1_IMG_000482__DS1_IMG_003813,DS1_IMG_000482,DS1_IMG_003813,bracelet_113,IMG_2457_895e154f,0,3,Bracelet,Pendant,train,0,negative,cross_category
DS1_IMG_000483__DS1_IMG_000484,DS1_IMG_000483,DS1_IMG_000484,bracelet_117,bracelet_117,0,0,Bracelet,Bracelet,train,1,positive,
DS1_IMG_000483__DS1_IMG_000485,DS1_IMG_000483,DS1_IMG_000485,bracelet_117,bracelet_117,0,0,Bracelet,Bracelet,train,1,positive,
DS1_IMG_000483__DS1_IMG_002751,DS1_IMG_000483,DS1_IMG_002751,bracelet_117,IMG_2287_17a19ef3,0,2,Bracelet,Necklace,train,0,negative,cross_category
DS1_IMG_000483__DS1_IMG_004058,DS1_IMG_000483,DS1_IMG_004058,bracelet_117,Screenshot_20181116-204603_1542447556990,0,4,Bracelet,Ring,train,0,negative,cross_category
DS1_IMG_000483__DS1_IMG_004059,DS1_IMG_000483,DS1_IMG_004059,bracelet_117,Screenshot_20181116-204603_1542447556990,0,4,Bracelet,Ring,train,0,negative,cross_category
DS1_IMG_000484__DS1_IMG_000485,DS1_IMG_000484,DS1_IMG_000485,bracelet_117,bracelet_117,0,0,Bracelet,Bracelet,train,1,positive,
DS1_IMG_000484__DS1_IMG_003670,DS1_IMG_000484,DS1_IMG_003670,bracelet_117,IMG_0371_d1d4878f,0,3,Bracelet,Pendant,train,0,negative,cross_category
DS1_IMG_000485__DS1_IMG_000889,DS1_IMG_000485,DS1_IMG_000889,bracelet_117,Screenshot_20181121-045031,0,1,Bracelet,Earrings,train,0,negative,cross_category
DS1_IMG_000486__DS1_IMG_000487,DS1_IMG_000486,DS1_IMG_000487,bracelet_118,bracelet_118,0,0,Bracelet,Bracelet,train,1,positive,
DS1_IMG_000486__DS1_IMG_000488,DS1_IMG_000486,DS1_IMG_000488,bracelet_118,bracelet_118,0,0,Bracelet,Bracelet,train,1,positive,
DS1_IMG_000486__DS1_IMG_001471,DS1_IMG_000486,DS1_IMG_001471,bracelet_118,images-82-,0,1,Bracelet,Earrings,train,0,negative,cross_category
DS1_IMG_000486__DS1_IMG_003944,DS1_IMG_000486,DS1_IMG_003944,bracelet_118,IMG_3467_d962189e,0,3,Bracelet,Pendant,train,0,negative,cross_category
DS1_IMG_000487__DS1_IMG_000488,DS1_IMG_000487,DS1_IMG_000488,bracelet_118,bracelet_118,0,0,Bracelet,Bracelet,train,1,positive,
DS1_IMG_000487__DS1_IMG_000818,DS1_IMG_000487,DS1_IMG_000818,bracelet_118,IMG_2149_63a6aecb,0,1,Bracelet,Earrings,train,0,negative,cross_category
DS1_IMG_000487__DS1_IMG_003942,DS1_IMG_000487,DS1_IMG_003942,bracelet_118,IMG_2943_c72380bb,0,3,Bracelet,Pendant,train,0,negative,cross_category
DS1_IMG_000487__DS1_IMG_004149,DS1_IMG_000487,DS1_IMG_004149,bracelet_118,ring_088,0,4,Bracelet,Ring,train,0,negative,cross_category
DS1_IMG_000488__DS1_IMG_003991,DS1_IMG_000488,DS1_IMG_003991,bracelet_118,necklace_20241125_122545_6063e3a7,0,3,Bracelet,Pendant,train,0,negative,cross_category
DS1_IMG_000489__DS1_IMG_000490,DS1_IMG_000489,DS1_IMG_000490,bracelet_119,bracelet_119,0,0,Bracelet,Bracelet,train,1,positive,
DS1_IMG_000489__DS1_IMG_000906,DS1_IMG_000489,DS1_IMG_000906,bracelet_119,Screenshot_20190101-212741_1546422287531,0,1,Bracelet,Earrings,train,0,negative,cross_category
DS1_IMG_000489__DS1_IMG_002726,DS1_IMG_000489,DS1_IMG_002726,bracelet_119,IMG_2263_9d418fb5,0,2,Bracelet,Necklace,train,0,negative,cross_category
DS1_IMG_000489__DS1_IMG_003728,DS1_IMG_000489,DS1_IMG_003728,bracelet_119,IMG_0845_2d416634,0,3,Bracelet,Pendant,train,0,negative,cross_category
DS1_IMG_000490__DS1_IMG_001142,DS1_IMG_000490,DS1_IMG_001142,bracelet_119,earring_275,0,1,Bracelet,Earrings,train,0,negative,cross_category
DS1_IMG_000490__DS1_IMG_003619,DS1_IMG_000490,DS1_IMG_003619,bracelet_119,necklace_67,0,2,Bracelet,Necklace,train,0,negative,cross_category
DS1_IMG_000491__DS1_IMG_000492,DS1_IMG_000491,DS1_IMG_000492,bracelet_121,bracelet_121,0,0,Bracelet,Bracelet,train,1,positive,
DS1_IMG_000491__DS1_IMG_000493,DS1_IMG_000491,DS1_IMG_000493,bracelet_121,bracelet_121,0,0,Bracelet,Bracelet,train,1,positive,
DS1_IMG_000492__DS1_IMG_000493,DS1_IMG_000492,DS1_IMG_000493,bracelet_121,bracelet_121,0,0,Bracelet,Bracelet,train,1,positive,
DS1_IMG_000492__DS1_IMG_000951,DS1_IMG_000492,DS1_IMG_000951,bracelet_121,earring_118,0,1,Bracelet,Earrings,train,0,negative,cross_category
DS1_IMG_000492__DS1_IMG_001304,DS1_IMG_000492,DS1_IMG_001304,bracelet_121,earring_444,0,1,Bracelet,Earrings,train,0,negative,cross_category
DS1_IMG_000492__DS1_IMG_001884,DS1_IMG_000492,DS1_IMG_001884,bracelet_121,IMG_0537-1-_6492be50,0,2,Bracelet,Necklace,train,0,negative,cross_category
DS1_IMG_000492__DS1_IMG_004029,DS1_IMG_000492,DS1_IMG_004029,bracelet_121,Screenshot_20181116-203109_1542449890237,0,4,Bracelet,Ring,train,0,negative,cross_category
DS1_IMG_000493__DS1_IMG_003727,DS1_IMG_000493,DS1_IMG_003727,bracelet_121,IMG_0842_54be0d37,0,3,Bracelet,Pendant,train,0,negative,cross_category
DS1_IMG_000494__DS1_IMG_000495,DS1_IMG_000494,DS1_IMG_000495,bracelet_122,bracelet_122,0,0,Bracelet,Bracelet,train,1,positive,
DS1_IMG_000494__DS1_IMG_004264,DS1_IMG_000494,DS1_IMG_004264,bracelet_122,ring_158,0,4,Bracelet,Ring,train,0,negative,cross_category
DS1_IMG_000495__DS1_IMG_000984,DS1_IMG_000495,DS1_IMG_000984,bracelet_122,earring_143,0,1,Bracelet,Earrings,train,0,negative,cross_category
DS1_IMG_000495__DS1_IMG_001003,DS1_IMG_000495,DS1_IMG_001003,bracelet_122,earring_156,0,1,Bracelet,Earrings,train,0,negative,cross_category
DS1_IMG_000495__DS1_IMG_001195,DS1_IMG_000495,DS1_IMG_001195,bracelet_122,earring_334,0,1,Bracelet,Earrings,train,0,negative,cross_category
DS1_IMG_000495__DS1_IMG_004084,DS1_IMG_000495,DS1_IMG_004084,bracelet_122,ring_051,0,4,Bracelet,Ring,train,0,negative,cross_category
DS1_IMG_000499__DS1_IMG_000500,DS1_IMG_000499,DS1_IMG_000500,bracelet_124,bracelet_124,0,0,Bracelet,Bracelet,train,1,positive,
DS1_IMG_000499__DS1_IMG_000501,DS1_IMG_000499,DS1_IMG_000501,bracelet_124,bracelet_124,0,0,Bracelet,Bracelet,train,1,positive,
DS1_IMG_000499__DS1_IMG_002838,DS1_IMG_000499,DS1_IMG_002838,bracelet_124,IMG_2399_9425c3bd,0,2,Bracelet,Necklace,train,0,negative,cross_category
DS1_IMG_000499__DS1_IMG_003825,DS1_IMG_000499,DS1_IMG_003825,bracelet_124,IMG_2512_be8d407f,0,3,Bracelet,Pendant,train,0,negative,cross_category
DS1_IMG_000499__DS1_IMG_004248,DS1_IMG_000499,DS1_IMG_004248,bracelet_124,ring_148,0,4,Bracelet,Ring,train,0,negative,cross_category
DS1_IMG_000500__DS1_IMG_000501,DS1_IMG_000500,DS1_IMG_000501,bracelet_124,bracelet_124,0,0,Bracelet,Bracelet,train,1,positive,
DS1_IMG_000500__DS1_IMG_001111,DS1_IMG_000500,DS1_IMG_001111,bracelet_124,earring_251,0,1,Bracelet,Earrings,train,0,negative,cross_category
DS1_IMG_000500__DS1_IMG_003468,DS1_IMG_000500,DS1_IMG_003468,bracelet_124,necklace_20241125_122545_00818181,0,2,Bracelet,Necklace,train,0,negative,cross_category
DS1_IMG_000500__DS1_IMG_003853,DS1_IMG_000500,DS1_IMG_003853,bracelet_124,IMG_2828_c95edb5d,0,3,Bracelet,Pendant,train,0,negative,cross_category
DS1_IMG_000501__DS1_IMG_003871,DS1_IMG_000501,DS1_IMG_003871,bracelet_124,IMG_2850_604c1d7b,0,3,Bracelet,Pendant,train,0,negative,cross_category
DS1_IMG_000505__DS1_IMG_000506,DS1_IMG_000505,DS1_IMG_000506,bracelet_129,bracelet_129,0,0,Bracelet,Bracelet,train,1,positive,
DS1_IMG_000505__DS1_IMG_000507,DS1_IMG_000505,DS1_IMG_000507,bracelet_129,bracelet_129,0,0,Bracelet,Bracelet,train,1,positive,
DS1_IMG_000505__DS1_IMG_004269,DS1_IMG_000505,DS1_IMG_004269,bracelet_129,ring_159,0,4,Bracelet,Ring,train,0,negative,cross_category
DS1_IMG_000506__DS1_IMG_000507,DS1_IMG_000506,DS1_IMG_000507,bracelet_129,bracelet_129,0,0,Bracelet,Bracelet,train,1,positive,
DS1_IMG_000506__DS1_IMG_003856,DS1_IMG_000506,DS1_IMG_003856,bracelet_129,IMG_2836_db94d1e7,0,3,Bracelet,Pendant,train,0,negative,cross_category
DS1_IMG_000507__DS1_IMG_000792,DS1_IMG_000507,DS1_IMG_000792,bracelet_129,IMG_1598_6554f616,0,1,Bracelet,Earrings,train,0,negative,cross_category
DS1_IMG_000507__DS1_IMG_004151,DS1_IMG_000507,DS1_IMG_004151,bracelet_129,ring_088,0,4,Bracelet,Ring,train,0,negative,cross_category
DS1_IMG_000508__DS1_IMG_000509,DS1_IMG_000508,DS1_IMG_000509,bracelet_130,bracelet_130,0,0,Bracelet,Bracelet,train,1,positive,
DS1_IMG_000509__DS1_IMG_000942,DS1_IMG_000509,DS1_IMG_000942,bracelet_130,earring_112,0,1,Bracelet,Earrings,train,0,negative,cross_category
DS1_IMG_000509__DS1_IMG_003687,DS1_IMG_000509,DS1_IMG_003687,bracelet_130,IMG_0471_02f2128e,0,3,Bracelet,Pendant,train,0,negative,cross_category
DS1_IMG_000510__DS1_IMG_000511,DS1_IMG_000510,DS1_IMG_000511,bracelet_131,bracelet_131,0,0,Bracelet,Bracelet,train,1,positive,
DS1_IMG_000510__DS1_IMG_000512,DS1_IMG_000510,DS1_IMG_000512,bracelet_131,bracelet_131,0,0,Bracelet,Bracelet,train,1,positive,
DS1_IMG_000510__DS1_IMG_003405,DS1_IMG_000510,DS1_IMG_003405,bracelet_131,necklace_165,0,2,Bracelet,Necklace,train,0,negative,cross_category
DS1_IMG_000510__DS1_IMG_004155,DS1_IMG_000510,DS1_IMG_004155,bracelet_131,ring_091,0,4,Bracelet,Ring,train,0,negative,cross_category
DS1_IMG_000511__DS1_IMG_000512,DS1_IMG_000511,DS1_IMG_000512,bracelet_131,bracelet_131,0,0,Bracelet,Bracelet,train,1,positive,
DS1_IMG_000512__DS1_IMG_003899,DS1_IMG_000512,DS1_IMG_003899,bracelet_131,IMG_2900_b470bf1b,0,3,Bracelet,Pendant,train,0,negative,cross_category
DS1_IMG_000513__DS1_IMG_000514,DS1_IMG_000513,DS1_IMG_000514,bracelet_134,bracelet_134,0,0,Bracelet,Bracelet,train,1,positive,
DS1_IMG_000513__DS1_IMG_001255,DS1_IMG_000513,DS1_IMG_001255,bracelet_134,earring_382,0,1,Bracelet,Earrings,train,0,negative,cross_category
DS1_IMG_000514__DS1_IMG_002646,DS1_IMG_000514,DS1_IMG_002646,bracelet_134,IMG_2212_90baac46,0,2,Bracelet,Necklace,train,0,negative,cross_category
DS1_IMG_000515__DS1_IMG_000516,DS1_IMG_000515,DS1_IMG_000516,bracelet_135,bracelet_135,0,0,Bracelet,Bracelet,train,1,positive,
DS1_IMG_000515__DS1_IMG_001801,DS1_IMG_000515,DS1_IMG_001801,bracelet_135,IMG_0497-1-_8fdd236c,0,2,Bracelet,Necklace,train,0,negative,cross_category
DS1_IMG_000515__DS1_IMG_003786,DS1_IMG_000515,DS1_IMG_003786,bracelet_135,IMG_2186_10d4d23b,0,3,Bracelet,Pendant,train,0,negative,cross_category
DS1_IMG_000516__DS1_IMG_001940,DS1_IMG_000516,DS1_IMG_001940,bracelet_135,IMG_0568_75bfef59,0,2,Bracelet,Necklace,train,0,negative,cross_category
DS1_IMG_000516__DS1_IMG_003833,DS1_IMG_000516,DS1_IMG_003833,bracelet_135,IMG_2801_3215b841,0,3,Bracelet,Pendant,train,0,negative,cross_category
DS1_IMG_000517__DS1_IMG_000518,DS1_IMG_000517,DS1_IMG_000518,bracelet_141,bracelet_141,0,0,Bracelet,Bracelet,train,1,positive,
DS1_IMG_000517__DS1_IMG_000519,DS1_IMG_000517,DS1_IMG_000519,bracelet_141,bracelet_141,0,0,Bracelet,Bracelet,train,1,positive,
DS1_IMG_000517__DS1_IMG_003919,DS1_IMG_000517,DS1_IMG_003919,bracelet_141,IMG_2918_dbac9ef3,0,3,Bracelet,Pendant,train,0,negative,cross_category
DS1_IMG_000518__DS1_IMG_000519,DS1_IMG_000518,DS1_IMG_000519,bracelet_141,bracelet_141,0,0,Bracelet,Bracelet,train,1,positive,
DS1_IMG_000518__DS1_IMG_001264,DS1_IMG_000518,DS1_IMG_001264,bracelet_141,earring_395,0,1,Bracelet,Earrings,train,0,negative,cross_category
DS1_IMG_000519__DS1_IMG_001131,DS1_IMG_000519,DS1_IMG_001131,bracelet_141,earring_267,0,1,Bracelet,Earrings,train,0,negative,cross_category
DS1_IMG_000519__DS1_IMG_002533,DS1_IMG_000519,DS1_IMG_002533,bracelet_141,IMG_1850_77cd24da,0,2,Bracelet,Necklace,train,0,negative,cross_category
DS1_IMG_000519__DS1_IMG_002598,DS1_IMG_000519,DS1_IMG_002598,bracelet_141,IMG_2147_98ed9476,0,2,Bracelet,Necklace,train,0,negative,cross_category
DS1_IMG_000519__DS1_IMG_002669,DS1_IMG_000519,DS1_IMG_002669,bracelet_141,IMG_2223_b6582e3d,0,2,Bracelet,Necklace,train,0,negative,cross_category
DS1_IMG_000519__DS1_IMG_003650,DS1_IMG_000519,DS1_IMG_003650,bracelet_141,necklace_93,0,2,Bracelet,Necklace,train,0,negative,cross_category
DS1_IMG_000519__DS1_IMG_004200,DS1_IMG_000519,DS1_IMG_004200,bracelet_141,ring_116,0,4,Bracelet,Ring,train,0,negative,cross_category
DS1_IMG_000520__DS1_IMG_000521,DS1_IMG_000520,DS1_IMG_000521,bracelet_143,bracelet_143,0,0,Bracelet,Bracelet,train,1,positive,
DS1_IMG_000520__DS1_IMG_000522,DS1_IMG_000520,DS1_IMG_000522,bracelet_143,bracelet_143,0,0,Bracelet,Bracelet,train,1,positive,
DS1_IMG_000521__DS1_IMG_000522,DS1_IMG_000521,DS1_IMG_000522,bracelet_143,bracelet_143,0,0,Bracelet,Bracelet,train,1,positive,
DS1_IMG_000521__DS1_IMG_004085,DS1_IMG_000521,DS1_IMG_004085,bracelet_143,ring_054,0,4,Bracelet,Ring,train,0,negative,cross_category
DS1_IMG_000523__DS1_IMG_000524,DS1_IMG_000523,DS1_IMG_000524,bracelet_144,bracelet_144,0,0,Bracelet,Bracelet,train,1,positive,
DS1_IMG_000523__DS1_IMG_000525,DS1_IMG_000523,DS1_IMG_000525,bracelet_144,bracelet_144,0,0,Bracelet,Bracelet,train,1,positive,
DS1_IMG_000523__DS1_IMG_000859,DS1_IMG_000523,DS1_IMG_000859,bracelet_144,New-Design-Elegant-Long-Thread-Fashion-Dangle-Tassel-Earrings,0,1,Bracelet,Earrings,train,0,negative,cross_category
DS1_IMG_000523__DS1_IMG_002630,DS1_IMG_000523,DS1_IMG_002630,bracelet_144,IMG_2203_8418a1ef,0,2,Bracelet,Necklace,train,0,negative,cross_category
DS1_IMG_000523__DS1_IMG_003268,DS1_IMG_000523,DS1_IMG_003268,bracelet_144,IMG_3569_cca2c3b5,0,2,Bracelet,Necklace,train,0,negative,cross_category
DS1_IMG_000524__DS1_IMG_000525,DS1_IMG_000524,DS1_IMG_000525,bracelet_144,bracelet_144,0,0,Bracelet,Bracelet,train,1,positive,
DS1_IMG_000524__DS1_IMG_001986,DS1_IMG_000524,DS1_IMG_001986,bracelet_144,IMG_0589-1-_7972f252,0,2,Bracelet,Necklace,train,0,negative,cross_category
DS1_IMG_000524__DS1_IMG_002705,DS1_IMG_000524,DS1_IMG_002705,bracelet_144,IMG_2245_a2950813,0,2,Bracelet,Necklace,train,0,negative,cross_category
DS1_IMG_000524__DS1_IMG_003719,DS1_IMG_000524,DS1_IMG_003719,bracelet_144,IMG_0811_ccf24bcc,0,3,Bracelet,Pendant,train,0,negative,cross_category
DS1_IMG_000524__DS1_IMG_003831,DS1_IMG_000524,DS1_IMG_003831,bracelet_144,IMG_2750_393840e9,0,3,Bracelet,Pendant,train,0,negative,cross_category
DS1_IMG_000524__DS1_IMG_003912,DS1_IMG_000524,DS1_IMG_003912,bracelet_144,IMG_2912_9176f0b9,0,3,Bracelet,Pendant,train,0,negative,cross_category
DS1_IMG_000525__DS1_IMG_001225,DS1_IMG_000525,DS1_IMG_001225,bracelet_144,earring_358,0,1,Bracelet,Earrings,train,0,negative,cross_category
DS1_IMG_000525__DS1_IMG_002149,DS1_IMG_000525,DS1_IMG_002149,bracelet_144,IMG_1334_09eb1a6d,0,2,Bracelet,Necklace,train,0,negative,cross_category
DS1_IMG_000525__DS1_IMG_003667,DS1_IMG_000525,DS1_IMG_003667,bracelet_144,IMG_0255_bd4ecf03,0,3,Bracelet,Pendant,train,0,negative,cross_category
DS1_IMG_000525__DS1_IMG_003784,DS1_IMG_000525,DS1_IMG_003784,bracelet_144,IMG_2181_9f77e4aa,0,3,Bracelet,Pendant,train,0,negative,cross_category
DS1_IMG_000525__DS1_IMG_003834,DS1_IMG_000525,DS1_IMG_003834,bracelet_144,IMG_2801_3215b841,0,3,Bracelet,Pendant,train,0,negative,cross_category
DS1_IMG_000526__DS1_IMG_000527,DS1_IMG_000526,DS1_IMG_000527,bracelet_146,bracelet_146,0,0,Bracelet,Bracelet,train,1,positive,
DS1_IMG_000526__DS1_IMG_000931,DS1_IMG_000526,DS1_IMG_000931,bracelet_146,beautiful-fancy-peacock-earring-with-hanging-drops-11-250x250,0,1,Bracelet,Earrings,train,0,negative,cross_category
DS1_IMG_000527__DS1_IMG_002022,DS1_IMG_000527,DS1_IMG_002022,bracelet_146,IMG_0603-1-_387660cd,0,2,Bracelet,Necklace,train,0,negative,cross_category
DS1_IMG_000527__DS1_IMG_002768,DS1_IMG_000527,DS1_IMG_002768,bracelet_146,IMG_2305_f7da93de,0,2,Bracelet,Necklace,train,0,negative,cross_category
DS1_IMG_000527__DS1_IMG_004296,DS1_IMG_000527,DS1_IMG_004296,bracelet_146,ring_179,0,4,Bracelet,Ring,train,0,negative,cross_category
DS1_IMG_000528__DS1_IMG_000529,DS1_IMG_000528,DS1_IMG_000529,bracelet_147,bracelet_147,0,0,Bracelet,Bracelet,train,1,positive,
DS1_IMG_000528__DS1_IMG_000530,DS1_IMG_000528,DS1_IMG_000530,bracelet_147,bracelet_147,0,0,Bracelet,Bracelet,train,1,positive,
DS1_IMG_000528__DS1_IMG_003451,DS1_IMG_000528,DS1_IMG_003451,bracelet_147,necklace_20241125_122545_00183e3c,0,2,Bracelet,Necklace,train,0,negative,cross_category
DS1_IMG_000528__DS1_IMG_003826,DS1_IMG_000528,DS1_IMG_003826,bracelet_147,IMG_2512_be8d407f,0,3,Bracelet,Pendant,train,0,negative,cross_category
DS1_IMG_000528__DS1_IMG_004259,DS1_IMG_000528,DS1_IMG_004259,bracelet_147,ring_156,0,4,Bracelet,Ring,train,0,negative,cross_category
DS1_IMG_000528__DS1_IMG_004271,DS1_IMG_000528,DS1_IMG_004271,bracelet_147,ring_162,0,4,Bracelet,Ring,train,0,negative,cross_category
DS1_IMG_000529__DS1_IMG_000530,DS1_IMG_000529,DS1_IMG_000530,bracelet_147,bracelet_147,0,0,Bracelet,Bracelet,train,1,positive,
DS1_IMG_000529__DS1_IMG_003779,DS1_IMG_000529,DS1_IMG_003779,bracelet_147,IMG_1568_07ccbeb1,0,3,Bracelet,Pendant,train,0,negative,cross_category
DS1_IMG_000530__DS1_IMG_003179,DS1_IMG_000530,DS1_IMG_003179,bracelet_147,IMG_3518_909c4cb9,0,2,Bracelet,Necklace,train,0,negative,cross_category
DS1_IMG_000530__DS1_IMG_003929,DS1_IMG_000530,DS1_IMG_003929,bracelet_147,IMG_2931_6b15625f,0,3,Bracelet,Pendant,train,0,negative,cross_category
DS1_IMG_000531__DS1_IMG_000532,DS1_IMG_000531,DS1_IMG_000532,bracelet_148,bracelet_148,0,0,Bracelet,Bracelet,train,1,positive,
DS1_IMG_000531__DS1_IMG_000533,DS1_IMG_000531,DS1_IMG_000533,bracelet_148,bracelet_148,0,0,Bracelet,Bracelet,train,1,positive,
DS1_IMG_000531__DS1_IMG_001213,DS1_IMG_000531,DS1_IMG_001213,bracelet_148,earring_349,0,1,Bracelet,Earrings,train,0,negative,cross_category
DS1_IMG_000531__DS1_IMG_003666,DS1_IMG_000531,DS1_IMG_003666,bracelet_148,IMG_0255_bd4ecf03,0,3,Bracelet,Pendant,train,0,negative,cross_category
DS1_IMG_000532__DS1_IMG_000533,DS1_IMG_000532,DS1_IMG_000533,bracelet_148,bracelet_148,0,0,Bracelet,Bracelet,train,1,positive,
DS1_IMG_000532__DS1_IMG_000914,DS1_IMG_000532,DS1_IMG_000914,bracelet_148,Turquoise-Bracelet-Sterling-Silver-Vintage-Bracelet-full-5-720-19-l-59-ea,0,1,Bracelet,Earrings,train,0,negative,cross_category
DS1_IMG_000532__DS1_IMG_001917,DS1_IMG_000532,DS1_IMG_001917,bracelet_148,IMG_0557_f6f772f1,0,2,Bracelet,Necklace,train,0,negative,cross_category
DS1_IMG_000532__DS1_IMG_003996,DS1_IMG_000532,DS1_IMG_003996,bracelet_148,necklace_20241125_122545_94000018,0,3,Bracelet,Pendant,train,0,negative,cross_category
DS1_IMG_000532__DS1_IMG_004071,DS1_IMG_000532,DS1_IMG_004071,bracelet_148,ring_047,0,4,Bracelet,Ring,train,0,negative,cross_category
DS1_IMG_000533__DS1_IMG_003724,DS1_IMG_000533,DS1_IMG_003724,bracelet_148,IMG_0841_55d04e95,0,3,Bracelet,Pendant,train,0,negative,cross_category
DS1_IMG_000534__DS1_IMG_000535,DS1_IMG_000534,DS1_IMG_000535,bracelet_149,bracelet_149,0,0,Bracelet,Bracelet,train,1,positive,
DS1_IMG_000534__DS1_IMG_000536,DS1_IMG_000534,DS1_IMG_000536,bracelet_149,bracelet_149,0,0,Bracelet,Bracelet,train,1,positive,
DS1_IMG_000534__DS1_IMG_002682,DS1_IMG_000534,DS1_IMG_002682,bracelet_149,IMG_2230_a8b8b24e,0,2,Bracelet,Necklace,train,0,negative,cross_category
DS1_IMG_000534__DS1_IMG_003250,DS1_IMG_000534,DS1_IMG_003250,bracelet_149,IMG_3554_8749868f,0,2,Bracelet,Necklace,train,0,negative,cross_category
DS1_IMG_000534__DS1_IMG_003887,DS1_IMG_000534,DS1_IMG_003887,bracelet_149,IMG_2877_c118c42c,0,3,Bracelet,Pendant,train,0,negative,cross_category
DS1_IMG_000534__DS1_IMG_003889,DS1_IMG_000534,DS1_IMG_003889,bracelet_149,IMG_2877_c118c42c,0,3,Bracelet,Pendant,train,0,negative,cross_category
DS1_IMG_000535__DS1_IMG_000536,DS1_IMG_000535,DS1_IMG_000536,bracelet_149,bracelet_149,0,0,Bracelet,Bracelet,train,1,positive,
DS1_IMG_000535__DS1_IMG_004184,DS1_IMG_000535,DS1_IMG_004184,bracelet_149,ring_110,0,4,Bracelet,Ring,train,0,negative,cross_category
DS1_IMG_000535__DS1_IMG_004269,DS1_IMG_000535,DS1_IMG_004269,bracelet_149,ring_159,0,4,Bracelet,Ring,train,0,negative,cross_category
DS1_IMG_000536__DS1_IMG_000971,DS1_IMG_000536,DS1_IMG_000971,bracelet_149,earring_135,0,1,Bracelet,Earrings,train,0,negative,cross_category
DS1_IMG_000536__DS1_IMG_003419,DS1_IMG_000536,DS1_IMG_003419,bracelet_149,necklace_177,0,2,Bracelet,Necklace,train,0,negative,cross_category
DS1_IMG_000536__DS1_IMG_003743,DS1_IMG_000536,DS1_IMG_003743,bracelet_149,IMG_0863_4e8ef7be,0,3,Bracelet,Pendant,train,0,negative,cross_category
DS1_IMG_000536__DS1_IMG_004214,DS1_IMG_000536,DS1_IMG_004214,bracelet_149,ring_124,0,4,Bracelet,Ring,train,0,negative,cross_category
DS1_IMG_000537__DS1_IMG_000538,DS1_IMG_000537,DS1_IMG_000538,bracelet_152,bracelet_152,0,0,Bracelet,Bracelet,train,1,positive,
DS1_IMG_000537__DS1_IMG_000539,DS1_IMG_000537,DS1_IMG_000539,bracelet_152,bracelet_152,0,0,Bracelet,Bracelet,train,1,positive,
DS1_IMG_000537__DS1_IMG_000999,DS1_IMG_000537,DS1_IMG_000999,bracelet_152,earring_152,0,1,Bracelet,Earrings,train,0,negative,cross_category
DS1_IMG_000537__DS1_IMG_002313,DS1_IMG_000537,DS1_IMG_002313,bracelet_152,IMG_1473_ca12a281,0,2,Bracelet,Necklace,train,0,negative,cross_category
DS1_IMG_000538__DS1_IMG_000539,DS1_IMG_000538,DS1_IMG_000539,bracelet_152,bracelet_152,0,0,Bracelet,Bracelet,train,1,positive,
DS1_IMG_000538__DS1_IMG_002695,DS1_IMG_000538,DS1_IMG_002695,bracelet_152,IMG_2241_3b280df7,0,2,Bracelet,Necklace,train,0,negative,cross_category
DS1_IMG_000538__DS1_IMG_003869,DS1_IMG_000538,DS1_IMG_003869,bracelet_152,IMG_2850_604c1d7b,0,3,Bracelet,Pendant,train,0,negative,cross_category
DS1_IMG_000538__DS1_IMG_004070,DS1_IMG_000538,DS1_IMG_004070,bracelet_152,ring_046,0,4,Bracelet,Ring,train,0,negative,cross_category
DS1_IMG_000538__DS1_IMG_004138,DS1_IMG_000538,DS1_IMG_004138,bracelet_152,ring_084,0,4,Bracelet,Ring,train,0,negative,cross_category
DS1_IMG_000538__DS1_IMG_004165,DS1_IMG_000538,DS1_IMG_004165,bracelet_152,ring_095,0,4,Bracelet,Ring,train,0,negative,cross_category
DS1_IMG_000539__DS1_IMG_001144,DS1_IMG_000539,DS1_IMG_001144,bracelet_152,earring_277,0,1,Bracelet,Earrings,train,0,negative,cross_category
DS1_IMG_000539__DS1_IMG_003755,DS1_IMG_000539,DS1_IMG_003755,bracelet_152,IMG_0911_ecd59d89,0,3,Bracelet,Pendant,train,0,negative,cross_category
DS1_IMG_000539__DS1_IMG_004327,DS1_IMG_000539,DS1_IMG_004327,bracelet_152,wedding-rings-jewellery-png-31,0,4,Bracelet,Ring,train,0,negative,cross_category
DS1_IMG_000545__DS1_IMG_000546,DS1_IMG_000545,DS1_IMG_000546,bracelet_155,bracelet_155,0,0,Bracelet,Bracelet,train,1,positive,
DS1_IMG_000545__DS1_IMG_000547,DS1_IMG_000545,DS1_IMG_000547,bracelet_155,bracelet_155,0,0,Bracelet,Bracelet,train,1,positive,
DS1_IMG_000545__DS1_IMG_001866,DS1_IMG_000545,DS1_IMG_001866,bracelet_155,IMG_0529_c0e7d577,0,2,Bracelet,Necklace,train,0,negative,cross_category
DS1_IMG_000546__DS1_IMG_000547,DS1_IMG_000546,DS1_IMG_000547,bracelet_155,bracelet_155,0,0,Bracelet,Bracelet,train,1,positive,
DS1_IMG_000546__DS1_IMG_002353,DS1_IMG_000546,DS1_IMG_002353,bracelet_155,IMG_1503_7c88ee1e,0,2,Bracelet,Necklace,train,0,negative,cross_category
DS1_IMG_000546__DS1_IMG_002763,DS1_IMG_000546,DS1_IMG_002763,bracelet_155,IMG_2300_5d6c66bc,0,2,Bracelet,Necklace,train,0,negative,cross_category
DS1_IMG_000546__DS1_IMG_003723,DS1_IMG_000546,DS1_IMG_003723,bracelet_155,IMG_0841_55d04e95,0,3,Bracelet,Pendant,train,0,negative,cross_category
DS1_IMG_000546__DS1_IMG_003877,DS1_IMG_000546,DS1_IMG_003877,bracelet_155,IMG_2860_b5be60fb,0,3,Bracelet,Pendant,train,0,negative,cross_category
DS1_IMG_000546__DS1_IMG_004088,DS1_IMG_000546,DS1_IMG_004088,bracelet_155,ring_055,0,4,Bracelet,Ring,train,0,negative,cross_category
DS1_IMG_000547__DS1_IMG_002883,DS1_IMG_000547,DS1_IMG_002883,bracelet_155,IMG_2434_7db51c4d,0,2,Bracelet,Necklace,train,0,negative,cross_category
DS1_IMG_000547__DS1_IMG_003799,DS1_IMG_000547,DS1_IMG_003799,bracelet_155,IMG_2371_c0acc0f4,0,3,Bracelet,Pendant,train,0,negative,cross_category
DS1_IMG_000547__DS1_IMG_004219,DS1_IMG_000547,DS1_IMG_004219,bracelet_155,ring_128,0,4,Bracelet,Ring,train,0,negative,cross_category
DS1_IMG_000551__DS1_IMG_000552,DS1_IMG_000551,DS1_IMG_000552,bracelet_158,bracelet_158,0,0,Bracelet,Bracelet,train,1,positive,
DS1_IMG_000551__DS1_IMG_000553,DS1_IMG_000551,DS1_IMG_000553,bracelet_158,bracelet_158,0,0,Bracelet,Bracelet,train,1,positive,
DS1_IMG_000551__DS1_IMG_001317,DS1_IMG_000551,DS1_IMG_001317,bracelet_158,earring_45,0,1,Bracelet,Earrings,train,0,negative,cross_category
DS1_IMG_000551__DS1_IMG_003988,DS1_IMG_000551,DS1_IMG_003988,bracelet_158,necklace_20241125_122545_586d69f7,0,3,Bracelet,Pendant,train,0,negative,cross_category
DS1_IMG_000552__DS1_IMG_000553,DS1_IMG_000552,DS1_IMG_000553,bracelet_158,bracelet_158,0,0,Bracelet,Bracelet,train,1,positive,
DS1_IMG_000552__DS1_IMG_003996,DS1_IMG_000552,DS1_IMG_003996,bracelet_158,necklace_20241125_122545_94000018,0,3,Bracelet,Pendant,train,0,negative,cross_category
DS1_IMG_000553__DS1_IMG_002868,DS1_IMG_000553,DS1_IMG_002868,bracelet_158,IMG_2423_debfc027,0,2,Bracelet,Necklace,train,0,negative,cross_category
DS1_IMG_000553__DS1_IMG_003667,DS1_IMG_000553,DS1_IMG_003667,bracelet_158,IMG_0255_bd4ecf03,0,3,Bracelet,Pendant,train,0,negative,cross_category
DS1_IMG_000554__DS1_IMG_000555,DS1_IMG_000554,DS1_IMG_000555,bracelet_159,bracelet_159,0,0,Bracelet,Bracelet,train,1,positive,
DS1_IMG_000554__DS1_IMG_001685,DS1_IMG_000554,DS1_IMG_001685,bracelet_159,IMG_0400_49c223c9,0,2,Bracelet,Necklace,train,0,negative,cross_category
DS1_IMG_000555__DS1_IMG_002492,DS1_IMG_000555,DS1_IMG_002492,bracelet_159,IMG_1634_9ee1ed82,0,2,Bracelet,Necklace,train,0,negative,cross_category
DS1_IMG_000555__DS1_IMG_004126,DS1_IMG_000555,DS1_IMG_004126,bracelet_159,ring_078,0,4,Bracelet,Ring,train,0,negative,cross_category
DS1_IMG_000561__DS1_IMG_000562,DS1_IMG_000561,DS1_IMG_000562,bracelet_162,bracelet_162,0,0,Bracelet,Bracelet,train,1,positive,
DS1_IMG_000561__DS1_IMG_000563,DS1_IMG_000561,DS1_IMG_000563,bracelet_162,bracelet_162,0,0,Bracelet,Bracelet,train,1,positive,
DS1_IMG_000561__DS1_IMG_004179,DS1_IMG_000561,DS1_IMG_004179,bracelet_162,ring_104,0,4,Bracelet,Ring,train,0,negative,cross_category
DS1_IMG_000562__DS1_IMG_000563,DS1_IMG_000562,DS1_IMG_000563,bracelet_162,bracelet_162,0,0,Bracelet,Bracelet,train,1,positive,
DS1_IMG_000562__DS1_IMG_002311,DS1_IMG_000562,DS1_IMG_002311,bracelet_162,IMG_1473_ca12a281,0,2,Bracelet,Necklace,train,0,negative,cross_category
DS1_IMG_000562__DS1_IMG_003293,DS1_IMG_000562,DS1_IMG_003293,bracelet_162,IMG_3579_8d4406ca,0,2,Bracelet,Necklace,train,0,negative,cross_category
DS1_IMG_000563__DS1_IMG_001212,DS1_IMG_000563,DS1_IMG_001212,bracelet_162,earring_349,0,1,Bracelet,Earrings,train,0,negative,cross_category
DS1_IMG_000563__DS1_IMG_003161,DS1_IMG_000563,DS1_IMG_003161,bracelet_162,IMG_3510_79b9f8e7,0,2,Bracelet,Necklace,train,0,negative,cross_category
DS1_IMG_000564__DS1_IMG_000565,DS1_IMG_000564,DS1_IMG_000565,bracelet_165,bracelet_165,0,0,Bracelet,Bracelet,train,1,positive,
DS1_IMG_000564__DS1_IMG_000566,DS1_IMG_000564,DS1_IMG_000566,bracelet_165,bracelet_165,0,0,Bracelet,Bracelet,train,1,positive,
DS1_IMG_000564__DS1_IMG_002150,DS1_IMG_000564,DS1_IMG_002150,bracelet_165,IMG_1334_09eb1a6d,0,2,Bracelet,Necklace,train,0,negative,cross_category
DS1_IMG_000564__DS1_IMG_003655,DS1_IMG_000564,DS1_IMG_003655,bracelet_165,necklace_95,0,2,Bracelet,Necklace,train,0,negative,cross_category
DS1_IMG_000564__DS1_IMG_004106,DS1_IMG_000564,DS1_IMG_004106,bracelet_165,ring_067,0,4,Bracelet,Ring,train,0,negative,cross_category
DS1_IMG_000565__DS1_IMG_000566,DS1_IMG_000565,DS1_IMG_000566,bracelet_165,bracelet_165,0,0,Bracelet,Bracelet,train,1,positive,
DS1_IMG_000565__DS1_IMG_004108,DS1_IMG_000565,DS1_IMG_004108,bracelet_165,ring_069,0,4,Bracelet,Ring,train,0,negative,cross_category
DS1_IMG_000566__DS1_IMG_003900,DS1_IMG_000566,DS1_IMG_003900,bracelet_165,IMG_2900_b470bf1b,0,3,Bracelet,Pendant,train,0,negative,cross_category
DS1_IMG_000567__DS1_IMG_000568,DS1_IMG_000567,DS1_IMG_000568,bracelet_167,bracelet_167,0,0,Bracelet,Bracelet,train,1,positive,
DS1_IMG_000567__DS1_IMG_000569,DS1_IMG_000567,DS1_IMG_000569,bracelet_167,bracelet_167,0,0,Bracelet,Bracelet,train,1,positive,
DS1_IMG_000567__DS1_IMG_001364,DS1_IMG_000567,DS1_IMG_001364,bracelet_167,earring_76,0,1,Bracelet,Earrings,train,0,negative,cross_category
DS1_IMG_000567__DS1_IMG_004166,DS1_IMG_000567,DS1_IMG_004166,bracelet_167,ring_096,0,4,Bracelet,Ring,train,0,negative,cross_category
DS1_IMG_000568__DS1_IMG_000569,DS1_IMG_000568,DS1_IMG_000569,bracelet_167,bracelet_167,0,0,Bracelet,Bracelet,train,1,positive,
DS1_IMG_000568__DS1_IMG_001026,DS1_IMG_000568,DS1_IMG_001026,bracelet_167,earring_174,0,1,Bracelet,Earrings,train,0,negative,cross_category
DS1_IMG_000568__DS1_IMG_002975,DS1_IMG_000568,DS1_IMG_002975,bracelet_167,IMG_2898_a1100695,0,2,Bracelet,Necklace,train,0,negative,cross_category
DS1_IMG_000568__DS1_IMG_003164,DS1_IMG_000568,DS1_IMG_003164,bracelet_167,IMG_3511_e74970e0,0,2,Bracelet,Necklace,train,0,negative,cross_category
DS1_IMG_000568__DS1_IMG_003452,DS1_IMG_000568,DS1_IMG_003452,bracelet_167,necklace_20241125_122545_00187c7e,0,2,Bracelet,Necklace,train,0,negative,cross_category
DS1_IMG_000568__DS1_IMG_003976,DS1_IMG_000568,DS1_IMG_003976,bracelet_167,necklace_20241125_122545_20212176,0,3,Bracelet,Pendant,train,0,negative,cross_category
DS1_IMG_000568__DS1_IMG_004187,DS1_IMG_000568,DS1_IMG_004187,bracelet_167,ring_111,0,4,Bracelet,Ring,train,0,negative,cross_category
DS1_IMG_000569__DS1_IMG_002013,DS1_IMG_000569,DS1_IMG_002013,bracelet_167,IMG_0598_55b6ccea,0,2,Bracelet,Necklace,train,0,negative,cross_category
DS1_IMG_000570__DS1_IMG_000571,DS1_IMG_000570,DS1_IMG_000571,bracelet_168,bracelet_168,0,0,Bracelet,Bracelet,train,1,positive,
DS1_IMG_000570__DS1_IMG_000941,DS1_IMG_000570,DS1_IMG_000941,bracelet_168,earring_112,0,1,Bracelet,Earrings,train,0,negative,cross_category
DS1_IMG_000570__DS1_IMG_003825,DS1_IMG_000570,DS1_IMG_003825,bracelet_168,IMG_2512_be8d407f,0,3,Bracelet,Pendant,train,0,negative,cross_category
DS1_IMG_000571__DS1_IMG_003866,DS1_IMG_000571,DS1_IMG_003866,bracelet_168,IMG_2846_3025b335,0,3,Bracelet,Pendant,train,0,negative,cross_category
DS1_IMG_000572__DS1_IMG_000573,DS1_IMG_000572,DS1_IMG_000573,bracelet_169,bracelet_169,0,0,Bracelet,Bracelet,train,1,positive,
DS1_IMG_000572__DS1_IMG_000574,DS1_IMG_000572,DS1_IMG_000574,bracelet_169,bracelet_169,0,0,Bracelet,Bracelet,train,1,positive,
DS1_IMG_000572__DS1_IMG_000929,DS1_IMG_000572,DS1_IMG_000929,bracelet_169,beautiful-fancy-peacock-earring-with-hanging-drops-11-250x250,0,1,Bracelet,Earrings,train,0,negative,cross_category
DS1_IMG_000572__DS1_IMG_001858,DS1_IMG_000572,DS1_IMG_001858,bracelet_169,IMG_0525_5424396e,0,2,Bracelet,Necklace,train,0,negative,cross_category
DS1_IMG_000573__DS1_IMG_000574,DS1_IMG_000573,DS1_IMG_000574,bracelet_169,bracelet_169,0,0,Bracelet,Bracelet,train,1,positive,
DS1_IMG_000573__DS1_IMG_001516,DS1_IMG_000573,DS1_IMG_001516,bracelet_169,other_20241125_122356_ffffffdb,0,1,Bracelet,Earrings,train,0,negative,cross_category
DS1_IMG_000573__DS1_IMG_004253,DS1_IMG_000573,DS1_IMG_004253,bracelet_169,ring_154,0,4,Bracelet,Ring,train,0,negative,cross_category
DS1_IMG_000574__DS1_IMG_001453,DS1_IMG_000574,DS1_IMG_001453,bracelet_169,images-74-,0,1,Bracelet,Earrings,train,0,negative,cross_category
DS1_IMG_000574__DS1_IMG_003913,DS1_IMG_000574,DS1_IMG_003913,bracelet_169,IMG_2912_9176f0b9,0,3,Bracelet,Pendant,train,0,negative,cross_category
DS1_IMG_000574__DS1_IMG_003919,DS1_IMG_000574,DS1_IMG_003919,bracelet_169,IMG_2918_dbac9ef3,0,3,Bracelet,Pendant,train,0,negative,cross_category
DS1_IMG_000575__DS1_IMG_000576,DS1_IMG_000575,DS1_IMG_000576,bracelet_170,bracelet_170,0,0,Bracelet,Bracelet,train,1,positive,
DS1_IMG_000575__DS1_IMG_000577,DS1_IMG_000575,DS1_IMG_000577,bracelet_170,bracelet_170,0,0,Bracelet,Bracelet,train,1,positive,
DS1_IMG_000575__DS1_IMG_004036,DS1_IMG_000575,DS1_IMG_004036,bracelet_170,Screenshot_20181116-203818_1542449673275,0,4,Bracelet,Ring,train,0,negative,cross_category
DS1_IMG_000576__DS1_IMG_000577,DS1_IMG_000576,DS1_IMG_000577,bracelet_170,bracelet_170,0,0,Bracelet,Bracelet,train,1,positive,
DS1_IMG_000576__DS1_IMG_003524,DS1_IMG_000576,DS1_IMG_003524,bracelet_170,necklace_20241125_122545_485f5f9f,0,2,Bracelet,Necklace,train,0,negative,cross_category
DS1_IMG_000576__DS1_IMG_003838,DS1_IMG_000576,DS1_IMG_003838,bracelet_170,IMG_2809_3cfb570f,0,3,Bracelet,Pendant,train,0,negative,cross_category
DS1_IMG_000577__DS1_IMG_003846,DS1_IMG_000577,DS1_IMG_003846,bracelet_170,IMG_2822_df249f8d,0,3,Bracelet,Pendant,train,0,negative,cross_category
DS1_IMG_000581__DS1_IMG_000582,DS1_IMG_000581,DS1_IMG_000582,bracelet_175,bracelet_175,0,0,Bracelet,Bracelet,train,1,positive,
DS1_IMG_000581__DS1_IMG_000583,DS1_IMG_000581,DS1_IMG_000583,bracelet_175,bracelet_175,0,0,Bracelet,Bracelet,train,1,positive,
DS1_IMG_000581__DS1_IMG_004268,DS1_IMG_000581,DS1_IMG_004268,bracelet_175,ring_159,0,4,Bracelet,Ring,train,0,negative,cross_category
DS1_IMG_000582__DS1_IMG_000583,DS1_IMG_000582,DS1_IMG_000583,bracelet_175,bracelet_175,0,0,Bracelet,Bracelet,train,1,positive,
DS1_IMG_000582__DS1_IMG_003756,DS1_IMG_000582,DS1_IMG_003756,bracelet_175,IMG_0911_ecd59d89,0,3,Bracelet,Pendant,train,0,negative,cross_category
DS1_IMG_000582__DS1_IMG_003952,DS1_IMG_000582,DS1_IMG_003952,bracelet_175,IMG_3508_c0ed2d28,0,3,Bracelet,Pendant,train,0,negative,cross_category
DS1_IMG_000583__DS1_IMG_004235,DS1_IMG_000583,DS1_IMG_004235,bracelet_175,ring_139,0,4,Bracelet,Ring,train,0,negative,cross_category
DS1_IMG_000589__DS1_IMG_000590,DS1_IMG_000589,DS1_IMG_000590,bracelet_179,bracelet_179,0,0,Bracelet,Bracelet,train,1,positive,
DS1_IMG_000589__DS1_IMG_000591,DS1_IMG_000589,DS1_IMG_000591,bracelet_179,bracelet_179,0,0,Bracelet,Bracelet,train,1,positive,
DS1_IMG_000589__DS1_IMG_003761,DS1_IMG_000589,DS1_IMG_003761,bracelet_179,IMG_1354_4b8275b6,0,3,Bracelet,Pendant,train,0,negative,cross_category
DS1_IMG_000589__DS1_IMG_004068,DS1_IMG_000589,DS1_IMG_004068,bracelet_179,ring_044,0,4,Bracelet,Ring,train,0,negative,cross_category
DS1_IMG_000589__DS1_IMG_004235,DS1_IMG_000589,DS1_IMG_004235,bracelet_179,ring_139,0,4,Bracelet,Ring,train,0,negative,cross_category
DS1_IMG_000590__DS1_IMG_000591,DS1_IMG_000590,DS1_IMG_000591,bracelet_179,bracelet_179,0,0,Bracelet,Bracelet,train,1,positive,
DS1_IMG_000590__DS1_IMG_003988,DS1_IMG_000590,DS1_IMG_003988,bracelet_179,necklace_20241125_122545_586d69f7,0,3,Bracelet,Pendant,train,0,negative,cross_category
DS1_IMG_000590__DS1_IMG_004271,DS1_IMG_000590,DS1_IMG_004271,bracelet_179,ring_162,0,4,Bracelet,Ring,train,0,negative,cross_category
DS1_IMG_000592__DS1_IMG_000593,DS1_IMG_000592,DS1_IMG_000593,bracelet_180,bracelet_180,0,0,Bracelet,Bracelet,train,1,positive,
DS1_IMG_000592__DS1_IMG_000594,DS1_IMG_000592,DS1_IMG_000594,bracelet_180,bracelet_180,0,0,Bracelet,Bracelet,train,1,positive,
DS1_IMG_000592__DS1_IMG_001708,DS1_IMG_000592,DS1_IMG_001708,bracelet_180,IMG_0411_1d0115a1,0,2,Bracelet,Necklace,train,0,negative,cross_category
DS1_IMG_000592__DS1_IMG_004071,DS1_IMG_000592,DS1_IMG_004071,bracelet_180,ring_047,0,4,Bracelet,Ring,train,0,negative,cross_category
DS1_IMG_000593__DS1_IMG_000594,DS1_IMG_000593,DS1_IMG_000594,bracelet_180,bracelet_180,0,0,Bracelet,Bracelet,train,1,positive,
DS1_IMG_000593__DS1_IMG_003900,DS1_IMG_000593,DS1_IMG_003900,bracelet_180,IMG_2900_b470bf1b,0,3,Bracelet,Pendant,train,0,negative,cross_category
DS1_IMG_000594__DS1_IMG_004299,DS1_IMG_000594,DS1_IMG_004299,bracelet_180,ring_180,0,4,Bracelet,Ring,train,0,negative,cross_category
DS1_IMG_000595__DS1_IMG_000596,DS1_IMG_000595,DS1_IMG_000596,bracelet_182,bracelet_182,0,0,Bracelet,Bracelet,train,1,positive,
DS1_IMG_000595__DS1_IMG_000597,DS1_IMG_000595,DS1_IMG_000597,bracelet_182,bracelet_182,0,0,Bracelet,Bracelet,train,1,positive,
DS1_IMG_000595__DS1_IMG_004071,DS1_IMG_000595,DS1_IMG_004071,bracelet_182,ring_047,0,4,Bracelet,Ring,train,0,negative,cross_category
DS1_IMG_000596__DS1_IMG_000597,DS1_IMG_000596,DS1_IMG_000597,bracelet_182,bracelet_182,0,0,Bracelet,Bracelet,train,1,positive,
DS1_IMG_000596__DS1_IMG_000941,DS1_IMG_000596,DS1_IMG_000941,bracelet_182,earring_112,0,1,Bracelet,Earrings,train,0,negative,cross_category
DS1_IMG_000597__DS1_IMG_002167,DS1_IMG_000597,DS1_IMG_002167,bracelet_182,IMG_1347_0e60935e,0,2,Bracelet,Necklace,train,0,negative,cross_category
DS1_IMG_000597__DS1_IMG_003452,DS1_IMG_000597,DS1_IMG_003452,bracelet_182,necklace_20241125_122545_00187c7e,0,2,Bracelet,Necklace,train,0,negative,cross_category
DS1_IMG_000598__DS1_IMG_000599,DS1_IMG_000598,DS1_IMG_000599,bracelet_183,bracelet_183,0,0,Bracelet,Bracelet,train,1,positive,
DS1_IMG_000598__DS1_IMG_003720,DS1_IMG_000598,DS1_IMG_003720,bracelet_183,IMG_0811_ccf24bcc,0,3,Bracelet,Pendant,train,0,negative,cross_category
DS1_IMG_000598__DS1_IMG_004029,DS1_IMG_000598,DS1_IMG_004029,bracelet_183,Screenshot_20181116-203109_1542449890237,0,4,Bracelet,Ring,train,0,negative,cross_category
DS1_IMG_000599__DS1_IMG_002192,DS1_IMG_000599,DS1_IMG_002192,bracelet_183,IMG_1374_d961f0cb,0,2,Bracelet,Necklace,train,0,negative,cross_category
DS1_IMG_000599__DS1_IMG_003984,DS1_IMG_000599,DS1_IMG_003984,bracelet_183,necklace_20241125_122545_3efef2e3,0,3,Bracelet,Pendant,train,0,negative,cross_category
DS1_IMG_000602__DS1_IMG_000603,DS1_IMG_000602,DS1_IMG_000603,bracelet_186,bracelet_186,0,0,Bracelet,Bracelet,train,1,positive,
DS1_IMG_000602__DS1_IMG_000604,DS1_IMG_000602,DS1_IMG_000604,bracelet_186,bracelet_186,0,0,Bracelet,Bracelet,train,1,positive,
DS1_IMG_000602__DS1_IMG_004319,DS1_IMG_000602,DS1_IMG_004319,bracelet_186,ring_188,0,4,Bracelet,Ring,train,0,negative,cross_category
DS1_IMG_000603__DS1_IMG_000604,DS1_IMG_000603,DS1_IMG_000604,bracelet_186,bracelet_186,0,0,Bracelet,Bracelet,train,1,positive,
DS1_IMG_000603__DS1_IMG_004165,DS1_IMG_000603,DS1_IMG_004165,bracelet_186,ring_095,0,4,Bracelet,Ring,train,0,negative,cross_category
DS1_IMG_000603__DS1_IMG_004217,DS1_IMG_000603,DS1_IMG_004217,bracelet_186,ring_128,0,4,Bracelet,Ring,train,0,negative,cross_category
DS1_IMG_000604__DS1_IMG_003872,DS1_IMG_000604,DS1_IMG_003872,bracelet_186,IMG_2856_b3d7e108,0,3,Bracelet,Pendant,train,0,negative,cross_category
DS1_IMG_000604__DS1_IMG_004317,DS1_IMG_000604,DS1_IMG_004317,bracelet_186,ring_188,0,4,Bracelet,Ring,train,0,negative,cross_category
DS1_IMG_000605__DS1_IMG_000606,DS1_IMG_000605,DS1_IMG_000606,bracelet_187,bracelet_187,0,0,Bracelet,Bracelet,train,1,positive,
DS1_IMG_000605__DS1_IMG_000607,DS1_IMG_000605,DS1_IMG_000607,bracelet_187,bracelet_187,0,0,Bracelet,Bracelet,train,1,positive,
DS1_IMG_000605__DS1_IMG_003909,DS1_IMG_000605,DS1_IMG_003909,bracelet_187,IMG_2911_4bf24190,0,3,Bracelet,Pendant,train,0,negative,cross_category
DS1_IMG_000606__DS1_IMG_000607,DS1_IMG_000606,DS1_IMG_000607,bracelet_187,bracelet_187,0,0,Bracelet,Bracelet,train,1,positive,
DS1_IMG_000606__DS1_IMG_001407,DS1_IMG_000606,DS1_IMG_001407,bracelet_187,images-30-,0,1,Bracelet,Earrings,train,0,negative,cross_category
DS1_IMG_000606__DS1_IMG_001448,DS1_IMG_000606,DS1_IMG_001448,bracelet_187,images-71-,0,1,Bracelet,Earrings,train,0,negative,cross_category
DS1_IMG_000606__DS1_IMG_003904,DS1_IMG_000606,DS1_IMG_003904,bracelet_187,IMG_2901_79d86e58,0,3,Bracelet,Pendant,train,0,negative,cross_category
DS1_IMG_000607__DS1_IMG_001979,DS1_IMG_000607,DS1_IMG_001979,bracelet_187,IMG_0587-Copy_dcf6aedf,0,2,Bracelet,Necklace,train,0,negative,cross_category
DS1_IMG_000607__DS1_IMG_004213,DS1_IMG_000607,DS1_IMG_004213,bracelet_187,ring_123,0,4,Bracelet,Ring,train,0,negative,cross_category
DS1_IMG_000608__DS1_IMG_000609,DS1_IMG_000608,DS1_IMG_000609,bracelet_188,bracelet_188,0,0,Bracelet,Bracelet,train,1,positive,
DS1_IMG_000608__DS1_IMG_000610,DS1_IMG_000608,DS1_IMG_000610,bracelet_188,bracelet_188,0,0,Bracelet,Bracelet,train,1,positive,
DS1_IMG_000608__DS1_IMG_001010,DS1_IMG_000608,DS1_IMG_001010,bracelet_188,earring_15,0,1,Bracelet,Earrings,train,0,negative,cross_category
DS1_IMG_000608__DS1_IMG_001203,DS1_IMG_000608,DS1_IMG_001203,bracelet_188,earring_338,0,1,Bracelet,Earrings,train,0,negative,cross_category
DS1_IMG_000609__DS1_IMG_000610,DS1_IMG_000609,DS1_IMG_000610,bracelet_188,bracelet_188,0,0,Bracelet,Bracelet,train,1,positive,
DS1_IMG_000609__DS1_IMG_001082,DS1_IMG_000609,DS1_IMG_001082,bracelet_188,earring_222,0,1,Bracelet,Earrings,train,0,negative,cross_category
DS1_IMG_000609__DS1_IMG_001708,DS1_IMG_000609,DS1_IMG_001708,bracelet_188,IMG_0411_1d0115a1,0,2,Bracelet,Necklace,train,0,negative,cross_category
DS1_IMG_000609__DS1_IMG_003939,DS1_IMG_000609,DS1_IMG_003939,bracelet_188,IMG_2937_71e488de,0,3,Bracelet,Pendant,train,0,negative,cross_category
DS1_IMG_000610__DS1_IMG_002548,DS1_IMG_000610,DS1_IMG_002548,bracelet_188,IMG_1859_70939f18,0,2,Bracelet,Necklace,train,0,negative,cross_category
DS1_IMG_000610__DS1_IMG_003762,DS1_IMG_000610,DS1_IMG_003762,bracelet_188,IMG_1354_4b8275b6,0,3,Bracelet,Pendant,train,0,negative,cross_category
DS1_IMG_000611__DS1_IMG_000612,DS1_IMG_000611,DS1_IMG_000612,bracelet_189,bracelet_189,0,0,Bracelet,Bracelet,train,1,positive,
DS1_IMG_000611__DS1_IMG_000613,DS1_IMG_000611,DS1_IMG_000613,bracelet_189,bracelet_189,0,0,Bracelet,Bracelet,train,1,positive,
DS1_IMG_000611__DS1_IMG_000851,DS1_IMG_000611,DS1_IMG_000851,bracelet_189,IMG_2505_d351bdbf,0,1,Bracelet,Earrings,train,0,negative,cross_category
DS1_IMG_000611__DS1_IMG_001216,DS1_IMG_000611,DS1_IMG_001216,bracelet_189,earring_34,0,1,Bracelet,Earrings,train,0,negative,cross_category
DS1_IMG_000612__DS1_IMG_000613,DS1_IMG_000612,DS1_IMG_000613,bracelet_189,bracelet_189,0,0,Bracelet,Bracelet,train,1,positive,
DS1_IMG_000612__DS1_IMG_003145,DS1_IMG_000612,DS1_IMG_003145,bracelet_189,IMG_3500_57d963ba,0,2,Bracelet,Necklace,train,0,negative,cross_category
DS1_IMG_000612__DS1_IMG_004154,DS1_IMG_000612,DS1_IMG_004154,bracelet_189,ring_091,0,4,Bracelet,Ring,train,0,negative,cross_category
DS1_IMG_000613__DS1_IMG_001403,DS1_IMG_000613,DS1_IMG_001403,bracelet_189,images-29-,0,1,Bracelet,Earrings,train,0,negative,cross_category
DS1_IMG_000613__DS1_IMG_003793,DS1_IMG_000613,DS1_IMG_003793,bracelet_189,IMG_2275_5f527887,0,3,Bracelet,Pendant,train,0,negative,cross_category
DS1_IMG_000613__DS1_IMG_004201,DS1_IMG_000613,DS1_IMG_004201,bracelet_189,ring_116,0,4,Bracelet,Ring,train,0,negative,cross_category
DS1_IMG_000614__DS1_IMG_000615,DS1_IMG_000614,DS1_IMG_000615,bracelet_191,bracelet_191,0,0,Bracelet,Bracelet,train,1,positive,
DS1_IMG_000614__DS1_IMG_000616,DS1_IMG_000614,DS1_IMG_000616,bracelet_191,bracelet_191,0,0,Bracelet,Bracelet,train,1,positive,
DS1_IMG_000614__DS1_IMG_001388,DS1_IMG_000614,DS1_IMG_001388,bracelet_191,earring_98,0,1,Bracelet,Earrings,train,0,negative,cross_category
DS1_IMG_000614__DS1_IMG_004005,DS1_IMG_000614,DS1_IMG_004005,bracelet_191,other_20241125_122403_6020381c,0,3,Bracelet,Pendant,train,0,negative,cross_category
DS1_IMG_000615__DS1_IMG_000616,DS1_IMG_000615,DS1_IMG_000616,bracelet_191,bracelet_191,0,0,Bracelet,Bracelet,train,1,positive,
DS1_IMG_000615__DS1_IMG_003782,DS1_IMG_000615,DS1_IMG_003782,bracelet_191,IMG_2181_9f77e4aa,0,3,Bracelet,Pendant,train,0,negative,cross_category
DS1_IMG_000616__DS1_IMG_001282,DS1_IMG_000616,DS1_IMG_001282,bracelet_191,earring_422,0,1,Bracelet,Earrings,train,0,negative,cross_category
DS1_IMG_000616__DS1_IMG_001745,DS1_IMG_000616,DS1_IMG_001745,bracelet_191,IMG_0445-1-_af8d2be9,0,2,Bracelet,Necklace,train,0,negative,cross_category
DS1_IMG_000616__DS1_IMG_002880,DS1_IMG_000616,DS1_IMG_002880,bracelet_191,IMG_2429_448e19a6,0,2,Bracelet,Necklace,train,0,negative,cross_category
DS1_IMG_000616__DS1_IMG_004131,DS1_IMG_000616,DS1_IMG_004131,bracelet_191,ring_082,0,4,Bracelet,Ring,train,0,negative,cross_category
DS1_IMG_000620__DS1_IMG_000621,DS1_IMG_000620,DS1_IMG_000621,bracelet_198,bracelet_198,0,0,Bracelet,Bracelet,train,1,positive,
DS1_IMG_000620__DS1_IMG_000622,DS1_IMG_000620,DS1_IMG_000622,bracelet_198,bracelet_198,0,0,Bracelet,Bracelet,train,1,positive,
DS1_IMG_000620__DS1_IMG_001635,DS1_IMG_000620,DS1_IMG_001635,bracelet_198,IMG_0372_f5eaaa3c,0,2,Bracelet,Necklace,train,0,negative,cross_category
DS1_IMG_000620__DS1_IMG_002314,DS1_IMG_000620,DS1_IMG_002314,bracelet_198,IMG_1479_dbef442c,0,2,Bracelet,Necklace,train,0,negative,cross_category
DS1_IMG_000620__DS1_IMG_002752,DS1_IMG_000620,DS1_IMG_002752,bracelet_198,IMG_2287_17a19ef3,0,2,Bracelet,Necklace,train,0,negative,cross_category
DS1_IMG_000620__DS1_IMG_003902,DS1_IMG_000620,DS1_IMG_003902,bracelet_198,IMG_2901_79d86e58,0,3,Bracelet,Pendant,train,0,negative,cross_category
DS1_IMG_000621__DS1_IMG_000622,DS1_IMG_000621,DS1_IMG_000622,bracelet_198,bracelet_198,0,0,Bracelet,Bracelet,train,1,positive,
DS1_IMG_000621__DS1_IMG_000875,DS1_IMG_000621,DS1_IMG_000875,bracelet_198,Screenshot_20181114-203953_1542265021406,0,1,Bracelet,Earrings,train,0,negative,cross_category
DS1_IMG_000621__DS1_IMG_001102,DS1_IMG_000621,DS1_IMG_001102,bracelet_198,earring_239,0,1,Bracelet,Earrings,train,0,negative,cross_category
DS1_IMG_000621__DS1_IMG_001701,DS1_IMG_000621,DS1_IMG_001701,bracelet_198,IMG_0408-1-_d7a3d4a0,0,2,Bracelet,Necklace,train,0,negative,cross_category
DS1_IMG_000621__DS1_IMG_004214,DS1_IMG_000621,DS1_IMG_004214,bracelet_198,ring_124,0,4,Bracelet,Ring,train,0,negative,cross_category
DS1_IMG_000622__DS1_IMG_000844,DS1_IMG_000622,DS1_IMG_000844,bracelet_198,IMG_2502_5907549c,0,1,Bracelet,Earrings,train,0,negative,cross_category
DS1_IMG_000622__DS1_IMG_003230,DS1_IMG_000622,DS1_IMG_003230,bracelet_198,IMG_3540_c66b20e8,0,2,Bracelet,Necklace,train,0,negative,cross_category
DS1_IMG_000622__DS1_IMG_004312,DS1_IMG_000622,DS1_IMG_004312,bracelet_198,ring_185,0,4,Bracelet,Ring,train,0,negative,cross_category
DS1_IMG_000623__DS1_IMG_000624,DS1_IMG_000623,DS1_IMG_000624,bracelet_199,bracelet_199,0,0,Bracelet,Bracelet,train,1,positive,
DS1_IMG_000623__DS1_IMG_000625,DS1_IMG_000623,DS1_IMG_000625,bracelet_199,bracelet_199,0,0,Bracelet,Bracelet,train,1,positive,
DS1_IMG_000623__DS1_IMG_001511,DS1_IMG_000623,DS1_IMG_001511,bracelet_199,other_20241125_122356_fffffbdb,0,1,Bracelet,Earrings,train,0,negative,cross_category
DS1_IMG_000623__DS1_IMG_003708,DS1_IMG_000623,DS1_IMG_003708,bracelet_199,IMG_0726_46863f42,0,3,Bracelet,Pendant,train,0,negative,cross_category
DS1_IMG_000623__DS1_IMG_003899,DS1_IMG_000623,DS1_IMG_003899,bracelet_199,IMG_2900_b470bf1b,0,3,Bracelet,Pendant,train,0,negative,cross_category
DS1_IMG_000623__DS1_IMG_004016,DS1_IMG_000623,DS1_IMG_004016,bracelet_199,Screenshot_20181116-202757_1542453058358,0,4,Bracelet,Ring,train,0,negative,cross_category
DS1_IMG_000623__DS1_IMG_004030,DS1_IMG_000623,DS1_IMG_004030,bracelet_199,Screenshot_20181116-203329_1542449759369,0,4,Bracelet,Ring,train,0,negative,cross_category
DS1_IMG_000623__DS1_IMG_004105,DS1_IMG_000623,DS1_IMG_004105,bracelet_199,ring_067,0,4,Bracelet,Ring,train,0,negative,cross_category
DS1_IMG_000624__DS1_IMG_000625,DS1_IMG_000624,DS1_IMG_000625,bracelet_199,bracelet_199,0,0,Bracelet,Bracelet,train,1,positive,
DS1_IMG_000624__DS1_IMG_004297,DS1_IMG_000624,DS1_IMG_004297,bracelet_199,ring_179,0,4,Bracelet,Ring,train,0,negative,cross_category
DS1_IMG_000625__DS1_IMG_001218,DS1_IMG_000625,DS1_IMG_001218,bracelet_199,earring_353,0,1,Bracelet,Earrings,train,0,negative,cross_category
DS1_IMG_000625__DS1_IMG_001276,DS1_IMG_000625,DS1_IMG_001276,bracelet_199,earring_414,0,1,Bracelet,Earrings,train,0,negative,cross_category
DS1_IMG_000625__DS1_IMG_001428,DS1_IMG_000625,DS1_IMG_001428,bracelet_199,images-40-,0,1,Bracelet,Earrings,train,0,negative,cross_category
DS1_IMG_000625__DS1_IMG_004163,DS1_IMG_000625,DS1_IMG_004163,bracelet_199,ring_095,0,4,Bracelet,Ring,train,0,negative,cross_category
DS1_IMG_000626__DS1_IMG_000627,DS1_IMG_000626,DS1_IMG_000627,bracelet_202,bracelet_202,0,0,Bracelet,Bracelet,train,1,positive,
DS1_IMG_000626__DS1_IMG_000628,DS1_IMG_000626,DS1_IMG_000628,bracelet_202,bracelet_202,0,0,Bracelet,Bracelet,train,1,positive,
DS1_IMG_000626__DS1_IMG_002771,DS1_IMG_000626,DS1_IMG_002771,bracelet_202,IMG_2307_c1c3a154,0,2,Bracelet,Necklace,train,0,negative,cross_category
DS1_IMG_000626__DS1_IMG_004066,DS1_IMG_000626,DS1_IMG_004066,bracelet_202,ring_044,0,4,Bracelet,Ring,train,0,negative,cross_category
DS1_IMG_000627__DS1_IMG_000628,DS1_IMG_000627,DS1_IMG_000628,bracelet_202,bracelet_202,0,0,Bracelet,Bracelet,train,1,positive,
DS1_IMG_000627__DS1_IMG_000992,DS1_IMG_000627,DS1_IMG_000992,bracelet_202,earring_146,0,1,Bracelet,Earrings,train,0,negative,cross_category
DS1_IMG_000627__DS1_IMG_003851,DS1_IMG_000627,DS1_IMG_003851,bracelet_202,IMG_2828_c95edb5d,0,3,Bracelet,Pendant,train,0,negative,cross_category
DS1_IMG_000628__DS1_IMG_001324,DS1_IMG_000628,DS1_IMG_001324,bracelet_202,earring_467,0,1,Bracelet,Earrings,train,0,negative,cross_category
DS1_IMG_000628__DS1_IMG_003566,DS1_IMG_000628,DS1_IMG_003566,bracelet_202,necklace_20241125_122545_808181f9,0,2,Bracelet,Necklace,train,0,negative,cross_category
DS1_IMG_000628__DS1_IMG_004055,DS1_IMG_000628,DS1_IMG_004055,bracelet_202,Screenshot_20181116-204417_1542449390654,0,4,Bracelet,Ring,train,0,negative,cross_category
DS1_IMG_000629__DS1_IMG_000630,DS1_IMG_000629,DS1_IMG_000630,bracelet_203,bracelet_203,0,0,Bracelet,Bracelet,train,1,positive,
DS1_IMG_000629__DS1_IMG_003802,DS1_IMG_000629,DS1_IMG_003802,bracelet_203,IMG_2379_ad6a1bf5,0,3,Bracelet,Pendant,train,0,negative,cross_category
DS1_IMG_000629__DS1_IMG_003942,DS1_IMG_000629,DS1_IMG_003942,bracelet_203,IMG_2943_c72380bb,0,3,Bracelet,Pendant,train,0,negative,cross_category
DS1_IMG_000629__DS1_IMG_003957,DS1_IMG_000629,DS1_IMG_003957,bracelet_203,necklace_124,0,3,Bracelet,Pendant,train,0,negative,cross_category
DS1_IMG_000631__DS1_IMG_000632,DS1_IMG_000631,DS1_IMG_000632,bracelet_209,bracelet_209,0,0,Bracelet,Bracelet,train,1,positive,
DS1_IMG_000631__DS1_IMG_001417,DS1_IMG_000631,DS1_IMG_001417,bracelet_209,images-37-,0,1,Bracelet,Earrings,train,0,negative,cross_category
DS1_IMG_000631__DS1_IMG_002911,DS1_IMG_000631,DS1_IMG_002911,bracelet_209,IMG_2812_accaafa7,0,2,Bracelet,Necklace,train,0,negative,cross_category
DS1_IMG_000631__DS1_IMG_003413,DS1_IMG_000631,DS1_IMG_003413,bracelet_209,necklace_174,0,2,Bracelet,Necklace,train,0,negative,cross_category
DS1_IMG_000632__DS1_IMG_001884,DS1_IMG_000632,DS1_IMG_001884,bracelet_209,IMG_0537-1-_6492be50,0,2,Bracelet,Necklace,train,0,negative,cross_category
DS1_IMG_000632__DS1_IMG_004235,DS1_IMG_000632,DS1_IMG_004235,bracelet_209,ring_139,0,4,Bracelet,Ring,train,0,negative,cross_category
DS1_IMG_000633__DS1_IMG_000634,DS1_IMG_000633,DS1_IMG_000634,bracelet_212,bracelet_212,0,0,Bracelet,Bracelet,train,1,positive,
DS1_IMG_000633__DS1_IMG_000635,DS1_IMG_000633,DS1_IMG_000635,bracelet_212,bracelet_212,0,0,Bracelet,Bracelet,train,1,positive,
DS1_IMG_000633__DS1_IMG_001121,DS1_IMG_000633,DS1_IMG_001121,bracelet_212,earring_260,0,1,Bracelet,Earrings,train,0,negative,cross_category
DS1_IMG_000633__DS1_IMG_001705,DS1_IMG_000633,DS1_IMG_001705,bracelet_212,IMG_0409-1-_cdbf4f1e,0,2,Bracelet,Necklace,train,0,negative,cross_category
DS1_IMG_000633__DS1_IMG_002199,DS1_IMG_000633,DS1_IMG_002199,bracelet_212,IMG_1381_a38c3673,0,2,Bracelet,Necklace,train,0,negative,cross_category
DS1_IMG_000634__DS1_IMG_000635,DS1_IMG_000634,DS1_IMG_000635,bracelet_212,bracelet_212,0,0,Bracelet,Bracelet,train,1,positive,
DS1_IMG_000634__DS1_IMG_001466,DS1_IMG_000634,DS1_IMG_001466,bracelet_212,images-80-,0,1,Bracelet,Earrings,train,0,negative,cross_category
DS1_IMG_000634__DS1_IMG_002636,DS1_IMG_000634,DS1_IMG_002636,bracelet_212,IMG_2208_cf196528,0,2,Bracelet,Necklace,train,0,negative,cross_category
DS1_IMG_000634__DS1_IMG_003783,DS1_IMG_000634,DS1_IMG_003783,bracelet_212,IMG_2181_9f77e4aa,0,3,Bracelet,Pendant,train,0,negative,cross_category
DS1_IMG_000634__DS1_IMG_004089,DS1_IMG_000634,DS1_IMG_004089,bracelet_212,ring_055,0,4,Bracelet,Ring,train,0,negative,cross_category
DS1_IMG_000635__DS1_IMG_000839,DS1_IMG_000635,DS1_IMG_000839,bracelet_212,IMG_2498_776465de,0,1,Bracelet,Earrings,train,0,negative,cross_category
DS1_IMG_000635__DS1_IMG_003099,DS1_IMG_000635,DS1_IMG_003099,bracelet_212,IMG_3123_d72cb3a0,0,2,Bracelet,Necklace,train,0,negative,cross_category
DS1_IMG_000636__DS1_IMG_000637,DS1_IMG_000636,DS1_IMG_000637,bracelet_214,bracelet_214,0,0,Bracelet,Bracelet,train,1,positive,
DS1_IMG_000636__DS1_IMG_000638,DS1_IMG_000636,DS1_IMG_000638,bracelet_214,bracelet_214,0,0,Bracelet,Bracelet,train,1,positive,
DS1_IMG_000636__DS1_IMG_002291,DS1_IMG_000636,DS1_IMG_002291,bracelet_214,IMG_1455_0130a1fb,0,2,Bracelet,Necklace,train,0,negative,cross_category
DS1_IMG_000636__DS1_IMG_003786,DS1_IMG_000636,DS1_IMG_003786,bracelet_214,IMG_2186_10d4d23b,0,3,Bracelet,Pendant,train,0,negative,cross_category
DS1_IMG_000636__DS1_IMG_003920,DS1_IMG_000636,DS1_IMG_003920,bracelet_214,IMG_2922_996200cd,0,3,Bracelet,Pendant,train,0,negative,cross_category
DS1_IMG_000637__DS1_IMG_000638,DS1_IMG_000637,DS1_IMG_000638,bracelet_214,bracelet_214,0,0,Bracelet,Bracelet,train,1,positive,
DS1_IMG_000637__DS1_IMG_001112,DS1_IMG_000637,DS1_IMG_001112,bracelet_214,earring_255,0,1,Bracelet,Earrings,train,0,negative,cross_category
DS1_IMG_000637__DS1_IMG_001599,DS1_IMG_000637,DS1_IMG_001599,bracelet_214,IMG_0353_6a02a141,0,2,Bracelet,Necklace,train,0,negative,cross_category
DS1_IMG_000638__DS1_IMG_004273,DS1_IMG_000638,DS1_IMG_004273,bracelet_214,ring_163,0,4,Bracelet,Ring,train,0,negative,cross_category
DS1_IMG_000638__DS1_IMG_004287,DS1_IMG_000638,DS1_IMG_004287,bracelet_214,ring_168,0,4,Bracelet,Ring,train,0,negative,cross_category
DS1_IMG_000639__DS1_IMG_000640,DS1_IMG_000639,DS1_IMG_000640,bracelet_215,bracelet_215,0,0,Bracelet,Bracelet,train,1,positive,
DS1_IMG_000639__DS1_IMG_000641,DS1_IMG_000639,DS1_IMG_000641,bracelet_215,bracelet_215,0,0,Bracelet,Bracelet,train,1,positive,
DS1_IMG_000639__DS1_IMG_001492,DS1_IMG_000639,DS1_IMG_001492,bracelet_215,necklace_20241125_122545_0000c0fc,0,1,Bracelet,Earrings,train,0,negative,cross_category
DS1_IMG_000639__DS1_IMG_002161,DS1_IMG_000639,DS1_IMG_002161,bracelet_215,IMG_1343_d043a3ba,0,2,Bracelet,Necklace,train,0,negative,cross_category
DS1_IMG_000639__DS1_IMG_002594,DS1_IMG_000639,DS1_IMG_002594,bracelet_215,IMG_2146_6a92e365,0,2,Bracelet,Necklace,train,0,negative,cross_category
DS1_IMG_000639__DS1_IMG_002829,DS1_IMG_000639,DS1_IMG_002829,bracelet_215,IMG_2393_8ec8fcc5,0,2,Bracelet,Necklace,train,0,negative,cross_category
DS1_IMG_000640__DS1_IMG_000641,DS1_IMG_000640,DS1_IMG_000641,bracelet_215,bracelet_215,0,0,Bracelet,Bracelet,train,1,positive,
DS1_IMG_000640__DS1_IMG_001290,DS1_IMG_000640,DS1_IMG_001290,bracelet_215,earring_433,0,1,Bracelet,Earrings,train,0,negative,cross_category
DS1_IMG_000640__DS1_IMG_002438,DS1_IMG_000640,DS1_IMG_002438,bracelet_215,IMG_1580_b78f12f1,0,2,Bracelet,Necklace,train,0,negative,cross_category
DS1_IMG_000641__DS1_IMG_001135,DS1_IMG_000641,DS1_IMG_001135,bracelet_215,earring_272,0,1,Bracelet,Earrings,train,0,negative,cross_category
DS1_IMG_000641__DS1_IMG_002351,DS1_IMG_000641,DS1_IMG_002351,bracelet_215,IMG_1502_42366e19,0,2,Bracelet,Necklace,train,0,negative,cross_category
DS1_IMG_000641__DS1_IMG_003853,DS1_IMG_000641,DS1_IMG_003853,bracelet_215,IMG_2828_c95edb5d,0,3,Bracelet,Pendant,train,0,negative,cross_category
DS1_IMG_000641__DS1_IMG_004175,DS1_IMG_000641,DS1_IMG_004175,bracelet_215,ring_102,0,4,Bracelet,Ring,train,0,negative,cross_category
DS1_IMG_000641__DS1_IMG_004199,DS1_IMG_000641,DS1_IMG_004199,bracelet_215,ring_116,0,4,Bracelet,Ring,train,0,negative,cross_category
DS1_IMG_000642__DS1_IMG_000643,DS1_IMG_000642,DS1_IMG_000643,bracelet_216,bracelet_216,0,0,Bracelet,Bracelet,train,1,positive,
DS1_IMG_000642__DS1_IMG_000644,DS1_IMG_000642,DS1_IMG_000644,bracelet_216,bracelet_216,0,0,Bracelet,Bracelet,train,1,positive,
DS1_IMG_000642__DS1_IMG_000788,DS1_IMG_000642,DS1_IMG_000788,bracelet_216,IMG_0680_943431e1,0,1,Bracelet,Earrings,train,0,negative,cross_category
DS1_IMG_000642__DS1_IMG_001153,DS1_IMG_000642,DS1_IMG_001153,bracelet_216,earring_289,0,1,Bracelet,Earrings,train,0,negative,cross_category
DS1_IMG_000642__DS1_IMG_003912,DS1_IMG_000642,DS1_IMG_003912,bracelet_216,IMG_2912_9176f0b9,0,3,Bracelet,Pendant,train,0,negative,cross_category
DS1_IMG_000642__DS1_IMG_004182,DS1_IMG_000642,DS1_IMG_004182,bracelet_216,ring_105,0,4,Bracelet,Ring,train,0,negative,cross_category
DS1_IMG_000643__DS1_IMG_000644,DS1_IMG_000643,DS1_IMG_000644,bracelet_216,bracelet_216,0,0,Bracelet,Bracelet,train,1,positive,
DS1_IMG_000643__DS1_IMG_001311,DS1_IMG_000643,DS1_IMG_001311,bracelet_216,earring_448,0,1,Bracelet,Earrings,train,0,negative,cross_category
DS1_IMG_000643__DS1_IMG_002947,DS1_IMG_000643,DS1_IMG_002947,bracelet_216,IMG_2859_8676125b,0,2,Bracelet,Necklace,train,0,negative,cross_category
DS1_IMG_000644__DS1_IMG_001268,DS1_IMG_000644,DS1_IMG_001268,bracelet_216,earring_398,0,1,Bracelet,Earrings,train,0,negative,cross_category
DS1_IMG_000644__DS1_IMG_002465,DS1_IMG_000644,DS1_IMG_002465,bracelet_216,IMG_1608_8bfc7527,0,2,Bracelet,Necklace,train,0,negative,cross_category
DS1_IMG_000644__DS1_IMG_004167,DS1_IMG_000644,DS1_IMG_004167,bracelet_216,ring_096,0,4,Bracelet,Ring,train,0,negative,cross_category
DS1_IMG_000645__DS1_IMG_000646,DS1_IMG_000645,DS1_IMG_000646,bracelet_217,bracelet_217,0,0,Bracelet,Bracelet,train,1,positive,
DS1_IMG_000645__DS1_IMG_000647,DS1_IMG_000645,DS1_IMG_000647,bracelet_217,bracelet_217,0,0,Bracelet,Bracelet,train,1,positive,
DS1_IMG_000645__DS1_IMG_003951,DS1_IMG_000645,DS1_IMG_003951,bracelet_217,IMG_3508_c0ed2d28,0,3,Bracelet,Pendant,train,0,negative,cross_category
DS1_IMG_000646__DS1_IMG_000647,DS1_IMG_000646,DS1_IMG_000647,bracelet_217,bracelet_217,0,0,Bracelet,Bracelet,train,1,positive,
DS1_IMG_000646__DS1_IMG_003880,DS1_IMG_000646,DS1_IMG_003880,bracelet_217,IMG_2862_dc66ea02,0,3,Bracelet,Pendant,train,0,negative,cross_category
DS1_IMG_000647__DS1_IMG_003260,DS1_IMG_000647,DS1_IMG_003260,bracelet_217,IMG_3557_ce569c23,0,2,Bracelet,Necklace,train,0,negative,cross_category
DS1_IMG_000647__DS1_IMG_003464,DS1_IMG_000647,DS1_IMG_003464,bracelet_217,necklace_20241125_122545_00197bf3,0,2,Bracelet,Necklace,train,0,negative,cross_category
DS1_IMG_000647__DS1_IMG_004001,DS1_IMG_000647,DS1_IMG_004001,bracelet_217,necklace_79,0,3,Bracelet,Pendant,train,0,negative,cross_category
DS1_IMG_000648__DS1_IMG_000649,DS1_IMG_000648,DS1_IMG_000649,bracelet_218,bracelet_218,0,0,Bracelet,Bracelet,train,1,positive,
DS1_IMG_000648__DS1_IMG_000650,DS1_IMG_000648,DS1_IMG_000650,bracelet_218,bracelet_218,0,0,Bracelet,Bracelet,train,1,positive,
DS1_IMG_000648__DS1_IMG_003757,DS1_IMG_000648,DS1_IMG_003757,bracelet_218,IMG_0911_ecd59d89,0,3,Bracelet,Pendant,train,0,negative,cross_category
DS1_IMG_000648__DS1_IMG_004304,DS1_IMG_000648,DS1_IMG_004304,bracelet_218,ring_181,0,4,Bracelet,Ring,train,0,negative,cross_category
DS1_IMG_000649__DS1_IMG_000650,DS1_IMG_000649,DS1_IMG_000650,bracelet_218,bracelet_218,0,0,Bracelet,Bracelet,train,1,positive,
DS1_IMG_000649__DS1_IMG_002007,DS1_IMG_000649,DS1_IMG_002007,bracelet_218,IMG_0597-1-_ef4736be,0,2,Bracelet,Necklace,train,0,negative,cross_category
DS1_IMG_000650__DS1_IMG_001527,DS1_IMG_000650,DS1_IMG_001527,bracelet_218,IMG_0129_28b216fe,0,2,Bracelet,Necklace,train,0,negative,cross_category
DS1_IMG_000650__DS1_IMG_003708,DS1_IMG_000650,DS1_IMG_003708,bracelet_218,IMG_0726_46863f42,0,3,Bracelet,Pendant,train,0,negative,cross_category
DS1_IMG_000650__DS1_IMG_003941,DS1_IMG_000650,DS1_IMG_003941,bracelet_218,IMG_2943_c72380bb,0,3,Bracelet,Pendant,train,0,negative,cross_category
DS1_IMG_000651__DS1_IMG_000652,DS1_IMG_000651,DS1_IMG_000652,bracelet_219,bracelet_219,0,0,Bracelet,Bracelet,train,1,positive,
DS1_IMG_000651__DS1_IMG_000653,DS1_IMG_000651,DS1_IMG_000653,bracelet_219,bracelet_219,0,0,Bracelet,Bracelet,train,1,positive,
DS1_IMG_000651__DS1_IMG_001280,DS1_IMG_000651,DS1_IMG_001280,bracelet_219,earring_422,0,1,Bracelet,Earrings,train,0,negative,cross_category
DS1_IMG_000651__DS1_IMG_001389,DS1_IMG_000651,DS1_IMG_001389,bracelet_219,earring_99,0,1,Bracelet,Earrings,train,0,negative,cross_category
DS1_IMG_000651__DS1_IMG_002476,DS1_IMG_000651,DS1_IMG_002476,bracelet_219,IMG_1618_9be13a7d,0,2,Bracelet,Necklace,train,0,negative,cross_category
DS1_IMG_000651__DS1_IMG_003993,DS1_IMG_000651,DS1_IMG_003993,bracelet_219,necklace_20241125_122545_8181cfe3,0,3,Bracelet,Pendant,train,0,negative,cross_category
DS1_IMG_000651__DS1_IMG_004270,DS1_IMG_000651,DS1_IMG_004270,bracelet_219,ring_162,0,4,Bracelet,Ring,train,0,negative,cross_category
DS1_IMG_000652__DS1_IMG_000653,DS1_IMG_000652,DS1_IMG_000653,bracelet_219,bracelet_219,0,0,Bracelet,Bracelet,train,1,positive,
DS1_IMG_000652__DS1_IMG_001834,DS1_IMG_000652,DS1_IMG_001834,bracelet_219,IMG_0517-1-_b36d44c9,0,2,Bracelet,Necklace,train,0,negative,cross_category
DS1_IMG_000652__DS1_IMG_003901,DS1_IMG_000652,DS1_IMG_003901,bracelet_219,IMG_2900_b470bf1b,0,3,Bracelet,Pendant,train,0,negative,cross_category
DS1_IMG_000653__DS1_IMG_001107,DS1_IMG_000653,DS1_IMG_001107,bracelet_219,earring_24,0,1,Bracelet,Earrings,train,0,negative,cross_category
DS1_IMG_000653__DS1_IMG_001435,DS1_IMG_000653,DS1_IMG_001435,bracelet_219,images-46-,0,1,Bracelet,Earrings,train,0,negative,cross_category
DS1_IMG_000653__DS1_IMG_003940,DS1_IMG_000653,DS1_IMG_003940,bracelet_219,IMG_2937_71e488de,0,3,Bracelet,Pendant,train,0,negative,cross_category
DS1_IMG_000654__DS1_IMG_000655,DS1_IMG_000654,DS1_IMG_000655,bracelet_223,bracelet_223,0,0,Bracelet,Bracelet,train,1,positive,
DS1_IMG_000654__DS1_IMG_003872,DS1_IMG_000654,DS1_IMG_003872,bracelet_223,IMG_2856_b3d7e108,0,3,Bracelet,Pendant,train,0,negative,cross_category
DS1_IMG_000654__DS1_IMG_003916,DS1_IMG_000654,DS1_IMG_003916,bracelet_223,IMG_2913_9f1d6820,0,3,Bracelet,Pendant,train,0,negative,cross_category
DS1_IMG_000655__DS1_IMG_001270,DS1_IMG_000655,DS1_IMG_001270,bracelet_223,earring_40,0,1,Bracelet,Earrings,train,0,negative,cross_category
DS1_IMG_000655__DS1_IMG_001643,DS1_IMG_000655,DS1_IMG_001643,bracelet_223,IMG_0375_8dd90976,0,2,Bracelet,Necklace,train,0,negative,cross_category
DS1_IMG_000655__DS1_IMG_002819,DS1_IMG_000655,DS1_IMG_002819,bracelet_223,IMG_2378_41e1c740,0,2,Bracelet,Necklace,train,0,negative,cross_category
DS1_IMG_000655__DS1_IMG_003970,DS1_IMG_000655,DS1_IMG_003970,bracelet_223,necklace_20241125_122545_08081c1c,0,3,Bracelet,Pendant,train,0,negative,cross_category
DS1_IMG_000655__DS1_IMG_003986,DS1_IMG_000655,DS1_IMG_003986,bracelet_223,necklace_20241125_122545_586d69f7,0,3,Bracelet,Pendant,train,0,negative,cross_category
DS1_IMG_000656__DS1_IMG_000657,DS1_IMG_000656,DS1_IMG_000657,bracelet_228,bracelet_228,0,0,Bracelet,Bracelet,train,1,positive,
DS1_IMG_000656__DS1_IMG_000658,DS1_IMG_000656,DS1_IMG_000658,bracelet_228,bracelet_228,0,0,Bracelet,Bracelet,train,1,positive,
DS1_IMG_000657__DS1_IMG_000658,DS1_IMG_000657,DS1_IMG_000658,bracelet_228,bracelet_228,0,0,Bracelet,Bracelet,train,1,positive,
DS1_IMG_000657__DS1_IMG_001286,DS1_IMG_000657,DS1_IMG_001286,bracelet_228,earring_431,0,1,Bracelet,Earrings,train,0,negative,cross_category
DS1_IMG_000659__DS1_IMG_000660,DS1_IMG_000659,DS1_IMG_000660,bracelet_231,bracelet_231,0,0,Bracelet,Bracelet,train,1,positive,
DS1_IMG_000659__DS1_IMG_000661,DS1_IMG_000659,DS1_IMG_000661,bracelet_231,bracelet_231,0,0,Bracelet,Bracelet,train,1,positive,
DS1_IMG_000659__DS1_IMG_000781,DS1_IMG_000659,DS1_IMG_000781,bracelet_231,IMG_0678_0da681f3,0,1,Bracelet,Earrings,train,0,negative,cross_category
DS1_IMG_000659__DS1_IMG_002764,DS1_IMG_000659,DS1_IMG_002764,bracelet_231,IMG_2300_5d6c66bc,0,2,Bracelet,Necklace,train,0,negative,cross_category
DS1_IMG_000659__DS1_IMG_003985,DS1_IMG_000659,DS1_IMG_003985,bracelet_231,necklace_20241125_122545_3efef2e3,0,3,Bracelet,Pendant,train,0,negative,cross_category
DS1_IMG_000660__DS1_IMG_000661,DS1_IMG_000660,DS1_IMG_000661,bracelet_231,bracelet_231,0,0,Bracelet,Bracelet,train,1,positive,
DS1_IMG_000660__DS1_IMG_001143,DS1_IMG_000660,DS1_IMG_001143,bracelet_231,earring_275,0,1,Bracelet,Earrings,train,0,negative,cross_category
DS1_IMG_000660__DS1_IMG_003804,DS1_IMG_000660,DS1_IMG_003804,bracelet_231,IMG_2426_f8412daf,0,3,Bracelet,Pendant,train,0,negative,cross_category
DS1_IMG_000660__DS1_IMG_004091,DS1_IMG_000660,DS1_IMG_004091,bracelet_231,ring_057,0,4,Bracelet,Ring,train,0,negative,cross_category
DS1_IMG_000661__DS1_IMG_001084,DS1_IMG_000661,DS1_IMG_001084,bracelet_231,earring_225,0,1,Bracelet,Earrings,train,0,negative,cross_category
DS1_IMG_000661__DS1_IMG_004180,DS1_IMG_000661,DS1_IMG_004180,bracelet_231,ring_104,0,4,Bracelet,Ring,train,0,negative,cross_category
DS1_IMG_000662__DS1_IMG_000663,DS1_IMG_000662,DS1_IMG_000663,bracelet_232,bracelet_232,0,0,Bracelet,Bracelet,train,1,positive,
DS1_IMG_000662__DS1_IMG_000664,DS1_IMG_000662,DS1_IMG_000664,bracelet_232,bracelet_232,0,0,Bracelet,Bracelet,train,1,positive,
DS1_IMG_000662__DS1_IMG_000941,DS1_IMG_000662,DS1_IMG_000941,bracelet_232,earring_112,0,1,Bracelet,Earrings,train,0,negative,cross_category
DS1_IMG_000662__DS1_IMG_002415,DS1_IMG_000662,DS1_IMG_002415,bracelet_232,IMG_1557_abf86615,0,2,Bracelet,Necklace,train,0,negative,cross_category
DS1_IMG_000662__DS1_IMG_003930,DS1_IMG_000662,DS1_IMG_003930,bracelet_232,IMG_2931_6b15625f,0,3,Bracelet,Pendant,train,0,negative,cross_category
DS1_IMG_000662__DS1_IMG_003983,DS1_IMG_000662,DS1_IMG_003983,bracelet_232,necklace_20241125_122545_3efef2e3,0,3,Bracelet,Pendant,train,0,negative,cross_category
DS1_IMG_000663__DS1_IMG_000664,DS1_IMG_000663,DS1_IMG_000664,bracelet_232,bracelet_232,0,0,Bracelet,Bracelet,train,1,positive,
DS1_IMG_000663__DS1_IMG_003799,DS1_IMG_000663,DS1_IMG_003799,bracelet_232,IMG_2371_c0acc0f4,0,3,Bracelet,Pendant,train,0,negative,cross_category
DS1_IMG_000663__DS1_IMG_004167,DS1_IMG_000663,DS1_IMG_004167,bracelet_232,ring_096,0,4,Bracelet,Ring,train,0,negative,cross_category
DS1_IMG_000664__DS1_IMG_001081,DS1_IMG_000664,DS1_IMG_001081,bracelet_232,earring_222,0,1,Bracelet,Earrings,train,0,negative,cross_category
DS1_IMG_000664__DS1_IMG_003396,DS1_IMG_000664,DS1_IMG_003396,bracelet_232,necklace_147,0,2,Bracelet,Necklace,train,0,negative,cross_category
DS1_IMG_000664__DS1_IMG_003720,DS1_IMG_000664,DS1_IMG_003720,bracelet_232,IMG_0811_ccf24bcc,0,3,Bracelet,Pendant,train,0,negative,cross_category
DS1_IMG_000664__DS1_IMG_004199,DS1_IMG_000664,DS1_IMG_004199,bracelet_232,ring_116,0,4,Bracelet,Ring,train,0,negative,cross_category
DS1_IMG_000665__DS1_IMG_000666,DS1_IMG_000665,DS1_IMG_000666,bracelet_233,bracelet_233,0,0,Bracelet,Bracelet,train,1,positive,
DS1_IMG_000665__DS1_IMG_000667,DS1_IMG_000665,DS1_IMG_000667,bracelet_233,bracelet_233,0,0,Bracelet,Bracelet,train,1,positive,
DS1_IMG_000665__DS1_IMG_002570,DS1_IMG_000665,DS1_IMG_002570,bracelet_233,IMG_1871_019335e4,0,2,Bracelet,Necklace,train,0,negative,cross_category
DS1_IMG_000665__DS1_IMG_003541,DS1_IMG_000665,DS1_IMG_003541,bracelet_233,necklace_20241125_122545_7c4fc781,0,2,Bracelet,Necklace,train,0,negative,cross_category
DS1_IMG_000666__DS1_IMG_000667,DS1_IMG_000666,DS1_IMG_000667,bracelet_233,bracelet_233,0,0,Bracelet,Bracelet,train,1,positive,
DS1_IMG_000667__DS1_IMG_004228,DS1_IMG_000667,DS1_IMG_004228,bracelet_233,ring_134,0,4,Bracelet,Ring,train,0,negative,cross_category
DS1_IMG_000668__DS1_IMG_000669,DS1_IMG_000668,DS1_IMG_000669,bracelet_235,bracelet_235,0,0,Bracelet,Bracelet,train,1,positive,
DS1_IMG_000668__DS1_IMG_000670,DS1_IMG_000668,DS1_IMG_000670,bracelet_235,bracelet_235,0,0,Bracelet,Bracelet,train,1,positive,
DS1_IMG_000668__DS1_IMG_003715,DS1_IMG_000668,DS1_IMG_003715,bracelet_235,IMG_0753_2ca36338,0,3,Bracelet,Pendant,train,0,negative,cross_category
DS1_IMG_000668__DS1_IMG_003836,DS1_IMG_000668,DS1_IMG_003836,bracelet_235,IMG_2809_3cfb570f,0,3,Bracelet,Pendant,train,0,negative,cross_category
DS1_IMG_000669__DS1_IMG_000670,DS1_IMG_000669,DS1_IMG_000670,bracelet_235,bracelet_235,0,0,Bracelet,Bracelet,train,1,positive,
DS1_IMG_000671__DS1_IMG_000672,DS1_IMG_000671,DS1_IMG_000672,bracelet_237,bracelet_237,0,0,Bracelet,Bracelet,train,1,positive,
DS1_IMG_000671__DS1_IMG_000673,DS1_IMG_000671,DS1_IMG_000673,bracelet_237,bracelet_237,0,0,Bracelet,Bracelet,train,1,positive,
DS1_IMG_000672__DS1_IMG_000673,DS1_IMG_000672,DS1_IMG_000673,bracelet_237,bracelet_237,0,0,Bracelet,Bracelet,train,1,positive,
DS1_IMG_000672__DS1_IMG_000883,DS1_IMG_000672,DS1_IMG_000883,bracelet_237,Screenshot_20181115-080455_1542265924986,0,1,Bracelet,Earrings,train,0,negative,cross_category
DS1_IMG_000672__DS1_IMG_004178,DS1_IMG_000672,DS1_IMG_004178,bracelet_237,ring_104,0,4,Bracelet,Ring,train,0,negative,cross_category
DS1_IMG_000673__DS1_IMG_003019,DS1_IMG_000673,DS1_IMG_003019,bracelet_237,IMG_2940_7efb3caf,0,2,Bracelet,Necklace,train,0,negative,cross_category
DS1_IMG_000673__DS1_IMG_004130,DS1_IMG_000673,DS1_IMG_004130,bracelet_237,ring_080,0,4,Bracelet,Ring,train,0,negative,cross_category
DS1_IMG_000674__DS1_IMG_000675,DS1_IMG_000674,DS1_IMG_000675,bracelet_238,bracelet_238,0,0,Bracelet,Bracelet,train,1,positive,
DS1_IMG_000674__DS1_IMG_000676,DS1_IMG_000674,DS1_IMG_000676,bracelet_238,bracelet_238,0,0,Bracelet,Bracelet,train,1,positive,
DS1_IMG_000674__DS1_IMG_001137,DS1_IMG_000674,DS1_IMG_001137,bracelet_238,earring_272,0,1,Bracelet,Earrings,train,0,negative,cross_category
DS1_IMG_000674__DS1_IMG_002523,DS1_IMG_000674,DS1_IMG_002523,bracelet_238,IMG_1663_eff78f77,0,2,Bracelet,Necklace,train,0,negative,cross_category
DS1_IMG_000674__DS1_IMG_003920,DS1_IMG_000674,DS1_IMG_003920,bracelet_238,IMG_2922_996200cd,0,3,Bracelet,Pendant,train,0,negative,cross_category
DS1_IMG_000675__DS1_IMG_000676,DS1_IMG_000675,DS1_IMG_000676,bracelet_238,bracelet_238,0,0,Bracelet,Bracelet,train,1,positive,
DS1_IMG_000675__DS1_IMG_003754,DS1_IMG_000675,DS1_IMG_003754,bracelet_238,IMG_0901_5a140477,0,3,Bracelet,Pendant,train,0,negative,cross_category
DS1_IMG_000677__DS1_IMG_000678,DS1_IMG_000677,DS1_IMG_000678,bracelet_239,bracelet_239,0,0,Bracelet,Bracelet,train,1,positive,
DS1_IMG_000677__DS1_IMG_000959,DS1_IMG_000677,DS1_IMG_000959,bracelet_239,earring_124,0,1,Bracelet,Earrings,train,0,negative,cross_category
DS1_IMG_000678__DS1_IMG_002746,DS1_IMG_000678,DS1_IMG_002746,bracelet_239,IMG_2281_bdfa2c15,0,2,Bracelet,Necklace,train,0,negative,cross_category
DS1_IMG_000678__DS1_IMG_003886,DS1_IMG_000678,DS1_IMG_003886,bracelet_239,IMG_2871_08b05150,0,3,Bracelet,Pendant,train,0,negative,cross_category
DS1_IMG_000678__DS1_IMG_004003,DS1_IMG_000678,DS1_IMG_004003,bracelet_239,necklace_79,0,3,Bracelet,Pendant,train,0,negative,cross_category
DS1_IMG_000679__DS1_IMG_000680,DS1_IMG_000679,DS1_IMG_000680,bracelet_240,bracelet_240,0,0,Bracelet,Bracelet,train,1,positive,
DS1_IMG_000679__DS1_IMG_000681,DS1_IMG_000679,DS1_IMG_000681,bracelet_240,bracelet_240,0,0,Bracelet,Bracelet,train,1,positive,
DS1_IMG_000679__DS1_IMG_002893,DS1_IMG_000679,DS1_IMG_002893,bracelet_240,IMG_2440_9bfdc0b2,0,2,Bracelet,Necklace,train,0,negative,cross_category
DS1_IMG_000679__DS1_IMG_003950,DS1_IMG_000679,DS1_IMG_003950,bracelet_240,IMG_3508_c0ed2d28,0,3,Bracelet,Pendant,train,0,negative,cross_category
DS1_IMG_000679__DS1_IMG_004155,DS1_IMG_000679,DS1_IMG_004155,bracelet_240,ring_091,0,4,Bracelet,Ring,train,0,negative,cross_category
DS1_IMG_000679__DS1_IMG_004162,DS1_IMG_000679,DS1_IMG_004162,bracelet_240,ring_093,0,4,Bracelet,Ring,train,0,negative,cross_category
DS1_IMG_000679__DS1_IMG_004233,DS1_IMG_000679,DS1_IMG_004233,bracelet_240,ring_138,0,4,Bracelet,Ring,train,0,negative,cross_category
DS1_IMG_000680__DS1_IMG_000681,DS1_IMG_000680,DS1_IMG_000681,bracelet_240,bracelet_240,0,0,Bracelet,Bracelet,train,1,positive,
DS1_IMG_000680__DS1_IMG_004079,DS1_IMG_000680,DS1_IMG_004079,bracelet_240,ring_050,0,4,Bracelet,Ring,train,0,negative,cross_category
DS1_IMG_000681__DS1_IMG_002832,DS1_IMG_000681,DS1_IMG_002832,bracelet_240,IMG_2394_46b5edad,0,2,Bracelet,Necklace,train,0,negative,cross_category
DS1_IMG_000681__DS1_IMG_004167,DS1_IMG_000681,DS1_IMG_004167,bracelet_240,ring_096,0,4,Bracelet,Ring,train,0,negative,cross_category
DS1_IMG_000681__DS1_IMG_004221,DS1_IMG_000681,DS1_IMG_004221,bracelet_240,ring_130,0,4,Bracelet,Ring,train,0,negative,cross_category
DS1_IMG_000681__DS1_IMG_004305,DS1_IMG_000681,DS1_IMG_004305,bracelet_240,ring_183,0,4,Bracelet,Ring,train,0,negative,cross_category
DS1_IMG_000682__DS1_IMG_000683,DS1_IMG_000682,DS1_IMG_000683,bracelet_242,bracelet_242,0,0,Bracelet,Bracelet,train,1,positive,
DS1_IMG_000682__DS1_IMG_000684,DS1_IMG_000682,DS1_IMG_000684,bracelet_242,bracelet_242,0,0,Bracelet,Bracelet,train,1,positive,
DS1_IMG_000682__DS1_IMG_002568,DS1_IMG_000682,DS1_IMG_002568,bracelet_242,IMG_1869_3dd27dc4,0,2,Bracelet,Necklace,train,0,negative,cross_category
DS1_IMG_000682__DS1_IMG_004284,DS1_IMG_000682,DS1_IMG_004284,bracelet_242,ring_167,0,4,Bracelet,Ring,train,0,negative,cross_category
DS1_IMG_000683__DS1_IMG_000684,DS1_IMG_000683,DS1_IMG_000684,bracelet_242,bracelet_242,0,0,Bracelet,Bracelet,train,1,positive,
DS1_IMG_000683__DS1_IMG_004086,DS1_IMG_000683,DS1_IMG_004086,bracelet_242,ring_054,0,4,Bracelet,Ring,train,0,negative,cross_category
DS1_IMG_000684__DS1_IMG_002936,DS1_IMG_000684,DS1_IMG_002936,bracelet_242,IMG_2848_b8589f1e,0,2,Bracelet,Necklace,train,0,negative,cross_category
DS1_IMG_000685__DS1_IMG_000686,DS1_IMG_000685,DS1_IMG_000686,bracelet_244,bracelet_244,0,0,Bracelet,Bracelet,train,1,positive,
DS1_IMG_000685__DS1_IMG_000687,DS1_IMG_000685,DS1_IMG_000687,bracelet_244,bracelet_244,0,0,Bracelet,Bracelet,train,1,positive,
DS1_IMG_000685__DS1_IMG_001086,DS1_IMG_000685,DS1_IMG_001086,bracelet_244,earring_225,0,1,Bracelet,Earrings,train,0,negative,cross_category
DS1_IMG_000686__DS1_IMG_000687,DS1_IMG_000686,DS1_IMG_000687,bracelet_244,bracelet_244,0,0,Bracelet,Bracelet,train,1,positive,
DS1_IMG_000686__DS1_IMG_001825,DS1_IMG_000686,DS1_IMG_001825,bracelet_244,IMG_0513_6e66a86e,0,2,Bracelet,Necklace,train,0,negative,cross_category
DS1_IMG_000687__DS1_IMG_003405,DS1_IMG_000687,DS1_IMG_003405,bracelet_244,necklace_165,0,2,Bracelet,Necklace,train,0,negative,cross_category
DS1_IMG_000687__DS1_IMG_003975,DS1_IMG_000687,DS1_IMG_003975,bracelet_244,necklace_20241125_122545_20212176,0,3,Bracelet,Pendant,train,0,negative,cross_category
DS1_IMG_000687__DS1_IMG_004083,DS1_IMG_000687,DS1_IMG_004083,bracelet_244,ring_051,0,4,Bracelet,Ring,train,0,negative,cross_category
DS1_IMG_000687__DS1_IMG_004249,DS1_IMG_000687,DS1_IMG_004249,bracelet_244,ring_153,0,4,Bracelet,Ring,train,0,negative,cross_category
DS1_IMG_000688__DS1_IMG_000689,DS1_IMG_000688,DS1_IMG_000689,bracelet_247,bracelet_247,0,0,Bracelet,Bracelet,train,1,positive,
DS1_IMG_000688__DS1_IMG_000766,DS1_IMG_000688,DS1_IMG_000766,bracelet_247,ER10422PL-1_large,0,1,Bracelet,Earrings,train,0,negative,cross_category
DS1_IMG_000688__DS1_IMG_003781,DS1_IMG_000688,DS1_IMG_003781,bracelet_247,IMG_1568_07ccbeb1,0,3,Bracelet,Pendant,train,0,negative,cross_category
DS1_IMG_000688__DS1_IMG_004107,DS1_IMG_000688,DS1_IMG_004107,bracelet_247,ring_067,0,4,Bracelet,Ring,train,0,negative,cross_category
DS1_IMG_000690__DS1_IMG_000691,DS1_IMG_000690,DS1_IMG_000691,bracelet_248,bracelet_248,0,0,Bracelet,Bracelet,train,1,positive,
DS1_IMG_000690__DS1_IMG_001371,DS1_IMG_000690,DS1_IMG_001371,bracelet_248,earring_7,0,1,Bracelet,Earrings,train,0,negative,cross_category
DS1_IMG_000690__DS1_IMG_002227,DS1_IMG_000690,DS1_IMG_002227,bracelet_248,IMG_1416_f7a2507a,0,2,Bracelet,Necklace,train,0,negative,cross_category
DS1_IMG_000690__DS1_IMG_002450,DS1_IMG_000690,DS1_IMG_002450,bracelet_248,IMG_1593_8bc3f678,0,2,Bracelet,Necklace,train,0,negative,cross_category
DS1_IMG_000690__DS1_IMG_003813,DS1_IMG_000690,DS1_IMG_003813,bracelet_248,IMG_2457_895e154f,0,3,Bracelet,Pendant,train,0,negative,cross_category
DS1_IMG_000691__DS1_IMG_004033,DS1_IMG_000691,DS1_IMG_004033,bracelet_248,Screenshot_20181116-203347_1542449724585,0,4,Bracelet,Ring,train,0,negative,cross_category
DS1_IMG_000691__DS1_IMG_004134,DS1_IMG_000691,DS1_IMG_004134,bracelet_248,ring_083,0,4,Bracelet,Ring,train,0,negative,cross_category
DS1_IMG_000692__DS1_IMG_000693,DS1_IMG_000692,DS1_IMG_000693,bracelet_250,bracelet_250,0,0,Bracelet,Bracelet,train,1,positive,
DS1_IMG_000692__DS1_IMG_000694,DS1_IMG_000692,DS1_IMG_000694,bracelet_250,bracelet_250,0,0,Bracelet,Bracelet,train,1,positive,
DS1_IMG_000692__DS1_IMG_001282,DS1_IMG_000692,DS1_IMG_001282,bracelet_250,earring_422,0,1,Bracelet,Earrings,train,0,negative,cross_category
DS1_IMG_000692__DS1_IMG_001558,DS1_IMG_000692,DS1_IMG_001558,bracelet_250,IMG_0200_852e67be,0,2,Bracelet,Necklace,train,0,negative,cross_category
DS1_IMG_000692__DS1_IMG_002951,DS1_IMG_000692,DS1_IMG_002951,bracelet_250,IMG_2863_c3999afa,0,2,Bracelet,Necklace,train,0,negative,cross_category
DS1_IMG_000692__DS1_IMG_004030,DS1_IMG_000692,DS1_IMG_004030,bracelet_250,Screenshot_20181116-203329_1542449759369,0,4,Bracelet,Ring,train,0,negative,cross_category
DS1_IMG_000693__DS1_IMG_000694,DS1_IMG_000693,DS1_IMG_000694,bracelet_250,bracelet_250,0,0,Bracelet,Bracelet,train,1,positive,
DS1_IMG_000693__DS1_IMG_000840,DS1_IMG_000693,DS1_IMG_000840,bracelet_250,IMG_2498_776465de,0,1,Bracelet,Earrings,train,0,negative,cross_category
DS1_IMG_000693__DS1_IMG_001012,DS1_IMG_000693,DS1_IMG_001012,bracelet_250,earring_15,0,1,Bracelet,Earrings,train,0,negative,cross_category
DS1_IMG_000693__DS1_IMG_002144,DS1_IMG_000693,DS1_IMG_002144,bracelet_250,IMG_1332_417f1275,0,2,Bracelet,Necklace,train,0,negative,cross_category
DS1_IMG_000693__DS1_IMG_002669,DS1_IMG_000693,DS1_IMG_002669,bracelet_250,IMG_2223_b6582e3d,0,2,Bracelet,Necklace,train,0,negative,cross_category
DS1_IMG_000694__DS1_IMG_002193,DS1_IMG_000694,DS1_IMG_002193,bracelet_250,IMG_1374_d961f0cb,0,2,Bracelet,Necklace,train,0,negative,cross_category
DS1_IMG_000694__DS1_IMG_004279,DS1_IMG_000694,DS1_IMG_004279,bracelet_250,ring_166,0,4,Bracelet,Ring,train,0,negative,cross_category
DS1_IMG_000695__DS1_IMG_000696,DS1_IMG_000695,DS1_IMG_000696,bracelet_251,bracelet_251,0,0,Bracelet,Bracelet,train,1,positive,
DS1_IMG_000695__DS1_IMG_000697,DS1_IMG_000695,DS1_IMG_000697,bracelet_251,bracelet_251,0,0,Bracelet,Bracelet,train,1,positive,
DS1_IMG_000695__DS1_IMG_001674,DS1_IMG_000695,DS1_IMG_001674,bracelet_251,IMG_0388_f427e539,0,2,Bracelet,Necklace,train,0,negative,cross_category
DS1_IMG_000696__DS1_IMG_000697,DS1_IMG_000696,DS1_IMG_000697,bracelet_251,bracelet_251,0,0,Bracelet,Bracelet,train,1,positive,
DS1_IMG_000696__DS1_IMG_001215,DS1_IMG_000696,DS1_IMG_001215,bracelet_251,earring_34,0,1,Bracelet,Earrings,train,0,negative,cross_category
DS1_IMG_000696__DS1_IMG_003277,DS1_IMG_000696,DS1_IMG_003277,bracelet_251,IMG_3572_1f326fc2,0,2,Bracelet,Necklace,train,0,negative,cross_category
DS1_IMG_000696__DS1_IMG_003744,DS1_IMG_000696,DS1_IMG_003744,bracelet_251,IMG_0863_4e8ef7be,0,3,Bracelet,Pendant,train,0,negative,cross_category
DS1_IMG_000696__DS1_IMG_003757,DS1_IMG_000696,DS1_IMG_003757,bracelet_251,IMG_0911_ecd59d89,0,3,Bracelet,Pendant,train,0,negative,cross_category
DS1_IMG_000696__DS1_IMG_003881,DS1_IMG_000696,DS1_IMG_003881,bracelet_251,IMG_2870_451f1def,0,3,Bracelet,Pendant,train,0,negative,cross_category
DS1_IMG_000697__DS1_IMG_003814,DS1_IMG_000697,DS1_IMG_003814,bracelet_251,IMG_2457_895e154f,0,3,Bracelet,Pendant,train,0,negative,cross_category
DS1_IMG_000698__DS1_IMG_000699,DS1_IMG_000698,DS1_IMG_000699,bracelet_253,bracelet_253,0,0,Bracelet,Bracelet,train,1,positive,
DS1_IMG_000698__DS1_IMG_001245,DS1_IMG_000698,DS1_IMG_001245,bracelet_253,earring_379,0,1,Bracelet,Earrings,train,0,negative,cross_category
DS1_IMG_000698__DS1_IMG_001518,DS1_IMG_000698,DS1_IMG_001518,bracelet_253,pirouette_by_harry_winston_earrings__diamond__EADPRFPRSPIR_trans-1h,0,1,Bracelet,Earrings,train,0,negative,cross_category
DS1_IMG_000699__DS1_IMG_003673,DS1_IMG_000699,DS1_IMG_003673,bracelet_253,IMG_0391_13077dff,0,3,Bracelet,Pendant,train,0,negative,cross_category
DS1_IMG_000699__DS1_IMG_003834,DS1_IMG_000699,DS1_IMG_003834,bracelet_253,IMG_2801_3215b841,0,3,Bracelet,Pendant,train,0,negative,cross_category
DS1_IMG_000700__DS1_IMG_000701,DS1_IMG_000700,DS1_IMG_000701,bracelet_254,bracelet_254,0,0,Bracelet,Bracelet,train,1,positive,
DS1_IMG_000700__DS1_IMG_000702,DS1_IMG_000700,DS1_IMG_000702,bracelet_254,bracelet_254,0,0,Bracelet,Bracelet,train,1,positive,
DS1_IMG_000700__DS1_IMG_002100,DS1_IMG_000700,DS1_IMG_002100,bracelet_254,IMG_1302_427aa0b7,0,2,Bracelet,Necklace,train,0,negative,cross_category
DS1_IMG_000700__DS1_IMG_002187,DS1_IMG_000700,DS1_IMG_002187,bracelet_254,IMG_1359_9feef6f7,0,2,Bracelet,Necklace,train,0,negative,cross_category
DS1_IMG_000700__DS1_IMG_003308,DS1_IMG_000700,DS1_IMG_003308,bracelet_254,IMG_3590_e334bde9,0,2,Bracelet,Necklace,train,0,negative,cross_category
DS1_IMG_000700__DS1_IMG_003780,DS1_IMG_000700,DS1_IMG_003780,bracelet_254,IMG_1568_07ccbeb1,0,3,Bracelet,Pendant,train,0,negative,cross_category
DS1_IMG_000700__DS1_IMG_004128,DS1_IMG_000700,DS1_IMG_004128,bracelet_254,ring_080,0,4,Bracelet,Ring,train,0,negative,cross_category
DS1_IMG_000700__DS1_IMG_004313,DS1_IMG_000700,DS1_IMG_004313,bracelet_254,ring_185,0,4,Bracelet,Ring,train,0,negative,cross_category
DS1_IMG_000701__DS1_IMG_000702,DS1_IMG_000701,DS1_IMG_000702,bracelet_254,bracelet_254,0,0,Bracelet,Bracelet,train,1,positive,
DS1_IMG_000701__DS1_IMG_003308,DS1_IMG_000701,DS1_IMG_003308,bracelet_254,IMG_3590_e334bde9,0,2,Bracelet,Necklace,train,0,negative,cross_category
DS1_IMG_000702__DS1_IMG_003723,DS1_IMG_000702,DS1_IMG_003723,bracelet_254,IMG_0841_55d04e95,0,3,Bracelet,Pendant,train,0,negative,cross_category
DS1_IMG_000702__DS1_IMG_003878,DS1_IMG_000702,DS1_IMG_003878,bracelet_254,IMG_2862_dc66ea02,0,3,Bracelet,Pendant,train,0,negative,cross_category
DS1_IMG_000702__DS1_IMG_004226,DS1_IMG_000702,DS1_IMG_004226,bracelet_254,ring_134,0,4,Bracelet,Ring,train,0,negative,cross_category
DS1_IMG_000703__DS1_IMG_000704,DS1_IMG_000703,DS1_IMG_000704,bracelet_255,bracelet_255,0,0,Bracelet,Bracelet,train,1,positive,
DS1_IMG_000703__DS1_IMG_000705,DS1_IMG_000703,DS1_IMG_000705,bracelet_255,bracelet_255,0,0,Bracelet,Bracelet,train,1,positive,
DS1_IMG_000703__DS1_IMG_004018,DS1_IMG_000703,DS1_IMG_004018,bracelet_255,Screenshot_20181116-202810_1542452183994,0,4,Bracelet,Ring,train,0,negative,cross_category
DS1_IMG_000704__DS1_IMG_000705,DS1_IMG_000704,DS1_IMG_000705,bracelet_255,bracelet_255,0,0,Bracelet,Bracelet,train,1,positive,
DS1_IMG_000704__DS1_IMG_002416,DS1_IMG_000704,DS1_IMG_002416,bracelet_255,IMG_1558_55df10fa,0,2,Bracelet,Necklace,train,0,negative,cross_category
DS1_IMG_000704__DS1_IMG_003777,DS1_IMG_000704,DS1_IMG_003777,bracelet_255,IMG_1567_31c00736,0,3,Bracelet,Pendant,train,0,negative,cross_category
DS1_IMG_000704__DS1_IMG_003789,DS1_IMG_000704,DS1_IMG_003789,bracelet_255,IMG_2269_56abfe73,0,3,Bracelet,Pendant,train,0,negative,cross_category
DS1_IMG_000705__DS1_IMG_003995,DS1_IMG_000705,DS1_IMG_003995,bracelet_255,necklace_20241125_122545_94000018,0,3,Bracelet,Pendant,train,0,negative,cross_category
DS1_IMG_000705__DS1_IMG_004309,DS1_IMG_000705,DS1_IMG_004309,bracelet_255,ring_184,0,4,Bracelet,Ring,train,0,negative,cross_category
DS1_IMG_000706__DS1_IMG_000707,DS1_IMG_000706,DS1_IMG_000707,bracelet_257,bracelet_257,0,0,Bracelet,Bracelet,train,1,positive,
DS1_IMG_000706__DS1_IMG_000708,DS1_IMG_000706,DS1_IMG_000708,bracelet_257,bracelet_257,0,0,Bracelet,Bracelet,train,1,positive,
DS1_IMG_000706__DS1_IMG_001253,DS1_IMG_000706,DS1_IMG_001253,bracelet_257,earring_382,0,1,Bracelet,Earrings,train,0,negative,cross_category
DS1_IMG_000706__DS1_IMG_002065,DS1_IMG_000706,DS1_IMG_002065,bracelet_257,IMG_0628_71c27f0b,0,2,Bracelet,Necklace,train,0,negative,cross_category
DS1_IMG_000706__DS1_IMG_004101,DS1_IMG_000706,DS1_IMG_004101,bracelet_257,ring_062,0,4,Bracelet,Ring,train,0,negative,cross_category
DS1_IMG_000707__DS1_IMG_000708,DS1_IMG_000707,DS1_IMG_000708,bracelet_257,bracelet_257,0,0,Bracelet,Bracelet,train,1,positive,
DS1_IMG_000707__DS1_IMG_000811,DS1_IMG_000707,DS1_IMG_000811,bracelet_257,IMG_2139_3c14d83a,0,1,Bracelet,Earrings,train,0,negative,cross_category
DS1_IMG_000707__DS1_IMG_004230,DS1_IMG_000707,DS1_IMG_004230,bracelet_257,ring_135,0,4,Bracelet,Ring,train,0,negative,cross_category
DS1_IMG_000708__DS1_IMG_002697,DS1_IMG_000708,DS1_IMG_002697,bracelet_257,IMG_2241_3b280df7,0,2,Bracelet,Necklace,train,0,negative,cross_category
DS1_IMG_000708__DS1_IMG_003944,DS1_IMG_000708,DS1_IMG_003944,bracelet_257,IMG_3467_d962189e,0,3,Bracelet,Pendant,train,0,negative,cross_category
DS1_IMG_000708__DS1_IMG_004125,DS1_IMG_000708,DS1_IMG_004125,bracelet_257,ring_078,0,4,Bracelet,Ring,train,0,negative,cross_category
DS1_IMG_000709__DS1_IMG_000710,DS1_IMG_000709,DS1_IMG_000710,bracelet_258,bracelet_258,0,0,Bracelet,Bracelet,train,1,positive,
DS1_IMG_000709__DS1_IMG_000711,DS1_IMG_000709,DS1_IMG_000711,bracelet_258,bracelet_258,0,0,Bracelet,Bracelet,train,1,positive,
DS1_IMG_000709__DS1_IMG_004328,DS1_IMG_000709,DS1_IMG_004328,bracelet_258,wedding-rings-jewellery-png-31,0,4,Bracelet,Ring,train,0,negative,cross_category
DS1_IMG_000710__DS1_IMG_000711,DS1_IMG_000710,DS1_IMG_000711,bracelet_258,bracelet_258,0,0,Bracelet,Bracelet,train,1,positive,
DS1_IMG_000710__DS1_IMG_001291,DS1_IMG_000710,DS1_IMG_001291,bracelet_258,earring_435,0,1,Bracelet,Earrings,train,0,negative,cross_category
DS1_IMG_000715__DS1_IMG_001406,DS1_IMG_000715,DS1_IMG_001406,bracelet_260,images-3-,0,1,Bracelet,Earrings,train,0,negative,cross_category
DS1_IMG_000715__DS1_IMG_001828,DS1_IMG_000715,DS1_IMG_001828,bracelet_260,IMG_0514_4b186d77,0,2,Bracelet,Necklace,train,0,negative,cross_category
DS1_IMG_000715__DS1_IMG_004068,DS1_IMG_000715,DS1_IMG_004068,bracelet_260,ring_044,0,4,Bracelet,Ring,train,0,negative,cross_category
DS1_IMG_000715__DS1_IMG_004319,DS1_IMG_000715,DS1_IMG_004319,bracelet_260,ring_188,0,4,Bracelet,Ring,train,0,negative,cross_category
DS1_IMG_000716__DS1_IMG_000717,DS1_IMG_000716,DS1_IMG_000717,bracelet_261,bracelet_261,0,0,Bracelet,Bracelet,train,1,positive,
DS1_IMG_000716__DS1_IMG_000718,DS1_IMG_000716,DS1_IMG_000718,bracelet_261,bracelet_261,0,0,Bracelet,Bracelet,train,1,positive,
DS1_IMG_000716__DS1_IMG_000945,DS1_IMG_000716,DS1_IMG_000945,bracelet_261,earring_115,0,1,Bracelet,Earrings,train,0,negative,cross_category
DS1_IMG_000716__DS1_IMG_003310,DS1_IMG_000716,DS1_IMG_003310,bracelet_261,IMG_3591_bf00066a,0,2,Bracelet,Necklace,train,0,negative,cross_category
DS1_IMG_000716__DS1_IMG_003357,DS1_IMG_000716,DS1_IMG_003357,bracelet_261,IMG_3617_7f9e3e44,0,2,Bracelet,Necklace,train,0,negative,cross_category
DS1_IMG_000716__DS1_IMG_003503,DS1_IMG_000716,DS1_IMG_003503,bracelet_261,necklace_20241125_122545_387efea7,0,2,Bracelet,Necklace,train,0,negative,cross_category
DS1_IMG_000716__DS1_IMG_003799,DS1_IMG_000716,DS1_IMG_003799,bracelet_261,IMG_2371_c0acc0f4,0,3,Bracelet,Pendant,train,0,negative,cross_category
DS1_IMG_000716__DS1_IMG_004250,DS1_IMG_000716,DS1_IMG_004250,bracelet_261,ring_153,0,4,Bracelet,Ring,train,0,negative,cross_category
DS1_IMG_000717__DS1_IMG_000718,DS1_IMG_000717,DS1_IMG_000718,bracelet_261,bracelet_261,0,0,Bracelet,Bracelet,train,1,positive,
DS1_IMG_000717__DS1_IMG_004173,DS1_IMG_000717,DS1_IMG_004173,bracelet_261,ring_099,0,4,Bracelet,Ring,train,0,negative,cross_category
DS1_IMG_000718__DS1_IMG_001766,DS1_IMG_000718,DS1_IMG_001766,bracelet_261,IMG_0451-1-_5b0f9da9,0,2,Bracelet,Necklace,train,0,negative,cross_category
DS1_IMG_000719__DS1_IMG_000720,DS1_IMG_000719,DS1_IMG_000720,bracelet_262,bracelet_262,0,0,Bracelet,Bracelet,train,1,positive,
DS1_IMG_000719__DS1_IMG_000721,DS1_IMG_000719,DS1_IMG_000721,bracelet_262,bracelet_262,0,0,Bracelet,Bracelet,train,1,positive,
DS1_IMG_000719__DS1_IMG_000917,DS1_IMG_000719,DS1_IMG_000917,bracelet_262,UE00012-YG0000_1_lar,0,1,Bracelet,Earrings,train,0,negative,cross_category
DS1_IMG_000720__DS1_IMG_000721,DS1_IMG_000720,DS1_IMG_000721,bracelet_262,bracelet_262,0,0,Bracelet,Bracelet,train,1,positive,
DS1_IMG_000720__DS1_IMG_003792,DS1_IMG_000720,DS1_IMG_003792,bracelet_262,IMG_2275_5f527887,0,3,Bracelet,Pendant,train,0,negative,cross_category
DS1_IMG_000721__DS1_IMG_004222,DS1_IMG_000721,DS1_IMG_004222,bracelet_262,ring_130,0,4,Bracelet,Ring,train,0,negative,cross_category
DS1_IMG_000722__DS1_IMG_000723,DS1_IMG_000722,DS1_IMG_000723,bracelet_265,bracelet_265,0,0,Bracelet,Bracelet,train,1,positive,
DS1_IMG_000722__DS1_IMG_000724,DS1_IMG_000722,DS1_IMG_000724,bracelet_265,bracelet_265,0,0,Bracelet,Bracelet,train,1,positive,
DS1_IMG_000722__DS1_IMG_001145,DS1_IMG_000722,DS1_IMG_001145,bracelet_265,earring_277,0,1,Bracelet,Earrings,train,0,negative,cross_category
DS1_IMG_000722__DS1_IMG_001185,DS1_IMG_000722,DS1_IMG_001185,bracelet_265,earring_323,0,1,Bracelet,Earrings,train,0,negative,cross_category
DS1_IMG_000723__DS1_IMG_000724,DS1_IMG_000723,DS1_IMG_000724,bracelet_265,bracelet_265,0,0,Bracelet,Bracelet,train,1,positive,
DS1_IMG_000723__DS1_IMG_001685,DS1_IMG_000723,DS1_IMG_001685,bracelet_265,IMG_0400_49c223c9,0,2,Bracelet,Necklace,train,0,negative,cross_category
DS1_IMG_000723__DS1_IMG_003847,DS1_IMG_000723,DS1_IMG_003847,bracelet_265,IMG_2822_df249f8d,0,3,Bracelet,Pendant,train,0,negative,cross_category
DS1_IMG_000723__DS1_IMG_003899,DS1_IMG_000723,DS1_IMG_003899,bracelet_265,IMG_2900_b470bf1b,0,3,Bracelet,Pendant,train,0,negative,cross_category
DS1_IMG_000723__DS1_IMG_004100,DS1_IMG_000723,DS1_IMG_004100,bracelet_265,ring_062,0,4,Bracelet,Ring,train,0,negative,cross_category
DS1_IMG_000724__DS1_IMG_000856,DS1_IMG_000724,DS1_IMG_000856,bracelet_265,Kedatangan-mode-baru-model-baru-anting-anting-emas-kuning-Desain-jantung-Stup-anting-untuk-anak-perempuan-jpg_640x640,0,1,Bracelet,Earrings,train,0,negative,cross_category
DS1_IMG_000724__DS1_IMG_001197,DS1_IMG_000724,DS1_IMG_001197,bracelet_265,earring_335,0,1,Bracelet,Earrings,train,0,negative,cross_category
DS1_IMG_000724__DS1_IMG_003921,DS1_IMG_000724,DS1_IMG_003921,bracelet_265,IMG_2922_996200cd,0,3,Bracelet,Pendant,train,0,negative,cross_category
DS1_IMG_000729__DS1_IMG_000730,DS1_IMG_000729,DS1_IMG_000730,bracelet_282,bracelet_282,0,0,Bracelet,Bracelet,train,1,positive,
DS1_IMG_000729__DS1_IMG_000731,DS1_IMG_000729,DS1_IMG_000731,bracelet_282,bracelet_282,0,0,Bracelet,Bracelet,train,1,positive,
DS1_IMG_000729__DS1_IMG_003871,DS1_IMG_000729,DS1_IMG_003871,bracelet_282,IMG_2850_604c1d7b,0,3,Bracelet,Pendant,train,0,negative,cross_category
DS1_IMG_000729__DS1_IMG_003901,DS1_IMG_000729,DS1_IMG_003901,bracelet_282,IMG_2900_b470bf1b,0,3,Bracelet,Pendant,train,0,negative,cross_category
DS1_IMG_000729__DS1_IMG_004262,DS1_IMG_000729,DS1_IMG_004262,bracelet_282,ring_157,0,4,Bracelet,Ring,train,0,negative,cross_category
DS1_IMG_000730__DS1_IMG_000731,DS1_IMG_000730,DS1_IMG_000731,bracelet_282,bracelet_282,0,0,Bracelet,Bracelet,train,1,positive,
DS1_IMG_000730__DS1_IMG_002661,DS1_IMG_000730,DS1_IMG_002661,bracelet_282,IMG_2220_c88e0556,0,2,Bracelet,Necklace,train,0,negative,cross_category
DS1_IMG_000730__DS1_IMG_004178,DS1_IMG_000730,DS1_IMG_004178,bracelet_282,ring_104,0,4,Bracelet,Ring,train,0,negative,cross_category
DS1_IMG_000732__DS1_IMG_000733,DS1_IMG_000732,DS1_IMG_000733,bracelet_285,bracelet_285,0,0,Bracelet,Bracelet,train,1,positive,
DS1_IMG_000732__DS1_IMG_000734,DS1_IMG_000732,DS1_IMG_000734,bracelet_285,bracelet_285,0,0,Bracelet,Bracelet,train,1,positive,
DS1_IMG_000733__DS1_IMG_000734,DS1_IMG_000733,DS1_IMG_000734,bracelet_285,bracelet_285,0,0,Bracelet,Bracelet,train,1,positive,
DS1_IMG_000733__DS1_IMG_004217,DS1_IMG_000733,DS1_IMG_004217,bracelet_285,ring_128,0,4,Bracelet,Ring,train,0,negative,cross_category
DS1_IMG_000734__DS1_IMG_001067,DS1_IMG_000734,DS1_IMG_001067,bracelet_285,earring_205,0,1,Bracelet,Earrings,train,0,negative,cross_category
DS1_IMG_000734__DS1_IMG_001112,DS1_IMG_000734,DS1_IMG_001112,bracelet_285,earring_255,0,1,Bracelet,Earrings,train,0,negative,cross_category
DS1_IMG_000734__DS1_IMG_001680,DS1_IMG_000734,DS1_IMG_001680,bracelet_285,IMG_0390_fafb7e18,0,2,Bracelet,Necklace,train,0,negative,cross_category
DS1_IMG_000735__DS1_IMG_000736,DS1_IMG_000735,DS1_IMG_000736,bracelet_306,bracelet_306,0,0,Bracelet,Bracelet,train,1,positive,
DS1_IMG_000735__DS1_IMG_000737,DS1_IMG_000735,DS1_IMG_000737,bracelet_306,bracelet_306,0,0,Bracelet,Bracelet,train,1,positive,
DS1_IMG_000736__DS1_IMG_000737,DS1_IMG_000736,DS1_IMG_000737,bracelet_306,bracelet_306,0,0,Bracelet,Bracelet,train,1,positive,
DS1_IMG_000736__DS1_IMG_000993,DS1_IMG_000736,DS1_IMG_000993,bracelet_306,earring_14,0,1,Bracelet,Earrings,train,0,negative,cross_category
DS1_IMG_000736__DS1_IMG_001030,DS1_IMG_000736,DS1_IMG_001030,bracelet_306,earring_179,0,1,Bracelet,Earrings,train,0,negative,cross_category
DS1_IMG_000736__DS1_IMG_001304,DS1_IMG_000736,DS1_IMG_001304,bracelet_306,earring_444,0,1,Bracelet,Earrings,train,0,negative,cross_category
DS1_IMG_000736__DS1_IMG_002784,DS1_IMG_000736,DS1_IMG_002784,bracelet_306,IMG_2322_5620dcdb,0,2,Bracelet,Necklace,train,0,negative,cross_category
DS1_IMG_000736__DS1_IMG_003922,DS1_IMG_000736,DS1_IMG_003922,bracelet_306,IMG_2922_996200cd,0,3,Bracelet,Pendant,train,0,negative,cross_category
DS1_IMG_000737__DS1_IMG_004172,DS1_IMG_000737,DS1_IMG_004172,bracelet_306,ring_099,0,4,Bracelet,Ring,train,0,negative,cross_category
DS1_IMG_000738__DS1_IMG_000739,DS1_IMG_000738,DS1_IMG_000739,necklace_20241125_122545_0000787c,necklace_20241125_122545_0000787c,0,0,Bracelet,Bracelet,train,1,positive,
DS1_IMG_000738__DS1_IMG_000740,DS1_IMG_000738,DS1_IMG_000740,necklace_20241125_122545_0000787c,necklace_20241125_122545_0000787c,0,0,Bracelet,Bracelet,train,1,positive,
DS1_IMG_000739__DS1_IMG_000740,DS1_IMG_000739,DS1_IMG_000740,necklace_20241125_122545_0000787c,necklace_20241125_122545_0000787c,0,0,Bracelet,Bracelet,train,1,positive,
DS1_IMG_000739__DS1_IMG_001191,DS1_IMG_000739,DS1_IMG_001191,necklace_20241125_122545_0000787c,earring_331,0,1,Bracelet,Earrings,train,0,negative,cross_category
DS1_IMG_000739__DS1_IMG_001518,DS1_IMG_000739,DS1_IMG_001518,necklace_20241125_122545_0000787c,pirouette_by_harry_winston_earrings__diamond__EADPRFPRSPIR_trans-1h,0,1,Bracelet,Earrings,train,0,negative,cross_category
DS1_IMG_000740__DS1_IMG_001375,DS1_IMG_000740,DS1_IMG_001375,necklace_20241125_122545_0000787c,earring_83,0,1,Bracelet,Earrings,train,0,negative,cross_category
DS1_IMG_000740__DS1_IMG_002601,DS1_IMG_000740,DS1_IMG_002601,necklace_20241125_122545_0000787c,IMG_2179_7edd5f7f,0,2,Bracelet,Necklace,train,0,negative,cross_category
DS1_IMG_000740__DS1_IMG_003827,DS1_IMG_000740,DS1_IMG_003827,necklace_20241125_122545_0000787c,IMG_2513_2e38170a,0,3,Bracelet,Pendant,train,0,negative,cross_category
DS1_IMG_000740__DS1_IMG_004016,DS1_IMG_000740,DS1_IMG_004016,necklace_20241125_122545_0000787c,Screenshot_20181116-202757_1542453058358,0,4,Bracelet,Ring,train,0,negative,cross_category
DS1_IMG_000741__DS1_IMG_000742,DS1_IMG_000741,DS1_IMG_000742,necklace_20241125_122545_7c7ff7c7,necklace_20241125_122545_7c7ff7c7,0,0,Bracelet,Bracelet,train,1,positive,
DS1_IMG_000741__DS1_IMG_000743,DS1_IMG_000741,DS1_IMG_000743,necklace_20241125_122545_7c7ff7c7,necklace_20241125_122545_7c7ff7c7,0,0,Bracelet,Bracelet,train,1,positive,
DS1_IMG_000741__DS1_IMG_000907,DS1_IMG_000741,DS1_IMG_000907,necklace_20241125_122545_7c7ff7c7,Screenshot_20190101-212741_1546422287531,0,1,Bracelet,Earrings,train,0,negative,cross_category
DS1_IMG_000741__DS1_IMG_002663,DS1_IMG_000741,DS1_IMG_002663,necklace_20241125_122545_7c7ff7c7,IMG_2221_e360d547,0,2,Bracelet,Necklace,train,0,negative,cross_category
DS1_IMG_000742__DS1_IMG_000743,DS1_IMG_000742,DS1_IMG_000743,necklace_20241125_122545_7c7ff7c7,necklace_20241125_122545_7c7ff7c7,0,0,Bracelet,Bracelet,train,1,positive,
DS1_IMG_000742__DS1_IMG_001123,DS1_IMG_000742,DS1_IMG_001123,necklace_20241125_122545_7c7ff7c7,earring_260,0,1,Bracelet,Earrings,train,0,negative,cross_category
DS1_IMG_000742__DS1_IMG_001216,DS1_IMG_000742,DS1_IMG_001216,necklace_20241125_122545_7c7ff7c7,earring_34,0,1,Bracelet,Earrings,train,0,negative,cross_category
DS1_IMG_000742__DS1_IMG_001773,DS1_IMG_000742,DS1_IMG_001773,necklace_20241125_122545_7c7ff7c7,IMG_0469_a45c8b59,0,2,Bracelet,Necklace,train,0,negative,cross_category
DS1_IMG_000742__DS1_IMG_002031,DS1_IMG_000742,DS1_IMG_002031,necklace_20241125_122545_7c7ff7c7,IMG_0611_fe713fd9,0,2,Bracelet,Necklace,train,0,negative,cross_category
DS1_IMG_000742__DS1_IMG_002032,DS1_IMG_000742,DS1_IMG_002032,necklace_20241125_122545_7c7ff7c7,IMG_0612_18d97c27,0,2,Bracelet,Necklace,train,0,negative,cross_category
DS1_IMG_000743__DS1_IMG_001053,DS1_IMG_000743,DS1_IMG_001053,necklace_20241125_122545_7c7ff7c7,earring_200,0,1,Bracelet,Earrings,train,0,negative,cross_category
DS1_IMG_000747__DS1_IMG_000748,DS1_IMG_000747,DS1_IMG_000748,other_20241125_122401_fff39199,other_20241125_122401_fff39199,0,0,Bracelet,Bracelet,train,1,positive,
DS1_IMG_000747__DS1_IMG_000749,DS1_IMG_000747,DS1_IMG_000749,other_20241125_122401_fff39199,other_20241125_122401_fff39199,0,0,Bracelet,Bracelet,train,1,positive,
DS1_IMG_000747__DS1_IMG_002213,DS1_IMG_000747,DS1_IMG_002213,other_20241125_122401_fff39199,IMG_1399_ec43f3b7,0,2,Bracelet,Necklace,train,0,negative,cross_category
DS1_IMG_000747__DS1_IMG_003670,DS1_IMG_000747,DS1_IMG_003670,other_20241125_122401_fff39199,IMG_0371_d1d4878f,0,3,Bracelet,Pendant,train,0,negative,cross_category
DS1_IMG_000747__DS1_IMG_004285,DS1_IMG_000747,DS1_IMG_004285,other_20241125_122401_fff39199,ring_168,0,4,Bracelet,Ring,train,0,negative,cross_category
DS1_IMG_000748__DS1_IMG_000749,DS1_IMG_000748,DS1_IMG_000749,other_20241125_122401_fff39199,other_20241125_122401_fff39199,0,0,Bracelet,Bracelet,train,1,positive,
DS1_IMG_000748__DS1_IMG_003672,DS1_IMG_000748,DS1_IMG_003672,other_20241125_122401_fff39199,IMG_0391_13077dff,0,3,Bracelet,Pendant,train,0,negative,cross_category
DS1_IMG_000748__DS1_IMG_004149,DS1_IMG_000748,DS1_IMG_004149,other_20241125_122401_fff39199,ring_088,0,4,Bracelet,Ring,train,0,negative,cross_category
DS1_IMG_000749__DS1_IMG_001308,DS1_IMG_000749,DS1_IMG_001308,other_20241125_122401_fff39199,earring_447,0,1,Bracelet,Earrings,train,0,negative,cross_category
DS1_IMG_000749__DS1_IMG_001920,DS1_IMG_000749,DS1_IMG_001920,other_20241125_122401_fff39199,IMG_0559-1-_dec238f7,0,2,Bracelet,Necklace,train,0,negative,cross_category
DS1_IMG_000749__DS1_IMG_003805,DS1_IMG_000749,DS1_IMG_003805,other_20241125_122401_fff39199,IMG_2426_f8412daf,0,3,Bracelet,Pendant,train,0,negative,cross_category
DS1_IMG_000750__DS1_IMG_000751,DS1_IMG_000750,DS1_IMG_000751,pulseira-masculina-em-prata-cartier3,pulseira-masculina-em-prata-cartier3,0,0,Bracelet,Bracelet,train,1,positive,
DS1_IMG_000750__DS1_IMG_000752,DS1_IMG_000750,DS1_IMG_000752,pulseira-masculina-em-prata-cartier3,pulseira-masculina-em-prata-cartier3,0,0,Bracelet,Bracelet,train,1,positive,
DS1_IMG_000750__DS1_IMG_001112,DS1_IMG_000750,DS1_IMG_001112,pulseira-masculina-em-prata-cartier3,earring_255,0,1,Bracelet,Earrings,train,0,negative,cross_category
DS1_IMG_000750__DS1_IMG_003856,DS1_IMG_000750,DS1_IMG_003856,pulseira-masculina-em-prata-cartier3,IMG_2836_db94d1e7,0,3,Bracelet,Pendant,train,0,negative,cross_category
DS1_IMG_000750__DS1_IMG_003989,DS1_IMG_000750,DS1_IMG_003989,pulseira-masculina-em-prata-cartier3,necklace_20241125_122545_6063e3a7,0,3,Bracelet,Pendant,train,0,negative,cross_category
DS1_IMG_000750__DS1_IMG_004086,DS1_IMG_000750,DS1_IMG_004086,pulseira-masculina-em-prata-cartier3,ring_054,0,4,Bracelet,Ring,train,0,negative,cross_category
DS1_IMG_000750__DS1_IMG_004313,DS1_IMG_000750,DS1_IMG_004313,pulseira-masculina-em-prata-cartier3,ring_185,0,4,Bracelet,Ring,train,0,negative,cross_category
DS1_IMG_000751__DS1_IMG_000752,DS1_IMG_000751,DS1_IMG_000752,pulseira-masculina-em-prata-cartier3,pulseira-masculina-em-prata-cartier3,0,0,Bracelet,Bracelet,train,1,positive,
DS1_IMG_000751__DS1_IMG_003316,DS1_IMG_000751,DS1_IMG_003316,pulseira-masculina-em-prata-cartier3,IMG_3596_dd2c482e,0,2,Bracelet,Necklace,train,0,negative,cross_category
DS1_IMG_000752__DS1_IMG_001297,DS1_IMG_000752,DS1_IMG_001297,pulseira-masculina-em-prata-cartier3,earring_43,0,1,Bracelet,Earrings,train,0,negative,cross_category
DS1_IMG_000752__DS1_IMG_003988,DS1_IMG_000752,DS1_IMG_003988,pulseira-masculina-em-prata-cartier3,necklace_20241125_122545_586d69f7,0,3,Bracelet,Pendant,train,0,negative,cross_category
DS1_IMG_000753__DS1_IMG_000754,DS1_IMG_000753,DS1_IMG_000754,sd_hol17_b429g_philippa_hero,sd_hol17_b429g_philippa_hero,0,0,Bracelet,Bracelet,train,1,positive,
DS1_IMG_000753__DS1_IMG_000755,DS1_IMG_000753,DS1_IMG_000755,sd_hol17_b429g_philippa_hero,sd_hol17_b429g_philippa_hero,0,0,Bracelet,Bracelet,train,1,positive,
DS1_IMG_000753__DS1_IMG_003899,DS1_IMG_000753,DS1_IMG_003899,sd_hol17_b429g_philippa_hero,IMG_2900_b470bf1b,0,3,Bracelet,Pendant,train,0,negative,cross_category
DS1_IMG_000753__DS1_IMG_003970,DS1_IMG_000753,DS1_IMG_003970,sd_hol17_b429g_philippa_hero,necklace_20241125_122545_08081c1c,0,3,Bracelet,Pendant,train,0,negative,cross_category
DS1_IMG_000753__DS1_IMG_004178,DS1_IMG_000753,DS1_IMG_004178,sd_hol17_b429g_philippa_hero,ring_104,0,4,Bracelet,Ring,train,0,negative,cross_category
DS1_IMG_000754__DS1_IMG_000755,DS1_IMG_000754,DS1_IMG_000755,sd_hol17_b429g_philippa_hero,sd_hol17_b429g_philippa_hero,0,0,Bracelet,Bracelet,train,1,positive,
DS1_IMG_000755__DS1_IMG_001681,DS1_IMG_000755,DS1_IMG_001681,sd_hol17_b429g_philippa_hero,IMG_0390_fafb7e18,0,2,Bracelet,Necklace,train,0,negative,cross_category
DS1_IMG_000755__DS1_IMG_001720,DS1_IMG_000755,DS1_IMG_001720,sd_hol17_b429g_philippa_hero,IMG_0419_2058b182,0,2,Bracelet,Necklace,train,0,negative,cross_category
DS1_IMG_000755__DS1_IMG_003920,DS1_IMG_000755,DS1_IMG_003920,sd_hol17_b429g_philippa_hero,IMG_2922_996200cd,0,3,Bracelet,Pendant,train,0,negative,cross_category
DS1_IMG_000756__DS1_IMG_000757,DS1_IMG_000756,DS1_IMG_000757,CFE0686_D,CFE0686_D,1,1,Earrings,Earrings,train,1,positive,
DS1_IMG_000756__DS1_IMG_000758,DS1_IMG_000756,DS1_IMG_000758,CFE0686_D,CFE0686_D,1,1,Earrings,Earrings,train,1,positive,
DS1_IMG_000756__DS1_IMG_003016,DS1_IMG_000756,DS1_IMG_003016,CFE0686_D,IMG_2939_24d96ddc,1,2,Earrings,Necklace,train,0,negative,cross_category
DS1_IMG_000756__DS1_IMG_004213,DS1_IMG_000756,DS1_IMG_004213,CFE0686_D,ring_123,1,4,Earrings,Ring,train,0,negative,cross_category
DS1_IMG_000757__DS1_IMG_000758,DS1_IMG_000757,DS1_IMG_000758,CFE0686_D,CFE0686_D,1,1,Earrings,Earrings,train,1,positive,
DS1_IMG_000757__DS1_IMG_003211,DS1_IMG_000757,DS1_IMG_003211,CFE0686_D,IMG_3531_dfe99abf,1,2,Earrings,Necklace,train,0,negative,cross_category
DS1_IMG_000757__DS1_IMG_003800,DS1_IMG_000757,DS1_IMG_003800,CFE0686_D,IMG_2379_ad6a1bf5,1,3,Earrings,Pendant,train,0,negative,cross_category
DS1_IMG_000757__DS1_IMG_004163,DS1_IMG_000757,DS1_IMG_004163,CFE0686_D,ring_095,1,4,Earrings,Ring,train,0,negative,cross_category
DS1_IMG_000762__DS1_IMG_000763,DS1_IMG_000762,DS1_IMG_000763,Cheerful-Diamond-Drop-Earrings-1,Cheerful-Diamond-Drop-Earrings-1,1,1,Earrings,Earrings,train,1,positive,
DS1_IMG_000762__DS1_IMG_001990,DS1_IMG_000762,DS1_IMG_001990,Cheerful-Diamond-Drop-Earrings-1,IMG_0589-1-_bcc80d73,1,2,Earrings,Necklace,train,0,negative,cross_category
DS1_IMG_000763__DS1_IMG_004216,DS1_IMG_000763,DS1_IMG_004216,Cheerful-Diamond-Drop-Earrings-1,ring_124,1,4,Earrings,Ring,train,0,negative,cross_category
DS1_IMG_000764__DS1_IMG_000765,DS1_IMG_000764,DS1_IMG_000765,ER10422PL-1_large,ER10422PL-1_large,1,1,Earrings,Earrings,train,1,positive,
DS1_IMG_000764__DS1_IMG_000766,DS1_IMG_000764,DS1_IMG_000766,ER10422PL-1_large,ER10422PL-1_large,1,1,Earrings,Earrings,train,1,positive,
DS1_IMG_000764__DS1_IMG_003958,DS1_IMG_000764,DS1_IMG_003958,ER10422PL-1_large,necklace_124,1,3,Earrings,Pendant,train,0,negative,cross_category
DS1_IMG_000764__DS1_IMG_003982,DS1_IMG_000764,DS1_IMG_003982,ER10422PL-1_large,necklace_20241125_122545_3ef84081,1,3,Earrings,Pendant,train,0,negative,cross_category
DS1_IMG_000765__DS1_IMG_000766,DS1_IMG_000765,DS1_IMG_000766,ER10422PL-1_large,ER10422PL-1_large,1,1,Earrings,Earrings,train,1,positive,
DS1_IMG_000765__DS1_IMG_003847,DS1_IMG_000765,DS1_IMG_003847,ER10422PL-1_large,IMG_2822_df249f8d,1,3,Earrings,Pendant,train,0,negative,cross_category
DS1_IMG_000766__DS1_IMG_003958,DS1_IMG_000766,DS1_IMG_003958,ER10422PL-1_large,necklace_124,1,3,Earrings,Pendant,train,0,negative,cross_category
DS1_IMG_000767__DS1_IMG_000768,DS1_IMG_000767,DS1_IMG_000768,Graff-Classic-Butterfly-Diamond-Chandelier-Earrings_RGE393,Graff-Classic-Butterfly-Diamond-Chandelier-Earrings_RGE393,1,1,Earrings,Earrings,train,1,positive,
DS1_IMG_000767__DS1_IMG_000769,DS1_IMG_000767,DS1_IMG_000769,Graff-Classic-Butterfly-Diamond-Chandelier-Earrings_RGE393,Graff-Classic-Butterfly-Diamond-Chandelier-Earrings_RGE393,1,1,Earrings,Earrings,train,1,positive,
DS1_IMG_000767__DS1_IMG_004135,DS1_IMG_000767,DS1_IMG_004135,Graff-Classic-Butterfly-Diamond-Chandelier-Earrings_RGE393,ring_083,1,4,Earrings,Ring,train,0,negative,cross_category
DS1_IMG_000767__DS1_IMG_004215,DS1_IMG_000767,DS1_IMG_004215,Graff-Classic-Butterfly-Diamond-Chandelier-Earrings_RGE393,ring_124,1,4,Earrings,Ring,train,0,negative,cross_category
DS1_IMG_000768__DS1_IMG_000769,DS1_IMG_000768,DS1_IMG_000769,Graff-Classic-Butterfly-Diamond-Chandelier-Earrings_RGE393,Graff-Classic-Butterfly-Diamond-Chandelier-Earrings_RGE393,1,1,Earrings,Earrings,train,1,positive,
DS1_IMG_000768__DS1_IMG_002680,DS1_IMG_000768,DS1_IMG_002680,Graff-Classic-Butterfly-Diamond-Chandelier-Earrings_RGE393,IMG_2230_a8b8b24e,1,2,Earrings,Necklace,train,0,negative,cross_category
DS1_IMG_000769__DS1_IMG_004009,DS1_IMG_000769,DS1_IMG_004009,Graff-Classic-Butterfly-Diamond-Chandelier-Earrings_RGE393,other_20241125_122403_8383c799,1,3,Earrings,Pendant,train,0,negative,cross_category
DS1_IMG_000769__DS1_IMG_004266,DS1_IMG_000769,DS1_IMG_004266,Graff-Classic-Butterfly-Diamond-Chandelier-Earrings_RGE393,ring_158,1,4,Earrings,Ring,train,0,negative,cross_category
DS1_IMG_000775__DS1_IMG_000776,DS1_IMG_000775,DS1_IMG_000776,IMG_0636_4580acd4,IMG_0636_4580acd4,1,1,Earrings,Earrings,train,1,positive,
DS1_IMG_000775__DS1_IMG_000777,DS1_IMG_000775,DS1_IMG_000777,IMG_0636_4580acd4,IMG_0636_4580acd4,1,1,Earrings,Earrings,train,1,positive,
DS1_IMG_000775__DS1_IMG_003907,DS1_IMG_000775,DS1_IMG_003907,IMG_0636_4580acd4,IMG_2907_4bcb0ae7,1,3,Earrings,Pendant,train,0,negative,cross_category
DS1_IMG_000775__DS1_IMG_003959,DS1_IMG_000775,DS1_IMG_003959,IMG_0636_4580acd4,necklace_20241125_122545_00801018,1,3,Earrings,Pendant,train,0,negative,cross_category
DS1_IMG_000776__DS1_IMG_000777,DS1_IMG_000776,DS1_IMG_000777,IMG_0636_4580acd4,IMG_0636_4580acd4,1,1,Earrings,Earrings,train,1,positive,
DS1_IMG_000776__DS1_IMG_004066,DS1_IMG_000776,DS1_IMG_004066,IMG_0636_4580acd4,ring_044,1,4,Earrings,Ring,train,0,negative,cross_category
DS1_IMG_000778__DS1_IMG_000779,DS1_IMG_000778,DS1_IMG_000779,IMG_0677_d0b99f2e,IMG_0677_d0b99f2e,1,1,Earrings,Earrings,train,1,positive,
DS1_IMG_000778__DS1_IMG_000780,DS1_IMG_000778,DS1_IMG_000780,IMG_0677_d0b99f2e,IMG_0677_d0b99f2e,1,1,Earrings,Earrings,train,1,positive,
DS1_IMG_000778__DS1_IMG_001753,DS1_IMG_000778,DS1_IMG_001753,IMG_0677_d0b99f2e,IMG_0446-1-_49de66a8,1,2,Earrings,Necklace,train,0,negative,cross_category
DS1_IMG_000778__DS1_IMG_002570,DS1_IMG_000778,DS1_IMG_002570,IMG_0677_d0b99f2e,IMG_1871_019335e4,1,2,Earrings,Necklace,train,0,negative,cross_category
DS1_IMG_000778__DS1_IMG_003065,DS1_IMG_000778,DS1_IMG_003065,IMG_0677_d0b99f2e,IMG_3089_8d53874f,1,2,Earrings,Necklace,train,0,negative,cross_category
DS1_IMG_000778__DS1_IMG_003733,DS1_IMG_000778,DS1_IMG_003733,IMG_0677_d0b99f2e,IMG_0858_52572277,1,3,Earrings,Pendant,train,0,negative,cross_category
DS1_IMG_000778__DS1_IMG_004029,DS1_IMG_000778,DS1_IMG_004029,IMG_0677_d0b99f2e,Screenshot_20181116-203109_1542449890237,1,4,Earrings,Ring,train,0,negative,cross_category
DS1_IMG_000778__DS1_IMG_004136,DS1_IMG_000778,DS1_IMG_004136,IMG_0677_d0b99f2e,ring_083,1,4,Earrings,Ring,train,0,negative,cross_category
DS1_IMG_000779__DS1_IMG_000780,DS1_IMG_000779,DS1_IMG_000780,IMG_0677_d0b99f2e,IMG_0677_d0b99f2e,1,1,Earrings,Earrings,train,1,positive,
DS1_IMG_000781__DS1_IMG_000782,DS1_IMG_000781,DS1_IMG_000782,IMG_0678_0da681f3,IMG_0678_0da681f3,1,1,Earrings,Earrings,train,1,positive,
DS1_IMG_000781__DS1_IMG_000783,DS1_IMG_000781,DS1_IMG_000783,IMG_0678_0da681f3,IMG_0678_0da681f3,1,1,Earrings,Earrings,train,1,positive,
DS1_IMG_000781__DS1_IMG_003756,DS1_IMG_000781,DS1_IMG_003756,IMG_0678_0da681f3,IMG_0911_ecd59d89,1,3,Earrings,Pendant,train,0,negative,cross_category
DS1_IMG_000782__DS1_IMG_000783,DS1_IMG_000782,DS1_IMG_000783,IMG_0678_0da681f3,IMG_0678_0da681f3,1,1,Earrings,Earrings,train,1,positive,
DS1_IMG_000782__DS1_IMG_004023,DS1_IMG_000782,DS1_IMG_004023,IMG_0678_0da681f3,Screenshot_20181116-202936_1542450027786,1,4,Earrings,Ring,train,0,negative,cross_category
DS1_IMG_000783__DS1_IMG_003754,DS1_IMG_000783,DS1_IMG_003754,IMG_0678_0da681f3,IMG_0901_5a140477,1,3,Earrings,Pendant,train,0,negative,cross_category
DS1_IMG_000787__DS1_IMG_000788,DS1_IMG_000787,DS1_IMG_000788,IMG_0680_943431e1,IMG_0680_943431e1,1,1,Earrings,Earrings,train,1,positive,
DS1_IMG_000787__DS1_IMG_000789,DS1_IMG_000787,DS1_IMG_000789,IMG_0680_943431e1,IMG_0680_943431e1,1,1,Earrings,Earrings,train,1,positive,
DS1_IMG_000787__DS1_IMG_003699,DS1_IMG_000787,DS1_IMG_003699,IMG_0680_943431e1,IMG_0669_957b4e82,1,3,Earrings,Pendant,train,0,negative,cross_category
DS1_IMG_000787__DS1_IMG_003981,DS1_IMG_000787,DS1_IMG_003981,IMG_0680_943431e1,necklace_20241125_122545_3ef84081,1,3,Earrings,Pendant,train,0,negative,cross_category
DS1_IMG_000787__DS1_IMG_004306,DS1_IMG_000787,DS1_IMG_004306,IMG_0680_943431e1,ring_183,1,4,Earrings,Ring,train,0,negative,cross_category
DS1_IMG_000788__DS1_IMG_000789,DS1_IMG_000788,DS1_IMG_000789,IMG_0680_943431e1,IMG_0680_943431e1,1,1,Earrings,Earrings,train,1,positive,
DS1_IMG_000788__DS1_IMG_002291,DS1_IMG_000788,DS1_IMG_002291,IMG_0680_943431e1,IMG_1455_0130a1fb,1,2,Earrings,Necklace,train,0,negative,cross_category
DS1_IMG_000788__DS1_IMG_003911,DS1_IMG_000788,DS1_IMG_003911,IMG_0680_943431e1,IMG_2912_9176f0b9,1,3,Earrings,Pendant,train,0,negative,cross_category
DS1_IMG_000788__DS1_IMG_004121,DS1_IMG_000788,DS1_IMG_004121,IMG_0680_943431e1,ring_076,1,4,Earrings,Ring,train,0,negative,cross_category
DS1_IMG_000788__DS1_IMG_004289,DS1_IMG_000788,DS1_IMG_004289,IMG_0680_943431e1,ring_170,1,4,Earrings,Ring,train,0,negative,cross_category
DS1_IMG_000790__DS1_IMG_000791,DS1_IMG_000790,DS1_IMG_000791,IMG_1598_6554f616,IMG_1598_6554f616,1,1,Earrings,Earrings,train,1,positive,
DS1_IMG_000790__DS1_IMG_000792,DS1_IMG_000790,DS1_IMG_000792,IMG_1598_6554f616,IMG_1598_6554f616,1,1,Earrings,Earrings,train,1,positive,
DS1_IMG_000790__DS1_IMG_002563,DS1_IMG_000790,DS1_IMG_002563,IMG_1598_6554f616,IMG_1868_1da28c1b,1,2,Earrings,Necklace,train,0,negative,cross_category
DS1_IMG_000790__DS1_IMG_004014,DS1_IMG_000790,DS1_IMG_004014,IMG_1598_6554f616,Screenshot_20181116-202707_1542453179073,1,4,Earrings,Ring,train,0,negative,cross_category
DS1_IMG_000790__DS1_IMG_004280,DS1_IMG_000790,DS1_IMG_004280,IMG_1598_6554f616,ring_166,1,4,Earrings,Ring,train,0,negative,cross_category
DS1_IMG_000791__DS1_IMG_000792,DS1_IMG_000791,DS1_IMG_000792,IMG_1598_6554f616,IMG_1598_6554f616,1,1,Earrings,Earrings,train,1,positive,
DS1_IMG_000791__DS1_IMG_004134,DS1_IMG_000791,DS1_IMG_004134,IMG_1598_6554f616,ring_083,1,4,Earrings,Ring,train,0,negative,cross_category
DS1_IMG_000792__DS1_IMG_003331,DS1_IMG_000792,DS1_IMG_003331,IMG_1598_6554f616,IMG_3603_0f066e15,1,2,Earrings,Necklace,train,0,negative,cross_category
DS1_IMG_000793__DS1_IMG_000794,DS1_IMG_000793,DS1_IMG_000794,IMG_1599_fd3daedc,IMG_1599_fd3daedc,1,1,Earrings,Earrings,train,1,positive,
DS1_IMG_000793__DS1_IMG_000795,DS1_IMG_000793,DS1_IMG_000795,IMG_1599_fd3daedc,IMG_1599_fd3daedc,1,1,Earrings,Earrings,train,1,positive,
DS1_IMG_000793__DS1_IMG_002338,DS1_IMG_000793,DS1_IMG_002338,IMG_1599_fd3daedc,IMG_1496_85f14f8c,1,2,Earrings,Necklace,train,0,negative,cross_category
DS1_IMG_000793__DS1_IMG_004129,DS1_IMG_000793,DS1_IMG_004129,IMG_1599_fd3daedc,ring_080,1,4,Earrings,Ring,train,0,negative,cross_category
DS1_IMG_000794__DS1_IMG_000795,DS1_IMG_000794,DS1_IMG_000795,IMG_1599_fd3daedc,IMG_1599_fd3daedc,1,1,Earrings,Earrings,train,1,positive,
DS1_IMG_000794__DS1_IMG_004257,DS1_IMG_000794,DS1_IMG_004257,IMG_1599_fd3daedc,ring_155,1,4,Earrings,Ring,train,0,negative,cross_category
DS1_IMG_000799__DS1_IMG_000800,DS1_IMG_000799,DS1_IMG_000800,IMG_1671_8b6c63e2,IMG_1671_8b6c63e2,1,1,Earrings,Earrings,train,1,positive,
DS1_IMG_000799__DS1_IMG_000801,DS1_IMG_000799,DS1_IMG_000801,IMG_1671_8b6c63e2,IMG_1671_8b6c63e2,1,1,Earrings,Earrings,train,1,positive,
DS1_IMG_000799__DS1_IMG_003631,DS1_IMG_000799,DS1_IMG_003631,IMG_1671_8b6c63e2,necklace_77,1,2,Earrings,Necklace,train,0,negative,cross_category
DS1_IMG_000799__DS1_IMG_003837,DS1_IMG_000799,DS1_IMG_003837,IMG_1671_8b6c63e2,IMG_2809_3cfb570f,1,3,Earrings,Pendant,train,0,negative,cross_category
DS1_IMG_000799__DS1_IMG_004033,DS1_IMG_000799,DS1_IMG_004033,IMG_1671_8b6c63e2,Screenshot_20181116-203347_1542449724585,1,4,Earrings,Ring,train,0,negative,cross_category
DS1_IMG_000799__DS1_IMG_004101,DS1_IMG_000799,DS1_IMG_004101,IMG_1671_8b6c63e2,ring_062,1,4,Earrings,Ring,train,0,negative,cross_category
DS1_IMG_000799__DS1_IMG_004296,DS1_IMG_000799,DS1_IMG_004296,IMG_1671_8b6c63e2,ring_179,1,4,Earrings,Ring,train,0,negative,cross_category
DS1_IMG_000800__DS1_IMG_000801,DS1_IMG_000800,DS1_IMG_000801,IMG_1671_8b6c63e2,IMG_1671_8b6c63e2,1,1,Earrings,Earrings,train,1,positive,
DS1_IMG_000800__DS1_IMG_002588,DS1_IMG_000800,DS1_IMG_002588,IMG_1671_8b6c63e2,IMG_2143_cfbf98b5,1,2,Earrings,Necklace,train,0,negative,cross_category
DS1_IMG_000800__DS1_IMG_004197,DS1_IMG_000800,DS1_IMG_004197,IMG_1671_8b6c63e2,ring_114,1,4,Earrings,Ring,train,0,negative,cross_category
DS1_IMG_000801__DS1_IMG_003832,DS1_IMG_000801,DS1_IMG_003832,IMG_1671_8b6c63e2,IMG_2750_393840e9,1,3,Earrings,Pendant,train,0,negative,cross_category
DS1_IMG_000802__DS1_IMG_000803,DS1_IMG_000802,DS1_IMG_000803,IMG_1673_fdbb6ced,IMG_1673_fdbb6ced,1,1,Earrings,Earrings,train,1,positive,
DS1_IMG_000802__DS1_IMG_000804,DS1_IMG_000802,DS1_IMG_000804,IMG_1673_fdbb6ced,IMG_1673_fdbb6ced,1,1,Earrings,Earrings,train,1,positive,
DS1_IMG_000802__DS1_IMG_002224,DS1_IMG_000802,DS1_IMG_002224,IMG_1673_fdbb6ced,IMG_1415_be6e8509,1,2,Earrings,Necklace,train,0,negative,cross_category
DS1_IMG_000802__DS1_IMG_004205,DS1_IMG_000802,DS1_IMG_004205,IMG_1673_fdbb6ced,ring_121,1,4,Earrings,Ring,train,0,negative,cross_category
DS1_IMG_000803__DS1_IMG_000804,DS1_IMG_000803,DS1_IMG_000804,IMG_1673_fdbb6ced,IMG_1673_fdbb6ced,1,1,Earrings,Earrings,train,1,positive,
DS1_IMG_000803__DS1_IMG_002066,DS1_IMG_000803,DS1_IMG_002066,IMG_1673_fdbb6ced,IMG_0630_9aab2bac,1,2,Earrings,Necklace,train,0,negative,cross_category
DS1_IMG_000803__DS1_IMG_003888,DS1_IMG_000803,DS1_IMG_003888,IMG_1673_fdbb6ced,IMG_2877_c118c42c,1,3,Earrings,Pendant,train,0,negative,cross_category
DS1_IMG_000804__DS1_IMG_001977,DS1_IMG_000804,DS1_IMG_001977,IMG_1673_fdbb6ced,IMG_0586_952d41e8,1,2,Earrings,Necklace,train,0,negative,cross_category
DS1_IMG_000804__DS1_IMG_003984,DS1_IMG_000804,DS1_IMG_003984,IMG_1673_fdbb6ced,necklace_20241125_122545_3efef2e3,1,3,Earrings,Pendant,train,0,negative,cross_category
DS1_IMG_000805__DS1_IMG_000806,DS1_IMG_000805,DS1_IMG_000806,IMG_2035_e9e50fa5,IMG_2035_e9e50fa5,1,1,Earrings,Earrings,train,1,positive,
DS1_IMG_000805__DS1_IMG_000807,DS1_IMG_000805,DS1_IMG_000807,IMG_2035_e9e50fa5,IMG_2035_e9e50fa5,1,1,Earrings,Earrings,train,1,positive,
DS1_IMG_000805__DS1_IMG_002612,DS1_IMG_000805,DS1_IMG_002612,IMG_2035_e9e50fa5,IMG_2190_2baea64b,1,2,Earrings,Necklace,train,0,negative,cross_category
DS1_IMG_000805__DS1_IMG_004320,DS1_IMG_000805,DS1_IMG_004320,IMG_2035_e9e50fa5,ring_192,1,4,Earrings,Ring,train,0,negative,cross_category
DS1_IMG_000806__DS1_IMG_000807,DS1_IMG_000806,DS1_IMG_000807,IMG_2035_e9e50fa5,IMG_2035_e9e50fa5,1,1,Earrings,Earrings,train,1,positive,
DS1_IMG_000806__DS1_IMG_002705,DS1_IMG_000806,DS1_IMG_002705,IMG_2035_e9e50fa5,IMG_2245_a2950813,1,2,Earrings,Necklace,train,0,negative,cross_category
DS1_IMG_000806__DS1_IMG_002838,DS1_IMG_000806,DS1_IMG_002838,IMG_2035_e9e50fa5,IMG_2399_9425c3bd,1,2,Earrings,Necklace,train,0,negative,cross_category
DS1_IMG_000807__DS1_IMG_004002,DS1_IMG_000807,DS1_IMG_004002,IMG_2035_e9e50fa5,necklace_79,1,3,Earrings,Pendant,train,0,negative,cross_category
DS1_IMG_000811__DS1_IMG_000812,DS1_IMG_000811,DS1_IMG_000812,IMG_2139_3c14d83a,IMG_2139_3c14d83a,1,1,Earrings,Earrings,train,1,positive,
DS1_IMG_000811__DS1_IMG_000813,DS1_IMG_000811,DS1_IMG_000813,IMG_2139_3c14d83a,IMG_2139_3c14d83a,1,1,Earrings,Earrings,train,1,positive,
DS1_IMG_000812__DS1_IMG_000813,DS1_IMG_000812,DS1_IMG_000813,IMG_2139_3c14d83a,IMG_2139_3c14d83a,1,1,Earrings,Earrings,train,1,positive,
DS1_IMG_000812__DS1_IMG_003485,DS1_IMG_000812,DS1_IMG_003485,IMG_2139_3c14d83a,necklace_20241125_122545_0e8efcc0,1,2,Earrings,Necklace,train,0,negative,cross_category
DS1_IMG_000812__DS1_IMG_003714,DS1_IMG_000812,DS1_IMG_003714,IMG_2139_3c14d83a,IMG_0753_2ca36338,1,3,Earrings,Pendant,train,0,negative,cross_category
DS1_IMG_000812__DS1_IMG_004135,DS1_IMG_000812,DS1_IMG_004135,IMG_2139_3c14d83a,ring_083,1,4,Earrings,Ring,train,0,negative,cross_category
DS1_IMG_000817__DS1_IMG_000818,DS1_IMG_000817,DS1_IMG_000818,IMG_2149_63a6aecb,IMG_2149_63a6aecb,1,1,Earrings,Earrings,train,1,positive,
DS1_IMG_000817__DS1_IMG_000819,DS1_IMG_000817,DS1_IMG_000819,IMG_2149_63a6aecb,IMG_2149_63a6aecb,1,1,Earrings,Earrings,train,1,positive,
DS1_IMG_000818__DS1_IMG_000819,DS1_IMG_000818,DS1_IMG_000819,IMG_2149_63a6aecb,IMG_2149_63a6aecb,1,1,Earrings,Earrings,train,1,positive,
DS1_IMG_000818__DS1_IMG_002986,DS1_IMG_000818,DS1_IMG_002986,IMG_2149_63a6aecb,IMG_2914_f2b1f19b,1,2,Earrings,Necklace,train,0,negative,cross_category
DS1_IMG_000819__DS1_IMG_004155,DS1_IMG_000819,DS1_IMG_004155,IMG_2149_63a6aecb,ring_091,1,4,Earrings,Ring,train,0,negative,cross_category
DS1_IMG_000823__DS1_IMG_000824,DS1_IMG_000823,DS1_IMG_000824,IMG_2151_fe5da1c9,IMG_2151_fe5da1c9,1,1,Earrings,Earrings,train,1,positive,
DS1_IMG_000823__DS1_IMG_000825,DS1_IMG_000823,DS1_IMG_000825,IMG_2151_fe5da1c9,IMG_2151_fe5da1c9,1,1,Earrings,Earrings,train,1,positive,
DS1_IMG_000823__DS1_IMG_002696,DS1_IMG_000823,DS1_IMG_002696,IMG_2151_fe5da1c9,IMG_2241_3b280df7,1,2,Earrings,Necklace,train,0,negative,cross_category
DS1_IMG_000823__DS1_IMG_003965,DS1_IMG_000823,DS1_IMG_003965,IMG_2151_fe5da1c9,necklace_20241125_122545_02020381,1,3,Earrings,Pendant,train,0,negative,cross_category
DS1_IMG_000824__DS1_IMG_000825,DS1_IMG_000824,DS1_IMG_000825,IMG_2151_fe5da1c9,IMG_2151_fe5da1c9,1,1,Earrings,Earrings,train,1,positive,
DS1_IMG_000824__DS1_IMG_004303,DS1_IMG_000824,DS1_IMG_004303,IMG_2151_fe5da1c9,ring_181,1,4,Earrings,Ring,train,0,negative,cross_category
DS1_IMG_000825__DS1_IMG_001565,DS1_IMG_000825,DS1_IMG_001565,IMG_2151_fe5da1c9,IMG_0221_33a1c287,1,2,Earrings,Necklace,train,0,negative,cross_category
DS1_IMG_000825__DS1_IMG_003907,DS1_IMG_000825,DS1_IMG_003907,IMG_2151_fe5da1c9,IMG_2907_4bcb0ae7,1,3,Earrings,Pendant,train,0,negative,cross_category
DS1_IMG_000826__DS1_IMG_000827,DS1_IMG_000826,DS1_IMG_000827,IMG_2152_1a02edb6,IMG_2152_1a02edb6,1,1,Earrings,Earrings,train,1,positive,
DS1_IMG_000826__DS1_IMG_000828,DS1_IMG_000826,DS1_IMG_000828,IMG_2152_1a02edb6,IMG_2152_1a02edb6,1,1,Earrings,Earrings,train,1,positive,
DS1_IMG_000826__DS1_IMG_002586,DS1_IMG_000826,DS1_IMG_002586,IMG_2152_1a02edb6,IMG_2141_c94e8e9a,1,2,Earrings,Necklace,train,0,negative,cross_category
DS1_IMG_000827__DS1_IMG_000828,DS1_IMG_000827,DS1_IMG_000828,IMG_2152_1a02edb6,IMG_2152_1a02edb6,1,1,Earrings,Earrings,train,1,positive,
DS1_IMG_000827__DS1_IMG_003727,DS1_IMG_000827,DS1_IMG_003727,IMG_2152_1a02edb6,IMG_0842_54be0d37,1,3,Earrings,Pendant,train,0,negative,cross_category
DS1_IMG_000827__DS1_IMG_004082,DS1_IMG_000827,DS1_IMG_004082,IMG_2152_1a02edb6,ring_051,1,4,Earrings,Ring,train,0,negative,cross_category
DS1_IMG_000827__DS1_IMG_004214,DS1_IMG_000827,DS1_IMG_004214,IMG_2152_1a02edb6,ring_124,1,4,Earrings,Ring,train,0,negative,cross_category
DS1_IMG_000828__DS1_IMG_004233,DS1_IMG_000828,DS1_IMG_004233,IMG_2152_1a02edb6,ring_138,1,4,Earrings,Ring,train,0,negative,cross_category
DS1_IMG_000832__DS1_IMG_000833,DS1_IMG_000832,DS1_IMG_000833,IMG_2157_340a75b2,IMG_2157_340a75b2,1,1,Earrings,Earrings,train,1,positive,
DS1_IMG_000832__DS1_IMG_000834,DS1_IMG_000832,DS1_IMG_000834,IMG_2157_340a75b2,IMG_2157_340a75b2,1,1,Earrings,Earrings,train,1,positive,
DS1_IMG_000832__DS1_IMG_002448,DS1_IMG_000832,DS1_IMG_002448,IMG_2157_340a75b2,IMG_1583_94401dfd,1,2,Earrings,Necklace,train,0,negative,cross_category
DS1_IMG_000832__DS1_IMG_003824,DS1_IMG_000832,DS1_IMG_003824,IMG_2157_340a75b2,IMG_2512_be8d407f,1,3,Earrings,Pendant,train,0,negative,cross_category
DS1_IMG_000833__DS1_IMG_000834,DS1_IMG_000833,DS1_IMG_000834,IMG_2157_340a75b2,IMG_2157_340a75b2,1,1,Earrings,Earrings,train,1,positive,
DS1_IMG_000833__DS1_IMG_004128,DS1_IMG_000833,DS1_IMG_004128,IMG_2157_340a75b2,ring_080,1,4,Earrings,Ring,train,0,negative,cross_category
DS1_IMG_000834__DS1_IMG_001769,DS1_IMG_000834,DS1_IMG_001769,IMG_2157_340a75b2,IMG_0456_143d0eba,1,2,Earrings,Necklace,train,0,negative,cross_category
DS1_IMG_000834__DS1_IMG_004098,DS1_IMG_000834,DS1_IMG_004098,IMG_2157_340a75b2,ring_060,1,4,Earrings,Ring,train,0,negative,cross_category
DS1_IMG_000838__DS1_IMG_000839,DS1_IMG_000838,DS1_IMG_000839,IMG_2498_776465de,IMG_2498_776465de,1,1,Earrings,Earrings,train,1,positive,
DS1_IMG_000838__DS1_IMG_000840,DS1_IMG_000838,DS1_IMG_000840,IMG_2498_776465de,IMG_2498_776465de,1,1,Earrings,Earrings,train,1,positive,
DS1_IMG_000838__DS1_IMG_004052,DS1_IMG_000838,DS1_IMG_004052,IMG_2498_776465de,Screenshot_20181116-204341_1542449441847,1,4,Earrings,Ring,train,0,negative,cross_category
DS1_IMG_000839__DS1_IMG_000840,DS1_IMG_000839,DS1_IMG_000840,IMG_2498_776465de,IMG_2498_776465de,1,1,Earrings,Earrings,train,1,positive,
DS1_IMG_000840__DS1_IMG_002655,DS1_IMG_000840,DS1_IMG_002655,IMG_2498_776465de,IMG_2218_5e603ef7,1,2,Earrings,Necklace,train,0,negative,cross_category
DS1_IMG_000840__DS1_IMG_002919,DS1_IMG_000840,DS1_IMG_002919,IMG_2498_776465de,IMG_2824_d3c41ebe,1,2,Earrings,Necklace,train,0,negative,cross_category
DS1_IMG_000840__DS1_IMG_003873,DS1_IMG_000840,DS1_IMG_003873,IMG_2498_776465de,IMG_2856_b3d7e108,1,3,Earrings,Pendant,train,0,negative,cross_category
DS1_IMG_000841__DS1_IMG_000842,DS1_IMG_000841,DS1_IMG_000842,IMG_2500_33317627,IMG_2500_33317627,1,1,Earrings,Earrings,train,1,positive,
DS1_IMG_000841__DS1_IMG_000843,DS1_IMG_000841,DS1_IMG_000843,IMG_2500_33317627,IMG_2500_33317627,1,1,Earrings,Earrings,train,1,positive,
DS1_IMG_000841__DS1_IMG_002602,DS1_IMG_000841,DS1_IMG_002602,IMG_2500_33317627,IMG_2180_8bf8633d,1,2,Earrings,Necklace,train,0,negative,cross_category
DS1_IMG_000842__DS1_IMG_000843,DS1_IMG_000842,DS1_IMG_000843,IMG_2500_33317627,IMG_2500_33317627,1,1,Earrings,Earrings,train,1,positive,
DS1_IMG_000843__DS1_IMG_004195,DS1_IMG_000843,DS1_IMG_004195,IMG_2500_33317627,ring_113,1,4,Earrings,Ring,train,0,negative,cross_category
DS1_IMG_000844__DS1_IMG_000845,DS1_IMG_000844,DS1_IMG_000845,IMG_2502_5907549c,IMG_2502_5907549c,1,1,Earrings,Earrings,train,1,positive,
DS1_IMG_000844__DS1_IMG_000846,DS1_IMG_000844,DS1_IMG_000846,IMG_2502_5907549c,IMG_2502_5907549c,1,1,Earrings,Earrings,train,1,positive,
DS1_IMG_000845__DS1_IMG_000846,DS1_IMG_000845,DS1_IMG_000846,IMG_2502_5907549c,IMG_2502_5907549c,1,1,Earrings,Earrings,train,1,positive,
DS1_IMG_000845__DS1_IMG_003909,DS1_IMG_000845,DS1_IMG_003909,IMG_2502_5907549c,IMG_2911_4bf24190,1,3,Earrings,Pendant,train,0,negative,cross_category
DS1_IMG_000845__DS1_IMG_004131,DS1_IMG_000845,DS1_IMG_004131,IMG_2502_5907549c,ring_082,1,4,Earrings,Ring,train,0,negative,cross_category
DS1_IMG_000846__DS1_IMG_003737,DS1_IMG_000846,DS1_IMG_003737,IMG_2502_5907549c,IMG_0860_40d0505f,1,3,Earrings,Pendant,train,0,negative,cross_category
DS1_IMG_000846__DS1_IMG_003942,DS1_IMG_000846,DS1_IMG_003942,IMG_2502_5907549c,IMG_2943_c72380bb,1,3,Earrings,Pendant,train,0,negative,cross_category
DS1_IMG_000847__DS1_IMG_000848,DS1_IMG_000847,DS1_IMG_000848,IMG_2503_83eaf2d8,IMG_2503_83eaf2d8,1,1,Earrings,Earrings,train,1,positive,
DS1_IMG_000847__DS1_IMG_000849,DS1_IMG_000847,DS1_IMG_000849,IMG_2503_83eaf2d8,IMG_2503_83eaf2d8,1,1,Earrings,Earrings,train,1,positive,
DS1_IMG_000847__DS1_IMG_003751,DS1_IMG_000847,DS1_IMG_003751,IMG_2503_83eaf2d8,IMG_0885_67639274,1,3,Earrings,Pendant,train,0,negative,cross_category
DS1_IMG_000848__DS1_IMG_000849,DS1_IMG_000848,DS1_IMG_000849,IMG_2503_83eaf2d8,IMG_2503_83eaf2d8,1,1,Earrings,Earrings,train,1,positive,
DS1_IMG_000849__DS1_IMG_003722,DS1_IMG_000849,DS1_IMG_003722,IMG_2503_83eaf2d8,IMG_0841_55d04e95,1,3,Earrings,Pendant,train,0,negative,cross_category
DS1_IMG_000849__DS1_IMG_003878,DS1_IMG_000849,DS1_IMG_003878,IMG_2503_83eaf2d8,IMG_2862_dc66ea02,1,3,Earrings,Pendant,train,0,negative,cross_category
DS1_IMG_000849__DS1_IMG_004211,DS1_IMG_000849,DS1_IMG_004211,IMG_2503_83eaf2d8,ring_123,1,4,Earrings,Ring,train,0,negative,cross_category
DS1_IMG_000850__DS1_IMG_000851,DS1_IMG_000850,DS1_IMG_000851,IMG_2505_d351bdbf,IMG_2505_d351bdbf,1,1,Earrings,Earrings,train,1,positive,
DS1_IMG_000850__DS1_IMG_000852,DS1_IMG_000850,DS1_IMG_000852,IMG_2505_d351bdbf,IMG_2505_d351bdbf,1,1,Earrings,Earrings,train,1,positive,
DS1_IMG_000850__DS1_IMG_002603,DS1_IMG_000850,DS1_IMG_002603,IMG_2505_d351bdbf,IMG_2180_8bf8633d,1,2,Earrings,Necklace,train,0,negative,cross_category
DS1_IMG_000850__DS1_IMG_003998,DS1_IMG_000850,DS1_IMG_003998,IMG_2505_d351bdbf,necklace_78,1,3,Earrings,Pendant,train,0,negative,cross_category
DS1_IMG_000850__DS1_IMG_004265,DS1_IMG_000850,DS1_IMG_004265,IMG_2505_d351bdbf,ring_158,1,4,Earrings,Ring,train,0,negative,cross_category
DS1_IMG_000851__DS1_IMG_000852,DS1_IMG_000851,DS1_IMG_000852,IMG_2505_d351bdbf,IMG_2505_d351bdbf,1,1,Earrings,Earrings,train,1,positive,
DS1_IMG_000856__DS1_IMG_000857,DS1_IMG_000856,DS1_IMG_000857,Kedatangan-mode-baru-model-baru-anting-anting-emas-kuning-Desain-jantung-Stup-anting-untuk-anak-perempuan-jpg_640x640,Kedatangan-mode-baru-model-baru-anting-anting-emas-kuning-Desain-jantung-Stup-anting-untuk-anak-perempuan-jpg_640x640,1,1,Earrings,Earrings,train,1,positive,
DS1_IMG_000856__DS1_IMG_000858,DS1_IMG_000856,DS1_IMG_000858,Kedatangan-mode-baru-model-baru-anting-anting-emas-kuning-Desain-jantung-Stup-anting-untuk-anak-perempuan-jpg_640x640,Kedatangan-mode-baru-model-baru-anting-anting-emas-kuning-Desain-jantung-Stup-anting-untuk-anak-perempuan-jpg_640x640,1,1,Earrings,Earrings,train,1,positive,
DS1_IMG_000856__DS1_IMG_003868,DS1_IMG_000856,DS1_IMG_003868,Kedatangan-mode-baru-model-baru-anting-anting-emas-kuning-Desain-jantung-Stup-anting-untuk-anak-perempuan-jpg_640x640,IMG_2846_3025b335,1,3,Earrings,Pendant,train,0,negative,cross_category
DS1_IMG_000857__DS1_IMG_000858,DS1_IMG_000857,DS1_IMG_000858,Kedatangan-mode-baru-model-baru-anting-anting-emas-kuning-Desain-jantung-Stup-anting-untuk-anak-perempuan-jpg_640x640,Kedatangan-mode-baru-model-baru-anting-anting-emas-kuning-Desain-jantung-Stup-anting-untuk-anak-perempuan-jpg_640x640,1,1,Earrings,Earrings,train,1,positive,
DS1_IMG_000857__DS1_IMG_004145,DS1_IMG_000857,DS1_IMG_004145,Kedatangan-mode-baru-model-baru-anting-anting-emas-kuning-Desain-jantung-Stup-anting-untuk-anak-perempuan-jpg_640x640,ring_086,1,4,Earrings,Ring,train,0,negative,cross_category
DS1_IMG_000858__DS1_IMG_001992,DS1_IMG_000858,DS1_IMG_001992,Kedatangan-mode-baru-model-baru-anting-anting-emas-kuning-Desain-jantung-Stup-anting-untuk-anak-perempuan-jpg_640x640,IMG_0591-1-Copy_5f3b2c50,1,2,Earrings,Necklace,train,0,negative,cross_category
DS1_IMG_000858__DS1_IMG_004022,DS1_IMG_000858,DS1_IMG_004022,Kedatangan-mode-baru-model-baru-anting-anting-emas-kuning-Desain-jantung-Stup-anting-untuk-anak-perempuan-jpg_640x640,Screenshot_20181116-202936_1542450027786,1,4,Earrings,Ring,train,0,negative,cross_category
DS1_IMG_000859__DS1_IMG_000860,DS1_IMG_000859,DS1_IMG_000860,New-Design-Elegant-Long-Thread-Fashion-Dangle-Tassel-Earrings,New-Design-Elegant-Long-Thread-Fashion-Dangle-Tassel-Earrings,1,1,Earrings,Earrings,train,1,positive,
DS1_IMG_000859__DS1_IMG_000861,DS1_IMG_000859,DS1_IMG_000861,New-Design-Elegant-Long-Thread-Fashion-Dangle-Tassel-Earrings,New-Design-Elegant-Long-Thread-Fashion-Dangle-Tassel-Earrings,1,1,Earrings,Earrings,train,1,positive,
DS1_IMG_000859__DS1_IMG_002202,DS1_IMG_000859,DS1_IMG_002202,New-Design-Elegant-Long-Thread-Fashion-Dangle-Tassel-Earrings,IMG_1383_d2995f70,1,2,Earrings,Necklace,train,0,negative,cross_category
DS1_IMG_000859__DS1_IMG_002839,DS1_IMG_000859,DS1_IMG_002839,New-Design-Elegant-Long-Thread-Fashion-Dangle-Tassel-Earrings,IMG_2399_9425c3bd,1,2,Earrings,Necklace,train,0,negative,cross_category
DS1_IMG_000859__DS1_IMG_003630,DS1_IMG_000859,DS1_IMG_003630,New-Design-Elegant-Long-Thread-Fashion-Dangle-Tassel-Earrings,necklace_77,1,2,Earrings,Necklace,train,0,negative,cross_category
DS1_IMG_000859__DS1_IMG_004120,DS1_IMG_000859,DS1_IMG_004120,New-Design-Elegant-Long-Thread-Fashion-Dangle-Tassel-Earrings,ring_076,1,4,Earrings,Ring,train,0,negative,cross_category
DS1_IMG_000860__DS1_IMG_000861,DS1_IMG_000860,DS1_IMG_000861,New-Design-Elegant-Long-Thread-Fashion-Dangle-Tassel-Earrings,New-Design-Elegant-Long-Thread-Fashion-Dangle-Tassel-Earrings,1,1,Earrings,Earrings,train,1,positive,
DS1_IMG_000860__DS1_IMG_002124,DS1_IMG_000860,DS1_IMG_002124,New-Design-Elegant-Long-Thread-Fashion-Dangle-Tassel-Earrings,IMG_1322_18fbb6e1,1,2,Earrings,Necklace,train,0,negative,cross_category
DS1_IMG_000860__DS1_IMG_003363,DS1_IMG_000860,DS1_IMG_003363,New-Design-Elegant-Long-Thread-Fashion-Dangle-Tassel-Earrings,IMG_3620_87e29974,1,2,Earrings,Necklace,train,0,negative,cross_category
DS1_IMG_000860__DS1_IMG_003982,DS1_IMG_000860,DS1_IMG_003982,New-Design-Elegant-Long-Thread-Fashion-Dangle-Tassel-Earrings,necklace_20241125_122545_3ef84081,1,3,Earrings,Pendant,train,0,negative,cross_category
DS1_IMG_000861__DS1_IMG_004035,DS1_IMG_000861,DS1_IMG_004035,New-Design-Elegant-Long-Thread-Fashion-Dangle-Tassel-Earrings,Screenshot_20181116-203818_1542449673275,1,4,Earrings,Ring,train,0,negative,cross_category
DS1_IMG_000861__DS1_IMG_004099,DS1_IMG_000861,DS1_IMG_004099,New-Design-Elegant-Long-Thread-Fashion-Dangle-Tassel-Earrings,ring_062,1,4,Earrings,Ring,train,0,negative,cross_category
DS1_IMG_000862__DS1_IMG_000863,DS1_IMG_000862,DS1_IMG_000863,OBJ16MBE07w_LRG_rgb_Web,OBJ16MBE07w_LRG_rgb_Web,1,1,Earrings,Earrings,train,1,positive,
DS1_IMG_000862__DS1_IMG_000864,DS1_IMG_000862,DS1_IMG_000864,OBJ16MBE07w_LRG_rgb_Web,OBJ16MBE07w_LRG_rgb_Web,1,1,Earrings,Earrings,train,1,positive,
DS1_IMG_000863__DS1_IMG_000864,DS1_IMG_000863,DS1_IMG_000864,OBJ16MBE07w_LRG_rgb_Web,OBJ16MBE07w_LRG_rgb_Web,1,1,Earrings,Earrings,train,1,positive,
DS1_IMG_000863__DS1_IMG_003887,DS1_IMG_000863,DS1_IMG_003887,OBJ16MBE07w_LRG_rgb_Web,IMG_2877_c118c42c,1,3,Earrings,Pendant,train,0,negative,cross_category
DS1_IMG_000864__DS1_IMG_002165,DS1_IMG_000864,DS1_IMG_002165,OBJ16MBE07w_LRG_rgb_Web,IMG_1344_55a5877e,1,2,Earrings,Necklace,train,0,negative,cross_category
DS1_IMG_000864__DS1_IMG_003698,DS1_IMG_000864,DS1_IMG_003698,OBJ16MBE07w_LRG_rgb_Web,IMG_0669_957b4e82,1,3,Earrings,Pendant,train,0,negative,cross_category
DS1_IMG_000864__DS1_IMG_003855,DS1_IMG_000864,DS1_IMG_003855,OBJ16MBE07w_LRG_rgb_Web,IMG_2836_db94d1e7,1,3,Earrings,Pendant,train,0,negative,cross_category
DS1_IMG_000865__DS1_IMG_000866,DS1_IMG_000865,DS1_IMG_000866,ROSC090818E14_1,ROSC090818E14_1,1,1,Earrings,Earrings,train,1,positive,
DS1_IMG_000865__DS1_IMG_003921,DS1_IMG_000865,DS1_IMG_003921,ROSC090818E14_1,IMG_2922_996200cd,1,3,Earrings,Pendant,train,0,negative,cross_category
DS1_IMG_000865__DS1_IMG_004251,DS1_IMG_000865,DS1_IMG_004251,ROSC090818E14_1,ring_153,1,4,Earrings,Ring,train,0,negative,cross_category
DS1_IMG_000866__DS1_IMG_003732,DS1_IMG_000866,DS1_IMG_003732,ROSC090818E14_1,IMG_0858_52572277,1,3,Earrings,Pendant,train,0,negative,cross_category
DS1_IMG_000867__DS1_IMG_000868,DS1_IMG_000867,DS1_IMG_000868,Resin-Rhinestone-Butterfly-Stud-Earrings__30519_zoom,Resin-Rhinestone-Butterfly-Stud-Earrings__30519_zoom,1,1,Earrings,Earrings,train,1,positive,
DS1_IMG_000867__DS1_IMG_000869,DS1_IMG_000867,DS1_IMG_000869,Resin-Rhinestone-Butterfly-Stud-Earrings__30519_zoom,Resin-Rhinestone-Butterfly-Stud-Earrings__30519_zoom,1,1,Earrings,Earrings,train,1,positive,
DS1_IMG_000867__DS1_IMG_002884,DS1_IMG_000867,DS1_IMG_002884,Resin-Rhinestone-Butterfly-Stud-Earrings__30519_zoom,IMG_2434_7db51c4d,1,2,Earrings,Necklace,train,0,negative,cross_category
DS1_IMG_000867__DS1_IMG_003724,DS1_IMG_000867,DS1_IMG_003724,Resin-Rhinestone-Butterfly-Stud-Earrings__30519_zoom,IMG_0841_55d04e95,1,3,Earrings,Pendant,train,0,negative,cross_category
DS1_IMG_000867__DS1_IMG_004092,DS1_IMG_000867,DS1_IMG_004092,Resin-Rhinestone-Butterfly-Stud-Earrings__30519_zoom,ring_057,1,4,Earrings,Ring,train,0,negative,cross_category
DS1_IMG_000868__DS1_IMG_000869,DS1_IMG_000868,DS1_IMG_000869,Resin-Rhinestone-Butterfly-Stud-Earrings__30519_zoom,Resin-Rhinestone-Butterfly-Stud-Earrings__30519_zoom,1,1,Earrings,Earrings,train,1,positive,
DS1_IMG_000870__DS1_IMG_000871,DS1_IMG_000870,DS1_IMG_000871,Roberto-Coin-Black-Jade-18K-Rose-Gold-Earrings-with-Mother-of-Pearl-and-Diamonds-8881985AXERJ,Roberto-Coin-Black-Jade-18K-Rose-Gold-Earrings-with-Mother-of-Pearl-and-Diamonds-8881985AXERJ,1,1,Earrings,Earrings,train,1,positive,
DS1_IMG_000870__DS1_IMG_000872,DS1_IMG_000870,DS1_IMG_000872,Roberto-Coin-Black-Jade-18K-Rose-Gold-Earrings-with-Mother-of-Pearl-and-Diamonds-8881985AXERJ,Roberto-Coin-Black-Jade-18K-Rose-Gold-Earrings-with-Mother-of-Pearl-and-Diamonds-8881985AXERJ,1,1,Earrings,Earrings,train,1,positive,
DS1_IMG_000870__DS1_IMG_004167,DS1_IMG_000870,DS1_IMG_004167,Roberto-Coin-Black-Jade-18K-Rose-Gold-Earrings-with-Mother-of-Pearl-and-Diamonds-8881985AXERJ,ring_096,1,4,Earrings,Ring,train,0,negative,cross_category
DS1_IMG_000871__DS1_IMG_000872,DS1_IMG_000871,DS1_IMG_000872,Roberto-Coin-Black-Jade-18K-Rose-Gold-Earrings-with-Mother-of-Pearl-and-Diamonds-8881985AXERJ,Roberto-Coin-Black-Jade-18K-Rose-Gold-Earrings-with-Mother-of-Pearl-and-Diamonds-8881985AXERJ,1,1,Earrings,Earrings,train,1,positive,
DS1_IMG_000873__DS1_IMG_000874,DS1_IMG_000873,DS1_IMG_000874,Screenshot_20181114-203953_1542265021406,Screenshot_20181114-203953_1542265021406,1,1,Earrings,Earrings,train,1,positive,
DS1_IMG_000873__DS1_IMG_000875,DS1_IMG_000873,DS1_IMG_000875,Screenshot_20181114-203953_1542265021406,Screenshot_20181114-203953_1542265021406,1,1,Earrings,Earrings,train,1,positive,
DS1_IMG_000873__DS1_IMG_003739,DS1_IMG_000873,DS1_IMG_003739,Screenshot_20181114-203953_1542265021406,IMG_0860_40d0505f,1,3,Earrings,Pendant,train,0,negative,cross_category
DS1_IMG_000873__DS1_IMG_004190,DS1_IMG_000873,DS1_IMG_004190,Screenshot_20181114-203953_1542265021406,ring_112,1,4,Earrings,Ring,train,0,negative,cross_category
DS1_IMG_000873__DS1_IMG_004304,DS1_IMG_000873,DS1_IMG_004304,Screenshot_20181114-203953_1542265021406,ring_181,1,4,Earrings,Ring,train,0,negative,cross_category
DS1_IMG_000874__DS1_IMG_000875,DS1_IMG_000874,DS1_IMG_000875,Screenshot_20181114-203953_1542265021406,Screenshot_20181114-203953_1542265021406,1,1,Earrings,Earrings,train,1,positive,
DS1_IMG_000874__DS1_IMG_001567,DS1_IMG_000874,DS1_IMG_001567,Screenshot_20181114-203953_1542265021406,IMG_0221_33a1c287,1,2,Earrings,Necklace,train,0,negative,cross_category
DS1_IMG_000874__DS1_IMG_002587,DS1_IMG_000874,DS1_IMG_002587,Screenshot_20181114-203953_1542265021406,IMG_2143_cfbf98b5,1,2,Earrings,Necklace,train,0,negative,cross_category
DS1_IMG_000874__DS1_IMG_002935,DS1_IMG_000874,DS1_IMG_002935,Screenshot_20181114-203953_1542265021406,IMG_2848_b8589f1e,1,2,Earrings,Necklace,train,0,negative,cross_category
DS1_IMG_000874__DS1_IMG_002981,DS1_IMG_000874,DS1_IMG_002981,Screenshot_20181114-203953_1542265021406,IMG_2904_08964ce4,1,2,Earrings,Necklace,train,0,negative,cross_category
DS1_IMG_000875__DS1_IMG_003811,DS1_IMG_000875,DS1_IMG_003811,Screenshot_20181114-203953_1542265021406,IMG_2456_13fd8ff6,1,3,Earrings,Pendant,train,0,negative,cross_category
DS1_IMG_000875__DS1_IMG_004274,DS1_IMG_000875,DS1_IMG_004274,Screenshot_20181114-203953_1542265021406,ring_163,1,4,Earrings,Ring,train,0,negative,cross_category
DS1_IMG_000876__DS1_IMG_000877,DS1_IMG_000876,DS1_IMG_000877,Screenshot_20181114-204401_1542264891668,Screenshot_20181114-204401_1542264891668,1,1,Earrings,Earrings,train,1,positive,
DS1_IMG_000876__DS1_IMG_000878,DS1_IMG_000876,DS1_IMG_000878,Screenshot_20181114-204401_1542264891668,Screenshot_20181114-204401_1542264891668,1,1,Earrings,Earrings,train,1,positive,
DS1_IMG_000876__DS1_IMG_002064,DS1_IMG_000876,DS1_IMG_002064,Screenshot_20181114-204401_1542264891668,IMG_0628_71c27f0b,1,2,Earrings,Necklace,train,0,negative,cross_category
DS1_IMG_000876__DS1_IMG_004121,DS1_IMG_000876,DS1_IMG_004121,Screenshot_20181114-204401_1542264891668,ring_076,1,4,Earrings,Ring,train,0,negative,cross_category
DS1_IMG_000877__DS1_IMG_000878,DS1_IMG_000877,DS1_IMG_000878,Screenshot_20181114-204401_1542264891668,Screenshot_20181114-204401_1542264891668,1,1,Earrings,Earrings,train,1,positive,
DS1_IMG_000878__DS1_IMG_001552,DS1_IMG_000878,DS1_IMG_001552,Screenshot_20181114-204401_1542264891668,IMG_0186_0e5aee5b,1,2,Earrings,Necklace,train,0,negative,cross_category
DS1_IMG_000878__DS1_IMG_003740,DS1_IMG_000878,DS1_IMG_003740,Screenshot_20181114-204401_1542264891668,IMG_0862_36a7b364,1,3,Earrings,Pendant,train,0,negative,cross_category
DS1_IMG_000878__DS1_IMG_003846,DS1_IMG_000878,DS1_IMG_003846,Screenshot_20181114-204401_1542264891668,IMG_2822_df249f8d,1,3,Earrings,Pendant,train,0,negative,cross_category
DS1_IMG_000878__DS1_IMG_004219,DS1_IMG_000878,DS1_IMG_004219,Screenshot_20181114-204401_1542264891668,ring_128,1,4,Earrings,Ring,train,0,negative,cross_category
DS1_IMG_000879__DS1_IMG_000880,DS1_IMG_000879,DS1_IMG_000880,Screenshot_20181115-080413_1542265992057,Screenshot_20181115-080413_1542265992057,1,1,Earrings,Earrings,train,1,positive,
DS1_IMG_000879__DS1_IMG_000881,DS1_IMG_000879,DS1_IMG_000881,Screenshot_20181115-080413_1542265992057,Screenshot_20181115-080413_1542265992057,1,1,Earrings,Earrings,train,1,positive,
DS1_IMG_000879__DS1_IMG_003034,DS1_IMG_000879,DS1_IMG_003034,Screenshot_20181115-080413_1542265992057,IMG_3051_9b6f682d,1,2,Earrings,Necklace,train,0,negative,cross_category
DS1_IMG_000879__DS1_IMG_003810,DS1_IMG_000879,DS1_IMG_003810,Screenshot_20181115-080413_1542265992057,IMG_2456_13fd8ff6,1,3,Earrings,Pendant,train,0,negative,cross_category
DS1_IMG_000880__DS1_IMG_000881,DS1_IMG_000880,DS1_IMG_000881,Screenshot_20181115-080413_1542265992057,Screenshot_20181115-080413_1542265992057,1,1,Earrings,Earrings,train,1,positive,
DS1_IMG_000880__DS1_IMG_003784,DS1_IMG_000880,DS1_IMG_003784,Screenshot_20181115-080413_1542265992057,IMG_2181_9f77e4aa,1,3,Earrings,Pendant,train,0,negative,cross_category
DS1_IMG_000880__DS1_IMG_004154,DS1_IMG_000880,DS1_IMG_004154,Screenshot_20181115-080413_1542265992057,ring_091,1,4,Earrings,Ring,train,0,negative,cross_category
DS1_IMG_000881__DS1_IMG_003792,DS1_IMG_000881,DS1_IMG_003792,Screenshot_20181115-080413_1542265992057,IMG_2275_5f527887,1,3,Earrings,Pendant,train,0,negative,cross_category
DS1_IMG_000882__DS1_IMG_000883,DS1_IMG_000882,DS1_IMG_000883,Screenshot_20181115-080455_1542265924986,Screenshot_20181115-080455_1542265924986,1,1,Earrings,Earrings,train,1,positive,
DS1_IMG_000882__DS1_IMG_000884,DS1_IMG_000882,DS1_IMG_000884,Screenshot_20181115-080455_1542265924986,Screenshot_20181115-080455_1542265924986,1,1,Earrings,Earrings,train,1,positive,
DS1_IMG_000882__DS1_IMG_003680,DS1_IMG_000882,DS1_IMG_003680,Screenshot_20181115-080455_1542265924986,IMG_0457_cb73a0c4,1,3,Earrings,Pendant,train,0,negative,cross_category
DS1_IMG_000882__DS1_IMG_004048,DS1_IMG_000882,DS1_IMG_004048,Screenshot_20181115-080455_1542265924986,Screenshot_20181116-204235_1542449500589,1,4,Earrings,Ring,train,0,negative,cross_category
DS1_IMG_000882__DS1_IMG_004257,DS1_IMG_000882,DS1_IMG_004257,Screenshot_20181115-080455_1542265924986,ring_155,1,4,Earrings,Ring,train,0,negative,cross_category
DS1_IMG_000883__DS1_IMG_000884,DS1_IMG_000883,DS1_IMG_000884,Screenshot_20181115-080455_1542265924986,Screenshot_20181115-080455_1542265924986,1,1,Earrings,Earrings,train,1,positive,
DS1_IMG_000883__DS1_IMG_003657,DS1_IMG_000883,DS1_IMG_003657,Screenshot_20181115-080455_1542265924986,necklace_96,1,2,Earrings,Necklace,train,0,negative,cross_category
DS1_IMG_000884__DS1_IMG_002685,DS1_IMG_000884,DS1_IMG_002685,Screenshot_20181115-080455_1542265924986,IMG_2235_d9c89efe,1,2,Earrings,Necklace,train,0,negative,cross_category
DS1_IMG_000884__DS1_IMG_003665,DS1_IMG_000884,DS1_IMG_003665,Screenshot_20181115-080455_1542265924986,IMG_0255_bd4ecf03,1,3,Earrings,Pendant,train,0,negative,cross_category
DS1_IMG_000885__DS1_IMG_000886,DS1_IMG_000885,DS1_IMG_000886,Screenshot_20181115-080745_1542265825200,Screenshot_20181115-080745_1542265825200,1,1,Earrings,Earrings,train,1,positive,
DS1_IMG_000885__DS1_IMG_000887,DS1_IMG_000885,DS1_IMG_000887,Screenshot_20181115-080745_1542265825200,Screenshot_20181115-080745_1542265825200,1,1,Earrings,Earrings,train,1,positive,
DS1_IMG_000885__DS1_IMG_003931,DS1_IMG_000885,DS1_IMG_003931,Screenshot_20181115-080745_1542265825200,IMG_2931_6b15625f,1,3,Earrings,Pendant,train,0,negative,cross_category
DS1_IMG_000885__DS1_IMG_003997,DS1_IMG_000885,DS1_IMG_003997,Screenshot_20181115-080745_1542265825200,necklace_20241125_122545_94000018,1,3,Earrings,Pendant,train,0,negative,cross_category
DS1_IMG_000885__DS1_IMG_004053,DS1_IMG_000885,DS1_IMG_004053,Screenshot_20181115-080745_1542265825200,Screenshot_20181116-204359_1542449415504,1,4,Earrings,Ring,train,0,negative,cross_category
DS1_IMG_000886__DS1_IMG_000887,DS1_IMG_000886,DS1_IMG_000887,Screenshot_20181115-080745_1542265825200,Screenshot_20181115-080745_1542265825200,1,1,Earrings,Earrings,train,1,positive,
DS1_IMG_000886__DS1_IMG_002203,DS1_IMG_000886,DS1_IMG_002203,Screenshot_20181115-080745_1542265825200,IMG_1384_a5dcb6bd,1,2,Earrings,Necklace,train,0,negative,cross_category
DS1_IMG_000886__DS1_IMG_002534,DS1_IMG_000886,DS1_IMG_002534,Screenshot_20181115-080745_1542265825200,IMG_1850_77cd24da,1,2,Earrings,Necklace,train,0,negative,cross_category
DS1_IMG_000886__DS1_IMG_003731,DS1_IMG_000886,DS1_IMG_003731,Screenshot_20181115-080745_1542265825200,IMG_0858_52572277,1,3,Earrings,Pendant,train,0,negative,cross_category
DS1_IMG_000887__DS1_IMG_003974,DS1_IMG_000887,DS1_IMG_003974,Screenshot_20181115-080745_1542265825200,necklace_20241125_122545_20212176,1,3,Earrings,Pendant,train,0,negative,cross_category
DS1_IMG_000888__DS1_IMG_000889,DS1_IMG_000888,DS1_IMG_000889,Screenshot_20181121-045031,Screenshot_20181121-045031,1,1,Earrings,Earrings,train,1,positive,
DS1_IMG_000888__DS1_IMG_000890,DS1_IMG_000888,DS1_IMG_000890,Screenshot_20181121-045031,Screenshot_20181121-045031,1,1,Earrings,Earrings,train,1,positive,
DS1_IMG_000888__DS1_IMG_003757,DS1_IMG_000888,DS1_IMG_003757,Screenshot_20181121-045031,IMG_0911_ecd59d89,1,3,Earrings,Pendant,train,0,negative,cross_category
DS1_IMG_000888__DS1_IMG_004082,DS1_IMG_000888,DS1_IMG_004082,Screenshot_20181121-045031,ring_051,1,4,Earrings,Ring,train,0,negative,cross_category
DS1_IMG_000889__DS1_IMG_000890,DS1_IMG_000889,DS1_IMG_000890,Screenshot_20181121-045031,Screenshot_20181121-045031,1,1,Earrings,Earrings,train,1,positive,
DS1_IMG_000890__DS1_IMG_003983,DS1_IMG_000890,DS1_IMG_003983,Screenshot_20181121-045031,necklace_20241125_122545_3efef2e3,1,3,Earrings,Pendant,train,0,negative,cross_category
DS1_IMG_000891__DS1_IMG_000892,DS1_IMG_000891,DS1_IMG_000892,Screenshot_20181121-190556_1544080595375,Screenshot_20181121-190556_1544080595375,1,1,Earrings,Earrings,train,1,positive,
DS1_IMG_000891__DS1_IMG_000893,DS1_IMG_000891,DS1_IMG_000893,Screenshot_20181121-190556_1544080595375,Screenshot_20181121-190556_1544080595375,1,1,Earrings,Earrings,train,1,positive,
DS1_IMG_000891__DS1_IMG_002017,DS1_IMG_000891,DS1_IMG_002017,Screenshot_20181121-190556_1544080595375,IMG_0601-Copy_9c8347db,1,2,Earrings,Necklace,train,0,negative,cross_category
DS1_IMG_000891__DS1_IMG_003931,DS1_IMG_000891,DS1_IMG_003931,Screenshot_20181121-190556_1544080595375,IMG_2931_6b15625f,1,3,Earrings,Pendant,train,0,negative,cross_category
DS1_IMG_000891__DS1_IMG_003951,DS1_IMG_000891,DS1_IMG_003951,Screenshot_20181121-190556_1544080595375,IMG_3508_c0ed2d28,1,3,Earrings,Pendant,train,0,negative,cross_category
DS1_IMG_000891__DS1_IMG_004262,DS1_IMG_000891,DS1_IMG_004262,Screenshot_20181121-190556_1544080595375,ring_157,1,4,Earrings,Ring,train,0,negative,cross_category
DS1_IMG_000892__DS1_IMG_000893,DS1_IMG_000892,DS1_IMG_000893,Screenshot_20181121-190556_1544080595375,Screenshot_20181121-190556_1544080595375,1,1,Earrings,Earrings,train,1,positive,
DS1_IMG_000903__DS1_IMG_000904,DS1_IMG_000903,DS1_IMG_000904,Screenshot_20181125-115550_1544080112908,Screenshot_20181125-115550_1544080112908,1,1,Earrings,Earrings,train,1,positive,
DS1_IMG_000903__DS1_IMG_000905,DS1_IMG_000903,DS1_IMG_000905,Screenshot_20181125-115550_1544080112908,Screenshot_20181125-115550_1544080112908,1,1,Earrings,Earrings,train,1,positive,
DS1_IMG_000904__DS1_IMG_000905,DS1_IMG_000904,DS1_IMG_000905,Screenshot_20181125-115550_1544080112908,Screenshot_20181125-115550_1544080112908,1,1,Earrings,Earrings,train,1,positive,
DS1_IMG_000904__DS1_IMG_001589,DS1_IMG_000904,DS1_IMG_001589,Screenshot_20181125-115550_1544080112908,IMG_0263_53d56de3,1,2,Earrings,Necklace,train,0,negative,cross_category
DS1_IMG_000904__DS1_IMG_004053,DS1_IMG_000904,DS1_IMG_004053,Screenshot_20181125-115550_1544080112908,Screenshot_20181116-204359_1542449415504,1,4,Earrings,Ring,train,0,negative,cross_category
DS1_IMG_000904__DS1_IMG_004104,DS1_IMG_000904,DS1_IMG_004104,Screenshot_20181125-115550_1544080112908,ring_065,1,4,Earrings,Ring,train,0,negative,cross_category
DS1_IMG_000904__DS1_IMG_004296,DS1_IMG_000904,DS1_IMG_004296,Screenshot_20181125-115550_1544080112908,ring_179,1,4,Earrings,Ring,train,0,negative,cross_category
DS1_IMG_000905__DS1_IMG_003177,DS1_IMG_000905,DS1_IMG_003177,Screenshot_20181125-115550_1544080112908,IMG_3517_187dfeb1,1,2,Earrings,Necklace,train,0,negative,cross_category
DS1_IMG_000905__DS1_IMG_004304,DS1_IMG_000905,DS1_IMG_004304,Screenshot_20181125-115550_1544080112908,ring_181,1,4,Earrings,Ring,train,0,negative,cross_category
DS1_IMG_000906__DS1_IMG_000907,DS1_IMG_000906,DS1_IMG_000907,Screenshot_20190101-212741_1546422287531,Screenshot_20190101-212741_1546422287531,1,1,Earrings,Earrings,train,1,positive,
DS1_IMG_000906__DS1_IMG_000908,DS1_IMG_000906,DS1_IMG_000908,Screenshot_20190101-212741_1546422287531,Screenshot_20190101-212741_1546422287531,1,1,Earrings,Earrings,train,1,positive,
DS1_IMG_000906__DS1_IMG_003817,DS1_IMG_000906,DS1_IMG_003817,Screenshot_20190101-212741_1546422287531,IMG_2506_cab336a0,1,3,Earrings,Pendant,train,0,negative,cross_category
DS1_IMG_000907__DS1_IMG_000908,DS1_IMG_000907,DS1_IMG_000908,Screenshot_20190101-212741_1546422287531,Screenshot_20190101-212741_1546422287531,1,1,Earrings,Earrings,train,1,positive,
DS1_IMG_000907__DS1_IMG_003280,DS1_IMG_000907,DS1_IMG_003280,Screenshot_20190101-212741_1546422287531,IMG_3573_5a273ac1,1,2,Earrings,Necklace,train,0,negative,cross_category
DS1_IMG_000907__DS1_IMG_004139,DS1_IMG_000907,DS1_IMG_004139,Screenshot_20190101-212741_1546422287531,ring_084,1,4,Earrings,Ring,train,0,negative,cross_category
DS1_IMG_000907__DS1_IMG_004244,DS1_IMG_000907,DS1_IMG_004244,Screenshot_20190101-212741_1546422287531,ring_147,1,4,Earrings,Ring,train,0,negative,cross_category
DS1_IMG_000907__DS1_IMG_004326,DS1_IMG_000907,DS1_IMG_004326,Screenshot_20190101-212741_1546422287531,wedding-rings-jewellery-png-31,1,4,Earrings,Ring,train,0,negative,cross_category
DS1_IMG_000908__DS1_IMG_004154,DS1_IMG_000908,DS1_IMG_004154,Screenshot_20190101-212741_1546422287531,ring_091,1,4,Earrings,Ring,train,0,negative,cross_category
DS1_IMG_000914__DS1_IMG_000915,DS1_IMG_000914,DS1_IMG_000915,Turquoise-Bracelet-Sterling-Silver-Vintage-Bracelet-full-5-720-19-l-59-ea,Turquoise-Bracelet-Sterling-Silver-Vintage-Bracelet-full-5-720-19-l-59-ea,1,1,Earrings,Earrings,train,1,positive,
DS1_IMG_000914__DS1_IMG_000916,DS1_IMG_000914,DS1_IMG_000916,Turquoise-Bracelet-Sterling-Silver-Vintage-Bracelet-full-5-720-19-l-59-ea,Turquoise-Bracelet-Sterling-Silver-Vintage-Bracelet-full-5-720-19-l-59-ea,1,1,Earrings,Earrings,train,1,positive,
DS1_IMG_000914__DS1_IMG_003779,DS1_IMG_000914,DS1_IMG_003779,Turquoise-Bracelet-Sterling-Silver-Vintage-Bracelet-full-5-720-19-l-59-ea,IMG_1568_07ccbeb1,1,3,Earrings,Pendant,train,0,negative,cross_category
DS1_IMG_000915__DS1_IMG_000916,DS1_IMG_000915,DS1_IMG_000916,Turquoise-Bracelet-Sterling-Silver-Vintage-Bracelet-full-5-720-19-l-59-ea,Turquoise-Bracelet-Sterling-Silver-Vintage-Bracelet-full-5-720-19-l-59-ea,1,1,Earrings,Earrings,train,1,positive,
DS1_IMG_000915__DS1_IMG_002422,DS1_IMG_000915,DS1_IMG_002422,Turquoise-Bracelet-Sterling-Silver-Vintage-Bracelet-full-5-720-19-l-59-ea,IMG_1561_e477fbff,1,2,Earrings,Necklace,train,0,negative,cross_category
DS1_IMG_000915__DS1_IMG_003743,DS1_IMG_000915,DS1_IMG_003743,Turquoise-Bracelet-Sterling-Silver-Vintage-Bracelet-full-5-720-19-l-59-ea,IMG_0863_4e8ef7be,1,3,Earrings,Pendant,train,0,negative,cross_category
DS1_IMG_000917__DS1_IMG_000918,DS1_IMG_000917,DS1_IMG_000918,UE00012-YG0000_1_lar,UE00012-YG0000_1_lar,1,1,Earrings,Earrings,train,1,positive,
DS1_IMG_000917__DS1_IMG_000919,DS1_IMG_000917,DS1_IMG_000919,UE00012-YG0000_1_lar,UE00012-YG0000_1_lar,1,1,Earrings,Earrings,train,1,positive,
DS1_IMG_000917__DS1_IMG_003811,DS1_IMG_000917,DS1_IMG_003811,UE00012-YG0000_1_lar,IMG_2456_13fd8ff6,1,3,Earrings,Pendant,train,0,negative,cross_category
DS1_IMG_000917__DS1_IMG_004156,DS1_IMG_000917,DS1_IMG_004156,UE00012-YG0000_1_lar,ring_091,1,4,Earrings,Ring,train,0,negative,cross_category
DS1_IMG_000918__DS1_IMG_000919,DS1_IMG_000918,DS1_IMG_000919,UE00012-YG0000_1_lar,UE00012-YG0000_1_lar,1,1,Earrings,Earrings,train,1,positive,
DS1_IMG_000918__DS1_IMG_003100,DS1_IMG_000918,DS1_IMG_003100,UE00012-YG0000_1_lar,IMG_3123_d72cb3a0,1,2,Earrings,Necklace,train,0,negative,cross_category
DS1_IMG_000918__DS1_IMG_003731,DS1_IMG_000918,DS1_IMG_003731,UE00012-YG0000_1_lar,IMG_0858_52572277,1,3,Earrings,Pendant,train,0,negative,cross_category
DS1_IMG_000918__DS1_IMG_003776,DS1_IMG_000918,DS1_IMG_003776,UE00012-YG0000_1_lar,IMG_1567_31c00736,1,3,Earrings,Pendant,train,0,negative,cross_category
DS1_IMG_000918__DS1_IMG_004106,DS1_IMG_000918,DS1_IMG_004106,UE00012-YG0000_1_lar,ring_067,1,4,Earrings,Ring,train,0,negative,cross_category
DS1_IMG_000919__DS1_IMG_002927,DS1_IMG_000919,DS1_IMG_002927,UE00012-YG0000_1_lar,IMG_2832_2b04c8e3,1,2,Earrings,Necklace,train,0,negative,cross_category
DS1_IMG_000919__DS1_IMG_004284,DS1_IMG_000919,DS1_IMG_004284,UE00012-YG0000_1_lar,ring_167,1,4,Earrings,Ring,train,0,negative,cross_category
DS1_IMG_000920__DS1_IMG_000921,DS1_IMG_000920,DS1_IMG_000921,UE00694-2Y0000_1_lar,UE00694-2Y0000_1_lar,1,1,Earrings,Earrings,train,1,positive,
DS1_IMG_000920__DS1_IMG_000922,DS1_IMG_000920,DS1_IMG_000922,UE00694-2Y0000_1_lar,UE00694-2Y0000_1_lar,1,1,Earrings,Earrings,train,1,positive,
DS1_IMG_000920__DS1_IMG_004104,DS1_IMG_000920,DS1_IMG_004104,UE00694-2Y0000_1_lar,ring_065,1,4,Earrings,Ring,train,0,negative,cross_category
DS1_IMG_000920__DS1_IMG_004195,DS1_IMG_000920,DS1_IMG_004195,UE00694-2Y0000_1_lar,ring_113,1,4,Earrings,Ring,train,0,negative,cross_category
DS1_IMG_000921__DS1_IMG_000922,DS1_IMG_000921,DS1_IMG_000922,UE00694-2Y0000_1_lar,UE00694-2Y0000_1_lar,1,1,Earrings,Earrings,train,1,positive,
DS1_IMG_000921__DS1_IMG_003597,DS1_IMG_000921,DS1_IMG_003597,UE00694-2Y0000_1_lar,necklace_20241125_122545_9888989c,1,2,Earrings,Necklace,train,0,negative,cross_category
DS1_IMG_000922__DS1_IMG_002007,DS1_IMG_000922,DS1_IMG_002007,UE00694-2Y0000_1_lar,IMG_0597-1-_ef4736be,1,2,Earrings,Necklace,train,0,negative,cross_category
DS1_IMG_000922__DS1_IMG_002361,DS1_IMG_000922,DS1_IMG_002361,UE00694-2Y0000_1_lar,IMG_1505_3d0b0679,1,2,Earrings,Necklace,train,0,negative,cross_category
DS1_IMG_000922__DS1_IMG_003691,DS1_IMG_000922,DS1_IMG_003691,UE00694-2Y0000_1_lar,IMG_0475_694c48a1,1,3,Earrings,Pendant,train,0,negative,cross_category
DS1_IMG_000922__DS1_IMG_003829,DS1_IMG_000922,DS1_IMG_003829,UE00694-2Y0000_1_lar,IMG_2513_2e38170a,1,3,Earrings,Pendant,train,0,negative,cross_category
DS1_IMG_000926__DS1_IMG_000927,DS1_IMG_000926,DS1_IMG_000927,ariel-elegant-diamond-earrings-jle139-1-750x500,ariel-elegant-diamond-earrings-jle139-1-750x500,1,1,Earrings,Earrings,train,1,positive,
DS1_IMG_000926__DS1_IMG_000928,DS1_IMG_000926,DS1_IMG_000928,ariel-elegant-diamond-earrings-jle139-1-750x500,ariel-elegant-diamond-earrings-jle139-1-750x500,1,1,Earrings,Earrings,train,1,positive,
DS1_IMG_000926__DS1_IMG_002194,DS1_IMG_000926,DS1_IMG_002194,ariel-elegant-diamond-earrings-jle139-1-750x500,IMG_1375_a9efde0a,1,2,Earrings,Necklace,train,0,negative,cross_category
DS1_IMG_000926__DS1_IMG_004012,DS1_IMG_000926,DS1_IMG_004012,ariel-elegant-diamond-earrings-jle139-1-750x500,Screenshot_20181116-202707_1542453179073,1,4,Earrings,Ring,train,0,negative,cross_category
DS1_IMG_000926__DS1_IMG_004259,DS1_IMG_000926,DS1_IMG_004259,ariel-elegant-diamond-earrings-jle139-1-750x500,ring_156,1,4,Earrings,Ring,train,0,negative,cross_category
DS1_IMG_000926__DS1_IMG_004281,DS1_IMG_000926,DS1_IMG_004281,ariel-elegant-diamond-earrings-jle139-1-750x500,ring_166,1,4,Earrings,Ring,train,0,negative,cross_category
DS1_IMG_000926__DS1_IMG_004318,DS1_IMG_000926,DS1_IMG_004318,ariel-elegant-diamond-earrings-jle139-1-750x500,ring_188,1,4,Earrings,Ring,train,0,negative,cross_category
DS1_IMG_000927__DS1_IMG_000928,DS1_IMG_000927,DS1_IMG_000928,ariel-elegant-diamond-earrings-jle139-1-750x500,ariel-elegant-diamond-earrings-jle139-1-750x500,1,1,Earrings,Earrings,train,1,positive,
DS1_IMG_000928__DS1_IMG_003906,DS1_IMG_000928,DS1_IMG_003906,ariel-elegant-diamond-earrings-jle139-1-750x500,IMG_2907_4bcb0ae7,1,3,Earrings,Pendant,train,0,negative,cross_category
DS1_IMG_000929__DS1_IMG_000930,DS1_IMG_000929,DS1_IMG_000930,beautiful-fancy-peacock-earring-with-hanging-drops-11-250x250,beautiful-fancy-peacock-earring-with-hanging-drops-11-250x250,1,1,Earrings,Earrings,train,1,positive,
DS1_IMG_000929__DS1_IMG_000931,DS1_IMG_000929,DS1_IMG_000931,beautiful-fancy-peacock-earring-with-hanging-drops-11-250x250,beautiful-fancy-peacock-earring-with-hanging-drops-11-250x250,1,1,Earrings,Earrings,train,1,positive,
DS1_IMG_000929__DS1_IMG_002725,DS1_IMG_000929,DS1_IMG_002725,beautiful-fancy-peacock-earring-with-hanging-drops-11-250x250,IMG_2263_9d418fb5,1,2,Earrings,Necklace,train,0,negative,cross_category
DS1_IMG_000930__DS1_IMG_000931,DS1_IMG_000930,DS1_IMG_000931,beautiful-fancy-peacock-earring-with-hanging-drops-11-250x250,beautiful-fancy-peacock-earring-with-hanging-drops-11-250x250,1,1,Earrings,Earrings,train,1,positive,
DS1_IMG_000931__DS1_IMG_001589,DS1_IMG_000931,DS1_IMG_001589,beautiful-fancy-peacock-earring-with-hanging-drops-11-250x250,IMG_0263_53d56de3,1,2,Earrings,Necklace,train,0,negative,cross_category
DS1_IMG_000931__DS1_IMG_002196,DS1_IMG_000931,DS1_IMG_002196,beautiful-fancy-peacock-earring-with-hanging-drops-11-250x250,IMG_1375_a9efde0a,1,2,Earrings,Necklace,train,0,negative,cross_category
DS1_IMG_000931__DS1_IMG_003979,DS1_IMG_000931,DS1_IMG_003979,beautiful-fancy-peacock-earring-with-hanging-drops-11-250x250,necklace_20241125_122545_24201818,1,3,Earrings,Pendant,train,0,negative,cross_category
DS1_IMG_000935__DS1_IMG_000936,DS1_IMG_000935,DS1_IMG_000936,bracelet_20241125_122545_ff990424,bracelet_20241125_122545_ff990424,1,1,Earrings,Earrings,train,1,positive,
DS1_IMG_000935__DS1_IMG_000937,DS1_IMG_000935,DS1_IMG_000937,bracelet_20241125_122545_ff990424,bracelet_20241125_122545_ff990424,1,1,Earrings,Earrings,train,1,positive,
DS1_IMG_000935__DS1_IMG_003928,DS1_IMG_000935,DS1_IMG_003928,bracelet_20241125_122545_ff990424,IMG_2926_bb65e3e0,1,3,Earrings,Pendant,train,0,negative,cross_category
DS1_IMG_000935__DS1_IMG_004155,DS1_IMG_000935,DS1_IMG_004155,bracelet_20241125_122545_ff990424,ring_091,1,4,Earrings,Ring,train,0,negative,cross_category
DS1_IMG_000936__DS1_IMG_000937,DS1_IMG_000936,DS1_IMG_000937,bracelet_20241125_122545_ff990424,bracelet_20241125_122545_ff990424,1,1,Earrings,Earrings,train,1,positive,
DS1_IMG_000936__DS1_IMG_003873,DS1_IMG_000936,DS1_IMG_003873,bracelet_20241125_122545_ff990424,IMG_2856_b3d7e108,1,3,Earrings,Pendant,train,0,negative,cross_category
DS1_IMG_000937__DS1_IMG_003692,DS1_IMG_000937,DS1_IMG_003692,bracelet_20241125_122545_ff990424,IMG_0479_27be300a,1,3,Earrings,Pendant,train,0,negative,cross_category
DS1_IMG_000937__DS1_IMG_003831,DS1_IMG_000937,DS1_IMG_003831,bracelet_20241125_122545_ff990424,IMG_2750_393840e9,1,3,Earrings,Pendant,train,0,negative,cross_category
DS1_IMG_000937__DS1_IMG_004049,DS1_IMG_000937,DS1_IMG_004049,bracelet_20241125_122545_ff990424,Screenshot_20181116-204235_1542449500589,1,4,Earrings,Ring,train,0,negative,cross_category
DS1_IMG_000941__DS1_IMG_000942,DS1_IMG_000941,DS1_IMG_000942,earring_112,earring_112,1,1,Earrings,Earrings,train,1,positive,
DS1_IMG_000941__DS1_IMG_003707,DS1_IMG_000941,DS1_IMG_003707,earring_112,IMG_0726_46863f42,1,3,Earrings,Pendant,train,0,negative,cross_category
DS1_IMG_000942__DS1_IMG_004200,DS1_IMG_000942,DS1_IMG_004200,earring_112,ring_116,1,4,Earrings,Ring,train,0,negative,cross_category
DS1_IMG_000943__DS1_IMG_000944,DS1_IMG_000943,DS1_IMG_000944,earring_115,earring_115,1,1,Earrings,Earrings,train,1,positive,
DS1_IMG_000943__DS1_IMG_000945,DS1_IMG_000943,DS1_IMG_000945,earring_115,earring_115,1,1,Earrings,Earrings,train,1,positive,
DS1_IMG_000944__DS1_IMG_000945,DS1_IMG_000944,DS1_IMG_000945,earring_115,earring_115,1,1,Earrings,Earrings,train,1,positive,
DS1_IMG_000944__DS1_IMG_004128,DS1_IMG_000944,DS1_IMG_004128,earring_115,ring_080,1,4,Earrings,Ring,train,0,negative,cross_category
DS1_IMG_000945__DS1_IMG_003319,DS1_IMG_000945,DS1_IMG_003319,earring_115,IMG_3597_040758e8,1,2,Earrings,Necklace,train,0,negative,cross_category
DS1_IMG_000945__DS1_IMG_004106,DS1_IMG_000945,DS1_IMG_004106,earring_115,ring_067,1,4,Earrings,Ring,train,0,negative,cross_category
DS1_IMG_000945__DS1_IMG_004317,DS1_IMG_000945,DS1_IMG_004317,earring_115,ring_188,1,4,Earrings,Ring,train,0,negative,cross_category
DS1_IMG_000951__DS1_IMG_002532,DS1_IMG_000951,DS1_IMG_002532,earring_118,IMG_1848_3add4b11,1,2,Earrings,Necklace,train,0,negative,cross_category
DS1_IMG_000951__DS1_IMG_003997,DS1_IMG_000951,DS1_IMG_003997,earring_118,necklace_20241125_122545_94000018,1,3,Earrings,Pendant,train,0,negative,cross_category
DS1_IMG_000952__DS1_IMG_000953,DS1_IMG_000952,DS1_IMG_000953,earring_11,earring_11,1,1,Earrings,Earrings,train,1,positive,
DS1_IMG_000952__DS1_IMG_000954,DS1_IMG_000952,DS1_IMG_000954,earring_11,earring_11,1,1,Earrings,Earrings,train,1,positive,
DS1_IMG_000952__DS1_IMG_002269,DS1_IMG_000952,DS1_IMG_002269,earring_11,IMG_1437_cbc308b5,1,2,Earrings,Necklace,train,0,negative,cross_category
DS1_IMG_000952__DS1_IMG_003043,DS1_IMG_000952,DS1_IMG_003043,earring_11,IMG_3055_3dfb9a82,1,2,Earrings,Necklace,train,0,negative,cross_category
DS1_IMG_000952__DS1_IMG_003181,DS1_IMG_000952,DS1_IMG_003181,earring_11,IMG_3518_909c4cb9,1,2,Earrings,Necklace,train,0,negative,cross_category
DS1_IMG_000952__DS1_IMG_003673,DS1_IMG_000952,DS1_IMG_003673,earring_11,IMG_0391_13077dff,1,3,Earrings,Pendant,train,0,negative,cross_category
DS1_IMG_000953__DS1_IMG_000954,DS1_IMG_000953,DS1_IMG_000954,earring_11,earring_11,1,1,Earrings,Earrings,train,1,positive,
DS1_IMG_000953__DS1_IMG_003103,DS1_IMG_000953,DS1_IMG_003103,earring_11,IMG_3124_2a93b6ae,1,2,Earrings,Necklace,train,0,negative,cross_category
DS1_IMG_000954__DS1_IMG_003915,DS1_IMG_000954,DS1_IMG_003915,earring_11,IMG_2913_9f1d6820,1,3,Earrings,Pendant,train,0,negative,cross_category
DS1_IMG_000955__DS1_IMG_000956,DS1_IMG_000955,DS1_IMG_000956,earring_122,earring_122,1,1,Earrings,Earrings,train,1,positive,
DS1_IMG_000955__DS1_IMG_000957,DS1_IMG_000955,DS1_IMG_000957,earring_122,earring_122,1,1,Earrings,Earrings,train,1,positive,
DS1_IMG_000955__DS1_IMG_004217,DS1_IMG_000955,DS1_IMG_004217,earring_122,ring_128,1,4,Earrings,Ring,train,0,negative,cross_category
DS1_IMG_000956__DS1_IMG_000957,DS1_IMG_000956,DS1_IMG_000957,earring_122,earring_122,1,1,Earrings,Earrings,train,1,positive,
DS1_IMG_000956__DS1_IMG_003946,DS1_IMG_000956,DS1_IMG_003946,earring_122,IMG_3467_d962189e,1,3,Earrings,Pendant,train,0,negative,cross_category
DS1_IMG_000958__DS1_IMG_000959,DS1_IMG_000958,DS1_IMG_000959,earring_124,earring_124,1,1,Earrings,Earrings,train,1,positive,
DS1_IMG_000958__DS1_IMG_000960,DS1_IMG_000958,DS1_IMG_000960,earring_124,earring_124,1,1,Earrings,Earrings,train,1,positive,
DS1_IMG_000958__DS1_IMG_003907,DS1_IMG_000958,DS1_IMG_003907,earring_124,IMG_2907_4bcb0ae7,1,3,Earrings,Pendant,train,0,negative,cross_category
DS1_IMG_000959__DS1_IMG_000960,DS1_IMG_000959,DS1_IMG_000960,earring_124,earring_124,1,1,Earrings,Earrings,train,1,positive,
DS1_IMG_000959__DS1_IMG_003453,DS1_IMG_000959,DS1_IMG_003453,earring_124,necklace_20241125_122545_00187c7e,1,2,Earrings,Necklace,train,0,negative,cross_category
DS1_IMG_000961__DS1_IMG_000962,DS1_IMG_000961,DS1_IMG_000962,earring_127,earring_127,1,1,Earrings,Earrings,train,1,positive,
DS1_IMG_000961__DS1_IMG_001551,DS1_IMG_000961,DS1_IMG_001551,earring_127,IMG_0186_0e5aee5b,1,2,Earrings,Necklace,train,0,negative,cross_category
DS1_IMG_000961__DS1_IMG_003870,DS1_IMG_000961,DS1_IMG_003870,earring_127,IMG_2850_604c1d7b,1,3,Earrings,Pendant,train,0,negative,cross_category
DS1_IMG_000962__DS1_IMG_002388,DS1_IMG_000962,DS1_IMG_002388,earring_127,IMG_1522_a06d2db5,1,2,Earrings,Necklace,train,0,negative,cross_category
DS1_IMG_000962__DS1_IMG_003749,DS1_IMG_000962,DS1_IMG_003749,earring_127,IMG_0885_67639274,1,3,Earrings,Pendant,train,0,negative,cross_category
DS1_IMG_000962__DS1_IMG_003846,DS1_IMG_000962,DS1_IMG_003846,earring_127,IMG_2822_df249f8d,1,3,Earrings,Pendant,train,0,negative,cross_category
DS1_IMG_000962__DS1_IMG_004127,DS1_IMG_000962,DS1_IMG_004127,earring_127,ring_078,1,4,Earrings,Ring,train,0,negative,cross_category
DS1_IMG_000962__DS1_IMG_004145,DS1_IMG_000962,DS1_IMG_004145,earring_127,ring_086,1,4,Earrings,Ring,train,0,negative,cross_category
DS1_IMG_000962__DS1_IMG_004153,DS1_IMG_000962,DS1_IMG_004153,earring_127,ring_089,1,4,Earrings,Ring,train,0,negative,cross_category
DS1_IMG_000969__DS1_IMG_000970,DS1_IMG_000969,DS1_IMG_000970,earring_135,earring_135,1,1,Earrings,Earrings,train,1,positive,
DS1_IMG_000969__DS1_IMG_000971,DS1_IMG_000969,DS1_IMG_000971,earring_135,earring_135,1,1,Earrings,Earrings,train,1,positive,
DS1_IMG_000969__DS1_IMG_003721,DS1_IMG_000969,DS1_IMG_003721,earring_135,IMG_0811_ccf24bcc,1,3,Earrings,Pendant,train,0,negative,cross_category
DS1_IMG_000969__DS1_IMG_003803,DS1_IMG_000969,DS1_IMG_003803,earring_135,IMG_2426_f8412daf,1,3,Earrings,Pendant,train,0,negative,cross_category
DS1_IMG_000969__DS1_IMG_003906,DS1_IMG_000969,DS1_IMG_003906,earring_135,IMG_2907_4bcb0ae7,1,3,Earrings,Pendant,train,0,negative,cross_category
DS1_IMG_000969__DS1_IMG_004055,DS1_IMG_000969,DS1_IMG_004055,earring_135,Screenshot_20181116-204417_1542449390654,1,4,Earrings,Ring,train,0,negative,cross_category
DS1_IMG_000970__DS1_IMG_000971,DS1_IMG_000970,DS1_IMG_000971,earring_135,earring_135,1,1,Earrings,Earrings,train,1,positive,
DS1_IMG_000970__DS1_IMG_001968,DS1_IMG_000970,DS1_IMG_001968,earring_135,IMG_0581_2ce97edc,1,2,Earrings,Necklace,train,0,negative,cross_category
DS1_IMG_000970__DS1_IMG_003874,DS1_IMG_000970,DS1_IMG_003874,earring_135,IMG_2856_b3d7e108,1,3,Earrings,Pendant,train,0,negative,cross_category
DS1_IMG_000970__DS1_IMG_003976,DS1_IMG_000970,DS1_IMG_003976,earring_135,necklace_20241125_122545_20212176,1,3,Earrings,Pendant,train,0,negative,cross_category
DS1_IMG_000971__DS1_IMG_003799,DS1_IMG_000971,DS1_IMG_003799,earring_135,IMG_2371_c0acc0f4,1,3,Earrings,Pendant,train,0,negative,cross_category
DS1_IMG_000971__DS1_IMG_004017,DS1_IMG_000971,DS1_IMG_004017,earring_135,Screenshot_20181116-202757_1542453058358,1,4,Earrings,Ring,train,0,negative,cross_category
DS1_IMG_000972__DS1_IMG_000973,DS1_IMG_000972,DS1_IMG_000973,earring_138,earring_138,1,1,Earrings,Earrings,train,1,positive,
DS1_IMG_000972__DS1_IMG_000974,DS1_IMG_000972,DS1_IMG_000974,earring_138,earring_138,1,1,Earrings,Earrings,train,1,positive,
DS1_IMG_000972__DS1_IMG_003869,DS1_IMG_000972,DS1_IMG_003869,earring_138,IMG_2850_604c1d7b,1,3,Earrings,Pendant,train,0,negative,cross_category
DS1_IMG_000972__DS1_IMG_003989,DS1_IMG_000972,DS1_IMG_003989,earring_138,necklace_20241125_122545_6063e3a7,1,3,Earrings,Pendant,train,0,negative,cross_category
DS1_IMG_000972__DS1_IMG_003994,DS1_IMG_000972,DS1_IMG_003994,earring_138,necklace_20241125_122545_8181cfe3,1,3,Earrings,Pendant,train,0,negative,cross_category
DS1_IMG_000972__DS1_IMG_004230,DS1_IMG_000972,DS1_IMG_004230,earring_138,ring_135,1,4,Earrings,Ring,train,0,negative,cross_category
DS1_IMG_000973__DS1_IMG_000974,DS1_IMG_000973,DS1_IMG_000974,earring_138,earring_138,1,1,Earrings,Earrings,train,1,positive,
DS1_IMG_000973__DS1_IMG_003937,DS1_IMG_000973,DS1_IMG_003937,earring_138,IMG_2936_bba41476,1,3,Earrings,Pendant,train,0,negative,cross_category
DS1_IMG_000973__DS1_IMG_004247,DS1_IMG_000973,DS1_IMG_004247,earring_138,ring_148,1,4,Earrings,Ring,train,0,negative,cross_category
DS1_IMG_000974__DS1_IMG_001799,DS1_IMG_000974,DS1_IMG_001799,earring_138,IMG_0497-1-_8fdd236c,1,2,Earrings,Necklace,train,0,negative,cross_category
DS1_IMG_000975__DS1_IMG_000976,DS1_IMG_000975,DS1_IMG_000976,earring_139,earring_139,1,1,Earrings,Earrings,train,1,positive,
DS1_IMG_000975__DS1_IMG_000977,DS1_IMG_000975,DS1_IMG_000977,earring_139,earring_139,1,1,Earrings,Earrings,train,1,positive,
DS1_IMG_000975__DS1_IMG_002156,DS1_IMG_000975,DS1_IMG_002156,earring_139,IMG_1336_fa158a54,1,2,Earrings,Necklace,train,0,negative,cross_category
DS1_IMG_000975__DS1_IMG_004054,DS1_IMG_000975,DS1_IMG_004054,earring_139,Screenshot_20181116-204359_1542449415504,1,4,Earrings,Ring,train,0,negative,cross_category
DS1_IMG_000975__DS1_IMG_004077,DS1_IMG_000975,DS1_IMG_004077,earring_139,ring_049,1,4,Earrings,Ring,train,0,negative,cross_category
DS1_IMG_000976__DS1_IMG_000977,DS1_IMG_000976,DS1_IMG_000977,earring_139,earring_139,1,1,Earrings,Earrings,train,1,positive,
DS1_IMG_000976__DS1_IMG_001898,DS1_IMG_000976,DS1_IMG_001898,earring_139,IMG_0546_4a5339a8,1,2,Earrings,Necklace,train,0,negative,cross_category
DS1_IMG_000977__DS1_IMG_004235,DS1_IMG_000977,DS1_IMG_004235,earring_139,ring_139,1,4,Earrings,Ring,train,0,negative,cross_category
DS1_IMG_000977__DS1_IMG_004272,DS1_IMG_000977,DS1_IMG_004272,earring_139,ring_162,1,4,Earrings,Ring,train,0,negative,cross_category
DS1_IMG_000981__DS1_IMG_000982,DS1_IMG_000981,DS1_IMG_000982,earring_142,earring_142,1,1,Earrings,Earrings,train,1,positive,
DS1_IMG_000981__DS1_IMG_000983,DS1_IMG_000981,DS1_IMG_000983,earring_142,earring_142,1,1,Earrings,Earrings,train,1,positive,
DS1_IMG_000981__DS1_IMG_001667,DS1_IMG_000981,DS1_IMG_001667,earring_142,IMG_0386_fb581654,1,2,Earrings,Necklace,train,0,negative,cross_category
DS1_IMG_000981__DS1_IMG_003184,DS1_IMG_000981,DS1_IMG_003184,earring_142,IMG_3519_7323be36,1,2,Earrings,Necklace,train,0,negative,cross_category
DS1_IMG_000981__DS1_IMG_003308,DS1_IMG_000981,DS1_IMG_003308,earring_142,IMG_3590_e334bde9,1,2,Earrings,Necklace,train,0,negative,cross_category
DS1_IMG_000981__DS1_IMG_004165,DS1_IMG_000981,DS1_IMG_004165,earring_142,ring_095,1,4,Earrings,Ring,train,0,negative,cross_category
DS1_IMG_000981__DS1_IMG_004219,DS1_IMG_000981,DS1_IMG_004219,earring_142,ring_128,1,4,Earrings,Ring,train,0,negative,cross_category
DS1_IMG_000982__DS1_IMG_000983,DS1_IMG_000982,DS1_IMG_000983,earring_142,earring_142,1,1,Earrings,Earrings,train,1,positive,
DS1_IMG_000982__DS1_IMG_003961,DS1_IMG_000982,DS1_IMG_003961,earring_142,necklace_20241125_122545_00801018,1,3,Earrings,Pendant,train,0,negative,cross_category
DS1_IMG_000983__DS1_IMG_001844,DS1_IMG_000983,DS1_IMG_001844,earring_142,IMG_0521_281c4ff3,1,2,Earrings,Necklace,train,0,negative,cross_category
DS1_IMG_000983__DS1_IMG_002405,DS1_IMG_000983,DS1_IMG_002405,earring_142,IMG_1541_7b49174a,1,2,Earrings,Necklace,train,0,negative,cross_category
DS1_IMG_000984__DS1_IMG_000985,DS1_IMG_000984,DS1_IMG_000985,earring_143,earring_143,1,1,Earrings,Earrings,train,1,positive,
DS1_IMG_000984__DS1_IMG_000986,DS1_IMG_000984,DS1_IMG_000986,earring_143,earring_143,1,1,Earrings,Earrings,train,1,positive,
DS1_IMG_000984__DS1_IMG_003192,DS1_IMG_000984,DS1_IMG_003192,earring_143,IMG_3525_becb64af,1,2,Earrings,Necklace,train,0,negative,cross_category
DS1_IMG_000984__DS1_IMG_004215,DS1_IMG_000984,DS1_IMG_004215,earring_143,ring_124,1,4,Earrings,Ring,train,0,negative,cross_category
DS1_IMG_000985__DS1_IMG_000986,DS1_IMG_000985,DS1_IMG_000986,earring_143,earring_143,1,1,Earrings,Earrings,train,1,positive,
DS1_IMG_000985__DS1_IMG_003105,DS1_IMG_000985,DS1_IMG_003105,earring_143,IMG_3130_bfdb7f12,1,2,Earrings,Necklace,train,0,negative,cross_category
DS1_IMG_000985__DS1_IMG_004126,DS1_IMG_000985,DS1_IMG_004126,earring_143,ring_078,1,4,Earrings,Ring,train,0,negative,cross_category
DS1_IMG_000986__DS1_IMG_003697,DS1_IMG_000986,DS1_IMG_003697,earring_143,IMG_0602_6d616791,1,3,Earrings,Pendant,train,0,negative,cross_category
DS1_IMG_000986__DS1_IMG_004228,DS1_IMG_000986,DS1_IMG_004228,earring_143,ring_134,1,4,Earrings,Ring,train,0,negative,cross_category
DS1_IMG_000987__DS1_IMG_000988,DS1_IMG_000987,DS1_IMG_000988,earring_145,earring_145,1,1,Earrings,Earrings,train,1,positive,
DS1_IMG_000987__DS1_IMG_000989,DS1_IMG_000987,DS1_IMG_000989,earring_145,earring_145,1,1,Earrings,Earrings,train,1,positive,
DS1_IMG_000987__DS1_IMG_003916,DS1_IMG_000987,DS1_IMG_003916,earring_145,IMG_2913_9f1d6820,1,3,Earrings,Pendant,train,0,negative,cross_category
DS1_IMG_000987__DS1_IMG_003991,DS1_IMG_000987,DS1_IMG_003991,earring_145,necklace_20241125_122545_6063e3a7,1,3,Earrings,Pendant,train,0,negative,cross_category
DS1_IMG_000988__DS1_IMG_000989,DS1_IMG_000988,DS1_IMG_000989,earring_145,earring_145,1,1,Earrings,Earrings,train,1,positive,
DS1_IMG_000988__DS1_IMG_003470,DS1_IMG_000988,DS1_IMG_003470,earring_145,necklace_20241125_122545_0200e4fe,1,2,Earrings,Necklace,train,0,negative,cross_category
DS1_IMG_000988__DS1_IMG_003728,DS1_IMG_000988,DS1_IMG_003728,earring_145,IMG_0845_2d416634,1,3,Earrings,Pendant,train,0,negative,cross_category
DS1_IMG_000990__DS1_IMG_000991,DS1_IMG_000990,DS1_IMG_000991,earring_146,earring_146,1,1,Earrings,Earrings,train,1,positive,
DS1_IMG_000990__DS1_IMG_000992,DS1_IMG_000990,DS1_IMG_000992,earring_146,earring_146,1,1,Earrings,Earrings,train,1,positive,
DS1_IMG_000990__DS1_IMG_004078,DS1_IMG_000990,DS1_IMG_004078,earring_146,ring_049,1,4,Earrings,Ring,train,0,negative,cross_category
DS1_IMG_000991__DS1_IMG_000992,DS1_IMG_000991,DS1_IMG_000992,earring_146,earring_146,1,1,Earrings,Earrings,train,1,positive,
DS1_IMG_000991__DS1_IMG_002768,DS1_IMG_000991,DS1_IMG_002768,earring_146,IMG_2305_f7da93de,1,2,Earrings,Necklace,train,0,negative,cross_category
DS1_IMG_000993__DS1_IMG_000994,DS1_IMG_000993,DS1_IMG_000994,earring_14,earring_14,1,1,Earrings,Earrings,train,1,positive,
DS1_IMG_000993__DS1_IMG_000995,DS1_IMG_000993,DS1_IMG_000995,earring_14,earring_14,1,1,Earrings,Earrings,train,1,positive,
DS1_IMG_000993__DS1_IMG_001864,DS1_IMG_000993,DS1_IMG_001864,earring_14,IMG_0528-1-_08d6a9f7,1,2,Earrings,Necklace,train,0,negative,cross_category
DS1_IMG_000993__DS1_IMG_002210,DS1_IMG_000993,DS1_IMG_002210,earring_14,IMG_1397_967fc1a8,1,2,Earrings,Necklace,train,0,negative,cross_category
DS1_IMG_000993__DS1_IMG_003953,DS1_IMG_000993,DS1_IMG_003953,earring_14,IMG_3515_3ed94d29,1,3,Earrings,Pendant,train,0,negative,cross_category
DS1_IMG_000993__DS1_IMG_004035,DS1_IMG_000993,DS1_IMG_004035,earring_14,Screenshot_20181116-203818_1542449673275,1,4,Earrings,Ring,train,0,negative,cross_category
DS1_IMG_000993__DS1_IMG_004189,DS1_IMG_000993,DS1_IMG_004189,earring_14,ring_111,1,4,Earrings,Ring,train,0,negative,cross_category
DS1_IMG_000994__DS1_IMG_000995,DS1_IMG_000994,DS1_IMG_000995,earring_14,earring_14,1,1,Earrings,Earrings,train,1,positive,
DS1_IMG_000994__DS1_IMG_003885,DS1_IMG_000994,DS1_IMG_003885,earring_14,IMG_2871_08b05150,1,3,Earrings,Pendant,train,0,negative,cross_category
DS1_IMG_000994__DS1_IMG_004003,DS1_IMG_000994,DS1_IMG_004003,earring_14,necklace_79,1,3,Earrings,Pendant,train,0,negative,cross_category
DS1_IMG_000996__DS1_IMG_000997,DS1_IMG_000996,DS1_IMG_000997,earring_150,earring_150,1,1,Earrings,Earrings,train,1,positive,
DS1_IMG_000996__DS1_IMG_001781,DS1_IMG_000996,DS1_IMG_001781,earring_150,IMG_0472_b36c4cb6,1,2,Earrings,Necklace,train,0,negative,cross_category
DS1_IMG_000996__DS1_IMG_003783,DS1_IMG_000996,DS1_IMG_003783,earring_150,IMG_2181_9f77e4aa,1,3,Earrings,Pendant,train,0,negative,cross_category
DS1_IMG_000996__DS1_IMG_004012,DS1_IMG_000996,DS1_IMG_004012,earring_150,Screenshot_20181116-202707_1542453179073,1,4,Earrings,Ring,train,0,negative,cross_category
DS1_IMG_000996__DS1_IMG_004285,DS1_IMG_000996,DS1_IMG_004285,earring_150,ring_168,1,4,Earrings,Ring,train,0,negative,cross_category
DS1_IMG_000997__DS1_IMG_002671,DS1_IMG_000997,DS1_IMG_002671,earring_150,IMG_2224_d21a322f,1,2,Earrings,Necklace,train,0,negative,cross_category
DS1_IMG_000997__DS1_IMG_003908,DS1_IMG_000997,DS1_IMG_003908,earring_150,IMG_2911_4bf24190,1,3,Earrings,Pendant,train,0,negative,cross_category
DS1_IMG_000997__DS1_IMG_003958,DS1_IMG_000997,DS1_IMG_003958,earring_150,necklace_124,1,3,Earrings,Pendant,train,0,negative,cross_category
DS1_IMG_000997__DS1_IMG_004169,DS1_IMG_000997,DS1_IMG_004169,earring_150,ring_097,1,4,Earrings,Ring,train,0,negative,cross_category
DS1_IMG_000998__DS1_IMG_000999,DS1_IMG_000998,DS1_IMG_000999,earring_152,earring_152,1,1,Earrings,Earrings,train,1,positive,
DS1_IMG_000998__DS1_IMG_001000,DS1_IMG_000998,DS1_IMG_001000,earring_152,earring_152,1,1,Earrings,Earrings,train,1,positive,
DS1_IMG_000998__DS1_IMG_003707,DS1_IMG_000998,DS1_IMG_003707,earring_152,IMG_0726_46863f42,1,3,Earrings,Pendant,train,0,negative,cross_category
DS1_IMG_000998__DS1_IMG_004107,DS1_IMG_000998,DS1_IMG_004107,earring_152,ring_067,1,4,Earrings,Ring,train,0,negative,cross_category
DS1_IMG_000999__DS1_IMG_001000,DS1_IMG_000999,DS1_IMG_001000,earring_152,earring_152,1,1,Earrings,Earrings,train,1,positive,
DS1_IMG_000999__DS1_IMG_001645,DS1_IMG_000999,DS1_IMG_001645,earring_152,IMG_0375_8dd90976,1,2,Earrings,Necklace,train,0,negative,cross_category
DS1_IMG_000999__DS1_IMG_003211,DS1_IMG_000999,DS1_IMG_003211,earring_152,IMG_3531_dfe99abf,1,2,Earrings,Necklace,train,0,negative,cross_category
DS1_IMG_000999__DS1_IMG_003879,DS1_IMG_000999,DS1_IMG_003879,earring_152,IMG_2862_dc66ea02,1,3,Earrings,Pendant,train,0,negative,cross_category
DS1_IMG_000999__DS1_IMG_003998,DS1_IMG_000999,DS1_IMG_003998,earring_152,necklace_78,1,3,Earrings,Pendant,train,0,negative,cross_category
DS1_IMG_000999__DS1_IMG_004221,DS1_IMG_000999,DS1_IMG_004221,earring_152,ring_130,1,4,Earrings,Ring,train,0,negative,cross_category
DS1_IMG_001000__DS1_IMG_003661,DS1_IMG_001000,DS1_IMG_003661,earring_152,necklace_97,1,2,Earrings,Necklace,train,0,negative,cross_category
DS1_IMG_001001__DS1_IMG_001002,DS1_IMG_001001,DS1_IMG_001002,earring_156,earring_156,1,1,Earrings,Earrings,train,1,positive,
DS1_IMG_001001__DS1_IMG_001003,DS1_IMG_001001,DS1_IMG_001003,earring_156,earring_156,1,1,Earrings,Earrings,train,1,positive,
DS1_IMG_001001__DS1_IMG_001767,DS1_IMG_001001,DS1_IMG_001767,earring_156,IMG_0451-1-_5b0f9da9,1,2,Earrings,Necklace,train,0,negative,cross_category
DS1_IMG_001001__DS1_IMG_003855,DS1_IMG_001001,DS1_IMG_003855,earring_156,IMG_2836_db94d1e7,1,3,Earrings,Pendant,train,0,negative,cross_category
DS1_IMG_001001__DS1_IMG_003904,DS1_IMG_001001,DS1_IMG_003904,earring_156,IMG_2901_79d86e58,1,3,Earrings,Pendant,train,0,negative,cross_category
DS1_IMG_001001__DS1_IMG_004051,DS1_IMG_001001,DS1_IMG_004051,earring_156,Screenshot_20181116-204341_1542449441847,1,4,Earrings,Ring,train,0,negative,cross_category
DS1_IMG_001001__DS1_IMG_004078,DS1_IMG_001001,DS1_IMG_004078,earring_156,ring_049,1,4,Earrings,Ring,train,0,negative,cross_category
DS1_IMG_001002__DS1_IMG_001003,DS1_IMG_001002,DS1_IMG_001003,earring_156,earring_156,1,1,Earrings,Earrings,train,1,positive,
DS1_IMG_001002__DS1_IMG_003680,DS1_IMG_001002,DS1_IMG_003680,earring_156,IMG_0457_cb73a0c4,1,3,Earrings,Pendant,train,0,negative,cross_category
DS1_IMG_001002__DS1_IMG_004155,DS1_IMG_001002,DS1_IMG_004155,earring_156,ring_091,1,4,Earrings,Ring,train,0,negative,cross_category
DS1_IMG_001003__DS1_IMG_002058,DS1_IMG_001003,DS1_IMG_002058,earring_156,IMG_0626_4ff2e363,1,2,Earrings,Necklace,train,0,negative,cross_category
DS1_IMG_001007__DS1_IMG_001008,DS1_IMG_001007,DS1_IMG_001008,earring_159,earring_159,1,1,Earrings,Earrings,train,1,positive,
DS1_IMG_001007__DS1_IMG_001009,DS1_IMG_001007,DS1_IMG_001009,earring_159,earring_159,1,1,Earrings,Earrings,train,1,positive,
DS1_IMG_001007__DS1_IMG_002763,DS1_IMG_001007,DS1_IMG_002763,earring_159,IMG_2300_5d6c66bc,1,2,Earrings,Necklace,train,0,negative,cross_category
DS1_IMG_001007__DS1_IMG_002940,DS1_IMG_001007,DS1_IMG_002940,earring_159,IMG_2849_18a2e34f,1,2,Earrings,Necklace,train,0,negative,cross_category
DS1_IMG_001008__DS1_IMG_001009,DS1_IMG_001008,DS1_IMG_001009,earring_159,earring_159,1,1,Earrings,Earrings,train,1,positive,
DS1_IMG_001009__DS1_IMG_001627,DS1_IMG_001009,DS1_IMG_001627,earring_159,IMG_0367_0ff124ca,1,2,Earrings,Necklace,train,0,negative,cross_category
DS1_IMG_001009__DS1_IMG_002412,DS1_IMG_001009,DS1_IMG_002412,earring_159,IMG_1543_5ac56f1d,1,2,Earrings,Necklace,train,0,negative,cross_category
DS1_IMG_001009__DS1_IMG_003813,DS1_IMG_001009,DS1_IMG_003813,earring_159,IMG_2457_895e154f,1,3,Earrings,Pendant,train,0,negative,cross_category
DS1_IMG_001009__DS1_IMG_004126,DS1_IMG_001009,DS1_IMG_004126,earring_159,ring_078,1,4,Earrings,Ring,train,0,negative,cross_category
DS1_IMG_001010__DS1_IMG_001011,DS1_IMG_001010,DS1_IMG_001011,earring_15,earring_15,1,1,Earrings,Earrings,train,1,positive,
DS1_IMG_001010__DS1_IMG_001012,DS1_IMG_001010,DS1_IMG_001012,earring_15,earring_15,1,1,Earrings,Earrings,train,1,positive,
DS1_IMG_001010__DS1_IMG_004274,DS1_IMG_001010,DS1_IMG_004274,earring_15,ring_163,1,4,Earrings,Ring,train,0,negative,cross_category
DS1_IMG_001010__DS1_IMG_004309,DS1_IMG_001010,DS1_IMG_004309,earring_15,ring_184,1,4,Earrings,Ring,train,0,negative,cross_category
DS1_IMG_001011__DS1_IMG_001012,DS1_IMG_001011,DS1_IMG_001012,earring_15,earring_15,1,1,Earrings,Earrings,train,1,positive,
DS1_IMG_001011__DS1_IMG_002327,DS1_IMG_001011,DS1_IMG_002327,earring_15,IMG_1489_4f181c16,1,2,Earrings,Necklace,train,0,negative,cross_category
DS1_IMG_001011__DS1_IMG_002545,DS1_IMG_001011,DS1_IMG_002545,earring_15,IMG_1855_8b7f24a5,1,2,Earrings,Necklace,train,0,negative,cross_category
DS1_IMG_001012__DS1_IMG_003319,DS1_IMG_001012,DS1_IMG_003319,earring_15,IMG_3597_040758e8,1,2,Earrings,Necklace,train,0,negative,cross_category
DS1_IMG_001012__DS1_IMG_003353,DS1_IMG_001012,DS1_IMG_003353,earring_15,IMG_3615_818197d5,1,2,Earrings,Necklace,train,0,negative,cross_category
DS1_IMG_001013__DS1_IMG_001014,DS1_IMG_001013,DS1_IMG_001014,earring_161,earring_161,1,1,Earrings,Earrings,train,1,positive,
DS1_IMG_001013__DS1_IMG_001015,DS1_IMG_001013,DS1_IMG_001015,earring_161,earring_161,1,1,Earrings,Earrings,train,1,positive,
DS1_IMG_001014__DS1_IMG_001015,DS1_IMG_001014,DS1_IMG_001015,earring_161,earring_161,1,1,Earrings,Earrings,train,1,positive,
DS1_IMG_001014__DS1_IMG_002124,DS1_IMG_001014,DS1_IMG_002124,earring_161,IMG_1322_18fbb6e1,1,2,Earrings,Necklace,train,0,negative,cross_category
DS1_IMG_001016__DS1_IMG_001017,DS1_IMG_001016,DS1_IMG_001017,earring_162,earring_162,1,1,Earrings,Earrings,train,1,positive,
DS1_IMG_001016__DS1_IMG_001018,DS1_IMG_001016,DS1_IMG_001018,earring_162,earring_162,1,1,Earrings,Earrings,train,1,positive,
DS1_IMG_001017__DS1_IMG_001018,DS1_IMG_001017,DS1_IMG_001018,earring_162,earring_162,1,1,Earrings,Earrings,train,1,positive,
DS1_IMG_001017__DS1_IMG_004185,DS1_IMG_001017,DS1_IMG_004185,earring_162,ring_110,1,4,Earrings,Ring,train,0,negative,cross_category
DS1_IMG_001018__DS1_IMG_004139,DS1_IMG_001018,DS1_IMG_004139,earring_162,ring_084,1,4,Earrings,Ring,train,0,negative,cross_category
DS1_IMG_001018__DS1_IMG_004191,DS1_IMG_001018,DS1_IMG_004191,earring_162,ring_112,1,4,Earrings,Ring,train,0,negative,cross_category
DS1_IMG_001021__DS1_IMG_001022,DS1_IMG_001021,DS1_IMG_001022,earring_167,earring_167,1,1,Earrings,Earrings,train,1,positive,
DS1_IMG_001021__DS1_IMG_001023,DS1_IMG_001021,DS1_IMG_001023,earring_167,earring_167,1,1,Earrings,Earrings,train,1,positive,
DS1_IMG_001021__DS1_IMG_001718,DS1_IMG_001021,DS1_IMG_001718,earring_167,IMG_0419_2058b182,1,2,Earrings,Necklace,train,0,negative,cross_category
DS1_IMG_001021__DS1_IMG_002833,DS1_IMG_001021,DS1_IMG_002833,earring_167,IMG_2394_46b5edad,1,2,Earrings,Necklace,train,0,negative,cross_category
DS1_IMG_001022__DS1_IMG_001023,DS1_IMG_001022,DS1_IMG_001023,earring_167,earring_167,1,1,Earrings,Earrings,train,1,positive,
DS1_IMG_001022__DS1_IMG_003059,DS1_IMG_001022,DS1_IMG_003059,earring_167,IMG_3084_1e694e08,1,2,Earrings,Necklace,train,0,negative,cross_category
DS1_IMG_001023__DS1_IMG_003950,DS1_IMG_001023,DS1_IMG_003950,earring_167,IMG_3508_c0ed2d28,1,3,Earrings,Pendant,train,0,negative,cross_category
DS1_IMG_001023__DS1_IMG_004158,DS1_IMG_001023,DS1_IMG_004158,earring_167,ring_092,1,4,Earrings,Ring,train,0,negative,cross_category
DS1_IMG_001024__DS1_IMG_001025,DS1_IMG_001024,DS1_IMG_001025,earring_174,earring_174,1,1,Earrings,Earrings,train,1,positive,
DS1_IMG_001024__DS1_IMG_001026,DS1_IMG_001024,DS1_IMG_001026,earring_174,earring_174,1,1,Earrings,Earrings,train,1,positive,
DS1_IMG_001025__DS1_IMG_001026,DS1_IMG_001025,DS1_IMG_001026,earring_174,earring_174,1,1,Earrings,Earrings,train,1,positive,
DS1_IMG_001027__DS1_IMG_001028,DS1_IMG_001027,DS1_IMG_001028,earring_175,earring_175,1,1,Earrings,Earrings,train,1,positive,
DS1_IMG_001027__DS1_IMG_004191,DS1_IMG_001027,DS1_IMG_004191,earring_175,ring_112,1,4,Earrings,Ring,train,0,negative,cross_category
DS1_IMG_001027__DS1_IMG_004201,DS1_IMG_001027,DS1_IMG_004201,earring_175,ring_116,1,4,Earrings,Ring,train,0,negative,cross_category
DS1_IMG_001028__DS1_IMG_004031,DS1_IMG_001028,DS1_IMG_004031,earring_175,Screenshot_20181116-203329_1542449759369,1,4,Earrings,Ring,train,0,negative,cross_category
DS1_IMG_001029__DS1_IMG_001030,DS1_IMG_001029,DS1_IMG_001030,earring_179,earring_179,1,1,Earrings,Earrings,train,1,positive,
DS1_IMG_001029__DS1_IMG_001031,DS1_IMG_001029,DS1_IMG_001031,earring_179,earring_179,1,1,Earrings,Earrings,train,1,positive,
DS1_IMG_001030__DS1_IMG_001031,DS1_IMG_001030,DS1_IMG_001031,earring_179,earring_179,1,1,Earrings,Earrings,train,1,positive,
DS1_IMG_001030__DS1_IMG_001706,DS1_IMG_001030,DS1_IMG_001706,earring_179,IMG_0411_1d0115a1,1,2,Earrings,Necklace,train,0,negative,cross_category
DS1_IMG_001031__DS1_IMG_002524,DS1_IMG_001031,DS1_IMG_002524,earring_179,IMG_1675_ccf1a520,1,2,Earrings,Necklace,train,0,negative,cross_category
DS1_IMG_001031__DS1_IMG_003811,DS1_IMG_001031,DS1_IMG_003811,earring_179,IMG_2456_13fd8ff6,1,3,Earrings,Pendant,train,0,negative,cross_category
DS1_IMG_001031__DS1_IMG_004136,DS1_IMG_001031,DS1_IMG_004136,earring_179,ring_083,1,4,Earrings,Ring,train,0,negative,cross_category
DS1_IMG_001032__DS1_IMG_001033,DS1_IMG_001032,DS1_IMG_001033,earring_185,earring_185,1,1,Earrings,Earrings,train,1,positive,
DS1_IMG_001032__DS1_IMG_002488,DS1_IMG_001032,DS1_IMG_002488,earring_185,IMG_1629_29e8bbcb,1,2,Earrings,Necklace,train,0,negative,cross_category
DS1_IMG_001032__DS1_IMG_004010,DS1_IMG_001032,DS1_IMG_004010,earring_185,Screenshot_20181116-202630_1542453353168,1,4,Earrings,Ring,train,0,negative,cross_category
DS1_IMG_001032__DS1_IMG_004143,DS1_IMG_001032,DS1_IMG_004143,earring_185,ring_086,1,4,Earrings,Ring,train,0,negative,cross_category
DS1_IMG_001033__DS1_IMG_001681,DS1_IMG_001033,DS1_IMG_001681,earring_185,IMG_0390_fafb7e18,1,2,Earrings,Necklace,train,0,negative,cross_category
DS1_IMG_001033__DS1_IMG_002785,DS1_IMG_001033,DS1_IMG_002785,earring_185,IMG_2322_5620dcdb,1,2,Earrings,Necklace,train,0,negative,cross_category
DS1_IMG_001033__DS1_IMG_004243,DS1_IMG_001033,DS1_IMG_004243,earring_185,ring_147,1,4,Earrings,Ring,train,0,negative,cross_category
DS1_IMG_001033__DS1_IMG_004267,DS1_IMG_001033,DS1_IMG_004267,earring_185,ring_159,1,4,Earrings,Ring,train,0,negative,cross_category
DS1_IMG_001034__DS1_IMG_001035,DS1_IMG_001034,DS1_IMG_001035,earring_189,earring_189,1,1,Earrings,Earrings,train,1,positive,
DS1_IMG_001034__DS1_IMG_001036,DS1_IMG_001034,DS1_IMG_001036,earring_189,earring_189,1,1,Earrings,Earrings,train,1,positive,
DS1_IMG_001034__DS1_IMG_003897,DS1_IMG_001034,DS1_IMG_003897,earring_189,IMG_2894_945d19e5,1,3,Earrings,Pendant,train,0,negative,cross_category
DS1_IMG_001034__DS1_IMG_004079,DS1_IMG_001034,DS1_IMG_004079,earring_189,ring_050,1,4,Earrings,Ring,train,0,negative,cross_category
DS1_IMG_001034__DS1_IMG_004255,DS1_IMG_001034,DS1_IMG_004255,earring_189,ring_155,1,4,Earrings,Ring,train,0,negative,cross_category
DS1_IMG_001035__DS1_IMG_001036,DS1_IMG_001035,DS1_IMG_001036,earring_189,earring_189,1,1,Earrings,Earrings,train,1,positive,
DS1_IMG_001035__DS1_IMG_001625,DS1_IMG_001035,DS1_IMG_001625,earring_189,IMG_0367_0ff124ca,1,2,Earrings,Necklace,train,0,negative,cross_category
DS1_IMG_001035__DS1_IMG_002819,DS1_IMG_001035,DS1_IMG_002819,earring_189,IMG_2378_41e1c740,1,2,Earrings,Necklace,train,0,negative,cross_category
DS1_IMG_001036__DS1_IMG_004255,DS1_IMG_001036,DS1_IMG_004255,earring_189,ring_155,1,4,Earrings,Ring,train,0,negative,cross_category
DS1_IMG_001037__DS1_IMG_001038,DS1_IMG_001037,DS1_IMG_001038,earring_18,earring_18,1,1,Earrings,Earrings,train,1,positive,
DS1_IMG_001037__DS1_IMG_001039,DS1_IMG_001037,DS1_IMG_001039,earring_18,earring_18,1,1,Earrings,Earrings,train,1,positive,
DS1_IMG_001037__DS1_IMG_004153,DS1_IMG_001037,DS1_IMG_004153,earring_18,ring_089,1,4,Earrings,Ring,train,0,negative,cross_category
DS1_IMG_001038__DS1_IMG_001039,DS1_IMG_001038,DS1_IMG_001039,earring_18,earring_18,1,1,Earrings,Earrings,train,1,positive,
DS1_IMG_001039__DS1_IMG_003900,DS1_IMG_001039,DS1_IMG_003900,earring_18,IMG_2900_b470bf1b,1,3,Earrings,Pendant,train,0,negative,cross_category
DS1_IMG_001039__DS1_IMG_003984,DS1_IMG_001039,DS1_IMG_003984,earring_18,necklace_20241125_122545_3efef2e3,1,3,Earrings,Pendant,train,0,negative,cross_category
DS1_IMG_001039__DS1_IMG_003998,DS1_IMG_001039,DS1_IMG_003998,earring_18,necklace_78,1,3,Earrings,Pendant,train,0,negative,cross_category
DS1_IMG_001039__DS1_IMG_004053,DS1_IMG_001039,DS1_IMG_004053,earring_18,Screenshot_20181116-204359_1542449415504,1,4,Earrings,Ring,train,0,negative,cross_category
DS1_IMG_001040__DS1_IMG_001041,DS1_IMG_001040,DS1_IMG_001041,earring_190,earring_190,1,1,Earrings,Earrings,train,1,positive,
DS1_IMG_001040__DS1_IMG_001042,DS1_IMG_001040,DS1_IMG_001042,earring_190,earring_190,1,1,Earrings,Earrings,train,1,positive,
DS1_IMG_001040__DS1_IMG_003781,DS1_IMG_001040,DS1_IMG_003781,earring_190,IMG_1568_07ccbeb1,1,3,Earrings,Pendant,train,0,negative,cross_category
DS1_IMG_001040__DS1_IMG_004110,DS1_IMG_001040,DS1_IMG_004110,earring_190,ring_069,1,4,Earrings,Ring,train,0,negative,cross_category
DS1_IMG_001041__DS1_IMG_001042,DS1_IMG_001041,DS1_IMG_001042,earring_190,earring_190,1,1,Earrings,Earrings,train,1,positive,
DS1_IMG_001041__DS1_IMG_002687,DS1_IMG_001041,DS1_IMG_002687,earring_190,IMG_2236_87c45f0e,1,2,Earrings,Necklace,train,0,negative,cross_category
DS1_IMG_001041__DS1_IMG_004213,DS1_IMG_001041,DS1_IMG_004213,earring_190,ring_123,1,4,Earrings,Ring,train,0,negative,cross_category
DS1_IMG_001042__DS1_IMG_002934,DS1_IMG_001042,DS1_IMG_002934,earring_190,IMG_2843_715e72b1,1,2,Earrings,Necklace,train,0,negative,cross_category
DS1_IMG_001042__DS1_IMG_003696,DS1_IMG_001042,DS1_IMG_003696,earring_190,IMG_0602_6d616791,1,3,Earrings,Pendant,train,0,negative,cross_category
DS1_IMG_001042__DS1_IMG_004214,DS1_IMG_001042,DS1_IMG_004214,earring_190,ring_124,1,4,Earrings,Ring,train,0,negative,cross_category
DS1_IMG_001043__DS1_IMG_001044,DS1_IMG_001043,DS1_IMG_001044,earring_194,earring_194,1,1,Earrings,Earrings,train,1,positive,
DS1_IMG_001043__DS1_IMG_001045,DS1_IMG_001043,DS1_IMG_001045,earring_194,earring_194,1,1,Earrings,Earrings,train,1,positive,
DS1_IMG_001044__DS1_IMG_001045,DS1_IMG_001044,DS1_IMG_001045,earring_194,earring_194,1,1,Earrings,Earrings,train,1,positive,
DS1_IMG_001044__DS1_IMG_003824,DS1_IMG_001044,DS1_IMG_003824,earring_194,IMG_2512_be8d407f,1,3,Earrings,Pendant,train,0,negative,cross_category
DS1_IMG_001045__DS1_IMG_003277,DS1_IMG_001045,DS1_IMG_003277,earring_194,IMG_3572_1f326fc2,1,2,Earrings,Necklace,train,0,negative,cross_category
DS1_IMG_001045__DS1_IMG_004161,DS1_IMG_001045,DS1_IMG_004161,earring_194,ring_093,1,4,Earrings,Ring,train,0,negative,cross_category
DS1_IMG_001046__DS1_IMG_001047,DS1_IMG_001046,DS1_IMG_001047,earring_19,earring_19,1,1,Earrings,Earrings,train,1,positive,
DS1_IMG_001046__DS1_IMG_001048,DS1_IMG_001046,DS1_IMG_001048,earring_19,earring_19,1,1,Earrings,Earrings,train,1,positive,
DS1_IMG_001046__DS1_IMG_004028,DS1_IMG_001046,DS1_IMG_004028,earring_19,Screenshot_20181116-203109_1542449890237,1,4,Earrings,Ring,train,0,negative,cross_category
DS1_IMG_001046__DS1_IMG_004177,DS1_IMG_001046,DS1_IMG_004177,earring_19,ring_102,1,4,Earrings,Ring,train,0,negative,cross_category
DS1_IMG_001047__DS1_IMG_001048,DS1_IMG_001047,DS1_IMG_001048,earring_19,earring_19,1,1,Earrings,Earrings,train,1,positive,
DS1_IMG_001047__DS1_IMG_003915,DS1_IMG_001047,DS1_IMG_003915,earring_19,IMG_2913_9f1d6820,1,3,Earrings,Pendant,train,0,negative,cross_category
DS1_IMG_001048__DS1_IMG_003777,DS1_IMG_001048,DS1_IMG_003777,earring_19,IMG_1567_31c00736,1,3,Earrings,Pendant,train,0,negative,cross_category
DS1_IMG_001049__DS1_IMG_001050,DS1_IMG_001049,DS1_IMG_001050,earring_1,earring_1,1,1,Earrings,Earrings,train,1,positive,
DS1_IMG_001049__DS1_IMG_001051,DS1_IMG_001049,DS1_IMG_001051,earring_1,earring_1,1,1,Earrings,Earrings,train,1,positive,
DS1_IMG_001049__DS1_IMG_002301,DS1_IMG_001049,DS1_IMG_002301,earring_1,IMG_1462_75d8e03c,1,2,Earrings,Necklace,train,0,negative,cross_category
DS1_IMG_001049__DS1_IMG_003733,DS1_IMG_001049,DS1_IMG_003733,earring_1,IMG_0858_52572277,1,3,Earrings,Pendant,train,0,negative,cross_category
DS1_IMG_001050__DS1_IMG_001051,DS1_IMG_001050,DS1_IMG_001051,earring_1,earring_1,1,1,Earrings,Earrings,train,1,positive,
DS1_IMG_001051__DS1_IMG_002456,DS1_IMG_001051,DS1_IMG_002456,earring_1,IMG_1600_a36eeaec,1,2,Earrings,Necklace,train,0,negative,cross_category
DS1_IMG_001052__DS1_IMG_001053,DS1_IMG_001052,DS1_IMG_001053,earring_200,earring_200,1,1,Earrings,Earrings,train,1,positive,
DS1_IMG_001052__DS1_IMG_003530,DS1_IMG_001052,DS1_IMG_003530,earring_200,necklace_20241125_122545_62602030,1,2,Earrings,Necklace,train,0,negative,cross_category
DS1_IMG_001052__DS1_IMG_003827,DS1_IMG_001052,DS1_IMG_003827,earring_200,IMG_2513_2e38170a,1,3,Earrings,Pendant,train,0,negative,cross_category
DS1_IMG_001053__DS1_IMG_001621,DS1_IMG_001053,DS1_IMG_001621,earring_200,IMG_0362_94565be1,1,2,Earrings,Necklace,train,0,negative,cross_category
DS1_IMG_001053__DS1_IMG_001845,DS1_IMG_001053,DS1_IMG_001845,earring_200,IMG_0521_281c4ff3,1,2,Earrings,Necklace,train,0,negative,cross_category
DS1_IMG_001053__DS1_IMG_003994,DS1_IMG_001053,DS1_IMG_003994,earring_200,necklace_20241125_122545_8181cfe3,1,3,Earrings,Pendant,train,0,negative,cross_category
DS1_IMG_001054__DS1_IMG_001055,DS1_IMG_001054,DS1_IMG_001055,earring_201,earring_201,1,1,Earrings,Earrings,train,1,positive,
DS1_IMG_001054__DS1_IMG_002834,DS1_IMG_001054,DS1_IMG_002834,earring_201,IMG_2397_e1c5d6c6,1,2,Earrings,Necklace,train,0,negative,cross_category
DS1_IMG_001054__DS1_IMG_003768,DS1_IMG_001054,DS1_IMG_003768,earring_201,IMG_1404_0cd245f2,1,3,Earrings,Pendant,train,0,negative,cross_category
DS1_IMG_001054__DS1_IMG_003946,DS1_IMG_001054,DS1_IMG_003946,earring_201,IMG_3467_d962189e,1,3,Earrings,Pendant,train,0,negative,cross_category
DS1_IMG_001055__DS1_IMG_003903,DS1_IMG_001055,DS1_IMG_003903,earring_201,IMG_2901_79d86e58,1,3,Earrings,Pendant,train,0,negative,cross_category
DS1_IMG_001055__DS1_IMG_004017,DS1_IMG_001055,DS1_IMG_004017,earring_201,Screenshot_20181116-202757_1542453058358,1,4,Earrings,Ring,train,0,negative,cross_category
DS1_IMG_001056__DS1_IMG_001057,DS1_IMG_001056,DS1_IMG_001057,earring_20241125_122504_787f7fc3,earring_20241125_122504_787f7fc3,1,1,Earrings,Earrings,train,1,positive,
DS1_IMG_001056__DS1_IMG_001058,DS1_IMG_001056,DS1_IMG_001058,earring_20241125_122504_787f7fc3,earring_20241125_122504_787f7fc3,1,1,Earrings,Earrings,train,1,positive,
DS1_IMG_001056__DS1_IMG_001851,DS1_IMG_001056,DS1_IMG_001851,earring_20241125_122504_787f7fc3,IMG_0522-1-_a5859c09,1,2,Earrings,Necklace,train,0,negative,cross_category
DS1_IMG_001057__DS1_IMG_001058,DS1_IMG_001057,DS1_IMG_001058,earring_20241125_122504_787f7fc3,earring_20241125_122504_787f7fc3,1,1,Earrings,Earrings,train,1,positive,
DS1_IMG_001057__DS1_IMG_003712,DS1_IMG_001057,DS1_IMG_003712,earring_20241125_122504_787f7fc3,IMG_0733_64e5db0c,1,3,Earrings,Pendant,train,0,negative,cross_category
DS1_IMG_001057__DS1_IMG_003783,DS1_IMG_001057,DS1_IMG_003783,earring_20241125_122504_787f7fc3,IMG_2181_9f77e4aa,1,3,Earrings,Pendant,train,0,negative,cross_category
DS1_IMG_001058__DS1_IMG_001865,DS1_IMG_001058,DS1_IMG_001865,earring_20241125_122504_787f7fc3,IMG_0529_c0e7d577,1,2,Earrings,Necklace,train,0,negative,cross_category
DS1_IMG_001059__DS1_IMG_001060,DS1_IMG_001059,DS1_IMG_001060,earring_20241125_122504_ffff2707,earring_20241125_122504_ffff2707,1,1,Earrings,Earrings,train,1,positive,
DS1_IMG_001059__DS1_IMG_001061,DS1_IMG_001059,DS1_IMG_001061,earring_20241125_122504_ffff2707,earring_20241125_122504_ffff2707,1,1,Earrings,Earrings,train,1,positive,
DS1_IMG_001059__DS1_IMG_003756,DS1_IMG_001059,DS1_IMG_003756,earring_20241125_122504_ffff2707,IMG_0911_ecd59d89,1,3,Earrings,Pendant,train,0,negative,cross_category
DS1_IMG_001059__DS1_IMG_004001,DS1_IMG_001059,DS1_IMG_004001,earring_20241125_122504_ffff2707,necklace_79,1,3,Earrings,Pendant,train,0,negative,cross_category
DS1_IMG_001060__DS1_IMG_001061,DS1_IMG_001060,DS1_IMG_001061,earring_20241125_122504_ffff2707,earring_20241125_122504_ffff2707,1,1,Earrings,Earrings,train,1,positive,
DS1_IMG_001060__DS1_IMG_002086,DS1_IMG_001060,DS1_IMG_002086,earring_20241125_122504_ffff2707,IMG_0943_839d50ba,1,2,Earrings,Necklace,train,0,negative,cross_category
DS1_IMG_001060__DS1_IMG_003804,DS1_IMG_001060,DS1_IMG_003804,earring_20241125_122504_ffff2707,IMG_2426_f8412daf,1,3,Earrings,Pendant,train,0,negative,cross_category
DS1_IMG_001060__DS1_IMG_003810,DS1_IMG_001060,DS1_IMG_003810,earring_20241125_122504_ffff2707,IMG_2456_13fd8ff6,1,3,Earrings,Pendant,train,0,negative,cross_category
DS1_IMG_001062__DS1_IMG_001063,DS1_IMG_001062,DS1_IMG_001063,earring_202,earring_202,1,1,Earrings,Earrings,train,1,positive,
DS1_IMG_001062__DS1_IMG_001064,DS1_IMG_001062,DS1_IMG_001064,earring_202,earring_202,1,1,Earrings,Earrings,train,1,positive,
DS1_IMG_001062__DS1_IMG_002874,DS1_IMG_001062,DS1_IMG_002874,earring_202,IMG_2425_bef80101,1,2,Earrings,Necklace,train,0,negative,cross_category
DS1_IMG_001062__DS1_IMG_003616,DS1_IMG_001062,DS1_IMG_003616,earring_202,necklace_62,1,2,Earrings,Necklace,train,0,negative,cross_category
DS1_IMG_001062__DS1_IMG_004234,DS1_IMG_001062,DS1_IMG_004234,earring_202,ring_138,1,4,Earrings,Ring,train,0,negative,cross_category
DS1_IMG_001063__DS1_IMG_001064,DS1_IMG_001063,DS1_IMG_001064,earring_202,earring_202,1,1,Earrings,Earrings,train,1,positive,
DS1_IMG_001063__DS1_IMG_001875,DS1_IMG_001063,DS1_IMG_001875,earring_202,IMG_0534-1-_2468e128,1,2,Earrings,Necklace,train,0,negative,cross_category
DS1_IMG_001064__DS1_IMG_003745,DS1_IMG_001064,DS1_IMG_003745,earring_202,IMG_0863_4e8ef7be,1,3,Earrings,Pendant,train,0,negative,cross_category
DS1_IMG_001065__DS1_IMG_001066,DS1_IMG_001065,DS1_IMG_001066,earring_203,earring_203,1,1,Earrings,Earrings,train,1,positive,
DS1_IMG_001065__DS1_IMG_003156,DS1_IMG_001065,DS1_IMG_003156,earring_203,IMG_3505_da048f3c,1,2,Earrings,Necklace,train,0,negative,cross_category
DS1_IMG_001065__DS1_IMG_003632,DS1_IMG_001065,DS1_IMG_003632,earring_203,necklace_80,1,2,Earrings,Necklace,train,0,negative,cross_category
DS1_IMG_001065__DS1_IMG_004107,DS1_IMG_001065,DS1_IMG_004107,earring_203,ring_067,1,4,Earrings,Ring,train,0,negative,cross_category
DS1_IMG_001067__DS1_IMG_001068,DS1_IMG_001067,DS1_IMG_001068,earring_205,earring_205,1,1,Earrings,Earrings,train,1,positive,
DS1_IMG_001067__DS1_IMG_003936,DS1_IMG_001067,DS1_IMG_003936,earring_205,IMG_2936_bba41476,1,3,Earrings,Pendant,train,0,negative,cross_category
DS1_IMG_001067__DS1_IMG_004128,DS1_IMG_001067,DS1_IMG_004128,earring_205,ring_080,1,4,Earrings,Ring,train,0,negative,cross_category
DS1_IMG_001067__DS1_IMG_004287,DS1_IMG_001067,DS1_IMG_004287,earring_205,ring_168,1,4,Earrings,Ring,train,0,negative,cross_category
DS1_IMG_001068__DS1_IMG_003378,DS1_IMG_001068,DS1_IMG_003378,earring_205,necklace_129,1,2,Earrings,Necklace,train,0,negative,cross_category
DS1_IMG_001070__DS1_IMG_001071,DS1_IMG_001070,DS1_IMG_001071,earring_210,earring_210,1,1,Earrings,Earrings,train,1,positive,
DS1_IMG_001070__DS1_IMG_001072,DS1_IMG_001070,DS1_IMG_001072,earring_210,earring_210,1,1,Earrings,Earrings,train,1,positive,
DS1_IMG_001070__DS1_IMG_003690,DS1_IMG_001070,DS1_IMG_003690,earring_210,IMG_0475_694c48a1,1,3,Earrings,Pendant,train,0,negative,cross_category
DS1_IMG_001071__DS1_IMG_001072,DS1_IMG_001071,DS1_IMG_001072,earring_210,earring_210,1,1,Earrings,Earrings,train,1,positive,
DS1_IMG_001071__DS1_IMG_004084,DS1_IMG_001071,DS1_IMG_004084,earring_210,ring_051,1,4,Earrings,Ring,train,0,negative,cross_category
DS1_IMG_001073__DS1_IMG_001074,DS1_IMG_001073,DS1_IMG_001074,earring_213,earring_213,1,1,Earrings,Earrings,train,1,positive,
DS1_IMG_001074__DS1_IMG_002208,DS1_IMG_001074,DS1_IMG_002208,earring_213,IMG_1396_89a03e43,1,2,Earrings,Necklace,train,0,negative,cross_category
DS1_IMG_001074__DS1_IMG_003712,DS1_IMG_001074,DS1_IMG_003712,earring_213,IMG_0733_64e5db0c,1,3,Earrings,Pendant,train,0,negative,cross_category
DS1_IMG_001075__DS1_IMG_001076,DS1_IMG_001075,DS1_IMG_001076,earring_219,earring_219,1,1,Earrings,Earrings,train,1,positive,
DS1_IMG_001075__DS1_IMG_001077,DS1_IMG_001075,DS1_IMG_001077,earring_219,earring_219,1,1,Earrings,Earrings,train,1,positive,
DS1_IMG_001076__DS1_IMG_001077,DS1_IMG_001076,DS1_IMG_001077,earring_219,earring_219,1,1,Earrings,Earrings,train,1,positive,
DS1_IMG_001076__DS1_IMG_002838,DS1_IMG_001076,DS1_IMG_002838,earring_219,IMG_2399_9425c3bd,1,2,Earrings,Necklace,train,0,negative,cross_category
DS1_IMG_001076__DS1_IMG_003318,DS1_IMG_001076,DS1_IMG_003318,earring_219,IMG_3596_dd2c482e,1,2,Earrings,Necklace,train,0,negative,cross_category
DS1_IMG_001076__DS1_IMG_003782,DS1_IMG_001076,DS1_IMG_003782,earring_219,IMG_2181_9f77e4aa,1,3,Earrings,Pendant,train,0,negative,cross_category
DS1_IMG_001076__DS1_IMG_003845,DS1_IMG_001076,DS1_IMG_003845,earring_219,IMG_2822_df249f8d,1,3,Earrings,Pendant,train,0,negative,cross_category
DS1_IMG_001078__DS1_IMG_001079,DS1_IMG_001078,DS1_IMG_001079,earring_220,earring_220,1,1,Earrings,Earrings,train,1,positive,
DS1_IMG_001078__DS1_IMG_001080,DS1_IMG_001078,DS1_IMG_001080,earring_220,earring_220,1,1,Earrings,Earrings,train,1,positive,
DS1_IMG_001078__DS1_IMG_002526,DS1_IMG_001078,DS1_IMG_002526,earring_220,IMG_1675_ccf1a520,1,2,Earrings,Necklace,train,0,negative,cross_category
DS1_IMG_001079__DS1_IMG_001080,DS1_IMG_001079,DS1_IMG_001080,earring_220,earring_220,1,1,Earrings,Earrings,train,1,positive,
DS1_IMG_001079__DS1_IMG_004034,DS1_IMG_001079,DS1_IMG_004034,earring_220,Screenshot_20181116-203347_1542449724585,1,4,Earrings,Ring,train,0,negative,cross_category
DS1_IMG_001080__DS1_IMG_003884,DS1_IMG_001080,DS1_IMG_003884,earring_220,IMG_2871_08b05150,1,3,Earrings,Pendant,train,0,negative,cross_category
DS1_IMG_001080__DS1_IMG_004186,DS1_IMG_001080,DS1_IMG_004186,earring_220,ring_110,1,4,Earrings,Ring,train,0,negative,cross_category
DS1_IMG_001081__DS1_IMG_001082,DS1_IMG_001081,DS1_IMG_001082,earring_222,earring_222,1,1,Earrings,Earrings,train,1,positive,
DS1_IMG_001081__DS1_IMG_001083,DS1_IMG_001081,DS1_IMG_001083,earring_222,earring_222,1,1,Earrings,Earrings,train,1,positive,
DS1_IMG_001081__DS1_IMG_002937,DS1_IMG_001081,DS1_IMG_002937,earring_222,IMG_2848_b8589f1e,1,2,Earrings,Necklace,train,0,negative,cross_category
DS1_IMG_001082__DS1_IMG_001083,DS1_IMG_001082,DS1_IMG_001083,earring_222,earring_222,1,1,Earrings,Earrings,train,1,positive,
DS1_IMG_001082__DS1_IMG_003798,DS1_IMG_001082,DS1_IMG_003798,earring_222,IMG_2371_c0acc0f4,1,3,Earrings,Pendant,train,0,negative,cross_category
DS1_IMG_001084__DS1_IMG_001085,DS1_IMG_001084,DS1_IMG_001085,earring_225,earring_225,1,1,Earrings,Earrings,train,1,positive,
DS1_IMG_001084__DS1_IMG_001086,DS1_IMG_001084,DS1_IMG_001086,earring_225,earring_225,1,1,Earrings,Earrings,train,1,positive,
DS1_IMG_001084__DS1_IMG_004021,DS1_IMG_001084,DS1_IMG_004021,earring_225,Screenshot_20181116-202936_1542450027786,1,4,Earrings,Ring,train,0,negative,cross_category
DS1_IMG_001084__DS1_IMG_004257,DS1_IMG_001084,DS1_IMG_004257,earring_225,ring_155,1,4,Earrings,Ring,train,0,negative,cross_category
DS1_IMG_001084__DS1_IMG_004275,DS1_IMG_001084,DS1_IMG_004275,earring_225,ring_163,1,4,Earrings,Ring,train,0,negative,cross_category
DS1_IMG_001085__DS1_IMG_001086,DS1_IMG_001085,DS1_IMG_001086,earring_225,earring_225,1,1,Earrings,Earrings,train,1,positive,
DS1_IMG_001085__DS1_IMG_002410,DS1_IMG_001085,DS1_IMG_002410,earring_225,IMG_1543_5ac56f1d,1,2,Earrings,Necklace,train,0,negative,cross_category
DS1_IMG_001085__DS1_IMG_003300,DS1_IMG_001085,DS1_IMG_003300,earring_225,IMG_3586_074708cd,1,2,Earrings,Necklace,train,0,negative,cross_category
DS1_IMG_001085__DS1_IMG_003868,DS1_IMG_001085,DS1_IMG_003868,earring_225,IMG_2846_3025b335,1,3,Earrings,Pendant,train,0,negative,cross_category
DS1_IMG_001087__DS1_IMG_001088,DS1_IMG_001087,DS1_IMG_001088,earring_228,earring_228,1,1,Earrings,Earrings,train,1,positive,
DS1_IMG_001087__DS1_IMG_003782,DS1_IMG_001087,DS1_IMG_003782,earring_228,IMG_2181_9f77e4aa,1,3,Earrings,Pendant,train,0,negative,cross_category
DS1_IMG_001087__DS1_IMG_004260,DS1_IMG_001087,DS1_IMG_004260,earring_228,ring_156,1,4,Earrings,Ring,train,0,negative,cross_category
DS1_IMG_001088__DS1_IMG_004328,DS1_IMG_001088,DS1_IMG_004328,earring_228,wedding-rings-jewellery-png-31,1,4,Earrings,Ring,train,0,negative,cross_category
DS1_IMG_001089__DS1_IMG_001090,DS1_IMG_001089,DS1_IMG_001090,earring_22,earring_22,1,1,Earrings,Earrings,train,1,positive,
DS1_IMG_001089__DS1_IMG_001091,DS1_IMG_001089,DS1_IMG_001091,earring_22,earring_22,1,1,Earrings,Earrings,train,1,positive,
DS1_IMG_001089__DS1_IMG_003966,DS1_IMG_001089,DS1_IMG_003966,earring_22,necklace_20241125_122545_02020381,1,3,Earrings,Pendant,train,0,negative,cross_category
DS1_IMG_001089__DS1_IMG_004196,DS1_IMG_001089,DS1_IMG_004196,earring_22,ring_114,1,4,Earrings,Ring,train,0,negative,cross_category
DS1_IMG_001089__DS1_IMG_004226,DS1_IMG_001089,DS1_IMG_004226,earring_22,ring_134,1,4,Earrings,Ring,train,0,negative,cross_category
DS1_IMG_001090__DS1_IMG_001091,DS1_IMG_001090,DS1_IMG_001091,earring_22,earring_22,1,1,Earrings,Earrings,train,1,positive,
DS1_IMG_001090__DS1_IMG_003725,DS1_IMG_001090,DS1_IMG_003725,earring_22,IMG_0842_54be0d37,1,3,Earrings,Pendant,train,0,negative,cross_category
DS1_IMG_001090__DS1_IMG_004198,DS1_IMG_001090,DS1_IMG_004198,earring_22,ring_114,1,4,Earrings,Ring,train,0,negative,cross_category
DS1_IMG_001091__DS1_IMG_001879,DS1_IMG_001091,DS1_IMG_001879,earring_22,IMG_0535_a92bf730,1,2,Earrings,Necklace,train,0,negative,cross_category
DS1_IMG_001092__DS1_IMG_001093,DS1_IMG_001092,DS1_IMG_001093,earring_233,earring_233,1,1,Earrings,Earrings,train,1,positive,
DS1_IMG_001092__DS1_IMG_001094,DS1_IMG_001092,DS1_IMG_001094,earring_233,earring_233,1,1,Earrings,Earrings,train,1,positive,
DS1_IMG_001092__DS1_IMG_003949,DS1_IMG_001092,DS1_IMG_003949,earring_233,IMG_3503_4d37f1fe,1,3,Earrings,Pendant,train,0,negative,cross_category
DS1_IMG_001093__DS1_IMG_001094,DS1_IMG_001093,DS1_IMG_001094,earring_233,earring_233,1,1,Earrings,Earrings,train,1,positive,
DS1_IMG_001093__DS1_IMG_003929,DS1_IMG_001093,DS1_IMG_003929,earring_233,IMG_2931_6b15625f,1,3,Earrings,Pendant,train,0,negative,cross_category
DS1_IMG_001093__DS1_IMG_004255,DS1_IMG_001093,DS1_IMG_004255,earring_233,ring_155,1,4,Earrings,Ring,train,0,negative,cross_category
DS1_IMG_001094__DS1_IMG_003314,DS1_IMG_001094,DS1_IMG_003314,earring_233,IMG_3593_885382d3,1,2,Earrings,Necklace,train,0,negative,cross_category
DS1_IMG_001095__DS1_IMG_001096,DS1_IMG_001095,DS1_IMG_001096,earring_235,earring_235,1,1,Earrings,Earrings,train,1,positive,
DS1_IMG_001095__DS1_IMG_004227,DS1_IMG_001095,DS1_IMG_004227,earring_235,ring_134,1,4,Earrings,Ring,train,0,negative,cross_category
DS1_IMG_001096__DS1_IMG_001700,DS1_IMG_001096,DS1_IMG_001700,earring_235,IMG_0408-1-_d7a3d4a0,1,2,Earrings,Necklace,train,0,negative,cross_category
DS1_IMG_001100__DS1_IMG_001101,DS1_IMG_001100,DS1_IMG_001101,earring_239,earring_239,1,1,Earrings,Earrings,train,1,positive,
DS1_IMG_001100__DS1_IMG_001102,DS1_IMG_001100,DS1_IMG_001102,earring_239,earring_239,1,1,Earrings,Earrings,train,1,positive,
DS1_IMG_001100__DS1_IMG_001892,DS1_IMG_001100,DS1_IMG_001892,earring_239,IMG_0541_ffaa9648,1,2,Earrings,Necklace,train,0,negative,cross_category
DS1_IMG_001100__DS1_IMG_003804,DS1_IMG_001100,DS1_IMG_003804,earring_239,IMG_2426_f8412daf,1,3,Earrings,Pendant,train,0,negative,cross_category
DS1_IMG_001100__DS1_IMG_004125,DS1_IMG_001100,DS1_IMG_004125,earring_239,ring_078,1,4,Earrings,Ring,train,0,negative,cross_category
DS1_IMG_001101__DS1_IMG_001102,DS1_IMG_001101,DS1_IMG_001102,earring_239,earring_239,1,1,Earrings,Earrings,train,1,positive,
DS1_IMG_001101__DS1_IMG_002801,DS1_IMG_001101,DS1_IMG_002801,earring_239,IMG_2335_4c90a754,1,2,Earrings,Necklace,train,0,negative,cross_category
DS1_IMG_001101__DS1_IMG_002917,DS1_IMG_001101,DS1_IMG_002917,earring_239,IMG_2816_3a0e171d,1,2,Earrings,Necklace,train,0,negative,cross_category
DS1_IMG_001101__DS1_IMG_003681,DS1_IMG_001101,DS1_IMG_003681,earring_239,IMG_0457_cb73a0c4,1,3,Earrings,Pendant,train,0,negative,cross_category
DS1_IMG_001101__DS1_IMG_003711,DS1_IMG_001101,DS1_IMG_003711,earring_239,IMG_0733_64e5db0c,1,3,Earrings,Pendant,train,0,negative,cross_category
DS1_IMG_001101__DS1_IMG_003881,DS1_IMG_001101,DS1_IMG_003881,earring_239,IMG_2870_451f1def,1,3,Earrings,Pendant,train,0,negative,cross_category
DS1_IMG_001102__DS1_IMG_001606,DS1_IMG_001102,DS1_IMG_001606,earring_239,IMG_0356_1ffc084f,1,2,Earrings,Necklace,train,0,negative,cross_category
DS1_IMG_001102__DS1_IMG_003487,DS1_IMG_001102,DS1_IMG_003487,earring_239,necklace_20241125_122545_0e8efcc0,1,2,Earrings,Necklace,train,0,negative,cross_category
DS1_IMG_001103__DS1_IMG_001104,DS1_IMG_001103,DS1_IMG_001104,earring_23,earring_23,1,1,Earrings,Earrings,train,1,positive,
DS1_IMG_001103__DS1_IMG_001105,DS1_IMG_001103,DS1_IMG_001105,earring_23,earring_23,1,1,Earrings,Earrings,train,1,positive,
DS1_IMG_001103__DS1_IMG_004248,DS1_IMG_001103,DS1_IMG_004248,earring_23,ring_148,1,4,Earrings,Ring,train,0,negative,cross_category
DS1_IMG_001104__DS1_IMG_001105,DS1_IMG_001104,DS1_IMG_001105,earring_23,earring_23,1,1,Earrings,Earrings,train,1,positive,
DS1_IMG_001105__DS1_IMG_002094,DS1_IMG_001105,DS1_IMG_002094,earring_23,IMG_1299_18b800ce,1,2,Earrings,Necklace,train,0,negative,cross_category
DS1_IMG_001105__DS1_IMG_003491,DS1_IMG_001105,DS1_IMG_003491,earring_23,necklace_20241125_122545_0efe8383,1,2,Earrings,Necklace,train,0,negative,cross_category
DS1_IMG_001106__DS1_IMG_001107,DS1_IMG_001106,DS1_IMG_001107,earring_24,earring_24,1,1,Earrings,Earrings,train,1,positive,
DS1_IMG_001106__DS1_IMG_001108,DS1_IMG_001106,DS1_IMG_001108,earring_24,earring_24,1,1,Earrings,Earrings,train,1,positive,
DS1_IMG_001106__DS1_IMG_004108,DS1_IMG_001106,DS1_IMG_004108,earring_24,ring_069,1,4,Earrings,Ring,train,0,negative,cross_category
DS1_IMG_001107__DS1_IMG_001108,DS1_IMG_001107,DS1_IMG_001108,earring_24,earring_24,1,1,Earrings,Earrings,train,1,positive,
DS1_IMG_001107__DS1_IMG_003780,DS1_IMG_001107,DS1_IMG_003780,earring_24,IMG_1568_07ccbeb1,1,3,Earrings,Pendant,train,0,negative,cross_category
DS1_IMG_001107__DS1_IMG_004156,DS1_IMG_001107,DS1_IMG_004156,earring_24,ring_091,1,4,Earrings,Ring,train,0,negative,cross_category
DS1_IMG_001109__DS1_IMG_001110,DS1_IMG_001109,DS1_IMG_001110,earring_251,earring_251,1,1,Earrings,Earrings,train,1,positive,
DS1_IMG_001109__DS1_IMG_001111,DS1_IMG_001109,DS1_IMG_001111,earring_251,earring_251,1,1,Earrings,Earrings,train,1,positive,
DS1_IMG_001109__DS1_IMG_004022,DS1_IMG_001109,DS1_IMG_004022,earring_251,Screenshot_20181116-202936_1542450027786,1,4,Earrings,Ring,train,0,negative,cross_category
DS1_IMG_001110__DS1_IMG_001111,DS1_IMG_001110,DS1_IMG_001111,earring_251,earring_251,1,1,Earrings,Earrings,train,1,positive,
DS1_IMG_001110__DS1_IMG_004326,DS1_IMG_001110,DS1_IMG_004326,earring_251,wedding-rings-jewellery-png-31,1,4,Earrings,Ring,train,0,negative,cross_category
DS1_IMG_001111__DS1_IMG_002868,DS1_IMG_001111,DS1_IMG_002868,earring_251,IMG_2423_debfc027,1,2,Earrings,Necklace,train,0,negative,cross_category
DS1_IMG_001111__DS1_IMG_003696,DS1_IMG_001111,DS1_IMG_003696,earring_251,IMG_0602_6d616791,1,3,Earrings,Pendant,train,0,negative,cross_category
DS1_IMG_001112__DS1_IMG_001113,DS1_IMG_001112,DS1_IMG_001113,earring_255,earring_255,1,1,Earrings,Earrings,train,1,positive,
DS1_IMG_001112__DS1_IMG_001114,DS1_IMG_001112,DS1_IMG_001114,earring_255,earring_255,1,1,Earrings,Earrings,train,1,positive,
DS1_IMG_001112__DS1_IMG_003782,DS1_IMG_001112,DS1_IMG_003782,earring_255,IMG_2181_9f77e4aa,1,3,Earrings,Pendant,train,0,negative,cross_category
DS1_IMG_001113__DS1_IMG_001114,DS1_IMG_001113,DS1_IMG_001114,earring_255,earring_255,1,1,Earrings,Earrings,train,1,positive,
DS1_IMG_001113__DS1_IMG_002958,DS1_IMG_001113,DS1_IMG_002958,earring_255,IMG_2869_61973608,1,2,Earrings,Necklace,train,0,negative,cross_category
DS1_IMG_001113__DS1_IMG_003756,DS1_IMG_001113,DS1_IMG_003756,earring_255,IMG_0911_ecd59d89,1,3,Earrings,Pendant,train,0,negative,cross_category
DS1_IMG_001113__DS1_IMG_003913,DS1_IMG_001113,DS1_IMG_003913,earring_255,IMG_2912_9176f0b9,1,3,Earrings,Pendant,train,0,negative,cross_category
DS1_IMG_001113__DS1_IMG_004081,DS1_IMG_001113,DS1_IMG_004081,earring_255,ring_050,1,4,Earrings,Ring,train,0,negative,cross_category
DS1_IMG_001114__DS1_IMG_002314,DS1_IMG_001114,DS1_IMG_002314,earring_255,IMG_1479_dbef442c,1,2,Earrings,Necklace,train,0,negative,cross_category
DS1_IMG_001114__DS1_IMG_003845,DS1_IMG_001114,DS1_IMG_003845,earring_255,IMG_2822_df249f8d,1,3,Earrings,Pendant,train,0,negative,cross_category
DS1_IMG_001114__DS1_IMG_004153,DS1_IMG_001114,DS1_IMG_004153,earring_255,ring_089,1,4,Earrings,Ring,train,0,negative,cross_category
DS1_IMG_001115__DS1_IMG_001116,DS1_IMG_001115,DS1_IMG_001116,earring_256,earring_256,1,1,Earrings,Earrings,train,1,positive,
DS1_IMG_001115__DS1_IMG_001117,DS1_IMG_001115,DS1_IMG_001117,earring_256,earring_256,1,1,Earrings,Earrings,train,1,positive,
DS1_IMG_001115__DS1_IMG_002950,DS1_IMG_001115,DS1_IMG_002950,earring_256,IMG_2863_c3999afa,1,2,Earrings,Necklace,train,0,negative,cross_category
DS1_IMG_001115__DS1_IMG_003354,DS1_IMG_001115,DS1_IMG_003354,earring_256,IMG_3615_818197d5,1,2,Earrings,Necklace,train,0,negative,cross_category
DS1_IMG_001116__DS1_IMG_001117,DS1_IMG_001116,DS1_IMG_001117,earring_256,earring_256,1,1,Earrings,Earrings,train,1,positive,
DS1_IMG_001118__DS1_IMG_001119,DS1_IMG_001118,DS1_IMG_001119,earring_258,earring_258,1,1,Earrings,Earrings,train,1,positive,
DS1_IMG_001118__DS1_IMG_001120,DS1_IMG_001118,DS1_IMG_001120,earring_258,earring_258,1,1,Earrings,Earrings,train,1,positive,
DS1_IMG_001118__DS1_IMG_002562,DS1_IMG_001118,DS1_IMG_002562,earring_258,IMG_1864_f6bd77dc,1,2,Earrings,Necklace,train,0,negative,cross_category
DS1_IMG_001118__DS1_IMG_003767,DS1_IMG_001118,DS1_IMG_003767,earring_258,IMG_1404_0cd245f2,1,3,Earrings,Pendant,train,0,negative,cross_category
DS1_IMG_001119__DS1_IMG_001120,DS1_IMG_001119,DS1_IMG_001120,earring_258,earring_258,1,1,Earrings,Earrings,train,1,positive,
DS1_IMG_001119__DS1_IMG_004177,DS1_IMG_001119,DS1_IMG_004177,earring_258,ring_102,1,4,Earrings,Ring,train,0,negative,cross_category
DS1_IMG_001120__DS1_IMG_002087,DS1_IMG_001120,DS1_IMG_002087,earring_258,IMG_0943_839d50ba,1,2,Earrings,Necklace,train,0,negative,cross_category
DS1_IMG_001120__DS1_IMG_003889,DS1_IMG_001120,DS1_IMG_003889,earring_258,IMG_2877_c118c42c,1,3,Earrings,Pendant,train,0,negative,cross_category
DS1_IMG_001120__DS1_IMG_004050,DS1_IMG_001120,DS1_IMG_004050,earring_258,Screenshot_20181116-204341_1542449441847,1,4,Earrings,Ring,train,0,negative,cross_category
DS1_IMG_001121__DS1_IMG_001122,DS1_IMG_001121,DS1_IMG_001122,earring_260,earring_260,1,1,Earrings,Earrings,train,1,positive,
DS1_IMG_001121__DS1_IMG_001123,DS1_IMG_001121,DS1_IMG_001123,earring_260,earring_260,1,1,Earrings,Earrings,train,1,positive,
DS1_IMG_001121__DS1_IMG_003194,DS1_IMG_001121,DS1_IMG_003194,earring_260,IMG_3526_064ec0f8,1,2,Earrings,Necklace,train,0,negative,cross_category
DS1_IMG_001122__DS1_IMG_001123,DS1_IMG_001122,DS1_IMG_001123,earring_260,earring_260,1,1,Earrings,Earrings,train,1,positive,
DS1_IMG_001122__DS1_IMG_004030,DS1_IMG_001122,DS1_IMG_004030,earring_260,Screenshot_20181116-203329_1542449759369,1,4,Earrings,Ring,train,0,negative,cross_category
DS1_IMG_001123__DS1_IMG_002770,DS1_IMG_001123,DS1_IMG_002770,earring_260,IMG_2307_c1c3a154,1,2,Earrings,Necklace,train,0,negative,cross_category
DS1_IMG_001123__DS1_IMG_002979,DS1_IMG_001123,DS1_IMG_002979,earring_260,IMG_2903_e498d50e,1,2,Earrings,Necklace,train,0,negative,cross_category
DS1_IMG_001127__DS1_IMG_001128,DS1_IMG_001127,DS1_IMG_001128,earring_264,earring_264,1,1,Earrings,Earrings,train,1,positive,
DS1_IMG_001127__DS1_IMG_001129,DS1_IMG_001127,DS1_IMG_001129,earring_264,earring_264,1,1,Earrings,Earrings,train,1,positive,
DS1_IMG_001128__DS1_IMG_001129,DS1_IMG_001128,DS1_IMG_001129,earring_264,earring_264,1,1,Earrings,Earrings,train,1,positive,
DS1_IMG_001128__DS1_IMG_002402,DS1_IMG_001128,DS1_IMG_002402,earring_264,IMG_1539_876e76ca,1,2,Earrings,Necklace,train,0,negative,cross_category
DS1_IMG_001130__DS1_IMG_001131,DS1_IMG_001130,DS1_IMG_001131,earring_267,earring_267,1,1,Earrings,Earrings,train,1,positive,
DS1_IMG_001130__DS1_IMG_003665,DS1_IMG_001130,DS1_IMG_003665,earring_267,IMG_0255_bd4ecf03,1,3,Earrings,Pendant,train,0,negative,cross_category
DS1_IMG_001131__DS1_IMG_001931,DS1_IMG_001131,DS1_IMG_001931,earring_267,IMG_0565_b6bceb68,1,2,Earrings,Necklace,train,0,negative,cross_category
DS1_IMG_001132__DS1_IMG_001133,DS1_IMG_001132,DS1_IMG_001133,earring_268,earring_268,1,1,Earrings,Earrings,train,1,positive,
DS1_IMG_001132__DS1_IMG_001134,DS1_IMG_001132,DS1_IMG_001134,earring_268,earring_268,1,1,Earrings,Earrings,train,1,positive,
DS1_IMG_001132__DS1_IMG_003430,DS1_IMG_001132,DS1_IMG_003430,earring_268,necklace_187,1,2,Earrings,Necklace,train,0,negative,cross_category
DS1_IMG_001132__DS1_IMG_003460,DS1_IMG_001132,DS1_IMG_003460,earring_268,necklace_20241125_122545_00187e7f,1,2,Earrings,Necklace,train,0,negative,cross_category
DS1_IMG_001133__DS1_IMG_001134,DS1_IMG_001133,DS1_IMG_001134,earring_268,earring_268,1,1,Earrings,Earrings,train,1,positive,
DS1_IMG_001133__DS1_IMG_003257,DS1_IMG_001133,DS1_IMG_003257,earring_268,IMG_3556_0fce9386,1,2,Earrings,Necklace,train,0,negative,cross_category
DS1_IMG_001135__DS1_IMG_001136,DS1_IMG_001135,DS1_IMG_001136,earring_272,earring_272,1,1,Earrings,Earrings,train,1,positive,
DS1_IMG_001135__DS1_IMG_001137,DS1_IMG_001135,DS1_IMG_001137,earring_272,earring_272,1,1,Earrings,Earrings,train,1,positive,
DS1_IMG_001135__DS1_IMG_001604,DS1_IMG_001135,DS1_IMG_001604,earring_272,IMG_0356_1ffc084f,1,2,Earrings,Necklace,train,0,negative,cross_category
DS1_IMG_001136__DS1_IMG_001137,DS1_IMG_001136,DS1_IMG_001137,earring_272,earring_272,1,1,Earrings,Earrings,train,1,positive,
DS1_IMG_001136__DS1_IMG_003816,DS1_IMG_001136,DS1_IMG_003816,earring_272,IMG_2506_cab336a0,1,3,Earrings,Pendant,train,0,negative,cross_category
DS1_IMG_001136__DS1_IMG_003837,DS1_IMG_001136,DS1_IMG_003837,earring_272,IMG_2809_3cfb570f,1,3,Earrings,Pendant,train,0,negative,cross_category
DS1_IMG_001137__DS1_IMG_003813,DS1_IMG_001137,DS1_IMG_003813,earring_272,IMG_2457_895e154f,1,3,Earrings,Pendant,train,0,negative,cross_category
DS1_IMG_001137__DS1_IMG_004111,DS1_IMG_001137,DS1_IMG_004111,earring_272,ring_071,1,4,Earrings,Ring,train,0,negative,cross_category
DS1_IMG_001137__DS1_IMG_004191,DS1_IMG_001137,DS1_IMG_004191,earring_272,ring_112,1,4,Earrings,Ring,train,0,negative,cross_category
DS1_IMG_001138__DS1_IMG_001139,DS1_IMG_001138,DS1_IMG_001139,earring_274,earring_274,1,1,Earrings,Earrings,train,1,positive,
DS1_IMG_001138__DS1_IMG_001140,DS1_IMG_001138,DS1_IMG_001140,earring_274,earring_274,1,1,Earrings,Earrings,train,1,positive,
DS1_IMG_001138__DS1_IMG_001705,DS1_IMG_001138,DS1_IMG_001705,earring_274,IMG_0409-1-_cdbf4f1e,1,2,Earrings,Necklace,train,0,negative,cross_category
DS1_IMG_001139__DS1_IMG_001140,DS1_IMG_001139,DS1_IMG_001140,earring_274,earring_274,1,1,Earrings,Earrings,train,1,positive,
DS1_IMG_001139__DS1_IMG_003803,DS1_IMG_001139,DS1_IMG_003803,earring_274,IMG_2426_f8412daf,1,3,Earrings,Pendant,train,0,negative,cross_category
DS1_IMG_001141__DS1_IMG_001142,DS1_IMG_001141,DS1_IMG_001142,earring_275,earring_275,1,1,Earrings,Earrings,train,1,positive,
DS1_IMG_001141__DS1_IMG_001143,DS1_IMG_001141,DS1_IMG_001143,earring_275,earring_275,1,1,Earrings,Earrings,train,1,positive,
DS1_IMG_001141__DS1_IMG_002625,DS1_IMG_001141,DS1_IMG_002625,earring_275,IMG_2196_45f1b723,1,2,Earrings,Necklace,train,0,negative,cross_category
DS1_IMG_001141__DS1_IMG_004230,DS1_IMG_001141,DS1_IMG_004230,earring_275,ring_135,1,4,Earrings,Ring,train,0,negative,cross_category
DS1_IMG_001142__DS1_IMG_001143,DS1_IMG_001142,DS1_IMG_001143,earring_275,earring_275,1,1,Earrings,Earrings,train,1,positive,
DS1_IMG_001143__DS1_IMG_002013,DS1_IMG_001143,DS1_IMG_002013,earring_275,IMG_0598_55b6ccea,1,2,Earrings,Necklace,train,0,negative,cross_category
DS1_IMG_001143__DS1_IMG_003261,DS1_IMG_001143,DS1_IMG_003261,earring_275,IMG_3557_ce569c23,1,2,Earrings,Necklace,train,0,negative,cross_category
DS1_IMG_001143__DS1_IMG_004302,DS1_IMG_001143,DS1_IMG_004302,earring_275,ring_181,1,4,Earrings,Ring,train,0,negative,cross_category
DS1_IMG_001144__DS1_IMG_001145,DS1_IMG_001144,DS1_IMG_001145,earring_277,earring_277,1,1,Earrings,Earrings,train,1,positive,
DS1_IMG_001144__DS1_IMG_001146,DS1_IMG_001144,DS1_IMG_001146,earring_277,earring_277,1,1,Earrings,Earrings,train,1,positive,
DS1_IMG_001144__DS1_IMG_001934,DS1_IMG_001144,DS1_IMG_001934,earring_277,IMG_0566-1-_758c0b30,1,2,Earrings,Necklace,train,0,negative,cross_category
DS1_IMG_001145__DS1_IMG_001146,DS1_IMG_001145,DS1_IMG_001146,earring_277,earring_277,1,1,Earrings,Earrings,train,1,positive,
DS1_IMG_001145__DS1_IMG_003753,DS1_IMG_001145,DS1_IMG_003753,earring_277,IMG_0901_5a140477,1,3,Earrings,Pendant,train,0,negative,cross_category
DS1_IMG_001147__DS1_IMG_001148,DS1_IMG_001147,DS1_IMG_001148,earring_285,earring_285,1,1,Earrings,Earrings,train,1,positive,
DS1_IMG_001147__DS1_IMG_001149,DS1_IMG_001147,DS1_IMG_001149,earring_285,earring_285,1,1,Earrings,Earrings,train,1,positive,
DS1_IMG_001147__DS1_IMG_002833,DS1_IMG_001147,DS1_IMG_002833,earring_285,IMG_2394_46b5edad,1,2,Earrings,Necklace,train,0,negative,cross_category
DS1_IMG_001147__DS1_IMG_004131,DS1_IMG_001147,DS1_IMG_004131,earring_285,ring_082,1,4,Earrings,Ring,train,0,negative,cross_category
DS1_IMG_001148__DS1_IMG_001149,DS1_IMG_001148,DS1_IMG_001149,earring_285,earring_285,1,1,Earrings,Earrings,train,1,positive,
DS1_IMG_001149__DS1_IMG_001908,DS1_IMG_001149,DS1_IMG_001908,earring_285,IMG_0553-1-_919866de,1,2,Earrings,Necklace,train,0,negative,cross_category
DS1_IMG_001149__DS1_IMG_003942,DS1_IMG_001149,DS1_IMG_003942,earring_285,IMG_2943_c72380bb,1,3,Earrings,Pendant,train,0,negative,cross_category
DS1_IMG_001150__DS1_IMG_001151,DS1_IMG_001150,DS1_IMG_001151,earring_286,earring_286,1,1,Earrings,Earrings,train,1,positive,
DS1_IMG_001150__DS1_IMG_001152,DS1_IMG_001150,DS1_IMG_001152,earring_286,earring_286,1,1,Earrings,Earrings,train,1,positive,
DS1_IMG_001150__DS1_IMG_003781,DS1_IMG_001150,DS1_IMG_003781,earring_286,IMG_1568_07ccbeb1,1,3,Earrings,Pendant,train,0,negative,cross_category
DS1_IMG_001150__DS1_IMG_004282,DS1_IMG_001150,DS1_IMG_004282,earring_286,ring_167,1,4,Earrings,Ring,train,0,negative,cross_category
DS1_IMG_001151__DS1_IMG_001152,DS1_IMG_001151,DS1_IMG_001152,earring_286,earring_286,1,1,Earrings,Earrings,train,1,positive,
DS1_IMG_001151__DS1_IMG_003323,DS1_IMG_001151,DS1_IMG_003323,earring_286,IMG_3598_a9e38dee,1,2,Earrings,Necklace,train,0,negative,cross_category
DS1_IMG_001152__DS1_IMG_003740,DS1_IMG_001152,DS1_IMG_003740,earring_286,IMG_0862_36a7b364,1,3,Earrings,Pendant,train,0,negative,cross_category
DS1_IMG_001152__DS1_IMG_004235,DS1_IMG_001152,DS1_IMG_004235,earring_286,ring_139,1,4,Earrings,Ring,train,0,negative,cross_category
DS1_IMG_001153__DS1_IMG_001154,DS1_IMG_001153,DS1_IMG_001154,earring_289,earring_289,1,1,Earrings,Earrings,train,1,positive,
DS1_IMG_001153__DS1_IMG_001155,DS1_IMG_001153,DS1_IMG_001155,earring_289,earring_289,1,1,Earrings,Earrings,train,1,positive,
DS1_IMG_001154__DS1_IMG_001155,DS1_IMG_001154,DS1_IMG_001155,earring_289,earring_289,1,1,Earrings,Earrings,train,1,positive,
DS1_IMG_001154__DS1_IMG_004020,DS1_IMG_001154,DS1_IMG_004020,earring_289,Screenshot_20181116-202810_1542452183994,1,4,Earrings,Ring,train,0,negative,cross_category
DS1_IMG_001155__DS1_IMG_004233,DS1_IMG_001155,DS1_IMG_004233,earring_289,ring_138,1,4,Earrings,Ring,train,0,negative,cross_category
DS1_IMG_001156__DS1_IMG_001157,DS1_IMG_001156,DS1_IMG_001157,earring_290,earring_290,1,1,Earrings,Earrings,train,1,positive,
DS1_IMG_001156__DS1_IMG_001158,DS1_IMG_001156,DS1_IMG_001158,earring_290,earring_290,1,1,Earrings,Earrings,train,1,positive,
DS1_IMG_001156__DS1_IMG_003997,DS1_IMG_001156,DS1_IMG_003997,earring_290,necklace_20241125_122545_94000018,1,3,Earrings,Pendant,train,0,negative,cross_category
DS1_IMG_001157__DS1_IMG_001158,DS1_IMG_001157,DS1_IMG_001158,earring_290,earring_290,1,1,Earrings,Earrings,train,1,positive,
DS1_IMG_001157__DS1_IMG_002592,DS1_IMG_001157,DS1_IMG_002592,earring_290,IMG_2145_e3c9b311,1,2,Earrings,Necklace,train,0,negative,cross_category
DS1_IMG_001157__DS1_IMG_004228,DS1_IMG_001157,DS1_IMG_004228,earring_290,ring_134,1,4,Earrings,Ring,train,0,negative,cross_category
DS1_IMG_001158__DS1_IMG_004258,DS1_IMG_001158,DS1_IMG_004258,earring_290,ring_156,1,4,Earrings,Ring,train,0,negative,cross_category
DS1_IMG_001159__DS1_IMG_001160,DS1_IMG_001159,DS1_IMG_001160,earring_292,earring_292,1,1,Earrings,Earrings,train,1,positive,
DS1_IMG_001159__DS1_IMG_001161,DS1_IMG_001159,DS1_IMG_001161,earring_292,earring_292,1,1,Earrings,Earrings,train,1,positive,
DS1_IMG_001159__DS1_IMG_002766,DS1_IMG_001159,DS1_IMG_002766,earring_292,IMG_2305_f7da93de,1,2,Earrings,Necklace,train,0,negative,cross_category
DS1_IMG_001160__DS1_IMG_001161,DS1_IMG_001160,DS1_IMG_001161,earring_292,earring_292,1,1,Earrings,Earrings,train,1,positive,
DS1_IMG_001160__DS1_IMG_003907,DS1_IMG_001160,DS1_IMG_003907,earring_292,IMG_2907_4bcb0ae7,1,3,Earrings,Pendant,train,0,negative,cross_category
DS1_IMG_001160__DS1_IMG_003943,DS1_IMG_001160,DS1_IMG_003943,earring_292,IMG_2943_c72380bb,1,3,Earrings,Pendant,train,0,negative,cross_category
DS1_IMG_001160__DS1_IMG_004055,DS1_IMG_001160,DS1_IMG_004055,earring_292,Screenshot_20181116-204417_1542449390654,1,4,Earrings,Ring,train,0,negative,cross_category
DS1_IMG_001161__DS1_IMG_003694,DS1_IMG_001161,DS1_IMG_003694,earring_292,IMG_0479_27be300a,1,3,Earrings,Pendant,train,0,negative,cross_category
DS1_IMG_001162__DS1_IMG_001163,DS1_IMG_001162,DS1_IMG_001163,earring_294,earring_294,1,1,Earrings,Earrings,train,1,positive,
DS1_IMG_001162__DS1_IMG_003668,DS1_IMG_001162,DS1_IMG_003668,earring_294,IMG_0371_d1d4878f,1,3,Earrings,Pendant,train,0,negative,cross_category
DS1_IMG_001162__DS1_IMG_003700,DS1_IMG_001162,DS1_IMG_003700,earring_294,IMG_0669_957b4e82,1,3,Earrings,Pendant,train,0,negative,cross_category
DS1_IMG_001162__DS1_IMG_003727,DS1_IMG_001162,DS1_IMG_003727,earring_294,IMG_0842_54be0d37,1,3,Earrings,Pendant,train,0,negative,cross_category
DS1_IMG_001163__DS1_IMG_002986,DS1_IMG_001163,DS1_IMG_002986,earring_294,IMG_2914_f2b1f19b,1,2,Earrings,Necklace,train,0,negative,cross_category
DS1_IMG_001166__DS1_IMG_001167,DS1_IMG_001166,DS1_IMG_001167,earring_300,earring_300,1,1,Earrings,Earrings,train,1,positive,
DS1_IMG_001166__DS1_IMG_001168,DS1_IMG_001166,DS1_IMG_001168,earring_300,earring_300,1,1,Earrings,Earrings,train,1,positive,
DS1_IMG_001166__DS1_IMG_003732,DS1_IMG_001166,DS1_IMG_003732,earring_300,IMG_0858_52572277,1,3,Earrings,Pendant,train,0,negative,cross_category
DS1_IMG_001166__DS1_IMG_004107,DS1_IMG_001166,DS1_IMG_004107,earring_300,ring_067,1,4,Earrings,Ring,train,0,negative,cross_category
DS1_IMG_001167__DS1_IMG_001168,DS1_IMG_001167,DS1_IMG_001168,earring_300,earring_300,1,1,Earrings,Earrings,train,1,positive,
DS1_IMG_001167__DS1_IMG_002908,DS1_IMG_001167,DS1_IMG_002908,earring_300,IMG_2807_0d674a4e,1,2,Earrings,Necklace,train,0,negative,cross_category
DS1_IMG_001167__DS1_IMG_002983,DS1_IMG_001167,DS1_IMG_002983,earring_300,IMG_2905_10d13f4c,1,2,Earrings,Necklace,train,0,negative,cross_category
DS1_IMG_001167__DS1_IMG_003722,DS1_IMG_001167,DS1_IMG_003722,earring_300,IMG_0841_55d04e95,1,3,Earrings,Pendant,train,0,negative,cross_category
DS1_IMG_001168__DS1_IMG_004173,DS1_IMG_001168,DS1_IMG_004173,earring_300,ring_099,1,4,Earrings,Ring,train,0,negative,cross_category
DS1_IMG_001169__DS1_IMG_001170,DS1_IMG_001169,DS1_IMG_001170,earring_301,earring_301,1,1,Earrings,Earrings,train,1,positive,
DS1_IMG_001169__DS1_IMG_001171,DS1_IMG_001169,DS1_IMG_001171,earring_301,earring_301,1,1,Earrings,Earrings,train,1,positive,
DS1_IMG_001170__DS1_IMG_001171,DS1_IMG_001170,DS1_IMG_001171,earring_301,earring_301,1,1,Earrings,Earrings,train,1,positive,
DS1_IMG_001170__DS1_IMG_004156,DS1_IMG_001170,DS1_IMG_004156,earring_301,ring_091,1,4,Earrings,Ring,train,0,negative,cross_category
DS1_IMG_001172__DS1_IMG_001173,DS1_IMG_001172,DS1_IMG_001173,earring_307,earring_307,1,1,Earrings,Earrings,train,1,positive,
DS1_IMG_001172__DS1_IMG_001174,DS1_IMG_001172,DS1_IMG_001174,earring_307,earring_307,1,1,Earrings,Earrings,train,1,positive,
DS1_IMG_001173__DS1_IMG_001174,DS1_IMG_001173,DS1_IMG_001174,earring_307,earring_307,1,1,Earrings,Earrings,train,1,positive,
DS1_IMG_001173__DS1_IMG_003745,DS1_IMG_001173,DS1_IMG_003745,earring_307,IMG_0863_4e8ef7be,1,3,Earrings,Pendant,train,0,negative,cross_category
DS1_IMG_001175__DS1_IMG_001176,DS1_IMG_001175,DS1_IMG_001176,earring_308,earring_308,1,1,Earrings,Earrings,train,1,positive,
DS1_IMG_001175__DS1_IMG_001177,DS1_IMG_001175,DS1_IMG_001177,earring_308,earring_308,1,1,Earrings,Earrings,train,1,positive,
DS1_IMG_001175__DS1_IMG_002230,DS1_IMG_001175,DS1_IMG_002230,earring_308,IMG_1417_36151206,1,2,Earrings,Necklace,train,0,negative,cross_category
DS1_IMG_001175__DS1_IMG_003018,DS1_IMG_001175,DS1_IMG_003018,earring_308,IMG_2939_24d96ddc,1,2,Earrings,Necklace,train,0,negative,cross_category
DS1_IMG_001175__DS1_IMG_003725,DS1_IMG_001175,DS1_IMG_003725,earring_308,IMG_0842_54be0d37,1,3,Earrings,Pendant,train,0,negative,cross_category
DS1_IMG_001176__DS1_IMG_001177,DS1_IMG_001176,DS1_IMG_001177,earring_308,earring_308,1,1,Earrings,Earrings,train,1,positive,
DS1_IMG_001176__DS1_IMG_001796,DS1_IMG_001176,DS1_IMG_001796,earring_308,IMG_0496_22d9fcf1,1,2,Earrings,Necklace,train,0,negative,cross_category
DS1_IMG_001177__DS1_IMG_003275,DS1_IMG_001177,DS1_IMG_003275,earring_308,IMG_3571_ea276189,1,2,Earrings,Necklace,train,0,negative,cross_category
DS1_IMG_001177__DS1_IMG_004254,DS1_IMG_001177,DS1_IMG_004254,earring_308,ring_154,1,4,Earrings,Ring,train,0,negative,cross_category
DS1_IMG_001181__DS1_IMG_001182,DS1_IMG_001181,DS1_IMG_001182,earring_320,earring_320,1,1,Earrings,Earrings,train,1,positive,
DS1_IMG_001181__DS1_IMG_001183,DS1_IMG_001181,DS1_IMG_001183,earring_320,earring_320,1,1,Earrings,Earrings,train,1,positive,
DS1_IMG_001181__DS1_IMG_003874,DS1_IMG_001181,DS1_IMG_003874,earring_320,IMG_2856_b3d7e108,1,3,Earrings,Pendant,train,0,negative,cross_category
DS1_IMG_001181__DS1_IMG_004185,DS1_IMG_001181,DS1_IMG_004185,earring_320,ring_110,1,4,Earrings,Ring,train,0,negative,cross_category
DS1_IMG_001181__DS1_IMG_004228,DS1_IMG_001181,DS1_IMG_004228,earring_320,ring_134,1,4,Earrings,Ring,train,0,negative,cross_category
DS1_IMG_001181__DS1_IMG_004298,DS1_IMG_001181,DS1_IMG_004298,earring_320,ring_179,1,4,Earrings,Ring,train,0,negative,cross_category
DS1_IMG_001182__DS1_IMG_001183,DS1_IMG_001182,DS1_IMG_001183,earring_320,earring_320,1,1,Earrings,Earrings,train,1,positive,
DS1_IMG_001182__DS1_IMG_003722,DS1_IMG_001182,DS1_IMG_003722,earring_320,IMG_0841_55d04e95,1,3,Earrings,Pendant,train,0,negative,cross_category
DS1_IMG_001183__DS1_IMG_003843,DS1_IMG_001183,DS1_IMG_003843,earring_320,IMG_2821_d4955818,1,3,Earrings,Pendant,train,0,negative,cross_category
DS1_IMG_001183__DS1_IMG_004028,DS1_IMG_001183,DS1_IMG_004028,earring_320,Screenshot_20181116-203109_1542449890237,1,4,Earrings,Ring,train,0,negative,cross_category
DS1_IMG_001184__DS1_IMG_001185,DS1_IMG_001184,DS1_IMG_001185,earring_323,earring_323,1,1,Earrings,Earrings,train,1,positive,
DS1_IMG_001184__DS1_IMG_001186,DS1_IMG_001184,DS1_IMG_001186,earring_323,earring_323,1,1,Earrings,Earrings,train,1,positive,
DS1_IMG_001185__DS1_IMG_001186,DS1_IMG_001185,DS1_IMG_001186,earring_323,earring_323,1,1,Earrings,Earrings,train,1,positive,
DS1_IMG_001185__DS1_IMG_003693,DS1_IMG_001185,DS1_IMG_003693,earring_323,IMG_0479_27be300a,1,3,Earrings,Pendant,train,0,negative,cross_category
DS1_IMG_001186__DS1_IMG_002212,DS1_IMG_001186,DS1_IMG_002212,earring_323,IMG_1399_ec43f3b7,1,2,Earrings,Necklace,train,0,negative,cross_category
DS1_IMG_001186__DS1_IMG_003696,DS1_IMG_001186,DS1_IMG_003696,earring_323,IMG_0602_6d616791,1,3,Earrings,Pendant,train,0,negative,cross_category
DS1_IMG_001187__DS1_IMG_001188,DS1_IMG_001187,DS1_IMG_001188,earring_325,earring_325,1,1,Earrings,Earrings,train,1,positive,
DS1_IMG_001187__DS1_IMG_002741,DS1_IMG_001187,DS1_IMG_002741,earring_325,IMG_2274_6842d480,1,2,Earrings,Necklace,train,0,negative,cross_category
DS1_IMG_001187__DS1_IMG_003158,DS1_IMG_001187,DS1_IMG_003158,earring_325,IMG_3506_ccb0e380,1,2,Earrings,Necklace,train,0,negative,cross_category
DS1_IMG_001187__DS1_IMG_003541,DS1_IMG_001187,DS1_IMG_003541,earring_325,necklace_20241125_122545_7c4fc781,1,2,Earrings,Necklace,train,0,negative,cross_category
DS1_IMG_001187__DS1_IMG_004106,DS1_IMG_001187,DS1_IMG_004106,earring_325,ring_067,1,4,Earrings,Ring,train,0,negative,cross_category
DS1_IMG_001188__DS1_IMG_003929,DS1_IMG_001188,DS1_IMG_003929,earring_325,IMG_2931_6b15625f,1,3,Earrings,Pendant,train,0,negative,cross_category
DS1_IMG_001191__DS1_IMG_001192,DS1_IMG_001191,DS1_IMG_001192,earring_331,earring_331,1,1,Earrings,Earrings,train,1,positive,
DS1_IMG_001191__DS1_IMG_001193,DS1_IMG_001191,DS1_IMG_001193,earring_331,earring_331,1,1,Earrings,Earrings,train,1,positive,
DS1_IMG_001191__DS1_IMG_002659,DS1_IMG_001191,DS1_IMG_002659,earring_331,IMG_2220_c88e0556,1,2,Earrings,Necklace,train,0,negative,cross_category
DS1_IMG_001191__DS1_IMG_004096,DS1_IMG_001191,DS1_IMG_004096,earring_331,ring_060,1,4,Earrings,Ring,train,0,negative,cross_category
DS1_IMG_001192__DS1_IMG_001193,DS1_IMG_001192,DS1_IMG_001193,earring_331,earring_331,1,1,Earrings,Earrings,train,1,positive,
DS1_IMG_001194__DS1_IMG_001195,DS1_IMG_001194,DS1_IMG_001195,earring_334,earring_334,1,1,Earrings,Earrings,train,1,positive,
DS1_IMG_001194__DS1_IMG_001196,DS1_IMG_001194,DS1_IMG_001196,earring_334,earring_334,1,1,Earrings,Earrings,train,1,positive,
DS1_IMG_001194__DS1_IMG_003690,DS1_IMG_001194,DS1_IMG_003690,earring_334,IMG_0475_694c48a1,1,3,Earrings,Pendant,train,0,negative,cross_category
DS1_IMG_001194__DS1_IMG_003835,DS1_IMG_001194,DS1_IMG_003835,earring_334,IMG_2801_3215b841,1,3,Earrings,Pendant,train,0,negative,cross_category
DS1_IMG_001194__DS1_IMG_004265,DS1_IMG_001194,DS1_IMG_004265,earring_334,ring_158,1,4,Earrings,Ring,train,0,negative,cross_category
DS1_IMG_001195__DS1_IMG_001196,DS1_IMG_001195,DS1_IMG_001196,earring_334,earring_334,1,1,Earrings,Earrings,train,1,positive,
DS1_IMG_001197__DS1_IMG_001198,DS1_IMG_001197,DS1_IMG_001198,earring_335,earring_335,1,1,Earrings,Earrings,train,1,positive,
DS1_IMG_001197__DS1_IMG_001199,DS1_IMG_001197,DS1_IMG_001199,earring_335,earring_335,1,1,Earrings,Earrings,train,1,positive,
DS1_IMG_001197__DS1_IMG_003761,DS1_IMG_001197,DS1_IMG_003761,earring_335,IMG_1354_4b8275b6,1,3,Earrings,Pendant,train,0,negative,cross_category
DS1_IMG_001198__DS1_IMG_001199,DS1_IMG_001198,DS1_IMG_001199,earring_335,earring_335,1,1,Earrings,Earrings,train,1,positive,
DS1_IMG_001198__DS1_IMG_002012,DS1_IMG_001198,DS1_IMG_002012,earring_335,IMG_0598_55b6ccea,1,2,Earrings,Necklace,train,0,negative,cross_category
DS1_IMG_001198__DS1_IMG_002308,DS1_IMG_001198,DS1_IMG_002308,earring_335,IMG_1472_e366edf3,1,2,Earrings,Necklace,train,0,negative,cross_category
DS1_IMG_001199__DS1_IMG_003993,DS1_IMG_001199,DS1_IMG_003993,earring_335,necklace_20241125_122545_8181cfe3,1,3,Earrings,Pendant,train,0,negative,cross_category
DS1_IMG_001203__DS1_IMG_001204,DS1_IMG_001203,DS1_IMG_001204,earring_338,earring_338,1,1,Earrings,Earrings,train,1,positive,
DS1_IMG_001203__DS1_IMG_001205,DS1_IMG_001203,DS1_IMG_001205,earring_338,earring_338,1,1,Earrings,Earrings,train,1,positive,
DS1_IMG_001203__DS1_IMG_003165,DS1_IMG_001203,DS1_IMG_003165,earring_338,IMG_3511_e74970e0,1,2,Earrings,Necklace,train,0,negative,cross_category
DS1_IMG_001203__DS1_IMG_004257,DS1_IMG_001203,DS1_IMG_004257,earring_338,ring_155,1,4,Earrings,Ring,train,0,negative,cross_category
DS1_IMG_001204__DS1_IMG_001205,DS1_IMG_001204,DS1_IMG_001205,earring_338,earring_338,1,1,Earrings,Earrings,train,1,positive,
DS1_IMG_001209__DS1_IMG_001210,DS1_IMG_001209,DS1_IMG_001210,earring_344,earring_344,1,1,Earrings,Earrings,train,1,positive,
DS1_IMG_001209__DS1_IMG_001211,DS1_IMG_001209,DS1_IMG_001211,earring_344,earring_344,1,1,Earrings,Earrings,train,1,positive,
DS1_IMG_001209__DS1_IMG_003956,DS1_IMG_001209,DS1_IMG_003956,earring_344,necklace_124,1,3,Earrings,Pendant,train,0,negative,cross_category
DS1_IMG_001209__DS1_IMG_003995,DS1_IMG_001209,DS1_IMG_003995,earring_344,necklace_20241125_122545_94000018,1,3,Earrings,Pendant,train,0,negative,cross_category
DS1_IMG_001209__DS1_IMG_004154,DS1_IMG_001209,DS1_IMG_004154,earring_344,ring_091,1,4,Earrings,Ring,train,0,negative,cross_category
DS1_IMG_001210__DS1_IMG_001211,DS1_IMG_001210,DS1_IMG_001211,earring_344,earring_344,1,1,Earrings,Earrings,train,1,positive,
DS1_IMG_001210__DS1_IMG_002151,DS1_IMG_001210,DS1_IMG_002151,earring_344,IMG_1334_09eb1a6d,1,2,Earrings,Necklace,train,0,negative,cross_category
DS1_IMG_001210__DS1_IMG_004008,DS1_IMG_001210,DS1_IMG_004008,earring_344,other_20241125_122403_8383c799,1,3,Earrings,Pendant,train,0,negative,cross_category
DS1_IMG_001211__DS1_IMG_001915,DS1_IMG_001211,DS1_IMG_001915,earring_344,IMG_0555_d4b9ccc1,1,2,Earrings,Necklace,train,0,negative,cross_category
DS1_IMG_001211__DS1_IMG_002430,DS1_IMG_001211,DS1_IMG_002430,earring_344,IMG_1573_3b6aa91a,1,2,Earrings,Necklace,train,0,negative,cross_category
DS1_IMG_001211__DS1_IMG_003778,DS1_IMG_001211,DS1_IMG_003778,earring_344,IMG_1567_31c00736,1,3,Earrings,Pendant,train,0,negative,cross_category
DS1_IMG_001211__DS1_IMG_003790,DS1_IMG_001211,DS1_IMG_003790,earring_344,IMG_2269_56abfe73,1,3,Earrings,Pendant,train,0,negative,cross_category
DS1_IMG_001212__DS1_IMG_001213,DS1_IMG_001212,DS1_IMG_001213,earring_349,earring_349,1,1,Earrings,Earrings,train,1,positive,
DS1_IMG_001212__DS1_IMG_001214,DS1_IMG_001212,DS1_IMG_001214,earring_349,earring_349,1,1,Earrings,Earrings,train,1,positive,
DS1_IMG_001212__DS1_IMG_002369,DS1_IMG_001212,DS1_IMG_002369,earring_349,IMG_1509_313cb201,1,2,Earrings,Necklace,train,0,negative,cross_category
DS1_IMG_001212__DS1_IMG_003618,DS1_IMG_001212,DS1_IMG_003618,earring_349,necklace_62,1,2,Earrings,Necklace,train,0,negative,cross_category
DS1_IMG_001212__DS1_IMG_004190,DS1_IMG_001212,DS1_IMG_004190,earring_349,ring_112,1,4,Earrings,Ring,train,0,negative,cross_category
DS1_IMG_001213__DS1_IMG_001214,DS1_IMG_001213,DS1_IMG_001214,earring_349,earring_349,1,1,Earrings,Earrings,train,1,positive,
DS1_IMG_001213__DS1_IMG_003845,DS1_IMG_001213,DS1_IMG_003845,earring_349,IMG_2822_df249f8d,1,3,Earrings,Pendant,train,0,negative,cross_category
DS1_IMG_001214__DS1_IMG_001892,DS1_IMG_001214,DS1_IMG_001892,earring_349,IMG_0541_ffaa9648,1,2,Earrings,Necklace,train,0,negative,cross_category
DS1_IMG_001214__DS1_IMG_003800,DS1_IMG_001214,DS1_IMG_003800,earring_349,IMG_2379_ad6a1bf5,1,3,Earrings,Pendant,train,0,negative,cross_category
DS1_IMG_001214__DS1_IMG_003826,DS1_IMG_001214,DS1_IMG_003826,earring_349,IMG_2512_be8d407f,1,3,Earrings,Pendant,train,0,negative,cross_category
DS1_IMG_001215__DS1_IMG_001216,DS1_IMG_001215,DS1_IMG_001216,earring_34,earring_34,1,1,Earrings,Earrings,train,1,positive,
DS1_IMG_001215__DS1_IMG_001217,DS1_IMG_001215,DS1_IMG_001217,earring_34,earring_34,1,1,Earrings,Earrings,train,1,positive,
DS1_IMG_001215__DS1_IMG_001634,DS1_IMG_001215,DS1_IMG_001634,earring_34,IMG_0372_f5eaaa3c,1,2,Earrings,Necklace,train,0,negative,cross_category
DS1_IMG_001216__DS1_IMG_001217,DS1_IMG_001216,DS1_IMG_001217,earring_34,earring_34,1,1,Earrings,Earrings,train,1,positive,
DS1_IMG_001216__DS1_IMG_002276,DS1_IMG_001216,DS1_IMG_002276,earring_34,IMG_1444_95c54494,1,2,Earrings,Necklace,train,0,negative,cross_category
DS1_IMG_001216__DS1_IMG_002292,DS1_IMG_001216,DS1_IMG_002292,earring_34,IMG_1455_0130a1fb,1,2,Earrings,Necklace,train,0,negative,cross_category
DS1_IMG_001216__DS1_IMG_002485,DS1_IMG_001216,DS1_IMG_002485,earring_34,IMG_1628_4758fe4d,1,2,Earrings,Necklace,train,0,negative,cross_category
DS1_IMG_001216__DS1_IMG_004162,DS1_IMG_001216,DS1_IMG_004162,earring_34,ring_093,1,4,Earrings,Ring,train,0,negative,cross_category
DS1_IMG_001217__DS1_IMG_002549,DS1_IMG_001217,DS1_IMG_002549,earring_34,IMG_1859_70939f18,1,2,Earrings,Necklace,train,0,negative,cross_category
DS1_IMG_001217__DS1_IMG_003690,DS1_IMG_001217,DS1_IMG_003690,earring_34,IMG_0475_694c48a1,1,3,Earrings,Pendant,train,0,negative,cross_category
DS1_IMG_001218__DS1_IMG_001219,DS1_IMG_001218,DS1_IMG_001219,earring_353,earring_353,1,1,Earrings,Earrings,train,1,positive,
DS1_IMG_001218__DS1_IMG_001220,DS1_IMG_001218,DS1_IMG_001220,earring_353,earring_353,1,1,Earrings,Earrings,train,1,positive,
DS1_IMG_001219__DS1_IMG_001220,DS1_IMG_001219,DS1_IMG_001220,earring_353,earring_353,1,1,Earrings,Earrings,train,1,positive,
DS1_IMG_001219__DS1_IMG_004145,DS1_IMG_001219,DS1_IMG_004145,earring_353,ring_086,1,4,Earrings,Ring,train,0,negative,cross_category
DS1_IMG_001220__DS1_IMG_002493,DS1_IMG_001220,DS1_IMG_002493,earring_353,IMG_1634_9ee1ed82,1,2,Earrings,Necklace,train,0,negative,cross_category
DS1_IMG_001220__DS1_IMG_003952,DS1_IMG_001220,DS1_IMG_003952,earring_353,IMG_3508_c0ed2d28,1,3,Earrings,Pendant,train,0,negative,cross_category
DS1_IMG_001220__DS1_IMG_004033,DS1_IMG_001220,DS1_IMG_004033,earring_353,Screenshot_20181116-203347_1542449724585,1,4,Earrings,Ring,train,0,negative,cross_category
DS1_IMG_001220__DS1_IMG_004059,DS1_IMG_001220,DS1_IMG_004059,earring_353,Screenshot_20181116-204603_1542447556990,1,4,Earrings,Ring,train,0,negative,cross_category
DS1_IMG_001221__DS1_IMG_001222,DS1_IMG_001221,DS1_IMG_001222,earring_357,earring_357,1,1,Earrings,Earrings,train,1,positive,
DS1_IMG_001221__DS1_IMG_001223,DS1_IMG_001221,DS1_IMG_001223,earring_357,earring_357,1,1,Earrings,Earrings,train,1,positive,
DS1_IMG_001221__DS1_IMG_003669,DS1_IMG_001221,DS1_IMG_003669,earring_357,IMG_0371_d1d4878f,1,3,Earrings,Pendant,train,0,negative,cross_category
DS1_IMG_001221__DS1_IMG_003920,DS1_IMG_001221,DS1_IMG_003920,earring_357,IMG_2922_996200cd,1,3,Earrings,Pendant,train,0,negative,cross_category
DS1_IMG_001222__DS1_IMG_001223,DS1_IMG_001222,DS1_IMG_001223,earring_357,earring_357,1,1,Earrings,Earrings,train,1,positive,
DS1_IMG_001222__DS1_IMG_003762,DS1_IMG_001222,DS1_IMG_003762,earring_357,IMG_1354_4b8275b6,1,3,Earrings,Pendant,train,0,negative,cross_category
DS1_IMG_001222__DS1_IMG_003990,DS1_IMG_001222,DS1_IMG_003990,earring_357,necklace_20241125_122545_6063e3a7,1,3,Earrings,Pendant,train,0,negative,cross_category
DS1_IMG_001222__DS1_IMG_004230,DS1_IMG_001222,DS1_IMG_004230,earring_357,ring_135,1,4,Earrings,Ring,train,0,negative,cross_category
DS1_IMG_001223__DS1_IMG_002143,DS1_IMG_001223,DS1_IMG_002143,earring_357,IMG_1332_417f1275,1,2,Earrings,Necklace,train,0,negative,cross_category
DS1_IMG_001223__DS1_IMG_002646,DS1_IMG_001223,DS1_IMG_002646,earring_357,IMG_2212_90baac46,1,2,Earrings,Necklace,train,0,negative,cross_category
DS1_IMG_001223__DS1_IMG_004057,DS1_IMG_001223,DS1_IMG_004057,earring_357,Screenshot_20181116-204417_1542449390654,1,4,Earrings,Ring,train,0,negative,cross_category
DS1_IMG_001224__DS1_IMG_001225,DS1_IMG_001224,DS1_IMG_001225,earring_358,earring_358,1,1,Earrings,Earrings,train,1,positive,
DS1_IMG_001224__DS1_IMG_001226,DS1_IMG_001224,DS1_IMG_001226,earring_358,earring_358,1,1,Earrings,Earrings,train,1,positive,
DS1_IMG_001224__DS1_IMG_004076,DS1_IMG_001224,DS1_IMG_004076,earring_358,ring_049,1,4,Earrings,Ring,train,0,negative,cross_category
DS1_IMG_001225__DS1_IMG_001226,DS1_IMG_001225,DS1_IMG_001226,earring_358,earring_358,1,1,Earrings,Earrings,train,1,positive,
DS1_IMG_001225__DS1_IMG_001529,DS1_IMG_001225,DS1_IMG_001529,earring_358,IMG_0135_c69f859a,1,2,Earrings,Necklace,train,0,negative,cross_category
DS1_IMG_001225__DS1_IMG_002283,DS1_IMG_001225,DS1_IMG_002283,earring_358,IMG_1449_3b359112,1,2,Earrings,Necklace,train,0,negative,cross_category
DS1_IMG_001226__DS1_IMG_003547,DS1_IMG_001226,DS1_IMG_003547,earring_358,necklace_20241125_122545_7c7f44b3,1,2,Earrings,Necklace,train,0,negative,cross_category
DS1_IMG_001226__DS1_IMG_004129,DS1_IMG_001226,DS1_IMG_004129,earring_358,ring_080,1,4,Earrings,Ring,train,0,negative,cross_category
DS1_IMG_001226__DS1_IMG_004197,DS1_IMG_001226,DS1_IMG_004197,earring_358,ring_114,1,4,Earrings,Ring,train,0,negative,cross_category
DS1_IMG_001227__DS1_IMG_001228,DS1_IMG_001227,DS1_IMG_001228,earring_359,earring_359,1,1,Earrings,Earrings,train,1,positive,
DS1_IMG_001227__DS1_IMG_001229,DS1_IMG_001227,DS1_IMG_001229,earring_359,earring_359,1,1,Earrings,Earrings,train,1,positive,
DS1_IMG_001227__DS1_IMG_004034,DS1_IMG_001227,DS1_IMG_004034,earring_359,Screenshot_20181116-203347_1542449724585,1,4,Earrings,Ring,train,0,negative,cross_category
DS1_IMG_001228__DS1_IMG_001229,DS1_IMG_001228,DS1_IMG_001229,earring_359,earring_359,1,1,Earrings,Earrings,train,1,positive,
DS1_IMG_001228__DS1_IMG_004019,DS1_IMG_001228,DS1_IMG_004019,earring_359,Screenshot_20181116-202810_1542452183994,1,4,Earrings,Ring,train,0,negative,cross_category
DS1_IMG_001228__DS1_IMG_004031,DS1_IMG_001228,DS1_IMG_004031,earring_359,Screenshot_20181116-203329_1542449759369,1,4,Earrings,Ring,train,0,negative,cross_category
DS1_IMG_001229__DS1_IMG_002654,DS1_IMG_001229,DS1_IMG_002654,earring_359,IMG_2218_5e603ef7,1,2,Earrings,Necklace,train,0,negative,cross_category
DS1_IMG_001233__DS1_IMG_001234,DS1_IMG_001233,DS1_IMG_001234,earring_371,earring_371,1,1,Earrings,Earrings,train,1,positive,
DS1_IMG_001233__DS1_IMG_001235,DS1_IMG_001233,DS1_IMG_001235,earring_371,earring_371,1,1,Earrings,Earrings,train,1,positive,
DS1_IMG_001233__DS1_IMG_003410,DS1_IMG_001233,DS1_IMG_003410,earring_371,necklace_171,1,2,Earrings,Necklace,train,0,negative,cross_category
DS1_IMG_001233__DS1_IMG_004049,DS1_IMG_001233,DS1_IMG_004049,earring_371,Screenshot_20181116-204235_1542449500589,1,4,Earrings,Ring,train,0,negative,cross_category
DS1_IMG_001234__DS1_IMG_001235,DS1_IMG_001234,DS1_IMG_001235,earring_371,earring_371,1,1,Earrings,Earrings,train,1,positive,
DS1_IMG_001234__DS1_IMG_004110,DS1_IMG_001234,DS1_IMG_004110,earring_371,ring_069,1,4,Earrings,Ring,train,0,negative,cross_category
DS1_IMG_001234__DS1_IMG_004299,DS1_IMG_001234,DS1_IMG_004299,earring_371,ring_180,1,4,Earrings,Ring,train,0,negative,cross_category
DS1_IMG_001235__DS1_IMG_001735,DS1_IMG_001235,DS1_IMG_001735,earring_371,IMG_0441-1-_97d821c1,1,2,Earrings,Necklace,train,0,negative,cross_category
DS1_IMG_001235__DS1_IMG_004071,DS1_IMG_001235,DS1_IMG_004071,earring_371,ring_047,1,4,Earrings,Ring,train,0,negative,cross_category
DS1_IMG_001239__DS1_IMG_001240,DS1_IMG_001239,DS1_IMG_001240,earring_374,earring_374,1,1,Earrings,Earrings,train,1,positive,
DS1_IMG_001239__DS1_IMG_001241,DS1_IMG_001239,DS1_IMG_001241,earring_374,earring_374,1,1,Earrings,Earrings,train,1,positive,
DS1_IMG_001239__DS1_IMG_002370,DS1_IMG_001239,DS1_IMG_002370,earring_374,IMG_1509_313cb201,1,2,Earrings,Necklace,train,0,negative,cross_category
DS1_IMG_001239__DS1_IMG_003844,DS1_IMG_001239,DS1_IMG_003844,earring_374,IMG_2821_d4955818,1,3,Earrings,Pendant,train,0,negative,cross_category
DS1_IMG_001239__DS1_IMG_003958,DS1_IMG_001239,DS1_IMG_003958,earring_374,necklace_124,1,3,Earrings,Pendant,train,0,negative,cross_category
DS1_IMG_001240__DS1_IMG_001241,DS1_IMG_001240,DS1_IMG_001241,earring_374,earring_374,1,1,Earrings,Earrings,train,1,positive,
DS1_IMG_001240__DS1_IMG_004129,DS1_IMG_001240,DS1_IMG_004129,earring_374,ring_080,1,4,Earrings,Ring,train,0,negative,cross_category
DS1_IMG_001241__DS1_IMG_003954,DS1_IMG_001241,DS1_IMG_003954,earring_374,IMG_3515_3ed94d29,1,3,Earrings,Pendant,train,0,negative,cross_category
DS1_IMG_001244__DS1_IMG_001245,DS1_IMG_001244,DS1_IMG_001245,earring_379,earring_379,1,1,Earrings,Earrings,train,1,positive,
DS1_IMG_001244__DS1_IMG_001246,DS1_IMG_001244,DS1_IMG_001246,earring_379,earring_379,1,1,Earrings,Earrings,train,1,positive,
DS1_IMG_001244__DS1_IMG_003686,DS1_IMG_001244,DS1_IMG_003686,earring_379,IMG_0471_02f2128e,1,3,Earrings,Pendant,train,0,negative,cross_category
DS1_IMG_001245__DS1_IMG_001246,DS1_IMG_001245,DS1_IMG_001246,earring_379,earring_379,1,1,Earrings,Earrings,train,1,positive,
DS1_IMG_001245__DS1_IMG_003256,DS1_IMG_001245,DS1_IMG_003256,earring_379,IMG_3556_0fce9386,1,2,Earrings,Necklace,train,0,negative,cross_category
DS1_IMG_001245__DS1_IMG_003700,DS1_IMG_001245,DS1_IMG_003700,earring_379,IMG_0669_957b4e82,1,3,Earrings,Pendant,train,0,negative,cross_category
DS1_IMG_001246__DS1_IMG_002327,DS1_IMG_001246,DS1_IMG_002327,earring_379,IMG_1489_4f181c16,1,2,Earrings,Necklace,train,0,negative,cross_category
DS1_IMG_001246__DS1_IMG_003021,DS1_IMG_001246,DS1_IMG_003021,earring_379,IMG_2940_7efb3caf,1,2,Earrings,Necklace,train,0,negative,cross_category
DS1_IMG_001246__DS1_IMG_003665,DS1_IMG_001246,DS1_IMG_003665,earring_379,IMG_0255_bd4ecf03,1,3,Earrings,Pendant,train,0,negative,cross_category
DS1_IMG_001247__DS1_IMG_001248,DS1_IMG_001247,DS1_IMG_001248,earring_380,earring_380,1,1,Earrings,Earrings,train,1,positive,
DS1_IMG_001247__DS1_IMG_001249,DS1_IMG_001247,DS1_IMG_001249,earring_380,earring_380,1,1,Earrings,Earrings,train,1,positive,
DS1_IMG_001247__DS1_IMG_003833,DS1_IMG_001247,DS1_IMG_003833,earring_380,IMG_2801_3215b841,1,3,Earrings,Pendant,train,0,negative,cross_category
DS1_IMG_001247__DS1_IMG_004006,DS1_IMG_001247,DS1_IMG_004006,earring_380,other_20241125_122403_6020381c,1,3,Earrings,Pendant,train,0,negative,cross_category
DS1_IMG_001248__DS1_IMG_001249,DS1_IMG_001248,DS1_IMG_001249,earring_380,earring_380,1,1,Earrings,Earrings,train,1,positive,
DS1_IMG_001248__DS1_IMG_003730,DS1_IMG_001248,DS1_IMG_003730,earring_380,IMG_0845_2d416634,1,3,Earrings,Pendant,train,0,negative,cross_category
DS1_IMG_001248__DS1_IMG_004060,DS1_IMG_001248,DS1_IMG_004060,earring_380,Screenshot_20181116-204603_1542447556990,1,4,Earrings,Ring,train,0,negative,cross_category
DS1_IMG_001248__DS1_IMG_004217,DS1_IMG_001248,DS1_IMG_004217,earring_380,ring_128,1,4,Earrings,Ring,train,0,negative,cross_category
DS1_IMG_001250__DS1_IMG_001251,DS1_IMG_001250,DS1_IMG_001251,earring_381,earring_381,1,1,Earrings,Earrings,train,1,positive,
DS1_IMG_001250__DS1_IMG_001252,DS1_IMG_001250,DS1_IMG_001252,earring_381,earring_381,1,1,Earrings,Earrings,train,1,positive,
DS1_IMG_001250__DS1_IMG_003997,DS1_IMG_001250,DS1_IMG_003997,earring_381,necklace_20241125_122545_94000018,1,3,Earrings,Pendant,train,0,negative,cross_category
DS1_IMG_001251__DS1_IMG_001252,DS1_IMG_001251,DS1_IMG_001252,earring_381,earring_381,1,1,Earrings,Earrings,train,1,positive,
DS1_IMG_001251__DS1_IMG_002357,DS1_IMG_001251,DS1_IMG_002357,earring_381,IMG_1504_2a4e4e87,1,2,Earrings,Necklace,train,0,negative,cross_category
DS1_IMG_001251__DS1_IMG_002555,DS1_IMG_001251,DS1_IMG_002555,earring_381,IMG_1862_cff5a31d,1,2,Earrings,Necklace,train,0,negative,cross_category
DS1_IMG_001251__DS1_IMG_003898,DS1_IMG_001251,DS1_IMG_003898,earring_381,IMG_2894_945d19e5,1,3,Earrings,Pendant,train,0,negative,cross_category
DS1_IMG_001252__DS1_IMG_002408,DS1_IMG_001252,DS1_IMG_002408,earring_381,IMG_1542_c869448e,1,2,Earrings,Necklace,train,0,negative,cross_category
DS1_IMG_001252__DS1_IMG_003744,DS1_IMG_001252,DS1_IMG_003744,earring_381,IMG_0863_4e8ef7be,1,3,Earrings,Pendant,train,0,negative,cross_category
DS1_IMG_001252__DS1_IMG_004089,DS1_IMG_001252,DS1_IMG_004089,earring_381,ring_055,1,4,Earrings,Ring,train,0,negative,cross_category
DS1_IMG_001252__DS1_IMG_004282,DS1_IMG_001252,DS1_IMG_004282,earring_381,ring_167,1,4,Earrings,Ring,train,0,negative,cross_category
DS1_IMG_001253__DS1_IMG_001254,DS1_IMG_001253,DS1_IMG_001254,earring_382,earring_382,1,1,Earrings,Earrings,train,1,positive,
DS1_IMG_001253__DS1_IMG_001255,DS1_IMG_001253,DS1_IMG_001255,earring_382,earring_382,1,1,Earrings,Earrings,train,1,positive,
DS1_IMG_001253__DS1_IMG_002271,DS1_IMG_001253,DS1_IMG_002271,earring_382,IMG_1437_cbc308b5,1,2,Earrings,Necklace,train,0,negative,cross_category
DS1_IMG_001253__DS1_IMG_004177,DS1_IMG_001253,DS1_IMG_004177,earring_382,ring_102,1,4,Earrings,Ring,train,0,negative,cross_category
DS1_IMG_001254__DS1_IMG_001255,DS1_IMG_001254,DS1_IMG_001255,earring_382,earring_382,1,1,Earrings,Earrings,train,1,positive,
DS1_IMG_001254__DS1_IMG_002547,DS1_IMG_001254,DS1_IMG_002547,earring_382,IMG_1855_8b7f24a5,1,2,Earrings,Necklace,train,0,negative,cross_category
DS1_IMG_001255__DS1_IMG_003754,DS1_IMG_001255,DS1_IMG_003754,earring_382,IMG_0901_5a140477,1,3,Earrings,Pendant,train,0,negative,cross_category
DS1_IMG_001255__DS1_IMG_003791,DS1_IMG_001255,DS1_IMG_003791,earring_382,IMG_2275_5f527887,1,3,Earrings,Pendant,train,0,negative,cross_category
DS1_IMG_001255__DS1_IMG_004111,DS1_IMG_001255,DS1_IMG_004111,earring_382,ring_071,1,4,Earrings,Ring,train,0,negative,cross_category
DS1_IMG_001256__DS1_IMG_001257,DS1_IMG_001256,DS1_IMG_001257,earring_391,earring_391,1,1,Earrings,Earrings,train,1,positive,
DS1_IMG_001256__DS1_IMG_001258,DS1_IMG_001256,DS1_IMG_001258,earring_391,earring_391,1,1,Earrings,Earrings,train,1,positive,
DS1_IMG_001256__DS1_IMG_001806,DS1_IMG_001256,DS1_IMG_001806,earring_391,IMG_0506-1-_d1bc4b55,1,2,Earrings,Necklace,train,0,negative,cross_category
DS1_IMG_001256__DS1_IMG_004301,DS1_IMG_001256,DS1_IMG_004301,earring_391,ring_180,1,4,Earrings,Ring,train,0,negative,cross_category
DS1_IMG_001257__DS1_IMG_001258,DS1_IMG_001257,DS1_IMG_001258,earring_391,earring_391,1,1,Earrings,Earrings,train,1,positive,
DS1_IMG_001257__DS1_IMG_003905,DS1_IMG_001257,DS1_IMG_003905,earring_391,IMG_2907_4bcb0ae7,1,3,Earrings,Pendant,train,0,negative,cross_category
DS1_IMG_001257__DS1_IMG_004246,DS1_IMG_001257,DS1_IMG_004246,earring_391,ring_148,1,4,Earrings,Ring,train,0,negative,cross_category
DS1_IMG_001258__DS1_IMG_001698,DS1_IMG_001258,DS1_IMG_001698,earring_391,IMG_0408-1-_17232ae9,1,2,Earrings,Necklace,train,0,negative,cross_category
DS1_IMG_001258__DS1_IMG_002244,DS1_IMG_001258,DS1_IMG_002244,earring_391,IMG_1422_cf8efbc5,1,2,Earrings,Necklace,train,0,negative,cross_category
DS1_IMG_001258__DS1_IMG_003612,DS1_IMG_001258,DS1_IMG_003612,earring_391,necklace_59,1,2,Earrings,Necklace,train,0,negative,cross_category
DS1_IMG_001258__DS1_IMG_004078,DS1_IMG_001258,DS1_IMG_004078,earring_391,ring_049,1,4,Earrings,Ring,train,0,negative,cross_category
DS1_IMG_001261__DS1_IMG_001262,DS1_IMG_001261,DS1_IMG_001262,earring_393,earring_393,1,1,Earrings,Earrings,train,1,positive,
DS1_IMG_001261__DS1_IMG_001263,DS1_IMG_001261,DS1_IMG_001263,earring_393,earring_393,1,1,Earrings,Earrings,train,1,positive,
DS1_IMG_001262__DS1_IMG_001263,DS1_IMG_001262,DS1_IMG_001263,earring_393,earring_393,1,1,Earrings,Earrings,train,1,positive,
DS1_IMG_001263__DS1_IMG_002689,DS1_IMG_001263,DS1_IMG_002689,earring_393,IMG_2239_46a7e801,1,2,Earrings,Necklace,train,0,negative,cross_category
DS1_IMG_001263__DS1_IMG_003908,DS1_IMG_001263,DS1_IMG_003908,earring_393,IMG_2911_4bf24190,1,3,Earrings,Pendant,train,0,negative,cross_category
DS1_IMG_001264__DS1_IMG_001265,DS1_IMG_001264,DS1_IMG_001265,earring_395,earring_395,1,1,Earrings,Earrings,train,1,positive,
DS1_IMG_001264__DS1_IMG_001266,DS1_IMG_001264,DS1_IMG_001266,earring_395,earring_395,1,1,Earrings,Earrings,train,1,positive,
DS1_IMG_001264__DS1_IMG_003690,DS1_IMG_001264,DS1_IMG_003690,earring_395,IMG_0475_694c48a1,1,3,Earrings,Pendant,train,0,negative,cross_category
DS1_IMG_001265__DS1_IMG_001266,DS1_IMG_001265,DS1_IMG_001266,earring_395,earring_395,1,1,Earrings,Earrings,train,1,positive,
DS1_IMG_001265__DS1_IMG_003066,DS1_IMG_001265,DS1_IMG_003066,earring_395,IMG_3089_8d53874f,1,2,Earrings,Necklace,train,0,negative,cross_category
DS1_IMG_001265__DS1_IMG_004048,DS1_IMG_001265,DS1_IMG_004048,earring_395,Screenshot_20181116-204235_1542449500589,1,4,Earrings,Ring,train,0,negative,cross_category
DS1_IMG_001266__DS1_IMG_002883,DS1_IMG_001266,DS1_IMG_002883,earring_395,IMG_2434_7db51c4d,1,2,Earrings,Necklace,train,0,negative,cross_category
DS1_IMG_001266__DS1_IMG_003825,DS1_IMG_001266,DS1_IMG_003825,earring_395,IMG_2512_be8d407f,1,3,Earrings,Pendant,train,0,negative,cross_category
DS1_IMG_001267__DS1_IMG_001268,DS1_IMG_001267,DS1_IMG_001268,earring_398,earring_398,1,1,Earrings,Earrings,train,1,positive,
DS1_IMG_001267__DS1_IMG_004236,DS1_IMG_001267,DS1_IMG_004236,earring_398,ring_139,1,4,Earrings,Ring,train,0,negative,cross_category
DS1_IMG_001268__DS1_IMG_002250,DS1_IMG_001268,DS1_IMG_002250,earring_398,IMG_1425_afa4cc70,1,2,Earrings,Necklace,train,0,negative,cross_category
DS1_IMG_001268__DS1_IMG_003692,DS1_IMG_001268,DS1_IMG_003692,earring_398,IMG_0479_27be300a,1,3,Earrings,Pendant,train,0,negative,cross_category
DS1_IMG_001270__DS1_IMG_001271,DS1_IMG_001270,DS1_IMG_001271,earring_40,earring_40,1,1,Earrings,Earrings,train,1,positive,
DS1_IMG_001270__DS1_IMG_001272,DS1_IMG_001270,DS1_IMG_001272,earring_40,earring_40,1,1,Earrings,Earrings,train,1,positive,
DS1_IMG_001270__DS1_IMG_001674,DS1_IMG_001270,DS1_IMG_001674,earring_40,IMG_0388_f427e539,1,2,Earrings,Necklace,train,0,negative,cross_category
DS1_IMG_001270__DS1_IMG_003970,DS1_IMG_001270,DS1_IMG_003970,earring_40,necklace_20241125_122545_08081c1c,1,3,Earrings,Pendant,train,0,negative,cross_category
DS1_IMG_001271__DS1_IMG_001272,DS1_IMG_001271,DS1_IMG_001272,earring_40,earring_40,1,1,Earrings,Earrings,train,1,positive,
DS1_IMG_001272__DS1_IMG_004068,DS1_IMG_001272,DS1_IMG_004068,earring_40,ring_044,1,4,Earrings,Ring,train,0,negative,cross_category
DS1_IMG_001275__DS1_IMG_001276,DS1_IMG_001275,DS1_IMG_001276,earring_414,earring_414,1,1,Earrings,Earrings,train,1,positive,
DS1_IMG_001275__DS1_IMG_003797,DS1_IMG_001275,DS1_IMG_003797,earring_414,IMG_2371_c0acc0f4,1,3,Earrings,Pendant,train,0,negative,cross_category
DS1_IMG_001275__DS1_IMG_003980,DS1_IMG_001275,DS1_IMG_003980,earring_414,necklace_20241125_122545_3ef84081,1,3,Earrings,Pendant,train,0,negative,cross_category
DS1_IMG_001275__DS1_IMG_004272,DS1_IMG_001275,DS1_IMG_004272,earring_414,ring_162,1,4,Earrings,Ring,train,0,negative,cross_category
DS1_IMG_001277__DS1_IMG_001278,DS1_IMG_001277,DS1_IMG_001278,earring_416,earring_416,1,1,Earrings,Earrings,train,1,positive,
DS1_IMG_001277__DS1_IMG_001279,DS1_IMG_001277,DS1_IMG_001279,earring_416,earring_416,1,1,Earrings,Earrings,train,1,positive,
DS1_IMG_001277__DS1_IMG_003610,DS1_IMG_001277,DS1_IMG_003610,earring_416,necklace_57,1,2,Earrings,Necklace,train,0,negative,cross_category
DS1_IMG_001278__DS1_IMG_001279,DS1_IMG_001278,DS1_IMG_001279,earring_416,earring_416,1,1,Earrings,Earrings,train,1,positive,
DS1_IMG_001279__DS1_IMG_003880,DS1_IMG_001279,DS1_IMG_003880,earring_416,IMG_2862_dc66ea02,1,3,Earrings,Pendant,train,0,negative,cross_category
DS1_IMG_001280__DS1_IMG_001281,DS1_IMG_001280,DS1_IMG_001281,earring_422,earring_422,1,1,Earrings,Earrings,train,1,positive,
DS1_IMG_001280__DS1_IMG_001282,DS1_IMG_001280,DS1_IMG_001282,earring_422,earring_422,1,1,Earrings,Earrings,train,1,positive,
DS1_IMG_001280__DS1_IMG_001668,DS1_IMG_001280,DS1_IMG_001668,earring_422,IMG_0386_fb581654,1,2,Earrings,Necklace,train,0,negative,cross_category
DS1_IMG_001280__DS1_IMG_004310,DS1_IMG_001280,DS1_IMG_004310,earring_422,ring_184,1,4,Earrings,Ring,train,0,negative,cross_category
DS1_IMG_001281__DS1_IMG_001282,DS1_IMG_001281,DS1_IMG_001282,earring_422,earring_422,1,1,Earrings,Earrings,train,1,positive,
DS1_IMG_001281__DS1_IMG_003379,DS1_IMG_001281,DS1_IMG_003379,earring_422,necklace_129,1,2,Earrings,Necklace,train,0,negative,cross_category
DS1_IMG_001281__DS1_IMG_004263,DS1_IMG_001281,DS1_IMG_004263,earring_422,ring_157,1,4,Earrings,Ring,train,0,negative,cross_category
DS1_IMG_001282__DS1_IMG_001959,DS1_IMG_001282,DS1_IMG_001959,earring_422,IMG_0575_d24d70ee,1,2,Earrings,Necklace,train,0,negative,cross_category
DS1_IMG_001282__DS1_IMG_003757,DS1_IMG_001282,DS1_IMG_003757,earring_422,IMG_0911_ecd59d89,1,3,Earrings,Pendant,train,0,negative,cross_category
DS1_IMG_001283__DS1_IMG_001284,DS1_IMG_001283,DS1_IMG_001284,earring_429,earring_429,1,1,Earrings,Earrings,train,1,positive,
DS1_IMG_001283__DS1_IMG_001285,DS1_IMG_001283,DS1_IMG_001285,earring_429,earring_429,1,1,Earrings,Earrings,train,1,positive,
DS1_IMG_001283__DS1_IMG_001927,DS1_IMG_001283,DS1_IMG_001927,earring_429,IMG_0561-1-_4d34b2d5,1,2,Earrings,Necklace,train,0,negative,cross_category
DS1_IMG_001283__DS1_IMG_003694,DS1_IMG_001283,DS1_IMG_003694,earring_429,IMG_0479_27be300a,1,3,Earrings,Pendant,train,0,negative,cross_category
DS1_IMG_001283__DS1_IMG_003936,DS1_IMG_001283,DS1_IMG_003936,earring_429,IMG_2936_bba41476,1,3,Earrings,Pendant,train,0,negative,cross_category
DS1_IMG_001284__DS1_IMG_001285,DS1_IMG_001284,DS1_IMG_001285,earring_429,earring_429,1,1,Earrings,Earrings,train,1,positive,
DS1_IMG_001284__DS1_IMG_001623,DS1_IMG_001284,DS1_IMG_001623,earring_429,IMG_0366_f6cb13e0,1,2,Earrings,Necklace,train,0,negative,cross_category
DS1_IMG_001284__DS1_IMG_002681,DS1_IMG_001284,DS1_IMG_002681,earring_429,IMG_2230_a8b8b24e,1,2,Earrings,Necklace,train,0,negative,cross_category
DS1_IMG_001285__DS1_IMG_003724,DS1_IMG_001285,DS1_IMG_003724,earring_429,IMG_0841_55d04e95,1,3,Earrings,Pendant,train,0,negative,cross_category
DS1_IMG_001285__DS1_IMG_004149,DS1_IMG_001285,DS1_IMG_004149,earring_429,ring_088,1,4,Earrings,Ring,train,0,negative,cross_category
DS1_IMG_001286__DS1_IMG_001287,DS1_IMG_001286,DS1_IMG_001287,earring_431,earring_431,1,1,Earrings,Earrings,train,1,positive,
DS1_IMG_001286__DS1_IMG_002510,DS1_IMG_001286,DS1_IMG_002510,earring_431,IMG_1654_bee25db3,1,2,Earrings,Necklace,train,0,negative,cross_category
DS1_IMG_001286__DS1_IMG_002784,DS1_IMG_001286,DS1_IMG_002784,earring_431,IMG_2322_5620dcdb,1,2,Earrings,Necklace,train,0,negative,cross_category
DS1_IMG_001286__DS1_IMG_003176,DS1_IMG_001286,DS1_IMG_003176,earring_431,IMG_3517_187dfeb1,1,2,Earrings,Necklace,train,0,negative,cross_category
DS1_IMG_001286__DS1_IMG_003695,DS1_IMG_001286,DS1_IMG_003695,earring_431,IMG_0602_6d616791,1,3,Earrings,Pendant,train,0,negative,cross_category
DS1_IMG_001287__DS1_IMG_003787,DS1_IMG_001287,DS1_IMG_003787,earring_431,IMG_2186_10d4d23b,1,3,Earrings,Pendant,train,0,negative,cross_category
DS1_IMG_001287__DS1_IMG_003902,DS1_IMG_001287,DS1_IMG_003902,earring_431,IMG_2901_79d86e58,1,3,Earrings,Pendant,train,0,negative,cross_category
DS1_IMG_001288__DS1_IMG_001289,DS1_IMG_001288,DS1_IMG_001289,earring_433,earring_433,1,1,Earrings,Earrings,train,1,positive,
DS1_IMG_001288__DS1_IMG_001290,DS1_IMG_001288,DS1_IMG_001290,earring_433,earring_433,1,1,Earrings,Earrings,train,1,positive,
DS1_IMG_001288__DS1_IMG_004310,DS1_IMG_001288,DS1_IMG_004310,earring_433,ring_184,1,4,Earrings,Ring,train,0,negative,cross_category
DS1_IMG_001289__DS1_IMG_001290,DS1_IMG_001289,DS1_IMG_001290,earring_433,earring_433,1,1,Earrings,Earrings,train,1,positive,
DS1_IMG_001289__DS1_IMG_002094,DS1_IMG_001289,DS1_IMG_002094,earring_433,IMG_1299_18b800ce,1,2,Earrings,Necklace,train,0,negative,cross_category
DS1_IMG_001289__DS1_IMG_002732,DS1_IMG_001289,DS1_IMG_002732,earring_433,IMG_2266_da4b82ff,1,2,Earrings,Necklace,train,0,negative,cross_category
DS1_IMG_001291__DS1_IMG_001292,DS1_IMG_001291,DS1_IMG_001292,earring_435,earring_435,1,1,Earrings,Earrings,train,1,positive,
DS1_IMG_001291__DS1_IMG_003115,DS1_IMG_001291,DS1_IMG_003115,earring_435,IMG_3276_76eae12d,1,2,Earrings,Necklace,train,0,negative,cross_category
DS1_IMG_001291__DS1_IMG_004139,DS1_IMG_001291,DS1_IMG_004139,earring_435,ring_084,1,4,Earrings,Ring,train,0,negative,cross_category
DS1_IMG_001292__DS1_IMG_003147,DS1_IMG_001292,DS1_IMG_003147,earring_435,IMG_3501_59379313,1,2,Earrings,Necklace,train,0,negative,cross_category
DS1_IMG_001292__DS1_IMG_003171,DS1_IMG_001292,DS1_IMG_003171,earring_435,IMG_3513_b32e41d8,1,2,Earrings,Necklace,train,0,negative,cross_category
DS1_IMG_001293__DS1_IMG_001294,DS1_IMG_001293,DS1_IMG_001294,earring_436,earring_436,1,1,Earrings,Earrings,train,1,positive,
DS1_IMG_001293__DS1_IMG_001295,DS1_IMG_001293,DS1_IMG_001295,earring_436,earring_436,1,1,Earrings,Earrings,train,1,positive,
DS1_IMG_001293__DS1_IMG_002011,DS1_IMG_001293,DS1_IMG_002011,earring_436,IMG_0598_55b6ccea,1,2,Earrings,Necklace,train,0,negative,cross_category
DS1_IMG_001293__DS1_IMG_002305,DS1_IMG_001293,DS1_IMG_002305,earring_436,IMG_1470_f4ebcbcc,1,2,Earrings,Necklace,train,0,negative,cross_category
DS1_IMG_001293__DS1_IMG_003944,DS1_IMG_001293,DS1_IMG_003944,earring_436,IMG_3467_d962189e,1,3,Earrings,Pendant,train,0,negative,cross_category
DS1_IMG_001294__DS1_IMG_001295,DS1_IMG_001294,DS1_IMG_001295,earring_436,earring_436,1,1,Earrings,Earrings,train,1,positive,
DS1_IMG_001294__DS1_IMG_002821,DS1_IMG_001294,DS1_IMG_002821,earring_436,IMG_2378_41e1c740,1,2,Earrings,Necklace,train,0,negative,cross_category
DS1_IMG_001294__DS1_IMG_003966,DS1_IMG_001294,DS1_IMG_003966,earring_436,necklace_20241125_122545_02020381,1,3,Earrings,Pendant,train,0,negative,cross_category
DS1_IMG_001294__DS1_IMG_004007,DS1_IMG_001294,DS1_IMG_004007,earring_436,other_20241125_122403_8383c799,1,3,Earrings,Pendant,train,0,negative,cross_category
DS1_IMG_001294__DS1_IMG_004156,DS1_IMG_001294,DS1_IMG_004156,earring_436,ring_091,1,4,Earrings,Ring,train,0,negative,cross_category
DS1_IMG_001295__DS1_IMG_004000,DS1_IMG_001295,DS1_IMG_004000,earring_436,necklace_78,1,3,Earrings,Pendant,train,0,negative,cross_category
DS1_IMG_001296__DS1_IMG_001297,DS1_IMG_001296,DS1_IMG_001297,earring_43,earring_43,1,1,Earrings,Earrings,train,1,positive,
DS1_IMG_001296__DS1_IMG_004056,DS1_IMG_001296,DS1_IMG_004056,earring_43,Screenshot_20181116-204417_1542449390654,1,4,Earrings,Ring,train,0,negative,cross_category
DS1_IMG_001296__DS1_IMG_004177,DS1_IMG_001296,DS1_IMG_004177,earring_43,ring_102,1,4,Earrings,Ring,train,0,negative,cross_category
DS1_IMG_001301__DS1_IMG_001302,DS1_IMG_001301,DS1_IMG_001302,earring_443,earring_443,1,1,Earrings,Earrings,train,1,positive,
DS1_IMG_001301__DS1_IMG_001303,DS1_IMG_001301,DS1_IMG_001303,earring_443,earring_443,1,1,Earrings,Earrings,train,1,positive,
DS1_IMG_001301__DS1_IMG_004321,DS1_IMG_001301,DS1_IMG_004321,earring_443,ring_192,1,4,Earrings,Ring,train,0,negative,cross_category
DS1_IMG_001302__DS1_IMG_001303,DS1_IMG_001302,DS1_IMG_001303,earring_443,earring_443,1,1,Earrings,Earrings,train,1,positive,
DS1_IMG_001303__DS1_IMG_004176,DS1_IMG_001303,DS1_IMG_004176,earring_443,ring_102,1,4,Earrings,Ring,train,0,negative,cross_category
DS1_IMG_001304__DS1_IMG_001305,DS1_IMG_001304,DS1_IMG_001305,earring_444,earring_444,1,1,Earrings,Earrings,train,1,positive,
DS1_IMG_001304__DS1_IMG_001306,DS1_IMG_001304,DS1_IMG_001306,earring_444,earring_444,1,1,Earrings,Earrings,train,1,positive,
DS1_IMG_001305__DS1_IMG_001306,DS1_IMG_001305,DS1_IMG_001306,earring_444,earring_444,1,1,Earrings,Earrings,train,1,positive,
DS1_IMG_001305__DS1_IMG_003992,DS1_IMG_001305,DS1_IMG_003992,earring_444,necklace_20241125_122545_8181cfe3,1,3,Earrings,Pendant,train,0,negative,cross_category
DS1_IMG_001306__DS1_IMG_002362,DS1_IMG_001306,DS1_IMG_002362,earring_444,IMG_1506_0374e2bd,1,2,Earrings,Necklace,train,0,negative,cross_category
DS1_IMG_001307__DS1_IMG_001308,DS1_IMG_001307,DS1_IMG_001308,earring_447,earring_447,1,1,Earrings,Earrings,train,1,positive,
DS1_IMG_001307__DS1_IMG_001309,DS1_IMG_001307,DS1_IMG_001309,earring_447,earring_447,1,1,Earrings,Earrings,train,1,positive,
DS1_IMG_001307__DS1_IMG_004302,DS1_IMG_001307,DS1_IMG_004302,earring_447,ring_181,1,4,Earrings,Ring,train,0,negative,cross_category
DS1_IMG_001308__DS1_IMG_001309,DS1_IMG_001308,DS1_IMG_001309,earring_447,earring_447,1,1,Earrings,Earrings,train,1,positive,
DS1_IMG_001308__DS1_IMG_002819,DS1_IMG_001308,DS1_IMG_002819,earring_447,IMG_2378_41e1c740,1,2,Earrings,Necklace,train,0,negative,cross_category
DS1_IMG_001308__DS1_IMG_003768,DS1_IMG_001308,DS1_IMG_003768,earring_447,IMG_1404_0cd245f2,1,3,Earrings,Pendant,train,0,negative,cross_category
DS1_IMG_001308__DS1_IMG_003976,DS1_IMG_001308,DS1_IMG_003976,earring_447,necklace_20241125_122545_20212176,1,3,Earrings,Pendant,train,0,negative,cross_category
DS1_IMG_001308__DS1_IMG_004211,DS1_IMG_001308,DS1_IMG_004211,earring_447,ring_123,1,4,Earrings,Ring,train,0,negative,cross_category
DS1_IMG_001309__DS1_IMG_002300,DS1_IMG_001309,DS1_IMG_002300,earring_447,IMG_1462_75d8e03c,1,2,Earrings,Necklace,train,0,negative,cross_category
DS1_IMG_001310__DS1_IMG_001311,DS1_IMG_001310,DS1_IMG_001311,earring_448,earring_448,1,1,Earrings,Earrings,train,1,positive,
DS1_IMG_001310__DS1_IMG_001312,DS1_IMG_001310,DS1_IMG_001312,earring_448,earring_448,1,1,Earrings,Earrings,train,1,positive,
DS1_IMG_001310__DS1_IMG_004245,DS1_IMG_001310,DS1_IMG_004245,earring_448,ring_147,1,4,Earrings,Ring,train,0,negative,cross_category
DS1_IMG_001311__DS1_IMG_001312,DS1_IMG_001311,DS1_IMG_001312,earring_448,earring_448,1,1,Earrings,Earrings,train,1,positive,
DS1_IMG_001312__DS1_IMG_002961,DS1_IMG_001312,DS1_IMG_002961,earring_448,IMG_2878_718682ff,1,2,Earrings,Necklace,train,0,negative,cross_category
DS1_IMG_001316__DS1_IMG_001317,DS1_IMG_001316,DS1_IMG_001317,earring_45,earring_45,1,1,Earrings,Earrings,train,1,positive,
DS1_IMG_001316__DS1_IMG_001318,DS1_IMG_001316,DS1_IMG_001318,earring_45,earring_45,1,1,Earrings,Earrings,train,1,positive,
DS1_IMG_001317__DS1_IMG_001318,DS1_IMG_001317,DS1_IMG_001318,earring_45,earring_45,1,1,Earrings,Earrings,train,1,positive,
DS1_IMG_001317__DS1_IMG_003438,DS1_IMG_001317,DS1_IMG_003438,earring_45,necklace_195,1,2,Earrings,Necklace,train,0,negative,cross_category
DS1_IMG_001317__DS1_IMG_003761,DS1_IMG_001317,DS1_IMG_003761,earring_45,IMG_1354_4b8275b6,1,3,Earrings,Pendant,train,0,negative,cross_category
DS1_IMG_001318__DS1_IMG_002329,DS1_IMG_001318,DS1_IMG_002329,earring_45,IMG_1490_e62643b3,1,2,Earrings,Necklace,train,0,negative,cross_category
DS1_IMG_001319__DS1_IMG_001320,DS1_IMG_001319,DS1_IMG_001320,earring_463,earring_463,1,1,Earrings,Earrings,train,1,positive,
DS1_IMG_001319__DS1_IMG_001321,DS1_IMG_001319,DS1_IMG_001321,earring_463,earring_463,1,1,Earrings,Earrings,train,1,positive,
DS1_IMG_001319__DS1_IMG_004096,DS1_IMG_001319,DS1_IMG_004096,earring_463,ring_060,1,4,Earrings,Ring,train,0,negative,cross_category
DS1_IMG_001319__DS1_IMG_004251,DS1_IMG_001319,DS1_IMG_004251,earring_463,ring_153,1,4,Earrings,Ring,train,0,negative,cross_category
DS1_IMG_001319__DS1_IMG_004270,DS1_IMG_001319,DS1_IMG_004270,earring_463,ring_162,1,4,Earrings,Ring,train,0,negative,cross_category
DS1_IMG_001320__DS1_IMG_001321,DS1_IMG_001320,DS1_IMG_001321,earring_463,earring_463,1,1,Earrings,Earrings,train,1,positive,
DS1_IMG_001320__DS1_IMG_002749,DS1_IMG_001320,DS1_IMG_002749,earring_463,IMG_2285_ea188d39,1,2,Earrings,Necklace,train,0,negative,cross_category
DS1_IMG_001321__DS1_IMG_002020,DS1_IMG_001321,DS1_IMG_002020,earring_463,IMG_0603-1-_387660cd,1,2,Earrings,Necklace,train,0,negative,cross_category
DS1_IMG_001321__DS1_IMG_003810,DS1_IMG_001321,DS1_IMG_003810,earring_463,IMG_2456_13fd8ff6,1,3,Earrings,Pendant,train,0,negative,cross_category
DS1_IMG_001321__DS1_IMG_004127,DS1_IMG_001321,DS1_IMG_004127,earring_463,ring_078,1,4,Earrings,Ring,train,0,negative,cross_category
DS1_IMG_001322__DS1_IMG_001323,DS1_IMG_001322,DS1_IMG_001323,earring_466,earring_466,1,1,Earrings,Earrings,train,1,positive,
DS1_IMG_001323__DS1_IMG_004035,DS1_IMG_001323,DS1_IMG_004035,earring_466,Screenshot_20181116-203818_1542449673275,1,4,Earrings,Ring,train,0,negative,cross_category
DS1_IMG_001323__DS1_IMG_004192,DS1_IMG_001323,DS1_IMG_004192,earring_466,ring_112,1,4,Earrings,Ring,train,0,negative,cross_category
DS1_IMG_001324__DS1_IMG_001325,DS1_IMG_001324,DS1_IMG_001325,earring_467,earring_467,1,1,Earrings,Earrings,train,1,positive,
DS1_IMG_001324__DS1_IMG_001326,DS1_IMG_001324,DS1_IMG_001326,earring_467,earring_467,1,1,Earrings,Earrings,train,1,positive,
DS1_IMG_001324__DS1_IMG_002763,DS1_IMG_001324,DS1_IMG_002763,earring_467,IMG_2300_5d6c66bc,1,2,Earrings,Necklace,train,0,negative,cross_category
DS1_IMG_001324__DS1_IMG_003102,DS1_IMG_001324,DS1_IMG_003102,earring_467,IMG_3124_2a93b6ae,1,2,Earrings,Necklace,train,0,negative,cross_category
DS1_IMG_001324__DS1_IMG_003868,DS1_IMG_001324,DS1_IMG_003868,earring_467,IMG_2846_3025b335,1,3,Earrings,Pendant,train,0,negative,cross_category
DS1_IMG_001324__DS1_IMG_003949,DS1_IMG_001324,DS1_IMG_003949,earring_467,IMG_3503_4d37f1fe,1,3,Earrings,Pendant,train,0,negative,cross_category
DS1_IMG_001324__DS1_IMG_003996,DS1_IMG_001324,DS1_IMG_003996,earring_467,necklace_20241125_122545_94000018,1,3,Earrings,Pendant,train,0,negative,cross_category
DS1_IMG_001324__DS1_IMG_004105,DS1_IMG_001324,DS1_IMG_004105,earring_467,ring_067,1,4,Earrings,Ring,train,0,negative,cross_category
DS1_IMG_001325__DS1_IMG_001326,DS1_IMG_001325,DS1_IMG_001326,earring_467,earring_467,1,1,Earrings,Earrings,train,1,positive,
DS1_IMG_001325__DS1_IMG_003715,DS1_IMG_001325,DS1_IMG_003715,earring_467,IMG_0753_2ca36338,1,3,Earrings,Pendant,train,0,negative,cross_category
DS1_IMG_001325__DS1_IMG_004100,DS1_IMG_001325,DS1_IMG_004100,earring_467,ring_062,1,4,Earrings,Ring,train,0,negative,cross_category
DS1_IMG_001325__DS1_IMG_004258,DS1_IMG_001325,DS1_IMG_004258,earring_467,ring_156,1,4,Earrings,Ring,train,0,negative,cross_category
DS1_IMG_001326__DS1_IMG_003102,DS1_IMG_001326,DS1_IMG_003102,earring_467,IMG_3124_2a93b6ae,1,2,Earrings,Necklace,train,0,negative,cross_category
DS1_IMG_001326__DS1_IMG_003802,DS1_IMG_001326,DS1_IMG_003802,earring_467,IMG_2379_ad6a1bf5,1,3,Earrings,Pendant,train,0,negative,cross_category
DS1_IMG_001326__DS1_IMG_004167,DS1_IMG_001326,DS1_IMG_004167,earring_467,ring_096,1,4,Earrings,Ring,train,0,negative,cross_category
DS1_IMG_001327__DS1_IMG_001328,DS1_IMG_001327,DS1_IMG_001328,earring_468,earring_468,1,1,Earrings,Earrings,train,1,positive,
DS1_IMG_001327__DS1_IMG_003180,DS1_IMG_001327,DS1_IMG_003180,earring_468,IMG_3518_909c4cb9,1,2,Earrings,Necklace,train,0,negative,cross_category
DS1_IMG_001327__DS1_IMG_003726,DS1_IMG_001327,DS1_IMG_003726,earring_468,IMG_0842_54be0d37,1,3,Earrings,Pendant,train,0,negative,cross_category
DS1_IMG_001327__DS1_IMG_003916,DS1_IMG_001327,DS1_IMG_003916,earring_468,IMG_2913_9f1d6820,1,3,Earrings,Pendant,train,0,negative,cross_category
DS1_IMG_001329__DS1_IMG_001330,DS1_IMG_001329,DS1_IMG_001330,earring_472,earring_472,1,1,Earrings,Earrings,train,1,positive,
DS1_IMG_001330__DS1_IMG_001887,DS1_IMG_001330,DS1_IMG_001887,earring_472,IMG_0538_ac61ff4e,1,2,Earrings,Necklace,train,0,negative,cross_category
DS1_IMG_001331__DS1_IMG_001332,DS1_IMG_001331,DS1_IMG_001332,earring_475,earring_475,1,1,Earrings,Earrings,train,1,positive,
DS1_IMG_001331__DS1_IMG_003915,DS1_IMG_001331,DS1_IMG_003915,earring_475,IMG_2913_9f1d6820,1,3,Earrings,Pendant,train,0,negative,cross_category
DS1_IMG_001332__DS1_IMG_003740,DS1_IMG_001332,DS1_IMG_003740,earring_475,IMG_0862_36a7b364,1,3,Earrings,Pendant,train,0,negative,cross_category
DS1_IMG_001332__DS1_IMG_003951,DS1_IMG_001332,DS1_IMG_003951,earring_475,IMG_3508_c0ed2d28,1,3,Earrings,Pendant,train,0,negative,cross_category
DS1_IMG_001333__DS1_IMG_001334,DS1_IMG_001333,DS1_IMG_001334,earring_47,earring_47,1,1,Earrings,Earrings,train,1,positive,
DS1_IMG_001333__DS1_IMG_001335,DS1_IMG_001333,DS1_IMG_001335,earring_47,earring_47,1,1,Earrings,Earrings,train,1,positive,
DS1_IMG_001333__DS1_IMG_003698,DS1_IMG_001333,DS1_IMG_003698,earring_47,IMG_0669_957b4e82,1,3,Earrings,Pendant,train,0,negative,cross_category
DS1_IMG_001333__DS1_IMG_004274,DS1_IMG_001333,DS1_IMG_004274,earring_47,ring_163,1,4,Earrings,Ring,train,0,negative,cross_category
DS1_IMG_001334__DS1_IMG_001335,DS1_IMG_001334,DS1_IMG_001335,earring_47,earring_47,1,1,Earrings,Earrings,train,1,positive,
DS1_IMG_001334__DS1_IMG_004160,DS1_IMG_001334,DS1_IMG_004160,earring_47,ring_093,1,4,Earrings,Ring,train,0,negative,cross_category
DS1_IMG_001336__DS1_IMG_001337,DS1_IMG_001336,DS1_IMG_001337,earring_52,earring_52,1,1,Earrings,Earrings,train,1,positive,
DS1_IMG_001336__DS1_IMG_001338,DS1_IMG_001336,DS1_IMG_001338,earring_52,earring_52,1,1,Earrings,Earrings,train,1,positive,
DS1_IMG_001336__DS1_IMG_003918,DS1_IMG_001336,DS1_IMG_003918,earring_52,IMG_2918_dbac9ef3,1,3,Earrings,Pendant,train,0,negative,cross_category
DS1_IMG_001336__DS1_IMG_004103,DS1_IMG_001336,DS1_IMG_004103,earring_52,ring_065,1,4,Earrings,Ring,train,0,negative,cross_category
DS1_IMG_001337__DS1_IMG_001338,DS1_IMG_001337,DS1_IMG_001338,earring_52,earring_52,1,1,Earrings,Earrings,train,1,positive,
DS1_IMG_001337__DS1_IMG_002447,DS1_IMG_001337,DS1_IMG_002447,earring_52,IMG_1583_94401dfd,1,2,Earrings,Necklace,train,0,negative,cross_category
DS1_IMG_001338__DS1_IMG_002591,DS1_IMG_001338,DS1_IMG_002591,earring_52,IMG_2145_e3c9b311,1,2,Earrings,Necklace,train,0,negative,cross_category
DS1_IMG_001338__DS1_IMG_003809,DS1_IMG_001338,DS1_IMG_003809,earring_52,IMG_2456_13fd8ff6,1,3,Earrings,Pendant,train,0,negative,cross_category
DS1_IMG_001338__DS1_IMG_004003,DS1_IMG_001338,DS1_IMG_004003,earring_52,necklace_79,1,3,Earrings,Pendant,train,0,negative,cross_category
DS1_IMG_001338__DS1_IMG_004137,DS1_IMG_001338,DS1_IMG_004137,earring_52,ring_084,1,4,Earrings,Ring,train,0,negative,cross_category
DS1_IMG_001342__DS1_IMG_001343,DS1_IMG_001342,DS1_IMG_001343,earring_56,earring_56,1,1,Earrings,Earrings,train,1,positive,
DS1_IMG_001342__DS1_IMG_001344,DS1_IMG_001342,DS1_IMG_001344,earring_56,earring_56,1,1,Earrings,Earrings,train,1,positive,
DS1_IMG_001342__DS1_IMG_002217,DS1_IMG_001342,DS1_IMG_002217,earring_56,IMG_1400_56ff7cdf,1,2,Earrings,Necklace,train,0,negative,cross_category
DS1_IMG_001342__DS1_IMG_004179,DS1_IMG_001342,DS1_IMG_004179,earring_56,ring_104,1,4,Earrings,Ring,train,0,negative,cross_category
DS1_IMG_001343__DS1_IMG_001344,DS1_IMG_001343,DS1_IMG_001344,earring_56,earring_56,1,1,Earrings,Earrings,train,1,positive,
DS1_IMG_001343__DS1_IMG_002740,DS1_IMG_001343,DS1_IMG_002740,earring_56,IMG_2274_6842d480,1,2,Earrings,Necklace,train,0,negative,cross_category
DS1_IMG_001343__DS1_IMG_003667,DS1_IMG_001343,DS1_IMG_003667,earring_56,IMG_0255_bd4ecf03,1,3,Earrings,Pendant,train,0,negative,cross_category
DS1_IMG_001343__DS1_IMG_003807,DS1_IMG_001343,DS1_IMG_003807,earring_56,IMG_2427_3a6bdae9,1,3,Earrings,Pendant,train,0,negative,cross_category
DS1_IMG_001343__DS1_IMG_004198,DS1_IMG_001343,DS1_IMG_004198,earring_56,ring_114,1,4,Earrings,Ring,train,0,negative,cross_category
DS1_IMG_001343__DS1_IMG_004252,DS1_IMG_001343,DS1_IMG_004252,earring_56,ring_154,1,4,Earrings,Ring,train,0,negative,cross_category
DS1_IMG_001344__DS1_IMG_004017,DS1_IMG_001344,DS1_IMG_004017,earring_56,Screenshot_20181116-202757_1542453058358,1,4,Earrings,Ring,train,0,negative,cross_category
DS1_IMG_001345__DS1_IMG_001346,DS1_IMG_001345,DS1_IMG_001346,earring_57,earring_57,1,1,Earrings,Earrings,train,1,positive,
DS1_IMG_001345__DS1_IMG_001347,DS1_IMG_001345,DS1_IMG_001347,earring_57,earring_57,1,1,Earrings,Earrings,train,1,positive,
DS1_IMG_001345__DS1_IMG_002206,DS1_IMG_001345,DS1_IMG_002206,earring_57,IMG_1396_89a03e43,1,2,Earrings,Necklace,train,0,negative,cross_category
DS1_IMG_001345__DS1_IMG_003922,DS1_IMG_001345,DS1_IMG_003922,earring_57,IMG_2922_996200cd,1,3,Earrings,Pendant,train,0,negative,cross_category
DS1_IMG_001345__DS1_IMG_003990,DS1_IMG_001345,DS1_IMG_003990,earring_57,necklace_20241125_122545_6063e3a7,1,3,Earrings,Pendant,train,0,negative,cross_category
DS1_IMG_001346__DS1_IMG_001347,DS1_IMG_001346,DS1_IMG_001347,earring_57,earring_57,1,1,Earrings,Earrings,train,1,positive,
DS1_IMG_001346__DS1_IMG_004160,DS1_IMG_001346,DS1_IMG_004160,earring_57,ring_093,1,4,Earrings,Ring,train,0,negative,cross_category
DS1_IMG_001347__DS1_IMG_003730,DS1_IMG_001347,DS1_IMG_003730,earring_57,IMG_0845_2d416634,1,3,Earrings,Pendant,train,0,negative,cross_category
DS1_IMG_001348__DS1_IMG_001349,DS1_IMG_001348,DS1_IMG_001349,earring_58,earring_58,1,1,Earrings,Earrings,train,1,positive,
DS1_IMG_001348__DS1_IMG_001350,DS1_IMG_001348,DS1_IMG_001350,earring_58,earring_58,1,1,Earrings,Earrings,train,1,positive,
DS1_IMG_001348__DS1_IMG_003162,DS1_IMG_001348,DS1_IMG_003162,earring_58,IMG_3510_79b9f8e7,1,2,Earrings,Necklace,train,0,negative,cross_category
DS1_IMG_001348__DS1_IMG_003958,DS1_IMG_001348,DS1_IMG_003958,earring_58,necklace_124,1,3,Earrings,Pendant,train,0,negative,cross_category
DS1_IMG_001349__DS1_IMG_001350,DS1_IMG_001349,DS1_IMG_001350,earring_58,earring_58,1,1,Earrings,Earrings,train,1,positive,
DS1_IMG_001350__DS1_IMG_003321,DS1_IMG_001350,DS1_IMG_003321,earring_58,IMG_3597_040758e8,1,2,Earrings,Necklace,train,0,negative,cross_category
DS1_IMG_001351__DS1_IMG_001352,DS1_IMG_001351,DS1_IMG_001352,earring_5,earring_5,1,1,Earrings,Earrings,train,1,positive,
DS1_IMG_001351__DS1_IMG_001353,DS1_IMG_001351,DS1_IMG_001353,earring_5,earring_5,1,1,Earrings,Earrings,train,1,positive,
DS1_IMG_001351__DS1_IMG_003816,DS1_IMG_001351,DS1_IMG_003816,earring_5,IMG_2506_cab336a0,1,3,Earrings,Pendant,train,0,negative,cross_category
DS1_IMG_001352__DS1_IMG_001353,DS1_IMG_001352,DS1_IMG_001353,earring_5,earring_5,1,1,Earrings,Earrings,train,1,positive,
DS1_IMG_001352__DS1_IMG_001915,DS1_IMG_001352,DS1_IMG_001915,earring_5,IMG_0555_d4b9ccc1,1,2,Earrings,Necklace,train,0,negative,cross_category
DS1_IMG_001352__DS1_IMG_002156,DS1_IMG_001352,DS1_IMG_002156,earring_5,IMG_1336_fa158a54,1,2,Earrings,Necklace,train,0,negative,cross_category
DS1_IMG_001352__DS1_IMG_003992,DS1_IMG_001352,DS1_IMG_003992,earring_5,necklace_20241125_122545_8181cfe3,1,3,Earrings,Pendant,train,0,negative,cross_category
DS1_IMG_001352__DS1_IMG_004268,DS1_IMG_001352,DS1_IMG_004268,earring_5,ring_159,1,4,Earrings,Ring,train,0,negative,cross_category
DS1_IMG_001352__DS1_IMG_004328,DS1_IMG_001352,DS1_IMG_004328,earring_5,wedding-rings-jewellery-png-31,1,4,Earrings,Ring,train,0,negative,cross_category
DS1_IMG_001353__DS1_IMG_001940,DS1_IMG_001353,DS1_IMG_001940,earring_5,IMG_0568_75bfef59,1,2,Earrings,Necklace,train,0,negative,cross_category
DS1_IMG_001353__DS1_IMG_003249,DS1_IMG_001353,DS1_IMG_003249,earring_5,IMG_3553_3e30796c,1,2,Earrings,Necklace,train,0,negative,cross_category
DS1_IMG_001353__DS1_IMG_003388,DS1_IMG_001353,DS1_IMG_003388,earring_5,necklace_135,1,2,Earrings,Necklace,train,0,negative,cross_category
DS1_IMG_001358__DS1_IMG_001359,DS1_IMG_001358,DS1_IMG_001359,earring_72,earring_72,1,1,Earrings,Earrings,train,1,positive,
DS1_IMG_001358__DS1_IMG_001360,DS1_IMG_001358,DS1_IMG_001360,earring_72,earring_72,1,1,Earrings,Earrings,train,1,positive,
DS1_IMG_001358__DS1_IMG_002818,DS1_IMG_001358,DS1_IMG_002818,earring_72,IMG_2376_0441f512,1,2,Earrings,Necklace,train,0,negative,cross_category
DS1_IMG_001359__DS1_IMG_001360,DS1_IMG_001359,DS1_IMG_001360,earring_72,earring_72,1,1,Earrings,Earrings,train,1,positive,
DS1_IMG_001359__DS1_IMG_004271,DS1_IMG_001359,DS1_IMG_004271,earring_72,ring_162,1,4,Earrings,Ring,train,0,negative,cross_category
DS1_IMG_001361__DS1_IMG_001362,DS1_IMG_001361,DS1_IMG_001362,earring_73,earring_73,1,1,Earrings,Earrings,train,1,positive,
DS1_IMG_001361__DS1_IMG_001363,DS1_IMG_001361,DS1_IMG_001363,earring_73,earring_73,1,1,Earrings,Earrings,train,1,positive,
DS1_IMG_001361__DS1_IMG_001644,DS1_IMG_001361,DS1_IMG_001644,earring_73,IMG_0375_8dd90976,1,2,Earrings,Necklace,train,0,negative,cross_category
DS1_IMG_001361__DS1_IMG_004051,DS1_IMG_001361,DS1_IMG_004051,earring_73,Screenshot_20181116-204341_1542449441847,1,4,Earrings,Ring,train,0,negative,cross_category
DS1_IMG_001362__DS1_IMG_001363,DS1_IMG_001362,DS1_IMG_001363,earring_73,earring_73,1,1,Earrings,Earrings,train,1,positive,
DS1_IMG_001362__DS1_IMG_003906,DS1_IMG_001362,DS1_IMG_003906,earring_73,IMG_2907_4bcb0ae7,1,3,Earrings,Pendant,train,0,negative,cross_category
DS1_IMG_001363__DS1_IMG_002267,DS1_IMG_001363,DS1_IMG_002267,earring_73,IMG_1435_aec49ee8,1,2,Earrings,Necklace,train,0,negative,cross_category
DS1_IMG_001363__DS1_IMG_003235,DS1_IMG_001363,DS1_IMG_003235,earring_73,IMG_3542_6f3662d1,1,2,Earrings,Necklace,train,0,negative,cross_category
DS1_IMG_001363__DS1_IMG_004108,DS1_IMG_001363,DS1_IMG_004108,earring_73,ring_069,1,4,Earrings,Ring,train,0,negative,cross_category
DS1_IMG_001364__DS1_IMG_001365,DS1_IMG_001364,DS1_IMG_001365,earring_76,earring_76,1,1,Earrings,Earrings,train,1,positive,
DS1_IMG_001364__DS1_IMG_001366,DS1_IMG_001364,DS1_IMG_001366,earring_76,earring_76,1,1,Earrings,Earrings,train,1,positive,
DS1_IMG_001364__DS1_IMG_003741,DS1_IMG_001364,DS1_IMG_003741,earring_76,IMG_0862_36a7b364,1,3,Earrings,Pendant,train,0,negative,cross_category
DS1_IMG_001364__DS1_IMG_003948,DS1_IMG_001364,DS1_IMG_003948,earring_76,IMG_3503_4d37f1fe,1,3,Earrings,Pendant,train,0,negative,cross_category
DS1_IMG_001365__DS1_IMG_001366,DS1_IMG_001365,DS1_IMG_001366,earring_76,earring_76,1,1,Earrings,Earrings,train,1,positive,
DS1_IMG_001366__DS1_IMG_002251,DS1_IMG_001366,DS1_IMG_002251,earring_76,IMG_1426_737cab57,1,2,Earrings,Necklace,train,0,negative,cross_category
DS1_IMG_001366__DS1_IMG_003682,DS1_IMG_001366,DS1_IMG_003682,earring_76,IMG_0457_cb73a0c4,1,3,Earrings,Pendant,train,0,negative,cross_category
DS1_IMG_001370__DS1_IMG_001371,DS1_IMG_001370,DS1_IMG_001371,earring_7,earring_7,1,1,Earrings,Earrings,train,1,positive,
DS1_IMG_001370__DS1_IMG_003672,DS1_IMG_001370,DS1_IMG_003672,earring_7,IMG_0391_13077dff,1,3,Earrings,Pendant,train,0,negative,cross_category
DS1_IMG_001370__DS1_IMG_004077,DS1_IMG_001370,DS1_IMG_004077,earring_7,ring_049,1,4,Earrings,Ring,train,0,negative,cross_category
DS1_IMG_001371__DS1_IMG_001688,DS1_IMG_001371,DS1_IMG_001688,earring_7,IMG_0403_66e58417,1,2,Earrings,Necklace,train,0,negative,cross_category
DS1_IMG_001371__DS1_IMG_001958,DS1_IMG_001371,DS1_IMG_001958,earring_7,IMG_0575_d24d70ee,1,2,Earrings,Necklace,train,0,negative,cross_category
DS1_IMG_001372__DS1_IMG_001373,DS1_IMG_001372,DS1_IMG_001373,earring_82,earring_82,1,1,Earrings,Earrings,train,1,positive,
DS1_IMG_001372__DS1_IMG_001374,DS1_IMG_001372,DS1_IMG_001374,earring_82,earring_82,1,1,Earrings,Earrings,train,1,positive,
DS1_IMG_001373__DS1_IMG_001374,DS1_IMG_001373,DS1_IMG_001374,earring_82,earring_82,1,1,Earrings,Earrings,train,1,positive,
DS1_IMG_001373__DS1_IMG_003882,DS1_IMG_001373,DS1_IMG_003882,earring_82,IMG_2870_451f1def,1,3,Earrings,Pendant,train,0,negative,cross_category
DS1_IMG_001374__DS1_IMG_002101,DS1_IMG_001374,DS1_IMG_002101,earring_82,IMG_1307_f75838a8,1,2,Earrings,Necklace,train,0,negative,cross_category
DS1_IMG_001374__DS1_IMG_002199,DS1_IMG_001374,DS1_IMG_002199,earring_82,IMG_1381_a38c3673,1,2,Earrings,Necklace,train,0,negative,cross_category
DS1_IMG_001374__DS1_IMG_003903,DS1_IMG_001374,DS1_IMG_003903,earring_82,IMG_2901_79d86e58,1,3,Earrings,Pendant,train,0,negative,cross_category
DS1_IMG_001374__DS1_IMG_003950,DS1_IMG_001374,DS1_IMG_003950,earring_82,IMG_3508_c0ed2d28,1,3,Earrings,Pendant,train,0,negative,cross_category
DS1_IMG_001375__DS1_IMG_001376,DS1_IMG_001375,DS1_IMG_001376,earring_83,earring_83,1,1,Earrings,Earrings,train,1,positive,
DS1_IMG_001375__DS1_IMG_003906,DS1_IMG_001375,DS1_IMG_003906,earring_83,IMG_2907_4bcb0ae7,1,3,Earrings,Pendant,train,0,negative,cross_category
DS1_IMG_001375__DS1_IMG_004057,DS1_IMG_001375,DS1_IMG_004057,earring_83,Screenshot_20181116-204417_1542449390654,1,4,Earrings,Ring,train,0,negative,cross_category
DS1_IMG_001375__DS1_IMG_004259,DS1_IMG_001375,DS1_IMG_004259,earring_83,ring_156,1,4,Earrings,Ring,train,0,negative,cross_category
DS1_IMG_001376__DS1_IMG_003919,DS1_IMG_001376,DS1_IMG_003919,earring_83,IMG_2918_dbac9ef3,1,3,Earrings,Pendant,train,0,negative,cross_category
DS1_IMG_001377__DS1_IMG_001378,DS1_IMG_001377,DS1_IMG_001378,earring_88,earring_88,1,1,Earrings,Earrings,train,1,positive,
DS1_IMG_001377__DS1_IMG_001379,DS1_IMG_001377,DS1_IMG_001379,earring_88,earring_88,1,1,Earrings,Earrings,train,1,positive,
DS1_IMG_001377__DS1_IMG_001753,DS1_IMG_001377,DS1_IMG_001753,earring_88,IMG_0446-1-_49de66a8,1,2,Earrings,Necklace,train,0,negative,cross_category
DS1_IMG_001377__DS1_IMG_003467,DS1_IMG_001377,DS1_IMG_003467,earring_88,necklace_20241125_122545_00818181,1,2,Earrings,Necklace,train,0,negative,cross_category
DS1_IMG_001377__DS1_IMG_004007,DS1_IMG_001377,DS1_IMG_004007,earring_88,other_20241125_122403_8383c799,1,3,Earrings,Pendant,train,0,negative,cross_category
DS1_IMG_001377__DS1_IMG_004167,DS1_IMG_001377,DS1_IMG_004167,earring_88,ring_096,1,4,Earrings,Ring,train,0,negative,cross_category
DS1_IMG_001378__DS1_IMG_001379,DS1_IMG_001378,DS1_IMG_001379,earring_88,earring_88,1,1,Earrings,Earrings,train,1,positive,
DS1_IMG_001378__DS1_IMG_004027,DS1_IMG_001378,DS1_IMG_004027,earring_88,Screenshot_20181116-203109_1542449890237,1,4,Earrings,Ring,train,0,negative,cross_category
DS1_IMG_001379__DS1_IMG_003732,DS1_IMG_001379,DS1_IMG_003732,earring_88,IMG_0858_52572277,1,3,Earrings,Pendant,train,0,negative,cross_category
DS1_IMG_001379__DS1_IMG_004034,DS1_IMG_001379,DS1_IMG_004034,earring_88,Screenshot_20181116-203347_1542449724585,1,4,Earrings,Ring,train,0,negative,cross_category
DS1_IMG_001380__DS1_IMG_001381,DS1_IMG_001380,DS1_IMG_001381,earring_89,earring_89,1,1,Earrings,Earrings,train,1,positive,
DS1_IMG_001380__DS1_IMG_001382,DS1_IMG_001380,DS1_IMG_001382,earring_89,earring_89,1,1,Earrings,Earrings,train,1,positive,
DS1_IMG_001380__DS1_IMG_004288,DS1_IMG_001380,DS1_IMG_004288,earring_89,ring_170,1,4,Earrings,Ring,train,0,negative,cross_category
DS1_IMG_001381__DS1_IMG_001382,DS1_IMG_001381,DS1_IMG_001382,earring_89,earring_89,1,1,Earrings,Earrings,train,1,positive,
DS1_IMG_001382__DS1_IMG_004205,DS1_IMG_001382,DS1_IMG_004205,earring_89,ring_121,1,4,Earrings,Ring,train,0,negative,cross_category
DS1_IMG_001382__DS1_IMG_004229,DS1_IMG_001382,DS1_IMG_004229,earring_89,ring_135,1,4,Earrings,Ring,train,0,negative,cross_category
DS1_IMG_001383__DS1_IMG_001384,DS1_IMG_001383,DS1_IMG_001384,earring_94,earring_94,1,1,Earrings,Earrings,train,1,positive,
DS1_IMG_001383__DS1_IMG_001385,DS1_IMG_001383,DS1_IMG_001385,earring_94,earring_94,1,1,Earrings,Earrings,train,1,positive,
DS1_IMG_001383__DS1_IMG_004221,DS1_IMG_001383,DS1_IMG_004221,earring_94,ring_130,1,4,Earrings,Ring,train,0,negative,cross_category
DS1_IMG_001383__DS1_IMG_004287,DS1_IMG_001383,DS1_IMG_004287,earring_94,ring_168,1,4,Earrings,Ring,train,0,negative,cross_category
DS1_IMG_001384__DS1_IMG_001385,DS1_IMG_001384,DS1_IMG_001385,earring_94,earring_94,1,1,Earrings,Earrings,train,1,positive,
DS1_IMG_001384__DS1_IMG_003041,DS1_IMG_001384,DS1_IMG_003041,earring_94,IMG_3054_8e0538e4,1,2,Earrings,Necklace,train,0,negative,cross_category
DS1_IMG_001384__DS1_IMG_004270,DS1_IMG_001384,DS1_IMG_004270,earring_94,ring_162,1,4,Earrings,Ring,train,0,negative,cross_category
DS1_IMG_001385__DS1_IMG_004260,DS1_IMG_001385,DS1_IMG_004260,earring_94,ring_156,1,4,Earrings,Ring,train,0,negative,cross_category
DS1_IMG_001386__DS1_IMG_001387,DS1_IMG_001386,DS1_IMG_001387,earring_98,earring_98,1,1,Earrings,Earrings,train,1,positive,
DS1_IMG_001386__DS1_IMG_001388,DS1_IMG_001386,DS1_IMG_001388,earring_98,earring_98,1,1,Earrings,Earrings,train,1,positive,
DS1_IMG_001386__DS1_IMG_003340,DS1_IMG_001386,DS1_IMG_003340,earring_98,IMG_3606_f3d57d9f,1,2,Earrings,Necklace,train,0,negative,cross_category
DS1_IMG_001386__DS1_IMG_004018,DS1_IMG_001386,DS1_IMG_004018,earring_98,Screenshot_20181116-202810_1542452183994,1,4,Earrings,Ring,train,0,negative,cross_category
DS1_IMG_001387__DS1_IMG_001388,DS1_IMG_001387,DS1_IMG_001388,earring_98,earring_98,1,1,Earrings,Earrings,train,1,positive,
DS1_IMG_001387__DS1_IMG_003943,DS1_IMG_001387,DS1_IMG_003943,earring_98,IMG_2943_c72380bb,1,3,Earrings,Pendant,train,0,negative,cross_category
DS1_IMG_001387__DS1_IMG_003958,DS1_IMG_001387,DS1_IMG_003958,earring_98,necklace_124,1,3,Earrings,Pendant,train,0,negative,cross_category
DS1_IMG_001387__DS1_IMG_004174,DS1_IMG_001387,DS1_IMG_004174,earring_98,ring_099,1,4,Earrings,Ring,train,0,negative,cross_category
DS1_IMG_001389__DS1_IMG_001390,DS1_IMG_001389,DS1_IMG_001390,earring_99,earring_99,1,1,Earrings,Earrings,train,1,positive,
DS1_IMG_001389__DS1_IMG_001391,DS1_IMG_001389,DS1_IMG_001391,earring_99,earring_99,1,1,Earrings,Earrings,train,1,positive,
DS1_IMG_001389__DS1_IMG_003727,DS1_IMG_001389,DS1_IMG_003727,earring_99,IMG_0842_54be0d37,1,3,Earrings,Pendant,train,0,negative,cross_category
DS1_IMG_001390__DS1_IMG_001391,DS1_IMG_001390,DS1_IMG_001391,earring_99,earring_99,1,1,Earrings,Earrings,train,1,positive,
DS1_IMG_001390__DS1_IMG_002585,DS1_IMG_001390,DS1_IMG_002585,earring_99,IMG_2141_c94e8e9a,1,2,Earrings,Necklace,train,0,negative,cross_category
DS1_IMG_001390__DS1_IMG_003941,DS1_IMG_001390,DS1_IMG_003941,earring_99,IMG_2943_c72380bb,1,3,Earrings,Pendant,train,0,negative,cross_category
DS1_IMG_001391__DS1_IMG_003899,DS1_IMG_001391,DS1_IMG_003899,earring_99,IMG_2900_b470bf1b,1,3,Earrings,Pendant,train,0,negative,cross_category
DS1_IMG_001392__DS1_IMG_001393,DS1_IMG_001392,DS1_IMG_001393,earring_9,earring_9,1,1,Earrings,Earrings,train,1,positive,
DS1_IMG_001392__DS1_IMG_001394,DS1_IMG_001392,DS1_IMG_001394,earring_9,earring_9,1,1,Earrings,Earrings,train,1,positive,
DS1_IMG_001392__DS1_IMG_003630,DS1_IMG_001392,DS1_IMG_003630,earring_9,necklace_77,1,2,Earrings,Necklace,train,0,negative,cross_category
DS1_IMG_001392__DS1_IMG_004163,DS1_IMG_001392,DS1_IMG_004163,earring_9,ring_095,1,4,Earrings,Ring,train,0,negative,cross_category
DS1_IMG_001393__DS1_IMG_001394,DS1_IMG_001393,DS1_IMG_001394,earring_9,earring_9,1,1,Earrings,Earrings,train,1,positive,
DS1_IMG_001393__DS1_IMG_002388,DS1_IMG_001393,DS1_IMG_002388,earring_9,IMG_1522_a06d2db5,1,2,Earrings,Necklace,train,0,negative,cross_category
DS1_IMG_001393__DS1_IMG_003957,DS1_IMG_001393,DS1_IMG_003957,earring_9,necklace_124,1,3,Earrings,Pendant,train,0,negative,cross_category
DS1_IMG_001394__DS1_IMG_004195,DS1_IMG_001394,DS1_IMG_004195,earring_9,ring_113,1,4,Earrings,Ring,train,0,negative,cross_category
DS1_IMG_001398__DS1_IMG_001399,DS1_IMG_001398,DS1_IMG_001399,images-25-,images-25-,1,1,Earrings,Earrings,train,1,positive,
DS1_IMG_001398__DS1_IMG_001400,DS1_IMG_001398,DS1_IMG_001400,images-25-,images-25-,1,1,Earrings,Earrings,train,1,positive,
DS1_IMG_001398__DS1_IMG_003406,DS1_IMG_001398,DS1_IMG_003406,images-25-,necklace_165,1,2,Earrings,Necklace,train,0,negative,cross_category
DS1_IMG_001398__DS1_IMG_003443,DS1_IMG_001398,DS1_IMG_003443,images-25-,necklace_20241125_122545_00103fbf,1,2,Earrings,Necklace,train,0,negative,cross_category
DS1_IMG_001399__DS1_IMG_001400,DS1_IMG_001399,DS1_IMG_001400,images-25-,images-25-,1,1,Earrings,Earrings,train,1,positive,
DS1_IMG_001399__DS1_IMG_001630,DS1_IMG_001399,DS1_IMG_001630,images-25-,IMG_0368_aab176d5,1,2,Earrings,Necklace,train,0,negative,cross_category
DS1_IMG_001399__DS1_IMG_002089,DS1_IMG_001399,DS1_IMG_002089,images-25-,IMG_1298_c573ac13,1,2,Earrings,Necklace,train,0,negative,cross_category
DS1_IMG_001399__DS1_IMG_002823,DS1_IMG_001399,DS1_IMG_002823,images-25-,IMG_2380_34440aaf,1,2,Earrings,Necklace,train,0,negative,cross_category
DS1_IMG_001400__DS1_IMG_003342,DS1_IMG_001400,DS1_IMG_003342,images-25-,IMG_3606_f3d57d9f,1,2,Earrings,Necklace,train,0,negative,cross_category
DS1_IMG_001400__DS1_IMG_004048,DS1_IMG_001400,DS1_IMG_004048,images-25-,Screenshot_20181116-204235_1542449500589,1,4,Earrings,Ring,train,0,negative,cross_category
DS1_IMG_001400__DS1_IMG_004319,DS1_IMG_001400,DS1_IMG_004319,images-25-,ring_188,1,4,Earrings,Ring,train,0,negative,cross_category
DS1_IMG_001401__DS1_IMG_001402,DS1_IMG_001401,DS1_IMG_001402,images-29-,images-29-,1,1,Earrings,Earrings,train,1,positive,
DS1_IMG_001401__DS1_IMG_001403,DS1_IMG_001401,DS1_IMG_001403,images-29-,images-29-,1,1,Earrings,Earrings,train,1,positive,
DS1_IMG_001401__DS1_IMG_001791,DS1_IMG_001401,DS1_IMG_001791,images-29-,IMG_0489-1-_27e95fd4,1,2,Earrings,Necklace,train,0,negative,cross_category
DS1_IMG_001401__DS1_IMG_003509,DS1_IMG_001401,DS1_IMG_003509,images-29-,necklace_20241125_122545_40474143,1,2,Earrings,Necklace,train,0,negative,cross_category
DS1_IMG_001401__DS1_IMG_004149,DS1_IMG_001401,DS1_IMG_004149,images-29-,ring_088,1,4,Earrings,Ring,train,0,negative,cross_category
DS1_IMG_001402__DS1_IMG_001403,DS1_IMG_001402,DS1_IMG_001403,images-29-,images-29-,1,1,Earrings,Earrings,train,1,positive,
DS1_IMG_001402__DS1_IMG_002078,DS1_IMG_001402,DS1_IMG_002078,images-29-,IMG_0934_527e6c46,1,2,Earrings,Necklace,train,0,negative,cross_category
DS1_IMG_001403__DS1_IMG_001644,DS1_IMG_001403,DS1_IMG_001644,images-29-,IMG_0375_8dd90976,1,2,Earrings,Necklace,train,0,negative,cross_category
DS1_IMG_001403__DS1_IMG_003981,DS1_IMG_001403,DS1_IMG_003981,images-29-,necklace_20241125_122545_3ef84081,1,3,Earrings,Pendant,train,0,negative,cross_category
DS1_IMG_001403__DS1_IMG_004007,DS1_IMG_001403,DS1_IMG_004007,images-29-,other_20241125_122403_8383c799,1,3,Earrings,Pendant,train,0,negative,cross_category
DS1_IMG_001404__DS1_IMG_001405,DS1_IMG_001404,DS1_IMG_001405,images-3-,images-3-,1,1,Earrings,Earrings,train,1,positive,
DS1_IMG_001404__DS1_IMG_001406,DS1_IMG_001404,DS1_IMG_001406,images-3-,images-3-,1,1,Earrings,Earrings,train,1,positive,
DS1_IMG_001405__DS1_IMG_001406,DS1_IMG_001405,DS1_IMG_001406,images-3-,images-3-,1,1,Earrings,Earrings,train,1,positive,
DS1_IMG_001405__DS1_IMG_001997,DS1_IMG_001405,DS1_IMG_001997,images-3-,IMG_0593_9dbd2a91,1,2,Earrings,Necklace,train,0,negative,cross_category
DS1_IMG_001405__DS1_IMG_003792,DS1_IMG_001405,DS1_IMG_003792,images-3-,IMG_2275_5f527887,1,3,Earrings,Pendant,train,0,negative,cross_category
DS1_IMG_001406__DS1_IMG_003810,DS1_IMG_001406,DS1_IMG_003810,images-3-,IMG_2456_13fd8ff6,1,3,Earrings,Pendant,train,0,negative,cross_category
DS1_IMG_001406__DS1_IMG_003962,DS1_IMG_001406,DS1_IMG_003962,images-3-,necklace_20241125_122545_01000080,1,3,Earrings,Pendant,train,0,negative,cross_category
DS1_IMG_001406__DS1_IMG_004000,DS1_IMG_001406,DS1_IMG_004000,images-3-,necklace_78,1,3,Earrings,Pendant,train,0,negative,cross_category
DS1_IMG_001407__DS1_IMG_001408,DS1_IMG_001407,DS1_IMG_001408,images-30-,images-30-,1,1,Earrings,Earrings,train,1,positive,
DS1_IMG_001407__DS1_IMG_001409,DS1_IMG_001407,DS1_IMG_001409,images-30-,images-30-,1,1,Earrings,Earrings,train,1,positive,
DS1_IMG_001408__DS1_IMG_001409,DS1_IMG_001408,DS1_IMG_001409,images-30-,images-30-,1,1,Earrings,Earrings,train,1,positive,
DS1_IMG_001408__DS1_IMG_004245,DS1_IMG_001408,DS1_IMG_004245,images-30-,ring_147,1,4,Earrings,Ring,train,0,negative,cross_category
DS1_IMG_001409__DS1_IMG_003908,DS1_IMG_001409,DS1_IMG_003908,images-30-,IMG_2911_4bf24190,1,3,Earrings,Pendant,train,0,negative,cross_category
DS1_IMG_001409__DS1_IMG_004298,DS1_IMG_001409,DS1_IMG_004298,images-30-,ring_179,1,4,Earrings,Ring,train,0,negative,cross_category
DS1_IMG_001410__DS1_IMG_001411,DS1_IMG_001410,DS1_IMG_001411,images-31-,images-31-,1,1,Earrings,Earrings,train,1,positive,
DS1_IMG_001410__DS1_IMG_001412,DS1_IMG_001410,DS1_IMG_001412,images-31-,images-31-,1,1,Earrings,Earrings,train,1,positive,
DS1_IMG_001410__DS1_IMG_003993,DS1_IMG_001410,DS1_IMG_003993,images-31-,necklace_20241125_122545_8181cfe3,1,3,Earrings,Pendant,train,0,negative,cross_category
DS1_IMG_001410__DS1_IMG_004168,DS1_IMG_001410,DS1_IMG_004168,images-31-,ring_096,1,4,Earrings,Ring,train,0,negative,cross_category
DS1_IMG_001411__DS1_IMG_001412,DS1_IMG_001411,DS1_IMG_001412,images-31-,images-31-,1,1,Earrings,Earrings,train,1,positive,
DS1_IMG_001411__DS1_IMG_002731,DS1_IMG_001411,DS1_IMG_002731,images-31-,IMG_2266_da4b82ff,1,2,Earrings,Necklace,train,0,negative,cross_category
DS1_IMG_001416__DS1_IMG_001417,DS1_IMG_001416,DS1_IMG_001417,images-37-,images-37-,1,1,Earrings,Earrings,train,1,positive,
DS1_IMG_001416__DS1_IMG_001418,DS1_IMG_001416,DS1_IMG_001418,images-37-,images-37-,1,1,Earrings,Earrings,train,1,positive,
DS1_IMG_001416__DS1_IMG_003715,DS1_IMG_001416,DS1_IMG_003715,images-37-,IMG_0753_2ca36338,1,3,Earrings,Pendant,train,0,negative,cross_category
DS1_IMG_001416__DS1_IMG_003879,DS1_IMG_001416,DS1_IMG_003879,images-37-,IMG_2862_dc66ea02,1,3,Earrings,Pendant,train,0,negative,cross_category
DS1_IMG_001417__DS1_IMG_001418,DS1_IMG_001417,DS1_IMG_001418,images-37-,images-37-,1,1,Earrings,Earrings,train,1,positive,
DS1_IMG_001417__DS1_IMG_003738,DS1_IMG_001417,DS1_IMG_003738,images-37-,IMG_0860_40d0505f,1,3,Earrings,Pendant,train,0,negative,cross_category
DS1_IMG_001418__DS1_IMG_001796,DS1_IMG_001418,DS1_IMG_001796,images-37-,IMG_0496_22d9fcf1,1,2,Earrings,Necklace,train,0,negative,cross_category
DS1_IMG_001418__DS1_IMG_003984,DS1_IMG_001418,DS1_IMG_003984,images-37-,necklace_20241125_122545_3efef2e3,1,3,Earrings,Pendant,train,0,negative,cross_category
DS1_IMG_001419__DS1_IMG_001420,DS1_IMG_001419,DS1_IMG_001420,images-38-,images-38-,1,1,Earrings,Earrings,train,1,positive,
DS1_IMG_001419__DS1_IMG_001421,DS1_IMG_001419,DS1_IMG_001421,images-38-,images-38-,1,1,Earrings,Earrings,train,1,positive,
DS1_IMG_001419__DS1_IMG_002490,DS1_IMG_001419,DS1_IMG_002490,images-38-,IMG_1633_f37c3c0e,1,2,Earrings,Necklace,train,0,negative,cross_category
DS1_IMG_001419__DS1_IMG_002943,DS1_IMG_001419,DS1_IMG_002943,images-38-,IMG_2852_b8fec241,1,2,Earrings,Necklace,train,0,negative,cross_category
DS1_IMG_001420__DS1_IMG_001421,DS1_IMG_001420,DS1_IMG_001421,images-38-,images-38-,1,1,Earrings,Earrings,train,1,positive,
DS1_IMG_001420__DS1_IMG_002409,DS1_IMG_001420,DS1_IMG_002409,images-38-,IMG_1542_c869448e,1,2,Earrings,Necklace,train,0,negative,cross_category
DS1_IMG_001421__DS1_IMG_003974,DS1_IMG_001421,DS1_IMG_003974,images-38-,necklace_20241125_122545_20212176,1,3,Earrings,Pendant,train,0,negative,cross_category
DS1_IMG_001425__DS1_IMG_001426,DS1_IMG_001425,DS1_IMG_001426,images-4-,images-4-,1,1,Earrings,Earrings,train,1,positive,
DS1_IMG_001425__DS1_IMG_001427,DS1_IMG_001425,DS1_IMG_001427,images-4-,images-4-,1,1,Earrings,Earrings,train,1,positive,
DS1_IMG_001425__DS1_IMG_002658,DS1_IMG_001425,DS1_IMG_002658,images-4-,IMG_2219_8b9cd0ea,1,2,Earrings,Necklace,train,0,negative,cross_category
DS1_IMG_001426__DS1_IMG_001427,DS1_IMG_001426,DS1_IMG_001427,images-4-,images-4-,1,1,Earrings,Earrings,train,1,positive,
DS1_IMG_001426__DS1_IMG_003745,DS1_IMG_001426,DS1_IMG_003745,images-4-,IMG_0863_4e8ef7be,1,3,Earrings,Pendant,train,0,negative,cross_category
DS1_IMG_001426__DS1_IMG_004153,DS1_IMG_001426,DS1_IMG_004153,images-4-,ring_089,1,4,Earrings,Ring,train,0,negative,cross_category
DS1_IMG_001428__DS1_IMG_001429,DS1_IMG_001428,DS1_IMG_001429,images-40-,images-40-,1,1,Earrings,Earrings,train,1,positive,
DS1_IMG_001428__DS1_IMG_001430,DS1_IMG_001428,DS1_IMG_001430,images-40-,images-40-,1,1,Earrings,Earrings,train,1,positive,
DS1_IMG_001429__DS1_IMG_001430,DS1_IMG_001429,DS1_IMG_001430,images-40-,images-40-,1,1,Earrings,Earrings,train,1,positive,
DS1_IMG_001429__DS1_IMG_003807,DS1_IMG_001429,DS1_IMG_003807,images-40-,IMG_2427_3a6bdae9,1,3,Earrings,Pendant,train,0,negative,cross_category
DS1_IMG_001429__DS1_IMG_003902,DS1_IMG_001429,DS1_IMG_003902,images-40-,IMG_2901_79d86e58,1,3,Earrings,Pendant,train,0,negative,cross_category
DS1_IMG_001429__DS1_IMG_004080,DS1_IMG_001429,DS1_IMG_004080,images-40-,ring_050,1,4,Earrings,Ring,train,0,negative,cross_category
DS1_IMG_001430__DS1_IMG_003498,DS1_IMG_001430,DS1_IMG_003498,images-40-,necklace_20241125_122545_189ddd9d,1,2,Earrings,Necklace,train,0,negative,cross_category
DS1_IMG_001430__DS1_IMG_003720,DS1_IMG_001430,DS1_IMG_003720,images-40-,IMG_0811_ccf24bcc,1,3,Earrings,Pendant,train,0,negative,cross_category
DS1_IMG_001430__DS1_IMG_004109,DS1_IMG_001430,DS1_IMG_004109,images-40-,ring_069,1,4,Earrings,Ring,train,0,negative,cross_category
DS1_IMG_001431__DS1_IMG_001432,DS1_IMG_001431,DS1_IMG_001432,images-44-,images-44-,1,1,Earrings,Earrings,train,1,positive,
DS1_IMG_001431__DS1_IMG_001433,DS1_IMG_001431,DS1_IMG_001433,images-44-,images-44-,1,1,Earrings,Earrings,train,1,positive,
DS1_IMG_001432__DS1_IMG_001433,DS1_IMG_001432,DS1_IMG_001433,images-44-,images-44-,1,1,Earrings,Earrings,train,1,positive,
DS1_IMG_001432__DS1_IMG_004234,DS1_IMG_001432,DS1_IMG_004234,images-44-,ring_138,1,4,Earrings,Ring,train,0,negative,cross_category
DS1_IMG_001434__DS1_IMG_001435,DS1_IMG_001434,DS1_IMG_001435,images-46-,images-46-,1,1,Earrings,Earrings,train,1,positive,
DS1_IMG_001434__DS1_IMG_001436,DS1_IMG_001434,DS1_IMG_001436,images-46-,images-46-,1,1,Earrings,Earrings,train,1,positive,
DS1_IMG_001435__DS1_IMG_001436,DS1_IMG_001435,DS1_IMG_001436,images-46-,images-46-,1,1,Earrings,Earrings,train,1,positive,
DS1_IMG_001435__DS1_IMG_001967,DS1_IMG_001435,DS1_IMG_001967,images-46-,IMG_0581_2ce97edc,1,2,Earrings,Necklace,train,0,negative,cross_category
DS1_IMG_001435__DS1_IMG_003724,DS1_IMG_001435,DS1_IMG_003724,images-46-,IMG_0841_55d04e95,1,3,Earrings,Pendant,train,0,negative,cross_category
DS1_IMG_001435__DS1_IMG_004121,DS1_IMG_001435,DS1_IMG_004121,images-46-,ring_076,1,4,Earrings,Ring,train,0,negative,cross_category
DS1_IMG_001436__DS1_IMG_002892,DS1_IMG_001436,DS1_IMG_002892,images-46-,IMG_2440_9bfdc0b2,1,2,Earrings,Necklace,train,0,negative,cross_category
DS1_IMG_001440__DS1_IMG_001441,DS1_IMG_001440,DS1_IMG_001441,images-61-,images-61-,1,1,Earrings,Earrings,train,1,positive,
DS1_IMG_001440__DS1_IMG_001442,DS1_IMG_001440,DS1_IMG_001442,images-61-,images-61-,1,1,Earrings,Earrings,train,1,positive,
DS1_IMG_001440__DS1_IMG_002432,DS1_IMG_001440,DS1_IMG_002432,images-61-,IMG_1575_9dfb858d,1,2,Earrings,Necklace,train,0,negative,cross_category
DS1_IMG_001440__DS1_IMG_003670,DS1_IMG_001440,DS1_IMG_003670,images-61-,IMG_0371_d1d4878f,1,3,Earrings,Pendant,train,0,negative,cross_category
DS1_IMG_001440__DS1_IMG_003987,DS1_IMG_001440,DS1_IMG_003987,images-61-,necklace_20241125_122545_586d69f7,1,3,Earrings,Pendant,train,0,negative,cross_category
DS1_IMG_001440__DS1_IMG_004212,DS1_IMG_001440,DS1_IMG_004212,images-61-,ring_123,1,4,Earrings,Ring,train,0,negative,cross_category
DS1_IMG_001441__DS1_IMG_001442,DS1_IMG_001441,DS1_IMG_001442,images-61-,images-61-,1,1,Earrings,Earrings,train,1,positive,
DS1_IMG_001441__DS1_IMG_003845,DS1_IMG_001441,DS1_IMG_003845,images-61-,IMG_2822_df249f8d,1,3,Earrings,Pendant,train,0,negative,cross_category
DS1_IMG_001442__DS1_IMG_003292,DS1_IMG_001442,DS1_IMG_003292,images-61-,IMG_3579_8d4406ca,1,2,Earrings,Necklace,train,0,negative,cross_category
DS1_IMG_001443__DS1_IMG_001444,DS1_IMG_001443,DS1_IMG_001444,images-67-,images-67-,1,1,Earrings,Earrings,train,1,positive,
DS1_IMG_001443__DS1_IMG_001445,DS1_IMG_001443,DS1_IMG_001445,images-67-,images-67-,1,1,Earrings,Earrings,train,1,positive,
DS1_IMG_001443__DS1_IMG_002403,DS1_IMG_001443,DS1_IMG_002403,images-67-,IMG_1539_876e76ca,1,2,Earrings,Necklace,train,0,negative,cross_category
DS1_IMG_001443__DS1_IMG_002415,DS1_IMG_001443,DS1_IMG_002415,images-67-,IMG_1557_abf86615,1,2,Earrings,Necklace,train,0,negative,cross_category
DS1_IMG_001443__DS1_IMG_004215,DS1_IMG_001443,DS1_IMG_004215,images-67-,ring_124,1,4,Earrings,Ring,train,0,negative,cross_category
DS1_IMG_001444__DS1_IMG_001445,DS1_IMG_001444,DS1_IMG_001445,images-67-,images-67-,1,1,Earrings,Earrings,train,1,positive,
DS1_IMG_001444__DS1_IMG_001756,DS1_IMG_001444,DS1_IMG_001756,images-67-,IMG_0446_a6870ce8,1,2,Earrings,Necklace,train,0,negative,cross_category
DS1_IMG_001444__DS1_IMG_002797,DS1_IMG_001444,DS1_IMG_002797,images-67-,IMG_2329_f394be88,1,2,Earrings,Necklace,train,0,negative,cross_category
DS1_IMG_001444__DS1_IMG_003874,DS1_IMG_001444,DS1_IMG_003874,images-67-,IMG_2856_b3d7e108,1,3,Earrings,Pendant,train,0,negative,cross_category
DS1_IMG_001444__DS1_IMG_003942,DS1_IMG_001444,DS1_IMG_003942,images-67-,IMG_2943_c72380bb,1,3,Earrings,Pendant,train,0,negative,cross_category
DS1_IMG_001444__DS1_IMG_004017,DS1_IMG_001444,DS1_IMG_004017,images-67-,Screenshot_20181116-202757_1542453058358,1,4,Earrings,Ring,train,0,negative,cross_category
DS1_IMG_001445__DS1_IMG_004149,DS1_IMG_001445,DS1_IMG_004149,images-67-,ring_088,1,4,Earrings,Ring,train,0,negative,cross_category
DS1_IMG_001446__DS1_IMG_001447,DS1_IMG_001446,DS1_IMG_001447,images-71-,images-71-,1,1,Earrings,Earrings,train,1,positive,
DS1_IMG_001446__DS1_IMG_001448,DS1_IMG_001446,DS1_IMG_001448,images-71-,images-71-,1,1,Earrings,Earrings,train,1,positive,
DS1_IMG_001446__DS1_IMG_003670,DS1_IMG_001446,DS1_IMG_003670,images-71-,IMG_0371_d1d4878f,1,3,Earrings,Pendant,train,0,negative,cross_category
DS1_IMG_001447__DS1_IMG_001448,DS1_IMG_001447,DS1_IMG_001448,images-71-,images-71-,1,1,Earrings,Earrings,train,1,positive,
DS1_IMG_001447__DS1_IMG_002163,DS1_IMG_001447,DS1_IMG_002163,images-71-,IMG_1343_d043a3ba,1,2,Earrings,Necklace,train,0,negative,cross_category
DS1_IMG_001448__DS1_IMG_001549,DS1_IMG_001448,DS1_IMG_001549,images-71-,IMG_0159_0913ba51,1,2,Earrings,Necklace,train,0,negative,cross_category
DS1_IMG_001448__DS1_IMG_003938,DS1_IMG_001448,DS1_IMG_003938,images-71-,IMG_2937_71e488de,1,3,Earrings,Pendant,train,0,negative,cross_category
DS1_IMG_001448__DS1_IMG_004172,DS1_IMG_001448,DS1_IMG_004172,images-71-,ring_099,1,4,Earrings,Ring,train,0,negative,cross_category
DS1_IMG_001452__DS1_IMG_001453,DS1_IMG_001452,DS1_IMG_001453,images-74-,images-74-,1,1,Earrings,Earrings,train,1,positive,
DS1_IMG_001452__DS1_IMG_001454,DS1_IMG_001452,DS1_IMG_001454,images-74-,images-74-,1,1,Earrings,Earrings,train,1,positive,
DS1_IMG_001452__DS1_IMG_001527,DS1_IMG_001452,DS1_IMG_001527,images-74-,IMG_0129_28b216fe,1,2,Earrings,Necklace,train,0,negative,cross_category
DS1_IMG_001453__DS1_IMG_001454,DS1_IMG_001453,DS1_IMG_001454,images-74-,images-74-,1,1,Earrings,Earrings,train,1,positive,
DS1_IMG_001453__DS1_IMG_001785,DS1_IMG_001453,DS1_IMG_001785,images-74-,IMG_0473_8e642e35,1,2,Earrings,Necklace,train,0,negative,cross_category
DS1_IMG_001454__DS1_IMG_004162,DS1_IMG_001454,DS1_IMG_004162,images-74-,ring_093,1,4,Earrings,Ring,train,0,negative,cross_category
DS1_IMG_001458__DS1_IMG_001459,DS1_IMG_001458,DS1_IMG_001459,images-78-,images-78-,1,1,Earrings,Earrings,train,1,positive,
DS1_IMG_001458__DS1_IMG_001747,DS1_IMG_001458,DS1_IMG_001747,images-78-,IMG_0445-1-_af8d2be9,1,2,Earrings,Necklace,train,0,negative,cross_category
DS1_IMG_001458__DS1_IMG_004222,DS1_IMG_001458,DS1_IMG_004222,images-78-,ring_130,1,4,Earrings,Ring,train,0,negative,cross_category
DS1_IMG_001460__DS1_IMG_001461,DS1_IMG_001460,DS1_IMG_001461,images-79-,images-79-,1,1,Earrings,Earrings,train,1,positive,
DS1_IMG_001460__DS1_IMG_001462,DS1_IMG_001460,DS1_IMG_001462,images-79-,images-79-,1,1,Earrings,Earrings,train,1,positive,
DS1_IMG_001460__DS1_IMG_001792,DS1_IMG_001460,DS1_IMG_001792,images-79-,IMG_0489-1-_27e95fd4,1,2,Earrings,Necklace,train,0,negative,cross_category
DS1_IMG_001461__DS1_IMG_001462,DS1_IMG_001461,DS1_IMG_001462,images-79-,images-79-,1,1,Earrings,Earrings,train,1,positive,
DS1_IMG_001461__DS1_IMG_003829,DS1_IMG_001461,DS1_IMG_003829,images-79-,IMG_2513_2e38170a,1,3,Earrings,Pendant,train,0,negative,cross_category
DS1_IMG_001461__DS1_IMG_004230,DS1_IMG_001461,DS1_IMG_004230,images-79-,ring_135,1,4,Earrings,Ring,train,0,negative,cross_category
DS1_IMG_001463__DS1_IMG_001464,DS1_IMG_001463,DS1_IMG_001464,images-8-,images-8-,1,1,Earrings,Earrings,train,1,positive,
DS1_IMG_001463__DS1_IMG_001465,DS1_IMG_001463,DS1_IMG_001465,images-8-,images-8-,1,1,Earrings,Earrings,train,1,positive,
DS1_IMG_001463__DS1_IMG_003150,DS1_IMG_001463,DS1_IMG_003150,images-8-,IMG_3502_8007ae64,1,2,Earrings,Necklace,train,0,negative,cross_category
DS1_IMG_001463__DS1_IMG_003711,DS1_IMG_001463,DS1_IMG_003711,images-8-,IMG_0733_64e5db0c,1,3,Earrings,Pendant,train,0,negative,cross_category
DS1_IMG_001464__DS1_IMG_001465,DS1_IMG_001464,DS1_IMG_001465,images-8-,images-8-,1,1,Earrings,Earrings,train,1,positive,
DS1_IMG_001464__DS1_IMG_003040,DS1_IMG_001464,DS1_IMG_003040,images-8-,IMG_3054_8e0538e4,1,2,Earrings,Necklace,train,0,negative,cross_category
DS1_IMG_001464__DS1_IMG_003610,DS1_IMG_001464,DS1_IMG_003610,images-8-,necklace_57,1,2,Earrings,Necklace,train,0,negative,cross_category
DS1_IMG_001465__DS1_IMG_004139,DS1_IMG_001465,DS1_IMG_004139,images-8-,ring_084,1,4,Earrings,Ring,train,0,negative,cross_category
DS1_IMG_001466__DS1_IMG_001467,DS1_IMG_001466,DS1_IMG_001467,images-80-,images-80-,1,1,Earrings,Earrings,train,1,positive,
DS1_IMG_001466__DS1_IMG_001468,DS1_IMG_001466,DS1_IMG_001468,images-80-,images-80-,1,1,Earrings,Earrings,train,1,positive,
DS1_IMG_001466__DS1_IMG_002129,DS1_IMG_001466,DS1_IMG_002129,images-80-,IMG_1324_ddbeb74a,1,2,Earrings,Necklace,train,0,negative,cross_category
DS1_IMG_001467__DS1_IMG_001468,DS1_IMG_001467,DS1_IMG_001468,images-80-,images-80-,1,1,Earrings,Earrings,train,1,positive,
DS1_IMG_001468__DS1_IMG_002439,DS1_IMG_001468,DS1_IMG_002439,images-80-,IMG_1580_b78f12f1,1,2,Earrings,Necklace,train,0,negative,cross_category
DS1_IMG_001468__DS1_IMG_003720,DS1_IMG_001468,DS1_IMG_003720,images-80-,IMG_0811_ccf24bcc,1,3,Earrings,Pendant,train,0,negative,cross_category
DS1_IMG_001469__DS1_IMG_001470,DS1_IMG_001469,DS1_IMG_001470,images-82-,images-82-,1,1,Earrings,Earrings,train,1,positive,
DS1_IMG_001469__DS1_IMG_001471,DS1_IMG_001469,DS1_IMG_001471,images-82-,images-82-,1,1,Earrings,Earrings,train,1,positive,
DS1_IMG_001470__DS1_IMG_001471,DS1_IMG_001470,DS1_IMG_001471,images-82-,images-82-,1,1,Earrings,Earrings,train,1,positive,
DS1_IMG_001471__DS1_IMG_002393,DS1_IMG_001471,DS1_IMG_002393,images-82-,IMG_1527_5469a3b3,1,2,Earrings,Necklace,train,0,negative,cross_category
DS1_IMG_001471__DS1_IMG_003525,DS1_IMG_001471,DS1_IMG_003525,images-82-,necklace_20241125_122545_485f5f9f,1,2,Earrings,Necklace,train,0,negative,cross_category
DS1_IMG_001471__DS1_IMG_003926,DS1_IMG_001471,DS1_IMG_003926,images-82-,IMG_2926_bb65e3e0,1,3,Earrings,Pendant,train,0,negative,cross_category
DS1_IMG_001472__DS1_IMG_001473,DS1_IMG_001472,DS1_IMG_001473,images-85-,images-85-,1,1,Earrings,Earrings,train,1,positive,
DS1_IMG_001472__DS1_IMG_001474,DS1_IMG_001472,DS1_IMG_001474,images-85-,images-85-,1,1,Earrings,Earrings,train,1,positive,
DS1_IMG_001472__DS1_IMG_002305,DS1_IMG_001472,DS1_IMG_002305,images-85-,IMG_1470_f4ebcbcc,1,2,Earrings,Necklace,train,0,negative,cross_category
DS1_IMG_001473__DS1_IMG_001474,DS1_IMG_001473,DS1_IMG_001474,images-85-,images-85-,1,1,Earrings,Earrings,train,1,positive,
DS1_IMG_001474__DS1_IMG_002000,DS1_IMG_001474,DS1_IMG_002000,images-85-,IMG_0594_d9adff21,1,2,Earrings,Necklace,train,0,negative,cross_category
DS1_IMG_001474__DS1_IMG_003905,DS1_IMG_001474,DS1_IMG_003905,images-85-,IMG_2907_4bcb0ae7,1,3,Earrings,Pendant,train,0,negative,cross_category
DS1_IMG_001474__DS1_IMG_004017,DS1_IMG_001474,DS1_IMG_004017,images-85-,Screenshot_20181116-202757_1542453058358,1,4,Earrings,Ring,train,0,negative,cross_category
DS1_IMG_001475__DS1_IMG_001476,DS1_IMG_001475,DS1_IMG_001476,images-86-,images-86-,1,1,Earrings,Earrings,train,1,positive,
DS1_IMG_001475__DS1_IMG_001477,DS1_IMG_001475,DS1_IMG_001477,images-86-,images-86-,1,1,Earrings,Earrings,train,1,positive,
DS1_IMG_001475__DS1_IMG_001998,DS1_IMG_001475,DS1_IMG_001998,images-86-,IMG_0593_9dbd2a91,1,2,Earrings,Necklace,train,0,negative,cross_category
DS1_IMG_001475__DS1_IMG_002564,DS1_IMG_001475,DS1_IMG_002564,images-86-,IMG_1868_1da28c1b,1,2,Earrings,Necklace,train,0,negative,cross_category
DS1_IMG_001475__DS1_IMG_002990,DS1_IMG_001475,DS1_IMG_002990,images-86-,IMG_2915_f1212555,1,2,Earrings,Necklace,train,0,negative,cross_category
DS1_IMG_001475__DS1_IMG_003444,DS1_IMG_001475,DS1_IMG_003444,images-86-,necklace_20241125_122545_00103fbf,1,2,Earrings,Necklace,train,0,negative,cross_category
DS1_IMG_001476__DS1_IMG_001477,DS1_IMG_001476,DS1_IMG_001477,images-86-,images-86-,1,1,Earrings,Earrings,train,1,positive,
DS1_IMG_001476__DS1_IMG_003810,DS1_IMG_001476,DS1_IMG_003810,images-86-,IMG_2456_13fd8ff6,1,3,Earrings,Pendant,train,0,negative,cross_category
DS1_IMG_001476__DS1_IMG_004194,DS1_IMG_001476,DS1_IMG_004194,images-86-,ring_113,1,4,Earrings,Ring,train,0,negative,cross_category
DS1_IMG_001477__DS1_IMG_002354,DS1_IMG_001477,DS1_IMG_002354,images-86-,IMG_1503_7c88ee1e,1,2,Earrings,Necklace,train,0,negative,cross_category
DS1_IMG_001478__DS1_IMG_001479,DS1_IMG_001478,DS1_IMG_001479,images-91-,images-91-,1,1,Earrings,Earrings,train,1,positive,
DS1_IMG_001478__DS1_IMG_001480,DS1_IMG_001478,DS1_IMG_001480,images-91-,images-91-,1,1,Earrings,Earrings,train,1,positive,
DS1_IMG_001478__DS1_IMG_002785,DS1_IMG_001478,DS1_IMG_002785,images-91-,IMG_2322_5620dcdb,1,2,Earrings,Necklace,train,0,negative,cross_category
DS1_IMG_001479__DS1_IMG_001480,DS1_IMG_001479,DS1_IMG_001480,images-91-,images-91-,1,1,Earrings,Earrings,train,1,positive,
DS1_IMG_001479__DS1_IMG_002506,DS1_IMG_001479,DS1_IMG_002506,images-91-,IMG_1653_1e4785d4,1,2,Earrings,Necklace,train,0,negative,cross_category
DS1_IMG_001479__DS1_IMG_004173,DS1_IMG_001479,DS1_IMG_004173,images-91-,ring_099,1,4,Earrings,Ring,train,0,negative,cross_category
DS1_IMG_001480__DS1_IMG_002182,DS1_IMG_001480,DS1_IMG_002182,images-91-,IMG_1357_a815d20f,1,2,Earrings,Necklace,train,0,negative,cross_category
DS1_IMG_001480__DS1_IMG_004076,DS1_IMG_001480,DS1_IMG_004076,images-91-,ring_049,1,4,Earrings,Ring,train,0,negative,cross_category
DS1_IMG_001487__DS1_IMG_001488,DS1_IMG_001487,DS1_IMG_001488,marshall_pierce_company_chicago_fine_jewelry_pearl_and_diamond_bracelet_256-10305,marshall_pierce_company_chicago_fine_jewelry_pearl_and_diamond_bracelet_256-10305,1,1,Earrings,Earrings,train,1,positive,
DS1_IMG_001487__DS1_IMG_001489,DS1_IMG_001487,DS1_IMG_001489,marshall_pierce_company_chicago_fine_jewelry_pearl_and_diamond_bracelet_256-10305,marshall_pierce_company_chicago_fine_jewelry_pearl_and_diamond_bracelet_256-10305,1,1,Earrings,Earrings,train,1,positive,
DS1_IMG_001487__DS1_IMG_001554,DS1_IMG_001487,DS1_IMG_001554,marshall_pierce_company_chicago_fine_jewelry_pearl_and_diamond_bracelet_256-10305,IMG_0187_fa1879f6,1,2,Earrings,Necklace,train,0,negative,cross_category
DS1_IMG_001487__DS1_IMG_003801,DS1_IMG_001487,DS1_IMG_003801,marshall_pierce_company_chicago_fine_jewelry_pearl_and_diamond_bracelet_256-10305,IMG_2379_ad6a1bf5,1,3,Earrings,Pendant,train,0,negative,cross_category
DS1_IMG_001487__DS1_IMG_004154,DS1_IMG_001487,DS1_IMG_004154,marshall_pierce_company_chicago_fine_jewelry_pearl_and_diamond_bracelet_256-10305,ring_091,1,4,Earrings,Ring,train,0,negative,cross_category
DS1_IMG_001488__DS1_IMG_001489,DS1_IMG_001488,DS1_IMG_001489,marshall_pierce_company_chicago_fine_jewelry_pearl_and_diamond_bracelet_256-10305,marshall_pierce_company_chicago_fine_jewelry_pearl_and_diamond_bracelet_256-10305,1,1,Earrings,Earrings,train,1,positive,
DS1_IMG_001488__DS1_IMG_001751,DS1_IMG_001488,DS1_IMG_001751,marshall_pierce_company_chicago_fine_jewelry_pearl_and_diamond_bracelet_256-10305,IMG_0446-1-_49de66a8,1,2,Earrings,Necklace,train,0,negative,cross_category
DS1_IMG_001488__DS1_IMG_003480,DS1_IMG_001488,DS1_IMG_003480,marshall_pierce_company_chicago_fine_jewelry_pearl_and_diamond_bracelet_256-10305,necklace_20241125_122545_0e1b1e2e,1,2,Earrings,Necklace,train,0,negative,cross_category
DS1_IMG_001488__DS1_IMG_003955,DS1_IMG_001488,DS1_IMG_003955,marshall_pierce_company_chicago_fine_jewelry_pearl_and_diamond_bracelet_256-10305,IMG_3515_3ed94d29,1,3,Earrings,Pendant,train,0,negative,cross_category
DS1_IMG_001488__DS1_IMG_004184,DS1_IMG_001488,DS1_IMG_004184,marshall_pierce_company_chicago_fine_jewelry_pearl_and_diamond_bracelet_256-10305,ring_110,1,4,Earrings,Ring,train,0,negative,cross_category
DS1_IMG_001490__DS1_IMG_001491,DS1_IMG_001490,DS1_IMG_001491,necklace_20241125_122545_0000c0fc,necklace_20241125_122545_0000c0fc,1,1,Earrings,Earrings,train,1,positive,
DS1_IMG_001490__DS1_IMG_001492,DS1_IMG_001490,DS1_IMG_001492,necklace_20241125_122545_0000c0fc,necklace_20241125_122545_0000c0fc,1,1,Earrings,Earrings,train,1,positive,
DS1_IMG_001491__DS1_IMG_001492,DS1_IMG_001491,DS1_IMG_001492,necklace_20241125_122545_0000c0fc,necklace_20241125_122545_0000c0fc,1,1,Earrings,Earrings,train,1,positive,
DS1_IMG_001492__DS1_IMG_003673,DS1_IMG_001492,DS1_IMG_003673,necklace_20241125_122545_0000c0fc,IMG_0391_13077dff,1,3,Earrings,Pendant,train,0,negative,cross_category
DS1_IMG_001492__DS1_IMG_004087,DS1_IMG_001492,DS1_IMG_004087,necklace_20241125_122545_0000c0fc,ring_055,1,4,Earrings,Ring,train,0,negative,cross_category
DS1_IMG_001492__DS1_IMG_004254,DS1_IMG_001492,DS1_IMG_004254,necklace_20241125_122545_0000c0fc,ring_154,1,4,Earrings,Ring,train,0,negative,cross_category
DS1_IMG_001493__DS1_IMG_001494,DS1_IMG_001493,DS1_IMG_001494,necklace_20241125_122545_0060089f,necklace_20241125_122545_0060089f,1,1,Earrings,Earrings,train,1,positive,
DS1_IMG_001493__DS1_IMG_001495,DS1_IMG_001493,DS1_IMG_001495,necklace_20241125_122545_0060089f,necklace_20241125_122545_0060089f,1,1,Earrings,Earrings,train,1,positive,
DS1_IMG_001493__DS1_IMG_002393,DS1_IMG_001493,DS1_IMG_002393,necklace_20241125_122545_0060089f,IMG_1527_5469a3b3,1,2,Earrings,Necklace,train,0,negative,cross_category
DS1_IMG_001494__DS1_IMG_001495,DS1_IMG_001494,DS1_IMG_001495,necklace_20241125_122545_0060089f,necklace_20241125_122545_0060089f,1,1,Earrings,Earrings,train,1,positive,
DS1_IMG_001495__DS1_IMG_004020,DS1_IMG_001495,DS1_IMG_004020,necklace_20241125_122545_0060089f,Screenshot_20181116-202810_1542452183994,1,4,Earrings,Ring,train,0,negative,cross_category
DS1_IMG_001496__DS1_IMG_001497,DS1_IMG_001496,DS1_IMG_001497,necklace_20241125_122545_3ee281b9,necklace_20241125_122545_3ee281b9,1,1,Earrings,Earrings,train,1,positive,
DS1_IMG_001496__DS1_IMG_001498,DS1_IMG_001496,DS1_IMG_001498,necklace_20241125_122545_3ee281b9,necklace_20241125_122545_3ee281b9,1,1,Earrings,Earrings,train,1,positive,
DS1_IMG_001496__DS1_IMG_003866,DS1_IMG_001496,DS1_IMG_003866,necklace_20241125_122545_3ee281b9,IMG_2846_3025b335,1,3,Earrings,Pendant,train,0,negative,cross_category
DS1_IMG_001496__DS1_IMG_003956,DS1_IMG_001496,DS1_IMG_003956,necklace_20241125_122545_3ee281b9,necklace_124,1,3,Earrings,Pendant,train,0,negative,cross_category
DS1_IMG_001497__DS1_IMG_001498,DS1_IMG_001497,DS1_IMG_001498,necklace_20241125_122545_3ee281b9,necklace_20241125_122545_3ee281b9,1,1,Earrings,Earrings,train,1,positive,
DS1_IMG_001497__DS1_IMG_003927,DS1_IMG_001497,DS1_IMG_003927,necklace_20241125_122545_3ee281b9,IMG_2926_bb65e3e0,1,3,Earrings,Pendant,train,0,negative,cross_category
DS1_IMG_001498__DS1_IMG_001699,DS1_IMG_001498,DS1_IMG_001699,necklace_20241125_122545_3ee281b9,IMG_0408-1-_17232ae9,1,2,Earrings,Necklace,train,0,negative,cross_category
DS1_IMG_001498__DS1_IMG_003956,DS1_IMG_001498,DS1_IMG_003956,necklace_20241125_122545_3ee281b9,necklace_124,1,3,Earrings,Pendant,train,0,negative,cross_category
DS1_IMG_001499__DS1_IMG_001500,DS1_IMG_001499,DS1_IMG_001500,necklace_20241125_122546_003e5a18,necklace_20241125_122546_003e5a18,1,1,Earrings,Earrings,train,1,positive,
DS1_IMG_001499__DS1_IMG_001501,DS1_IMG_001499,DS1_IMG_001501,necklace_20241125_122546_003e5a18,necklace_20241125_122546_003e5a18,1,1,Earrings,Earrings,train,1,positive,
DS1_IMG_001500__DS1_IMG_001501,DS1_IMG_001500,DS1_IMG_001501,necklace_20241125_122546_003e5a18,necklace_20241125_122546_003e5a18,1,1,Earrings,Earrings,train,1,positive,
DS1_IMG_001500__DS1_IMG_004136,DS1_IMG_001500,DS1_IMG_004136,necklace_20241125_122546_003e5a18,ring_083,1,4,Earrings,Ring,train,0,negative,cross_category
DS1_IMG_001501__DS1_IMG_004109,DS1_IMG_001501,DS1_IMG_004109,necklace_20241125_122546_003e5a18,ring_069,1,4,Earrings,Ring,train,0,negative,cross_category
DS1_IMG_001502__DS1_IMG_001503,DS1_IMG_001502,DS1_IMG_001503,new-tassel-turquiose-silk-thread-earrings-fringe-with-resin-stone_553269_1534919450_1_600x600,new-tassel-turquiose-silk-thread-earrings-fringe-with-resin-stone_553269_1534919450_1_600x600,1,1,Earrings,Earrings,train,1,positive,
DS1_IMG_001502__DS1_IMG_001504,DS1_IMG_001502,DS1_IMG_001504,new-tassel-turquiose-silk-thread-earrings-fringe-with-resin-stone_553269_1534919450_1_600x600,new-tassel-turquiose-silk-thread-earrings-fringe-with-resin-stone_553269_1534919450_1_600x600,1,1,Earrings,Earrings,train,1,positive,
DS1_IMG_001502__DS1_IMG_003984,DS1_IMG_001502,DS1_IMG_003984,new-tassel-turquiose-silk-thread-earrings-fringe-with-resin-stone_553269_1534919450_1_600x600,necklace_20241125_122545_3efef2e3,1,3,Earrings,Pendant,train,0,negative,cross_category
DS1_IMG_001503__DS1_IMG_001504,DS1_IMG_001503,DS1_IMG_001504,new-tassel-turquiose-silk-thread-earrings-fringe-with-resin-stone_553269_1534919450_1_600x600,new-tassel-turquiose-silk-thread-earrings-fringe-with-resin-stone_553269_1534919450_1_600x600,1,1,Earrings,Earrings,train,1,positive,
DS1_IMG_001503__DS1_IMG_004037,DS1_IMG_001503,DS1_IMG_004037,new-tassel-turquiose-silk-thread-earrings-fringe-with-resin-stone_553269_1534919450_1_600x600,Screenshot_20181116-203818_1542449673275,1,4,Earrings,Ring,train,0,negative,cross_category
DS1_IMG_001503__DS1_IMG_004167,DS1_IMG_001503,DS1_IMG_004167,new-tassel-turquiose-silk-thread-earrings-fringe-with-resin-stone_553269_1534919450_1_600x600,ring_096,1,4,Earrings,Ring,train,0,negative,cross_category
DS1_IMG_001508__DS1_IMG_001509,DS1_IMG_001508,DS1_IMG_001509,other_20241125_122356_ffffdbc9,other_20241125_122356_ffffdbc9,1,1,Earrings,Earrings,train,1,positive,
DS1_IMG_001508__DS1_IMG_001510,DS1_IMG_001508,DS1_IMG_001510,other_20241125_122356_ffffdbc9,other_20241125_122356_ffffdbc9,1,1,Earrings,Earrings,train,1,positive,
DS1_IMG_001508__DS1_IMG_003158,DS1_IMG_001508,DS1_IMG_003158,other_20241125_122356_ffffdbc9,IMG_3506_ccb0e380,1,2,Earrings,Necklace,train,0,negative,cross_category
DS1_IMG_001508__DS1_IMG_003322,DS1_IMG_001508,DS1_IMG_003322,other_20241125_122356_ffffdbc9,IMG_3598_a9e38dee,1,2,Earrings,Necklace,train,0,negative,cross_category
DS1_IMG_001508__DS1_IMG_003599,DS1_IMG_001508,DS1_IMG_003599,other_20241125_122356_ffffdbc9,necklace_20241125_122545_9888989c,1,2,Earrings,Necklace,train,0,negative,cross_category
DS1_IMG_001508__DS1_IMG_003729,DS1_IMG_001508,DS1_IMG_003729,other_20241125_122356_ffffdbc9,IMG_0845_2d416634,1,3,Earrings,Pendant,train,0,negative,cross_category
DS1_IMG_001509__DS1_IMG_001510,DS1_IMG_001509,DS1_IMG_001510,other_20241125_122356_ffffdbc9,other_20241125_122356_ffffdbc9,1,1,Earrings,Earrings,train,1,positive,
DS1_IMG_001509__DS1_IMG_001576,DS1_IMG_001509,DS1_IMG_001576,other_20241125_122356_ffffdbc9,IMG_0230_f447860f,1,2,Earrings,Necklace,train,0,negative,cross_category
DS1_IMG_001509__DS1_IMG_003911,DS1_IMG_001509,DS1_IMG_003911,other_20241125_122356_ffffdbc9,IMG_2912_9176f0b9,1,3,Earrings,Pendant,train,0,negative,cross_category
DS1_IMG_001509__DS1_IMG_004252,DS1_IMG_001509,DS1_IMG_004252,other_20241125_122356_ffffdbc9,ring_154,1,4,Earrings,Ring,train,0,negative,cross_category
DS1_IMG_001510__DS1_IMG_001641,DS1_IMG_001510,DS1_IMG_001641,other_20241125_122356_ffffdbc9,IMG_0374_482d525e,1,2,Earrings,Necklace,train,0,negative,cross_category
DS1_IMG_001510__DS1_IMG_001687,DS1_IMG_001510,DS1_IMG_001687,other_20241125_122356_ffffdbc9,IMG_0400_49c223c9,1,2,Earrings,Necklace,train,0,negative,cross_category
DS1_IMG_001510__DS1_IMG_001802,DS1_IMG_001510,DS1_IMG_001802,other_20241125_122356_ffffdbc9,IMG_0497-1-_991979e3,1,2,Earrings,Necklace,train,0,negative,cross_category
DS1_IMG_001511__DS1_IMG_001512,DS1_IMG_001511,DS1_IMG_001512,other_20241125_122356_fffffbdb,other_20241125_122356_fffffbdb,1,1,Earrings,Earrings,train,1,positive,
DS1_IMG_001511__DS1_IMG_001513,DS1_IMG_001511,DS1_IMG_001513,other_20241125_122356_fffffbdb,other_20241125_122356_fffffbdb,1,1,Earrings,Earrings,train,1,positive,
DS1_IMG_001511__DS1_IMG_003129,DS1_IMG_001511,DS1_IMG_003129,other_20241125_122356_fffffbdb,IMG_3482_4e81cc09,1,2,Earrings,Necklace,train,0,negative,cross_category
DS1_IMG_001511__DS1_IMG_003983,DS1_IMG_001511,DS1_IMG_003983,other_20241125_122356_fffffbdb,necklace_20241125_122545_3efef2e3,1,3,Earrings,Pendant,train,0,negative,cross_category
DS1_IMG_001511__DS1_IMG_004234,DS1_IMG_001511,DS1_IMG_004234,other_20241125_122356_fffffbdb,ring_138,1,4,Earrings,Ring,train,0,negative,cross_category
DS1_IMG_001512__DS1_IMG_001513,DS1_IMG_001512,DS1_IMG_001513,other_20241125_122356_fffffbdb,other_20241125_122356_fffffbdb,1,1,Earrings,Earrings,train,1,positive,
DS1_IMG_001512__DS1_IMG_003802,DS1_IMG_001512,DS1_IMG_003802,other_20241125_122356_fffffbdb,IMG_2379_ad6a1bf5,1,3,Earrings,Pendant,train,0,negative,cross_category
DS1_IMG_001512__DS1_IMG_004080,DS1_IMG_001512,DS1_IMG_004080,other_20241125_122356_fffffbdb,ring_050,1,4,Earrings,Ring,train,0,negative,cross_category
DS1_IMG_001513__DS1_IMG_003912,DS1_IMG_001513,DS1_IMG_003912,other_20241125_122356_fffffbdb,IMG_2912_9176f0b9,1,3,Earrings,Pendant,train,0,negative,cross_category
DS1_IMG_001514__DS1_IMG_001515,DS1_IMG_001514,DS1_IMG_001515,other_20241125_122356_ffffffdb,other_20241125_122356_ffffffdb,1,1,Earrings,Earrings,train,1,positive,
DS1_IMG_001514__DS1_IMG_001516,DS1_IMG_001514,DS1_IMG_001516,other_20241125_122356_ffffffdb,other_20241125_122356_ffffffdb,1,1,Earrings,Earrings,train,1,positive,
DS1_IMG_001514__DS1_IMG_003501,DS1_IMG_001514,DS1_IMG_003501,other_20241125_122356_ffffffdb,necklace_20241125_122545_383e3ebc,1,2,Earrings,Necklace,train,0,negative,cross_category
DS1_IMG_001514__DS1_IMG_004298,DS1_IMG_001514,DS1_IMG_004298,other_20241125_122356_ffffffdb,ring_179,1,4,Earrings,Ring,train,0,negative,cross_category
DS1_IMG_001515__DS1_IMG_001516,DS1_IMG_001515,DS1_IMG_001516,other_20241125_122356_ffffffdb,other_20241125_122356_ffffffdb,1,1,Earrings,Earrings,train,1,positive,
DS1_IMG_001515__DS1_IMG_003181,DS1_IMG_001515,DS1_IMG_003181,other_20241125_122356_ffffffdb,IMG_3518_909c4cb9,1,2,Earrings,Necklace,train,0,negative,cross_category
DS1_IMG_001515__DS1_IMG_003906,DS1_IMG_001515,DS1_IMG_003906,other_20241125_122356_ffffffdb,IMG_2907_4bcb0ae7,1,3,Earrings,Pendant,train,0,negative,cross_category
DS1_IMG_001515__DS1_IMG_003967,DS1_IMG_001515,DS1_IMG_003967,other_20241125_122356_ffffffdb,necklace_20241125_122545_02020381,1,3,Earrings,Pendant,train,0,negative,cross_category
DS1_IMG_001517__DS1_IMG_001518,DS1_IMG_001517,DS1_IMG_001518,pirouette_by_harry_winston_earrings__diamond__EADPRFPRSPIR_trans-1h,pirouette_by_harry_winston_earrings__diamond__EADPRFPRSPIR_trans-1h,1,1,Earrings,Earrings,train,1,positive,
DS1_IMG_001517__DS1_IMG_001519,DS1_IMG_001517,DS1_IMG_001519,pirouette_by_harry_winston_earrings__diamond__EADPRFPRSPIR_trans-1h,pirouette_by_harry_winston_earrings__diamond__EADPRFPRSPIR_trans-1h,1,1,Earrings,Earrings,train,1,positive,
DS1_IMG_001517__DS1_IMG_003799,DS1_IMG_001517,DS1_IMG_003799,pirouette_by_harry_winston_earrings__diamond__EADPRFPRSPIR_trans-1h,IMG_2371_c0acc0f4,1,3,Earrings,Pendant,train,0,negative,cross_category
DS1_IMG_001518__DS1_IMG_001519,DS1_IMG_001518,DS1_IMG_001519,pirouette_by_harry_winston_earrings__diamond__EADPRFPRSPIR_trans-1h,pirouette_by_harry_winston_earrings__diamond__EADPRFPRSPIR_trans-1h,1,1,Earrings,Earrings,train,1,positive,
DS1_IMG_001519__DS1_IMG_004190,DS1_IMG_001519,DS1_IMG_004190,pirouette_by_harry_winston_earrings__diamond__EADPRFPRSPIR_trans-1h,ring_112,1,4,Earrings,Ring,train,0,negative,cross_category
DS1_IMG_001520__DS1_IMG_001521,DS1_IMG_001520,DS1_IMG_001521,ramleela-earrings-black,ramleela-earrings-black,1,1,Earrings,Earrings,train,1,positive,
DS1_IMG_001520__DS1_IMG_001522,DS1_IMG_001520,DS1_IMG_001522,ramleela-earrings-black,ramleela-earrings-black,1,1,Earrings,Earrings,train,1,positive,
DS1_IMG_001520__DS1_IMG_002411,DS1_IMG_001520,DS1_IMG_002411,ramleela-earrings-black,IMG_1543_5ac56f1d,1,2,Earrings,Necklace,train,0,negative,cross_category
DS1_IMG_001520__DS1_IMG_003780,DS1_IMG_001520,DS1_IMG_003780,ramleela-earrings-black,IMG_1568_07ccbeb1,1,3,Earrings,Pendant,train,0,negative,cross_category
DS1_IMG_001521__DS1_IMG_001522,DS1_IMG_001521,DS1_IMG_001522,ramleela-earrings-black,ramleela-earrings-black,1,1,Earrings,Earrings,train,1,positive,
DS1_IMG_001521__DS1_IMG_002181,DS1_IMG_001521,DS1_IMG_002181,ramleela-earrings-black,IMG_1356_b0c1730a,1,2,Earrings,Necklace,train,0,negative,cross_category
DS1_IMG_001521__DS1_IMG_003940,DS1_IMG_001521,DS1_IMG_003940,ramleela-earrings-black,IMG_2937_71e488de,1,3,Earrings,Pendant,train,0,negative,cross_category
DS1_IMG_001523__DS1_IMG_001524,DS1_IMG_001523,DS1_IMG_001524,ybear-31772a-you-bella-original-imaez9n7sh8djtfc,ybear-31772a-you-bella-original-imaez9n7sh8djtfc,1,1,Earrings,Earrings,train,1,positive,
DS1_IMG_001523__DS1_IMG_001525,DS1_IMG_001523,DS1_IMG_001525,ybear-31772a-you-bella-original-imaez9n7sh8djtfc,ybear-31772a-you-bella-original-imaez9n7sh8djtfc,1,1,Earrings,Earrings,train,1,positive,
DS1_IMG_001523__DS1_IMG_002423,DS1_IMG_001523,DS1_IMG_002423,ybear-31772a-you-bella-original-imaez9n7sh8djtfc,IMG_1561_e477fbff,1,2,Earrings,Necklace,train,0,negative,cross_category
DS1_IMG_001523__DS1_IMG_003704,DS1_IMG_001523,DS1_IMG_003704,ybear-31772a-you-bella-original-imaez9n7sh8djtfc,IMG_0702_fc96bc4c,1,3,Earrings,Pendant,train,0,negative,cross_category
DS1_IMG_001524__DS1_IMG_001525,DS1_IMG_001524,DS1_IMG_001525,ybear-31772a-you-bella-original-imaez9n7sh8djtfc,ybear-31772a-you-bella-original-imaez9n7sh8djtfc,1,1,Earrings,Earrings,train,1,positive,
DS1_IMG_001524__DS1_IMG_002718,DS1_IMG_001524,DS1_IMG_002718,ybear-31772a-you-bella-original-imaez9n7sh8djtfc,IMG_2251_153f9562,1,2,Earrings,Necklace,train,0,negative,cross_category
DS1_IMG_001524__DS1_IMG_003600,DS1_IMG_001524,DS1_IMG_003600,ybear-31772a-you-bella-original-imaez9n7sh8djtfc,necklace_20241125_122545_bbb1b5a5,1,2,Earrings,Necklace,train,0,negative,cross_category
DS1_IMG_001524__DS1_IMG_003669,DS1_IMG_001524,DS1_IMG_003669,ybear-31772a-you-bella-original-imaez9n7sh8djtfc,IMG_0371_d1d4878f,1,3,Earrings,Pendant,train,0,negative,cross_category
DS1_IMG_001524__DS1_IMG_003918,DS1_IMG_001524,DS1_IMG_003918,ybear-31772a-you-bella-original-imaez9n7sh8djtfc,IMG_2918_dbac9ef3,1,3,Earrings,Pendant,train,0,negative,cross_category
DS1_IMG_001525__DS1_IMG_004254,DS1_IMG_001525,DS1_IMG_004254,ybear-31772a-you-bella-original-imaez9n7sh8djtfc,ring_154,1,4,Earrings,Ring,train,0,negative,cross_category
DS1_IMG_001526__DS1_IMG_001527,DS1_IMG_001526,DS1_IMG_001527,IMG_0129_28b216fe,IMG_0129_28b216fe,2,2,Necklace,Necklace,train,1,positive,
DS1_IMG_001526__DS1_IMG_001528,DS1_IMG_001526,DS1_IMG_001528,IMG_0129_28b216fe,IMG_0129_28b216fe,2,2,Necklace,Necklace,train,1,positive,
DS1_IMG_001526__DS1_IMG_004081,DS1_IMG_001526,DS1_IMG_004081,IMG_0129_28b216fe,ring_050,2,4,Necklace,Ring,train,0,negative,cross_category
DS1_IMG_001527__DS1_IMG_001528,DS1_IMG_001527,DS1_IMG_001528,IMG_0129_28b216fe,IMG_0129_28b216fe,2,2,Necklace,Necklace,train,1,positive,
DS1_IMG_001529__DS1_IMG_001530,DS1_IMG_001529,DS1_IMG_001530,IMG_0135_c69f859a,IMG_0135_c69f859a,2,2,Necklace,Necklace,train,1,positive,
DS1_IMG_001529__DS1_IMG_001531,DS1_IMG_001529,DS1_IMG_001531,IMG_0135_c69f859a,IMG_0135_c69f859a,2,2,Necklace,Necklace,train,1,positive,
DS1_IMG_001530__DS1_IMG_001531,DS1_IMG_001530,DS1_IMG_001531,IMG_0135_c69f859a,IMG_0135_c69f859a,2,2,Necklace,Necklace,train,1,positive,
DS1_IMG_001532__DS1_IMG_001533,DS1_IMG_001532,DS1_IMG_001533,IMG_0137_e742e894,IMG_0137_e742e894,2,2,Necklace,Necklace,train,1,positive,
DS1_IMG_001532__DS1_IMG_001534,DS1_IMG_001532,DS1_IMG_001534,IMG_0137_e742e894,IMG_0137_e742e894,2,2,Necklace,Necklace,train,1,positive,
DS1_IMG_001533__DS1_IMG_001534,DS1_IMG_001533,DS1_IMG_001534,IMG_0137_e742e894,IMG_0137_e742e894,2,2,Necklace,Necklace,train,1,positive,
DS1_IMG_001533__DS1_IMG_003880,DS1_IMG_001533,DS1_IMG_003880,IMG_0137_e742e894,IMG_2862_dc66ea02,2,3,Necklace,Pendant,train,0,negative,cross_category
DS1_IMG_001535__DS1_IMG_001536,DS1_IMG_001535,DS1_IMG_001536,IMG_0142_e6abfd92,IMG_0142_e6abfd92,2,2,Necklace,Necklace,train,1,positive,
DS1_IMG_001535__DS1_IMG_001537,DS1_IMG_001535,DS1_IMG_001537,IMG_0142_e6abfd92,IMG_0142_e6abfd92,2,2,Necklace,Necklace,train,1,positive,
DS1_IMG_001536__DS1_IMG_001537,DS1_IMG_001536,DS1_IMG_001537,IMG_0142_e6abfd92,IMG_0142_e6abfd92,2,2,Necklace,Necklace,train,1,positive,
DS1_IMG_001537__DS1_IMG_004327,DS1_IMG_001537,DS1_IMG_004327,IMG_0142_e6abfd92,wedding-rings-jewellery-png-31,2,4,Necklace,Ring,train,0,negative,cross_category
DS1_IMG_001541__DS1_IMG_001542,DS1_IMG_001541,DS1_IMG_001542,IMG_0152_3a64c24c,IMG_0152_3a64c24c,2,2,Necklace,Necklace,train,1,positive,
DS1_IMG_001541__DS1_IMG_001543,DS1_IMG_001541,DS1_IMG_001543,IMG_0152_3a64c24c,IMG_0152_3a64c24c,2,2,Necklace,Necklace,train,1,positive,
DS1_IMG_001541__DS1_IMG_003987,DS1_IMG_001541,DS1_IMG_003987,IMG_0152_3a64c24c,necklace_20241125_122545_586d69f7,2,3,Necklace,Pendant,train,0,negative,cross_category
DS1_IMG_001542__DS1_IMG_001543,DS1_IMG_001542,DS1_IMG_001543,IMG_0152_3a64c24c,IMG_0152_3a64c24c,2,2,Necklace,Necklace,train,1,positive,
DS1_IMG_001542__DS1_IMG_004096,DS1_IMG_001542,DS1_IMG_004096,IMG_0152_3a64c24c,ring_060,2,4,Necklace,Ring,train,0,negative,cross_category
DS1_IMG_001542__DS1_IMG_004287,DS1_IMG_001542,DS1_IMG_004287,IMG_0152_3a64c24c,ring_168,2,4,Necklace,Ring,train,0,negative,cross_category
DS1_IMG_001543__DS1_IMG_004320,DS1_IMG_001543,DS1_IMG_004320,IMG_0152_3a64c24c,ring_192,2,4,Necklace,Ring,train,0,negative,cross_category
DS1_IMG_001544__DS1_IMG_001545,DS1_IMG_001544,DS1_IMG_001545,IMG_0157_b671fd42,IMG_0157_b671fd42,2,2,Necklace,Necklace,train,1,positive,
DS1_IMG_001544__DS1_IMG_001546,DS1_IMG_001544,DS1_IMG_001546,IMG_0157_b671fd42,IMG_0157_b671fd42,2,2,Necklace,Necklace,train,1,positive,
DS1_IMG_001545__DS1_IMG_001546,DS1_IMG_001545,DS1_IMG_001546,IMG_0157_b671fd42,IMG_0157_b671fd42,2,2,Necklace,Necklace,train,1,positive,
DS1_IMG_001547__DS1_IMG_001548,DS1_IMG_001547,DS1_IMG_001548,IMG_0159_0913ba51,IMG_0159_0913ba51,2,2,Necklace,Necklace,train,1,positive,
DS1_IMG_001547__DS1_IMG_001549,DS1_IMG_001547,DS1_IMG_001549,IMG_0159_0913ba51,IMG_0159_0913ba51,2,2,Necklace,Necklace,train,1,positive,
DS1_IMG_001547__DS1_IMG_003707,DS1_IMG_001547,DS1_IMG_003707,IMG_0159_0913ba51,IMG_0726_46863f42,2,3,Necklace,Pendant,train,0,negative,cross_category
DS1_IMG_001547__DS1_IMG_004018,DS1_IMG_001547,DS1_IMG_004018,IMG_0159_0913ba51,Screenshot_20181116-202810_1542452183994,2,4,Necklace,Ring,train,0,negative,cross_category
DS1_IMG_001548__DS1_IMG_001549,DS1_IMG_001548,DS1_IMG_001549,IMG_0159_0913ba51,IMG_0159_0913ba51,2,2,Necklace,Necklace,train,1,positive,
DS1_IMG_001548__DS1_IMG_003978,DS1_IMG_001548,DS1_IMG_003978,IMG_0159_0913ba51,necklace_20241125_122545_24201818,2,3,Necklace,Pendant,train,0,negative,cross_category
DS1_IMG_001549__DS1_IMG_004109,DS1_IMG_001549,DS1_IMG_004109,IMG_0159_0913ba51,ring_069,2,4,Necklace,Ring,train,0,negative,cross_category
DS1_IMG_001550__DS1_IMG_001551,DS1_IMG_001550,DS1_IMG_001551,IMG_0186_0e5aee5b,IMG_0186_0e5aee5b,2,2,Necklace,Necklace,train,1,positive,
DS1_IMG_001550__DS1_IMG_001552,DS1_IMG_001550,DS1_IMG_001552,IMG_0186_0e5aee5b,IMG_0186_0e5aee5b,2,2,Necklace,Necklace,train,1,positive,
DS1_IMG_001550__DS1_IMG_003806,DS1_IMG_001550,DS1_IMG_003806,IMG_0186_0e5aee5b,IMG_2427_3a6bdae9,2,3,Necklace,Pendant,train,0,negative,cross_category
DS1_IMG_001551__DS1_IMG_001552,DS1_IMG_001551,DS1_IMG_001552,IMG_0186_0e5aee5b,IMG_0186_0e5aee5b,2,2,Necklace,Necklace,train,1,positive,
DS1_IMG_001551__DS1_IMG_003797,DS1_IMG_001551,DS1_IMG_003797,IMG_0186_0e5aee5b,IMG_2371_c0acc0f4,2,3,Necklace,Pendant,train,0,negative,cross_category
DS1_IMG_001553__DS1_IMG_001554,DS1_IMG_001553,DS1_IMG_001554,IMG_0187_fa1879f6,IMG_0187_fa1879f6,2,2,Necklace,Necklace,train,1,positive,
DS1_IMG_001553__DS1_IMG_001555,DS1_IMG_001553,DS1_IMG_001555,IMG_0187_fa1879f6,IMG_0187_fa1879f6,2,2,Necklace,Necklace,train,1,positive,
DS1_IMG_001554__DS1_IMG_001555,DS1_IMG_001554,DS1_IMG_001555,IMG_0187_fa1879f6,IMG_0187_fa1879f6,2,2,Necklace,Necklace,train,1,positive,
DS1_IMG_001555__DS1_IMG_003825,DS1_IMG_001555,DS1_IMG_003825,IMG_0187_fa1879f6,IMG_2512_be8d407f,2,3,Necklace,Pendant,train,0,negative,cross_category
DS1_IMG_001556__DS1_IMG_001557,DS1_IMG_001556,DS1_IMG_001557,IMG_0200_852e67be,IMG_0200_852e67be,2,2,Necklace,Necklace,train,1,positive,
DS1_IMG_001556__DS1_IMG_001558,DS1_IMG_001556,DS1_IMG_001558,IMG_0200_852e67be,IMG_0200_852e67be,2,2,Necklace,Necklace,train,1,positive,
DS1_IMG_001556__DS1_IMG_004228,DS1_IMG_001556,DS1_IMG_004228,IMG_0200_852e67be,ring_134,2,4,Necklace,Ring,train,0,negative,cross_category
DS1_IMG_001557__DS1_IMG_001558,DS1_IMG_001557,DS1_IMG_001558,IMG_0200_852e67be,IMG_0200_852e67be,2,2,Necklace,Necklace,train,1,positive,
DS1_IMG_001557__DS1_IMG_003831,DS1_IMG_001557,DS1_IMG_003831,IMG_0200_852e67be,IMG_2750_393840e9,2,3,Necklace,Pendant,train,0,negative,cross_category
DS1_IMG_001557__DS1_IMG_003978,DS1_IMG_001557,DS1_IMG_003978,IMG_0200_852e67be,necklace_20241125_122545_24201818,2,3,Necklace,Pendant,train,0,negative,cross_category
DS1_IMG_001558__DS1_IMG_004313,DS1_IMG_001558,DS1_IMG_004313,IMG_0200_852e67be,ring_185,2,4,Necklace,Ring,train,0,negative,cross_category
DS1_IMG_001559__DS1_IMG_001560,DS1_IMG_001559,DS1_IMG_001560,IMG_0210_d2345e07,IMG_0210_d2345e07,2,2,Necklace,Necklace,train,1,positive,
DS1_IMG_001559__DS1_IMG_001561,DS1_IMG_001559,DS1_IMG_001561,IMG_0210_d2345e07,IMG_0210_d2345e07,2,2,Necklace,Necklace,train,1,positive,
DS1_IMG_001560__DS1_IMG_001561,DS1_IMG_001560,DS1_IMG_001561,IMG_0210_d2345e07,IMG_0210_d2345e07,2,2,Necklace,Necklace,train,1,positive,
DS1_IMG_001560__DS1_IMG_003943,DS1_IMG_001560,DS1_IMG_003943,IMG_0210_d2345e07,IMG_2943_c72380bb,2,3,Necklace,Pendant,train,0,negative,cross_category
DS1_IMG_001561__DS1_IMG_003982,DS1_IMG_001561,DS1_IMG_003982,IMG_0210_d2345e07,necklace_20241125_122545_3ef84081,2,3,Necklace,Pendant,train,0,negative,cross_category
DS1_IMG_001561__DS1_IMG_003990,DS1_IMG_001561,DS1_IMG_003990,IMG_0210_d2345e07,necklace_20241125_122545_6063e3a7,2,3,Necklace,Pendant,train,0,negative,cross_category
DS1_IMG_001562__DS1_IMG_001563,DS1_IMG_001562,DS1_IMG_001563,IMG_0216_add264f1,IMG_0216_add264f1,2,2,Necklace,Necklace,train,1,positive,
DS1_IMG_001562__DS1_IMG_001564,DS1_IMG_001562,DS1_IMG_001564,IMG_0216_add264f1,IMG_0216_add264f1,2,2,Necklace,Necklace,train,1,positive,
DS1_IMG_001563__DS1_IMG_001564,DS1_IMG_001563,DS1_IMG_001564,IMG_0216_add264f1,IMG_0216_add264f1,2,2,Necklace,Necklace,train,1,positive,
DS1_IMG_001565__DS1_IMG_001566,DS1_IMG_001565,DS1_IMG_001566,IMG_0221_33a1c287,IMG_0221_33a1c287,2,2,Necklace,Necklace,train,1,positive,
DS1_IMG_001565__DS1_IMG_001567,DS1_IMG_001565,DS1_IMG_001567,IMG_0221_33a1c287,IMG_0221_33a1c287,2,2,Necklace,Necklace,train,1,positive,
DS1_IMG_001566__DS1_IMG_001567,DS1_IMG_001566,DS1_IMG_001567,IMG_0221_33a1c287,IMG_0221_33a1c287,2,2,Necklace,Necklace,train,1,positive,
DS1_IMG_001568__DS1_IMG_001569,DS1_IMG_001568,DS1_IMG_001569,IMG_0226_7ea5156e,IMG_0226_7ea5156e,2,2,Necklace,Necklace,train,1,positive,
DS1_IMG_001568__DS1_IMG_001570,DS1_IMG_001568,DS1_IMG_001570,IMG_0226_7ea5156e,IMG_0226_7ea5156e,2,2,Necklace,Necklace,train,1,positive,
DS1_IMG_001569__DS1_IMG_001570,DS1_IMG_001569,DS1_IMG_001570,IMG_0226_7ea5156e,IMG_0226_7ea5156e,2,2,Necklace,Necklace,train,1,positive,
DS1_IMG_001571__DS1_IMG_001572,DS1_IMG_001571,DS1_IMG_001572,IMG_0229_277b9ba2,IMG_0229_277b9ba2,2,2,Necklace,Necklace,train,1,positive,
DS1_IMG_001571__DS1_IMG_001573,DS1_IMG_001571,DS1_IMG_001573,IMG_0229_277b9ba2,IMG_0229_277b9ba2,2,2,Necklace,Necklace,train,1,positive,
DS1_IMG_001572__DS1_IMG_001573,DS1_IMG_001572,DS1_IMG_001573,IMG_0229_277b9ba2,IMG_0229_277b9ba2,2,2,Necklace,Necklace,train,1,positive,
DS1_IMG_001573__DS1_IMG_004022,DS1_IMG_001573,DS1_IMG_004022,IMG_0229_277b9ba2,Screenshot_20181116-202936_1542450027786,2,4,Necklace,Ring,train,0,negative,cross_category
DS1_IMG_001574__DS1_IMG_001575,DS1_IMG_001574,DS1_IMG_001575,IMG_0230_f447860f,IMG_0230_f447860f,2,2,Necklace,Necklace,train,1,positive,
DS1_IMG_001574__DS1_IMG_001576,DS1_IMG_001574,DS1_IMG_001576,IMG_0230_f447860f,IMG_0230_f447860f,2,2,Necklace,Necklace,train,1,positive,
DS1_IMG_001574__DS1_IMG_004251,DS1_IMG_001574,DS1_IMG_004251,IMG_0230_f447860f,ring_153,2,4,Necklace,Ring,train,0,negative,cross_category
DS1_IMG_001575__DS1_IMG_001576,DS1_IMG_001575,DS1_IMG_001576,IMG_0230_f447860f,IMG_0230_f447860f,2,2,Necklace,Necklace,train,1,positive,
DS1_IMG_001577__DS1_IMG_001578,DS1_IMG_001577,DS1_IMG_001578,IMG_0239_fed2d21f,IMG_0239_fed2d21f,2,2,Necklace,Necklace,train,1,positive,
DS1_IMG_001577__DS1_IMG_001579,DS1_IMG_001577,DS1_IMG_001579,IMG_0239_fed2d21f,IMG_0239_fed2d21f,2,2,Necklace,Necklace,train,1,positive,
DS1_IMG_001577__DS1_IMG_003962,DS1_IMG_001577,DS1_IMG_003962,IMG_0239_fed2d21f,necklace_20241125_122545_01000080,2,3,Necklace,Pendant,train,0,negative,cross_category
DS1_IMG_001577__DS1_IMG_004035,DS1_IMG_001577,DS1_IMG_004035,IMG_0239_fed2d21f,Screenshot_20181116-203818_1542449673275,2,4,Necklace,Ring,train,0,negative,cross_category
DS1_IMG_001578__DS1_IMG_001579,DS1_IMG_001578,DS1_IMG_001579,IMG_0239_fed2d21f,IMG_0239_fed2d21f,2,2,Necklace,Necklace,train,1,positive,
DS1_IMG_001578__DS1_IMG_003844,DS1_IMG_001578,DS1_IMG_003844,IMG_0239_fed2d21f,IMG_2821_d4955818,2,3,Necklace,Pendant,train,0,negative,cross_category
DS1_IMG_001586__DS1_IMG_001587,DS1_IMG_001586,DS1_IMG_001587,IMG_0253_868b6574,IMG_0253_868b6574,2,2,Necklace,Necklace,train,1,positive,
DS1_IMG_001586__DS1_IMG_001588,DS1_IMG_001586,DS1_IMG_001588,IMG_0253_868b6574,IMG_0253_868b6574,2,2,Necklace,Necklace,train,1,positive,
DS1_IMG_001587__DS1_IMG_001588,DS1_IMG_001587,DS1_IMG_001588,IMG_0253_868b6574,IMG_0253_868b6574,2,2,Necklace,Necklace,train,1,positive,
DS1_IMG_001589__DS1_IMG_001590,DS1_IMG_001589,DS1_IMG_001590,IMG_0263_53d56de3,IMG_0263_53d56de3,2,2,Necklace,Necklace,train,1,positive,
DS1_IMG_001589__DS1_IMG_001591,DS1_IMG_001589,DS1_IMG_001591,IMG_0263_53d56de3,IMG_0263_53d56de3,2,2,Necklace,Necklace,train,1,positive,
DS1_IMG_001590__DS1_IMG_001591,DS1_IMG_001590,DS1_IMG_001591,IMG_0263_53d56de3,IMG_0263_53d56de3,2,2,Necklace,Necklace,train,1,positive,
DS1_IMG_001592__DS1_IMG_001593,DS1_IMG_001592,DS1_IMG_001593,IMG_0268_7fe8f468,IMG_0268_7fe8f468,2,2,Necklace,Necklace,train,1,positive,
DS1_IMG_001592__DS1_IMG_001594,DS1_IMG_001592,DS1_IMG_001594,IMG_0268_7fe8f468,IMG_0268_7fe8f468,2,2,Necklace,Necklace,train,1,positive,
DS1_IMG_001593__DS1_IMG_001594,DS1_IMG_001593,DS1_IMG_001594,IMG_0268_7fe8f468,IMG_0268_7fe8f468,2,2,Necklace,Necklace,train,1,positive,
DS1_IMG_001595__DS1_IMG_001596,DS1_IMG_001595,DS1_IMG_001596,IMG_0271_9289ffcf,IMG_0271_9289ffcf,2,2,Necklace,Necklace,train,1,positive,
DS1_IMG_001595__DS1_IMG_001597,DS1_IMG_001595,DS1_IMG_001597,IMG_0271_9289ffcf,IMG_0271_9289ffcf,2,2,Necklace,Necklace,train,1,positive,
DS1_IMG_001596__DS1_IMG_001597,DS1_IMG_001596,DS1_IMG_001597,IMG_0271_9289ffcf,IMG_0271_9289ffcf,2,2,Necklace,Necklace,train,1,positive,
DS1_IMG_001598__DS1_IMG_001599,DS1_IMG_001598,DS1_IMG_001599,IMG_0353_6a02a141,IMG_0353_6a02a141,2,2,Necklace,Necklace,train,1,positive,
DS1_IMG_001598__DS1_IMG_001600,DS1_IMG_001598,DS1_IMG_001600,IMG_0353_6a02a141,IMG_0353_6a02a141,2,2,Necklace,Necklace,train,1,positive,
DS1_IMG_001598__DS1_IMG_004306,DS1_IMG_001598,DS1_IMG_004306,IMG_0353_6a02a141,ring_183,2,4,Necklace,Ring,train,0,negative,cross_category
DS1_IMG_001599__DS1_IMG_001600,DS1_IMG_001599,DS1_IMG_001600,IMG_0353_6a02a141,IMG_0353_6a02a141,2,2,Necklace,Necklace,train,1,positive,
DS1_IMG_001601__DS1_IMG_001602,DS1_IMG_001601,DS1_IMG_001602,IMG_0354-1-_d915b5d7,IMG_0354-1-_d915b5d7,2,2,Necklace,Necklace,train,1,positive,
DS1_IMG_001601__DS1_IMG_001603,DS1_IMG_001601,DS1_IMG_001603,IMG_0354-1-_d915b5d7,IMG_0354-1-_d915b5d7,2,2,Necklace,Necklace,train,1,positive,
DS1_IMG_001601__DS1_IMG_003741,DS1_IMG_001601,DS1_IMG_003741,IMG_0354-1-_d915b5d7,IMG_0862_36a7b364,2,3,Necklace,Pendant,train,0,negative,cross_category
DS1_IMG_001601__DS1_IMG_004151,DS1_IMG_001601,DS1_IMG_004151,IMG_0354-1-_d915b5d7,ring_088,2,4,Necklace,Ring,train,0,negative,cross_category
DS1_IMG_001602__DS1_IMG_001603,DS1_IMG_001602,DS1_IMG_001603,IMG_0354-1-_d915b5d7,IMG_0354-1-_d915b5d7,2,2,Necklace,Necklace,train,1,positive,
DS1_IMG_001602__DS1_IMG_004309,DS1_IMG_001602,DS1_IMG_004309,IMG_0354-1-_d915b5d7,ring_184,2,4,Necklace,Ring,train,0,negative,cross_category
DS1_IMG_001604__DS1_IMG_001605,DS1_IMG_001604,DS1_IMG_001605,IMG_0356_1ffc084f,IMG_0356_1ffc084f,2,2,Necklace,Necklace,train,1,positive,
DS1_IMG_001604__DS1_IMG_001606,DS1_IMG_001604,DS1_IMG_001606,IMG_0356_1ffc084f,IMG_0356_1ffc084f,2,2,Necklace,Necklace,train,1,positive,
DS1_IMG_001605__DS1_IMG_001606,DS1_IMG_001605,DS1_IMG_001606,IMG_0356_1ffc084f,IMG_0356_1ffc084f,2,2,Necklace,Necklace,train,1,positive,
DS1_IMG_001619__DS1_IMG_001620,DS1_IMG_001619,DS1_IMG_001620,IMG_0362_94565be1,IMG_0362_94565be1,2,2,Necklace,Necklace,train,1,positive,
DS1_IMG_001619__DS1_IMG_001621,DS1_IMG_001619,DS1_IMG_001621,IMG_0362_94565be1,IMG_0362_94565be1,2,2,Necklace,Necklace,train,1,positive,
DS1_IMG_001619__DS1_IMG_003715,DS1_IMG_001619,DS1_IMG_003715,IMG_0362_94565be1,IMG_0753_2ca36338,2,3,Necklace,Pendant,train,0,negative,cross_category
DS1_IMG_001620__DS1_IMG_001621,DS1_IMG_001620,DS1_IMG_001621,IMG_0362_94565be1,IMG_0362_94565be1,2,2,Necklace,Necklace,train,1,positive,
DS1_IMG_001620__DS1_IMG_003908,DS1_IMG_001620,DS1_IMG_003908,IMG_0362_94565be1,IMG_2911_4bf24190,2,3,Necklace,Pendant,train,0,negative,cross_category
DS1_IMG_001621__DS1_IMG_004054,DS1_IMG_001621,DS1_IMG_004054,IMG_0362_94565be1,Screenshot_20181116-204359_1542449415504,2,4,Necklace,Ring,train,0,negative,cross_category
DS1_IMG_001622__DS1_IMG_001623,DS1_IMG_001622,DS1_IMG_001623,IMG_0366_f6cb13e0,IMG_0366_f6cb13e0,2,2,Necklace,Necklace,train,1,positive,
DS1_IMG_001622__DS1_IMG_001624,DS1_IMG_001622,DS1_IMG_001624,IMG_0366_f6cb13e0,IMG_0366_f6cb13e0,2,2,Necklace,Necklace,train,1,positive,
DS1_IMG_001622__DS1_IMG_004216,DS1_IMG_001622,DS1_IMG_004216,IMG_0366_f6cb13e0,ring_124,2,4,Necklace,Ring,train,0,negative,cross_category
DS1_IMG_001623__DS1_IMG_001624,DS1_IMG_001623,DS1_IMG_001624,IMG_0366_f6cb13e0,IMG_0366_f6cb13e0,2,2,Necklace,Necklace,train,1,positive,
DS1_IMG_001623__DS1_IMG_003671,DS1_IMG_001623,DS1_IMG_003671,IMG_0366_f6cb13e0,IMG_0391_13077dff,2,3,Necklace,Pendant,train,0,negative,cross_category
DS1_IMG_001623__DS1_IMG_004213,DS1_IMG_001623,DS1_IMG_004213,IMG_0366_f6cb13e0,ring_123,2,4,Necklace,Ring,train,0,negative,cross_category
DS1_IMG_001625__DS1_IMG_001626,DS1_IMG_001625,DS1_IMG_001626,IMG_0367_0ff124ca,IMG_0367_0ff124ca,2,2,Necklace,Necklace,train,1,positive,
DS1_IMG_001625__DS1_IMG_001627,DS1_IMG_001625,DS1_IMG_001627,IMG_0367_0ff124ca,IMG_0367_0ff124ca,2,2,Necklace,Necklace,train,1,positive,
DS1_IMG_001626__DS1_IMG_001627,DS1_IMG_001626,DS1_IMG_001627,IMG_0367_0ff124ca,IMG_0367_0ff124ca,2,2,Necklace,Necklace,train,1,positive,
DS1_IMG_001628__DS1_IMG_001629,DS1_IMG_001628,DS1_IMG_001629,IMG_0368_aab176d5,IMG_0368_aab176d5,2,2,Necklace,Necklace,train,1,positive,
DS1_IMG_001628__DS1_IMG_001630,DS1_IMG_001628,DS1_IMG_001630,IMG_0368_aab176d5,IMG_0368_aab176d5,2,2,Necklace,Necklace,train,1,positive,
DS1_IMG_001629__DS1_IMG_001630,DS1_IMG_001629,DS1_IMG_001630,IMG_0368_aab176d5,IMG_0368_aab176d5,2,2,Necklace,Necklace,train,1,positive,
DS1_IMG_001630__DS1_IMG_004036,DS1_IMG_001630,DS1_IMG_004036,IMG_0368_aab176d5,Screenshot_20181116-203818_1542449673275,2,4,Necklace,Ring,train,0,negative,cross_category
DS1_IMG_001631__DS1_IMG_001632,DS1_IMG_001631,DS1_IMG_001632,IMG_0370-1-_b41d77c3,IMG_0370-1-_b41d77c3,2,2,Necklace,Necklace,train,1,positive,
DS1_IMG_001631__DS1_IMG_001633,DS1_IMG_001631,DS1_IMG_001633,IMG_0370-1-_b41d77c3,IMG_0370-1-_b41d77c3,2,2,Necklace,Necklace,train,1,positive,
DS1_IMG_001631__DS1_IMG_004230,DS1_IMG_001631,DS1_IMG_004230,IMG_0370-1-_b41d77c3,ring_135,2,4,Necklace,Ring,train,0,negative,cross_category
DS1_IMG_001632__DS1_IMG_001633,DS1_IMG_001632,DS1_IMG_001633,IMG_0370-1-_b41d77c3,IMG_0370-1-_b41d77c3,2,2,Necklace,Necklace,train,1,positive,
DS1_IMG_001633__DS1_IMG_003930,DS1_IMG_001633,DS1_IMG_003930,IMG_0370-1-_b41d77c3,IMG_2931_6b15625f,2,3,Necklace,Pendant,train,0,negative,cross_category
DS1_IMG_001634__DS1_IMG_001635,DS1_IMG_001634,DS1_IMG_001635,IMG_0372_f5eaaa3c,IMG_0372_f5eaaa3c,2,2,Necklace,Necklace,train,1,positive,
DS1_IMG_001634__DS1_IMG_001636,DS1_IMG_001634,DS1_IMG_001636,IMG_0372_f5eaaa3c,IMG_0372_f5eaaa3c,2,2,Necklace,Necklace,train,1,positive,
DS1_IMG_001634__DS1_IMG_003836,DS1_IMG_001634,DS1_IMG_003836,IMG_0372_f5eaaa3c,IMG_2809_3cfb570f,2,3,Necklace,Pendant,train,0,negative,cross_category
DS1_IMG_001635__DS1_IMG_001636,DS1_IMG_001635,DS1_IMG_001636,IMG_0372_f5eaaa3c,IMG_0372_f5eaaa3c,2,2,Necklace,Necklace,train,1,positive,
DS1_IMG_001636__DS1_IMG_003875,DS1_IMG_001636,DS1_IMG_003875,IMG_0372_f5eaaa3c,IMG_2860_b5be60fb,2,3,Necklace,Pendant,train,0,negative,cross_category
DS1_IMG_001637__DS1_IMG_001638,DS1_IMG_001637,DS1_IMG_001638,IMG_0374-1-_fb1ebf1c,IMG_0374-1-_fb1ebf1c,2,2,Necklace,Necklace,train,1,positive,
DS1_IMG_001637__DS1_IMG_001639,DS1_IMG_001637,DS1_IMG_001639,IMG_0374-1-_fb1ebf1c,IMG_0374-1-_fb1ebf1c,2,2,Necklace,Necklace,train,1,positive,
DS1_IMG_001638__DS1_IMG_001639,DS1_IMG_001638,DS1_IMG_001639,IMG_0374-1-_fb1ebf1c,IMG_0374-1-_fb1ebf1c,2,2,Necklace,Necklace,train,1,positive,
DS1_IMG_001638__DS1_IMG_004192,DS1_IMG_001638,DS1_IMG_004192,IMG_0374-1-_fb1ebf1c,ring_112,2,4,Necklace,Ring,train,0,negative,cross_category
DS1_IMG_001639__DS1_IMG_003888,DS1_IMG_001639,DS1_IMG_003888,IMG_0374-1-_fb1ebf1c,IMG_2877_c118c42c,2,3,Necklace,Pendant,train,0,negative,cross_category
DS1_IMG_001640__DS1_IMG_001641,DS1_IMG_001640,DS1_IMG_001641,IMG_0374_482d525e,IMG_0374_482d525e,2,2,Necklace,Necklace,train,1,positive,
DS1_IMG_001640__DS1_IMG_001642,DS1_IMG_001640,DS1_IMG_001642,IMG_0374_482d525e,IMG_0374_482d525e,2,2,Necklace,Necklace,train,1,positive,
DS1_IMG_001641__DS1_IMG_001642,DS1_IMG_001641,DS1_IMG_001642,IMG_0374_482d525e,IMG_0374_482d525e,2,2,Necklace,Necklace,train,1,positive,
DS1_IMG_001642__DS1_IMG_004069,DS1_IMG_001642,DS1_IMG_004069,IMG_0374_482d525e,ring_046,2,4,Necklace,Ring,train,0,negative,cross_category
DS1_IMG_001643__DS1_IMG_001644,DS1_IMG_001643,DS1_IMG_001644,IMG_0375_8dd90976,IMG_0375_8dd90976,2,2,Necklace,Necklace,train,1,positive,
DS1_IMG_001643__DS1_IMG_001645,DS1_IMG_001643,DS1_IMG_001645,IMG_0375_8dd90976,IMG_0375_8dd90976,2,2,Necklace,Necklace,train,1,positive,
DS1_IMG_001643__DS1_IMG_003831,DS1_IMG_001643,DS1_IMG_003831,IMG_0375_8dd90976,IMG_2750_393840e9,2,3,Necklace,Pendant,train,0,negative,cross_category
DS1_IMG_001644__DS1_IMG_001645,DS1_IMG_001644,DS1_IMG_001645,IMG_0375_8dd90976,IMG_0375_8dd90976,2,2,Necklace,Necklace,train,1,positive,
DS1_IMG_001645__DS1_IMG_004200,DS1_IMG_001645,DS1_IMG_004200,IMG_0375_8dd90976,ring_116,2,4,Necklace,Ring,train,0,negative,cross_category
DS1_IMG_001649__DS1_IMG_001650,DS1_IMG_001649,DS1_IMG_001650,IMG_0378_b2d85931,IMG_0378_b2d85931,2,2,Necklace,Necklace,train,1,positive,
DS1_IMG_001649__DS1_IMG_001651,DS1_IMG_001649,DS1_IMG_001651,IMG_0378_b2d85931,IMG_0378_b2d85931,2,2,Necklace,Necklace,train,1,positive,
DS1_IMG_001649__DS1_IMG_003727,DS1_IMG_001649,DS1_IMG_003727,IMG_0378_b2d85931,IMG_0842_54be0d37,2,3,Necklace,Pendant,train,0,negative,cross_category
DS1_IMG_001650__DS1_IMG_001651,DS1_IMG_001650,DS1_IMG_001651,IMG_0378_b2d85931,IMG_0378_b2d85931,2,2,Necklace,Necklace,train,1,positive,
DS1_IMG_001650__DS1_IMG_003665,DS1_IMG_001650,DS1_IMG_003665,IMG_0378_b2d85931,IMG_0255_bd4ecf03,2,3,Necklace,Pendant,train,0,negative,cross_category
DS1_IMG_001651__DS1_IMG_004274,DS1_IMG_001651,DS1_IMG_004274,IMG_0378_b2d85931,ring_163,2,4,Necklace,Ring,train,0,negative,cross_category
DS1_IMG_001652__DS1_IMG_001653,DS1_IMG_001652,DS1_IMG_001653,IMG_0379-1-_2c400e67,IMG_0379-1-_2c400e67,2,2,Necklace,Necklace,train,1,positive,
DS1_IMG_001652__DS1_IMG_001654,DS1_IMG_001652,DS1_IMG_001654,IMG_0379-1-_2c400e67,IMG_0379-1-_2c400e67,2,2,Necklace,Necklace,train,1,positive,
DS1_IMG_001653__DS1_IMG_001654,DS1_IMG_001653,DS1_IMG_001654,IMG_0379-1-_2c400e67,IMG_0379-1-_2c400e67,2,2,Necklace,Necklace,train,1,positive,
DS1_IMG_001653__DS1_IMG_003687,DS1_IMG_001653,DS1_IMG_003687,IMG_0379-1-_2c400e67,IMG_0471_02f2128e,2,3,Necklace,Pendant,train,0,negative,cross_category
DS1_IMG_001655__DS1_IMG_001656,DS1_IMG_001655,DS1_IMG_001656,IMG_0382-1-_bb3327df,IMG_0382-1-_bb3327df,2,2,Necklace,Necklace,train,1,positive,
DS1_IMG_001655__DS1_IMG_001657,DS1_IMG_001655,DS1_IMG_001657,IMG_0382-1-_bb3327df,IMG_0382-1-_bb3327df,2,2,Necklace,Necklace,train,1,positive,
DS1_IMG_001656__DS1_IMG_001657,DS1_IMG_001656,DS1_IMG_001657,IMG_0382-1-_bb3327df,IMG_0382-1-_bb3327df,2,2,Necklace,Necklace,train,1,positive,
DS1_IMG_001658__DS1_IMG_001659,DS1_IMG_001658,DS1_IMG_001659,IMG_0383-1-_f83db48d,IMG_0383-1-_f83db48d,2,2,Necklace,Necklace,train,1,positive,
DS1_IMG_001658__DS1_IMG_001660,DS1_IMG_001658,DS1_IMG_001660,IMG_0383-1-_f83db48d,IMG_0383-1-_f83db48d,2,2,Necklace,Necklace,train,1,positive,
DS1_IMG_001658__DS1_IMG_004077,DS1_IMG_001658,DS1_IMG_004077,IMG_0383-1-_f83db48d,ring_049,2,4,Necklace,Ring,train,0,negative,cross_category
DS1_IMG_001659__DS1_IMG_001660,DS1_IMG_001659,DS1_IMG_001660,IMG_0383-1-_f83db48d,IMG_0383-1-_f83db48d,2,2,Necklace,Necklace,train,1,positive,
DS1_IMG_001659__DS1_IMG_004058,DS1_IMG_001659,DS1_IMG_004058,IMG_0383-1-_f83db48d,Screenshot_20181116-204603_1542447556990,2,4,Necklace,Ring,train,0,negative,cross_category
DS1_IMG_001660__DS1_IMG_003856,DS1_IMG_001660,DS1_IMG_003856,IMG_0383-1-_f83db48d,IMG_2836_db94d1e7,2,3,Necklace,Pendant,train,0,negative,cross_category
DS1_IMG_001660__DS1_IMG_004171,DS1_IMG_001660,DS1_IMG_004171,IMG_0383-1-_f83db48d,ring_097,2,4,Necklace,Ring,train,0,negative,cross_category
DS1_IMG_001661__DS1_IMG_001662,DS1_IMG_001661,DS1_IMG_001662,IMG_0384-1-_7496447f,IMG_0384-1-_7496447f,2,2,Necklace,Necklace,train,1,positive,
DS1_IMG_001661__DS1_IMG_001663,DS1_IMG_001661,DS1_IMG_001663,IMG_0384-1-_7496447f,IMG_0384-1-_7496447f,2,2,Necklace,Necklace,train,1,positive,
DS1_IMG_001661__DS1_IMG_004190,DS1_IMG_001661,DS1_IMG_004190,IMG_0384-1-_7496447f,ring_112,2,4,Necklace,Ring,train,0,negative,cross_category
DS1_IMG_001661__DS1_IMG_004253,DS1_IMG_001661,DS1_IMG_004253,IMG_0384-1-_7496447f,ring_154,2,4,Necklace,Ring,train,0,negative,cross_category
DS1_IMG_001662__DS1_IMG_001663,DS1_IMG_001662,DS1_IMG_001663,IMG_0384-1-_7496447f,IMG_0384-1-_7496447f,2,2,Necklace,Necklace,train,1,positive,
DS1_IMG_001664__DS1_IMG_001665,DS1_IMG_001664,DS1_IMG_001665,IMG_0384_ae22c619,IMG_0384_ae22c619,2,2,Necklace,Necklace,train,1,positive,
DS1_IMG_001664__DS1_IMG_001666,DS1_IMG_001664,DS1_IMG_001666,IMG_0384_ae22c619,IMG_0384_ae22c619,2,2,Necklace,Necklace,train,1,positive,
DS1_IMG_001665__DS1_IMG_001666,DS1_IMG_001665,DS1_IMG_001666,IMG_0384_ae22c619,IMG_0384_ae22c619,2,2,Necklace,Necklace,train,1,positive,
DS1_IMG_001667__DS1_IMG_001668,DS1_IMG_001667,DS1_IMG_001668,IMG_0386_fb581654,IMG_0386_fb581654,2,2,Necklace,Necklace,train,1,positive,
DS1_IMG_001667__DS1_IMG_001669,DS1_IMG_001667,DS1_IMG_001669,IMG_0386_fb581654,IMG_0386_fb581654,2,2,Necklace,Necklace,train,1,positive,
DS1_IMG_001668__DS1_IMG_001669,DS1_IMG_001668,DS1_IMG_001669,IMG_0386_fb581654,IMG_0386_fb581654,2,2,Necklace,Necklace,train,1,positive,
DS1_IMG_001670__DS1_IMG_001671,DS1_IMG_001670,DS1_IMG_001671,IMG_0387_0c33e2d2,IMG_0387_0c33e2d2,2,2,Necklace,Necklace,train,1,positive,
DS1_IMG_001670__DS1_IMG_001672,DS1_IMG_001670,DS1_IMG_001672,IMG_0387_0c33e2d2,IMG_0387_0c33e2d2,2,2,Necklace,Necklace,train,1,positive,
DS1_IMG_001671__DS1_IMG_001672,DS1_IMG_001671,DS1_IMG_001672,IMG_0387_0c33e2d2,IMG_0387_0c33e2d2,2,2,Necklace,Necklace,train,1,positive,
DS1_IMG_001673__DS1_IMG_001674,DS1_IMG_001673,DS1_IMG_001674,IMG_0388_f427e539,IMG_0388_f427e539,2,2,Necklace,Necklace,train,1,positive,
DS1_IMG_001673__DS1_IMG_001675,DS1_IMG_001673,DS1_IMG_001675,IMG_0388_f427e539,IMG_0388_f427e539,2,2,Necklace,Necklace,train,1,positive,
DS1_IMG_001673__DS1_IMG_004004,DS1_IMG_001673,DS1_IMG_004004,IMG_0388_f427e539,other_20241125_122403_6020381c,2,3,Necklace,Pendant,train,0,negative,cross_category
DS1_IMG_001674__DS1_IMG_001675,DS1_IMG_001674,DS1_IMG_001675,IMG_0388_f427e539,IMG_0388_f427e539,2,2,Necklace,Necklace,train,1,positive,
DS1_IMG_001675__DS1_IMG_003842,DS1_IMG_001675,DS1_IMG_003842,IMG_0388_f427e539,IMG_2821_d4955818,2,3,Necklace,Pendant,train,0,negative,cross_category
DS1_IMG_001679__DS1_IMG_001680,DS1_IMG_001679,DS1_IMG_001680,IMG_0390_fafb7e18,IMG_0390_fafb7e18,2,2,Necklace,Necklace,train,1,positive,
DS1_IMG_001679__DS1_IMG_001681,DS1_IMG_001679,DS1_IMG_001681,IMG_0390_fafb7e18,IMG_0390_fafb7e18,2,2,Necklace,Necklace,train,1,positive,
DS1_IMG_001680__DS1_IMG_001681,DS1_IMG_001680,DS1_IMG_001681,IMG_0390_fafb7e18,IMG_0390_fafb7e18,2,2,Necklace,Necklace,train,1,positive,
DS1_IMG_001681__DS1_IMG_004013,DS1_IMG_001681,DS1_IMG_004013,IMG_0390_fafb7e18,Screenshot_20181116-202707_1542453179073,2,4,Necklace,Ring,train,0,negative,cross_category
DS1_IMG_001682__DS1_IMG_001683,DS1_IMG_001682,DS1_IMG_001683,IMG_0392-1-_db5412cc,IMG_0392-1-_db5412cc,2,2,Necklace,Necklace,train,1,positive,
DS1_IMG_001682__DS1_IMG_001684,DS1_IMG_001682,DS1_IMG_001684,IMG_0392-1-_db5412cc,IMG_0392-1-_db5412cc,2,2,Necklace,Necklace,train,1,positive,
DS1_IMG_001683__DS1_IMG_001684,DS1_IMG_001683,DS1_IMG_001684,IMG_0392-1-_db5412cc,IMG_0392-1-_db5412cc,2,2,Necklace,Necklace,train,1,positive,
DS1_IMG_001683__DS1_IMG_003935,DS1_IMG_001683,DS1_IMG_003935,IMG_0392-1-_db5412cc,IMG_2936_bba41476,2,3,Necklace,Pendant,train,0,negative,cross_category
DS1_IMG_001685__DS1_IMG_001686,DS1_IMG_001685,DS1_IMG_001686,IMG_0400_49c223c9,IMG_0400_49c223c9,2,2,Necklace,Necklace,train,1,positive,
DS1_IMG_001685__DS1_IMG_001687,DS1_IMG_001685,DS1_IMG_001687,IMG_0400_49c223c9,IMG_0400_49c223c9,2,2,Necklace,Necklace,train,1,positive,
DS1_IMG_001685__DS1_IMG_003755,DS1_IMG_001685,DS1_IMG_003755,IMG_0400_49c223c9,IMG_0911_ecd59d89,2,3,Necklace,Pendant,train,0,negative,cross_category
DS1_IMG_001686__DS1_IMG_001687,DS1_IMG_001686,DS1_IMG_001687,IMG_0400_49c223c9,IMG_0400_49c223c9,2,2,Necklace,Necklace,train,1,positive,
DS1_IMG_001686__DS1_IMG_004228,DS1_IMG_001686,DS1_IMG_004228,IMG_0400_49c223c9,ring_134,2,4,Necklace,Ring,train,0,negative,cross_category
DS1_IMG_001687__DS1_IMG_004181,DS1_IMG_001687,DS1_IMG_004181,IMG_0400_49c223c9,ring_105,2,4,Necklace,Ring,train,0,negative,cross_category
DS1_IMG_001688__DS1_IMG_001689,DS1_IMG_001688,DS1_IMG_001689,IMG_0403_66e58417,IMG_0403_66e58417,2,2,Necklace,Necklace,train,1,positive,
DS1_IMG_001688__DS1_IMG_001690,DS1_IMG_001688,DS1_IMG_001690,IMG_0403_66e58417,IMG_0403_66e58417,2,2,Necklace,Necklace,train,1,positive,
DS1_IMG_001689__DS1_IMG_001690,DS1_IMG_001689,DS1_IMG_001690,IMG_0403_66e58417,IMG_0403_66e58417,2,2,Necklace,Necklace,train,1,positive,
DS1_IMG_001691__DS1_IMG_001692,DS1_IMG_001691,DS1_IMG_001692,IMG_0405-1-_152ce555,IMG_0405-1-_152ce555,2,2,Necklace,Necklace,train,1,positive,
DS1_IMG_001691__DS1_IMG_001693,DS1_IMG_001691,DS1_IMG_001693,IMG_0405-1-_152ce555,IMG_0405-1-_152ce555,2,2,Necklace,Necklace,train,1,positive,
DS1_IMG_001692__DS1_IMG_001693,DS1_IMG_001692,DS1_IMG_001693,IMG_0405-1-_152ce555,IMG_0405-1-_152ce555,2,2,Necklace,Necklace,train,1,positive,
DS1_IMG_001693__DS1_IMG_003741,DS1_IMG_001693,DS1_IMG_003741,IMG_0405-1-_152ce555,IMG_0862_36a7b364,2,3,Necklace,Pendant,train,0,negative,cross_category
DS1_IMG_001697__DS1_IMG_001698,DS1_IMG_001697,DS1_IMG_001698,IMG_0408-1-_17232ae9,IMG_0408-1-_17232ae9,2,2,Necklace,Necklace,train,1,positive,
DS1_IMG_001697__DS1_IMG_001699,DS1_IMG_001697,DS1_IMG_001699,IMG_0408-1-_17232ae9,IMG_0408-1-_17232ae9,2,2,Necklace,Necklace,train,1,positive,
DS1_IMG_001697__DS1_IMG_004034,DS1_IMG_001697,DS1_IMG_004034,IMG_0408-1-_17232ae9,Screenshot_20181116-203347_1542449724585,2,4,Necklace,Ring,train,0,negative,cross_category
DS1_IMG_001698__DS1_IMG_001699,DS1_IMG_001698,DS1_IMG_001699,IMG_0408-1-_17232ae9,IMG_0408-1-_17232ae9,2,2,Necklace,Necklace,train,1,positive,
DS1_IMG_001698__DS1_IMG_004111,DS1_IMG_001698,DS1_IMG_004111,IMG_0408-1-_17232ae9,ring_071,2,4,Necklace,Ring,train,0,negative,cross_category
DS1_IMG_001698__DS1_IMG_004275,DS1_IMG_001698,DS1_IMG_004275,IMG_0408-1-_17232ae9,ring_163,2,4,Necklace,Ring,train,0,negative,cross_category
DS1_IMG_001700__DS1_IMG_001701,DS1_IMG_001700,DS1_IMG_001701,IMG_0408-1-_d7a3d4a0,IMG_0408-1-_d7a3d4a0,2,2,Necklace,Necklace,train,1,positive,
DS1_IMG_001700__DS1_IMG_001702,DS1_IMG_001700,DS1_IMG_001702,IMG_0408-1-_d7a3d4a0,IMG_0408-1-_d7a3d4a0,2,2,Necklace,Necklace,train,1,positive,
DS1_IMG_001701__DS1_IMG_001702,DS1_IMG_001701,DS1_IMG_001702,IMG_0408-1-_d7a3d4a0,IMG_0408-1-_d7a3d4a0,2,2,Necklace,Necklace,train,1,positive,
DS1_IMG_001703__DS1_IMG_001704,DS1_IMG_001703,DS1_IMG_001704,IMG_0409-1-_cdbf4f1e,IMG_0409-1-_cdbf4f1e,2,2,Necklace,Necklace,train,1,positive,
DS1_IMG_001703__DS1_IMG_001705,DS1_IMG_001703,DS1_IMG_001705,IMG_0409-1-_cdbf4f1e,IMG_0409-1-_cdbf4f1e,2,2,Necklace,Necklace,train,1,positive,
DS1_IMG_001703__DS1_IMG_003766,DS1_IMG_001703,DS1_IMG_003766,IMG_0409-1-_cdbf4f1e,IMG_1372_c936a18b,2,3,Necklace,Pendant,train,0,negative,cross_category
DS1_IMG_001704__DS1_IMG_001705,DS1_IMG_001704,DS1_IMG_001705,IMG_0409-1-_cdbf4f1e,IMG_0409-1-_cdbf4f1e,2,2,Necklace,Necklace,train,1,positive,
DS1_IMG_001706__DS1_IMG_001707,DS1_IMG_001706,DS1_IMG_001707,IMG_0411_1d0115a1,IMG_0411_1d0115a1,2,2,Necklace,Necklace,train,1,positive,
DS1_IMG_001706__DS1_IMG_001708,DS1_IMG_001706,DS1_IMG_001708,IMG_0411_1d0115a1,IMG_0411_1d0115a1,2,2,Necklace,Necklace,train,1,positive,
DS1_IMG_001706__DS1_IMG_003868,DS1_IMG_001706,DS1_IMG_003868,IMG_0411_1d0115a1,IMG_2846_3025b335,2,3,Necklace,Pendant,train,0,negative,cross_category
DS1_IMG_001707__DS1_IMG_001708,DS1_IMG_001707,DS1_IMG_001708,IMG_0411_1d0115a1,IMG_0411_1d0115a1,2,2,Necklace,Necklace,train,1,positive,
DS1_IMG_001707__DS1_IMG_004097,DS1_IMG_001707,DS1_IMG_004097,IMG_0411_1d0115a1,ring_060,2,4,Necklace,Ring,train,0,negative,cross_category
DS1_IMG_001708__DS1_IMG_004098,DS1_IMG_001708,DS1_IMG_004098,IMG_0411_1d0115a1,ring_060,2,4,Necklace,Ring,train,0,negative,cross_category
DS1_IMG_001709__DS1_IMG_001710,DS1_IMG_001709,DS1_IMG_001710,IMG_0414-1-_9d1a0021,IMG_0414-1-_9d1a0021,2,2,Necklace,Necklace,train,1,positive,
DS1_IMG_001709__DS1_IMG_001711,DS1_IMG_001709,DS1_IMG_001711,IMG_0414-1-_9d1a0021,IMG_0414-1-_9d1a0021,2,2,Necklace,Necklace,train,1,positive,
DS1_IMG_001710__DS1_IMG_001711,DS1_IMG_001710,DS1_IMG_001711,IMG_0414-1-_9d1a0021,IMG_0414-1-_9d1a0021,2,2,Necklace,Necklace,train,1,positive,
DS1_IMG_001710__DS1_IMG_003876,DS1_IMG_001710,DS1_IMG_003876,IMG_0414-1-_9d1a0021,IMG_2860_b5be60fb,2,3,Necklace,Pendant,train,0,negative,cross_category
DS1_IMG_001711__DS1_IMG_004000,DS1_IMG_001711,DS1_IMG_004000,IMG_0414-1-_9d1a0021,necklace_78,2,3,Necklace,Pendant,train,0,negative,cross_category
DS1_IMG_001711__DS1_IMG_004091,DS1_IMG_001711,DS1_IMG_004091,IMG_0414-1-_9d1a0021,ring_057,2,4,Necklace,Ring,train,0,negative,cross_category
DS1_IMG_001711__DS1_IMG_004106,DS1_IMG_001711,DS1_IMG_004106,IMG_0414-1-_9d1a0021,ring_067,2,4,Necklace,Ring,train,0,negative,cross_category
DS1_IMG_001712__DS1_IMG_001713,DS1_IMG_001712,DS1_IMG_001713,IMG_0417-1-_efc3eb92,IMG_0417-1-_efc3eb92,2,2,Necklace,Necklace,train,1,positive,
DS1_IMG_001712__DS1_IMG_001714,DS1_IMG_001712,DS1_IMG_001714,IMG_0417-1-_efc3eb92,IMG_0417-1-_efc3eb92,2,2,Necklace,Necklace,train,1,positive,
DS1_IMG_001712__DS1_IMG_003697,DS1_IMG_001712,DS1_IMG_003697,IMG_0417-1-_efc3eb92,IMG_0602_6d616791,2,3,Necklace,Pendant,train,0,negative,cross_category
DS1_IMG_001712__DS1_IMG_003963,DS1_IMG_001712,DS1_IMG_003963,IMG_0417-1-_efc3eb92,necklace_20241125_122545_01000080,2,3,Necklace,Pendant,train,0,negative,cross_category
DS1_IMG_001713__DS1_IMG_001714,DS1_IMG_001713,DS1_IMG_001714,IMG_0417-1-_efc3eb92,IMG_0417-1-_efc3eb92,2,2,Necklace,Necklace,train,1,positive,
DS1_IMG_001713__DS1_IMG_003974,DS1_IMG_001713,DS1_IMG_003974,IMG_0417-1-_efc3eb92,necklace_20241125_122545_20212176,2,3,Necklace,Pendant,train,0,negative,cross_category
DS1_IMG_001715__DS1_IMG_001716,DS1_IMG_001715,DS1_IMG_001716,IMG_0418-1-_dfa90eef,IMG_0418-1-_dfa90eef,2,2,Necklace,Necklace,train,1,positive,
DS1_IMG_001715__DS1_IMG_001717,DS1_IMG_001715,DS1_IMG_001717,IMG_0418-1-_dfa90eef,IMG_0418-1-_dfa90eef,2,2,Necklace,Necklace,train,1,positive,
DS1_IMG_001716__DS1_IMG_001717,DS1_IMG_001716,DS1_IMG_001717,IMG_0418-1-_dfa90eef,IMG_0418-1-_dfa90eef,2,2,Necklace,Necklace,train,1,positive,
DS1_IMG_001716__DS1_IMG_003712,DS1_IMG_001716,DS1_IMG_003712,IMG_0418-1-_dfa90eef,IMG_0733_64e5db0c,2,3,Necklace,Pendant,train,0,negative,cross_category
DS1_IMG_001716__DS1_IMG_004214,DS1_IMG_001716,DS1_IMG_004214,IMG_0418-1-_dfa90eef,ring_124,2,4,Necklace,Ring,train,0,negative,cross_category
DS1_IMG_001717__DS1_IMG_004188,DS1_IMG_001717,DS1_IMG_004188,IMG_0418-1-_dfa90eef,ring_111,2,4,Necklace,Ring,train,0,negative,cross_category
DS1_IMG_001718__DS1_IMG_001719,DS1_IMG_001718,DS1_IMG_001719,IMG_0419_2058b182,IMG_0419_2058b182,2,2,Necklace,Necklace,train,1,positive,
DS1_IMG_001718__DS1_IMG_001720,DS1_IMG_001718,DS1_IMG_001720,IMG_0419_2058b182,IMG_0419_2058b182,2,2,Necklace,Necklace,train,1,positive,
DS1_IMG_001719__DS1_IMG_001720,DS1_IMG_001719,DS1_IMG_001720,IMG_0419_2058b182,IMG_0419_2058b182,2,2,Necklace,Necklace,train,1,positive,
DS1_IMG_001724__DS1_IMG_001725,DS1_IMG_001724,DS1_IMG_001725,IMG_0422_952b81fc,IMG_0422_952b81fc,2,2,Necklace,Necklace,train,1,positive,
DS1_IMG_001724__DS1_IMG_001726,DS1_IMG_001724,DS1_IMG_001726,IMG_0422_952b81fc,IMG_0422_952b81fc,2,2,Necklace,Necklace,train,1,positive,
DS1_IMG_001725__DS1_IMG_001726,DS1_IMG_001725,DS1_IMG_001726,IMG_0422_952b81fc,IMG_0422_952b81fc,2,2,Necklace,Necklace,train,1,positive,
DS1_IMG_001725__DS1_IMG_003808,DS1_IMG_001725,DS1_IMG_003808,IMG_0422_952b81fc,IMG_2427_3a6bdae9,2,3,Necklace,Pendant,train,0,negative,cross_category
DS1_IMG_001725__DS1_IMG_003962,DS1_IMG_001725,DS1_IMG_003962,IMG_0422_952b81fc,necklace_20241125_122545_01000080,2,3,Necklace,Pendant,train,0,negative,cross_category
DS1_IMG_001727__DS1_IMG_001728,DS1_IMG_001727,DS1_IMG_001728,IMG_0423-1-_418ca6c7,IMG_0423-1-_418ca6c7,2,2,Necklace,Necklace,train,1,positive,
DS1_IMG_001727__DS1_IMG_001729,DS1_IMG_001727,DS1_IMG_001729,IMG_0423-1-_418ca6c7,IMG_0423-1-_418ca6c7,2,2,Necklace,Necklace,train,1,positive,
DS1_IMG_001728__DS1_IMG_001729,DS1_IMG_001728,DS1_IMG_001729,IMG_0423-1-_418ca6c7,IMG_0423-1-_418ca6c7,2,2,Necklace,Necklace,train,1,positive,
DS1_IMG_001733__DS1_IMG_001734,DS1_IMG_001733,DS1_IMG_001734,IMG_0441-1-_97d821c1,IMG_0441-1-_97d821c1,2,2,Necklace,Necklace,train,1,positive,
DS1_IMG_001733__DS1_IMG_001735,DS1_IMG_001733,DS1_IMG_001735,IMG_0441-1-_97d821c1,IMG_0441-1-_97d821c1,2,2,Necklace,Necklace,train,1,positive,
DS1_IMG_001733__DS1_IMG_003825,DS1_IMG_001733,DS1_IMG_003825,IMG_0441-1-_97d821c1,IMG_2512_be8d407f,2,3,Necklace,Pendant,train,0,negative,cross_category
DS1_IMG_001734__DS1_IMG_001735,DS1_IMG_001734,DS1_IMG_001735,IMG_0441-1-_97d821c1,IMG_0441-1-_97d821c1,2,2,Necklace,Necklace,train,1,positive,
DS1_IMG_001736__DS1_IMG_001737,DS1_IMG_001736,DS1_IMG_001737,IMG_0442_7e7a3b25,IMG_0442_7e7a3b25,2,2,Necklace,Necklace,train,1,positive,
DS1_IMG_001736__DS1_IMG_001738,DS1_IMG_001736,DS1_IMG_001738,IMG_0442_7e7a3b25,IMG_0442_7e7a3b25,2,2,Necklace,Necklace,train,1,positive,
DS1_IMG_001737__DS1_IMG_001738,DS1_IMG_001737,DS1_IMG_001738,IMG_0442_7e7a3b25,IMG_0442_7e7a3b25,2,2,Necklace,Necklace,train,1,positive,
DS1_IMG_001742__DS1_IMG_001743,DS1_IMG_001742,DS1_IMG_001743,IMG_0443_f63037a4,IMG_0443_f63037a4,2,2,Necklace,Necklace,train,1,positive,
DS1_IMG_001742__DS1_IMG_001744,DS1_IMG_001742,DS1_IMG_001744,IMG_0443_f63037a4,IMG_0443_f63037a4,2,2,Necklace,Necklace,train,1,positive,
DS1_IMG_001743__DS1_IMG_001744,DS1_IMG_001743,DS1_IMG_001744,IMG_0443_f63037a4,IMG_0443_f63037a4,2,2,Necklace,Necklace,train,1,positive,
DS1_IMG_001745__DS1_IMG_001746,DS1_IMG_001745,DS1_IMG_001746,IMG_0445-1-_af8d2be9,IMG_0445-1-_af8d2be9,2,2,Necklace,Necklace,train,1,positive,
DS1_IMG_001745__DS1_IMG_001747,DS1_IMG_001745,DS1_IMG_001747,IMG_0445-1-_af8d2be9,IMG_0445-1-_af8d2be9,2,2,Necklace,Necklace,train,1,positive,
DS1_IMG_001745__DS1_IMG_003966,DS1_IMG_001745,DS1_IMG_003966,IMG_0445-1-_af8d2be9,necklace_20241125_122545_02020381,2,3,Necklace,Pendant,train,0,negative,cross_category
DS1_IMG_001746__DS1_IMG_001747,DS1_IMG_001746,DS1_IMG_001747,IMG_0445-1-_af8d2be9,IMG_0445-1-_af8d2be9,2,2,Necklace,Necklace,train,1,positive,
DS1_IMG_001746__DS1_IMG_004310,DS1_IMG_001746,DS1_IMG_004310,IMG_0445-1-_af8d2be9,ring_184,2,4,Necklace,Ring,train,0,negative,cross_category
DS1_IMG_001751__DS1_IMG_001752,DS1_IMG_001751,DS1_IMG_001752,IMG_0446-1-_49de66a8,IMG_0446-1-_49de66a8,2,2,Necklace,Necklace,train,1,positive,
DS1_IMG_001751__DS1_IMG_001753,DS1_IMG_001751,DS1_IMG_001753,IMG_0446-1-_49de66a8,IMG_0446-1-_49de66a8,2,2,Necklace,Necklace,train,1,positive,
DS1_IMG_001751__DS1_IMG_003751,DS1_IMG_001751,DS1_IMG_003751,IMG_0446-1-_49de66a8,IMG_0885_67639274,2,3,Necklace,Pendant,train,0,negative,cross_category
DS1_IMG_001752__DS1_IMG_001753,DS1_IMG_001752,DS1_IMG_001753,IMG_0446-1-_49de66a8,IMG_0446-1-_49de66a8,2,2,Necklace,Necklace,train,1,positive,
DS1_IMG_001752__DS1_IMG_003813,DS1_IMG_001752,DS1_IMG_003813,IMG_0446-1-_49de66a8,IMG_2457_895e154f,2,3,Necklace,Pendant,train,0,negative,cross_category
DS1_IMG_001754__DS1_IMG_001755,DS1_IMG_001754,DS1_IMG_001755,IMG_0446_a6870ce8,IMG_0446_a6870ce8,2,2,Necklace,Necklace,train,1,positive,
DS1_IMG_001754__DS1_IMG_001756,DS1_IMG_001754,DS1_IMG_001756,IMG_0446_a6870ce8,IMG_0446_a6870ce8,2,2,Necklace,Necklace,train,1,positive,
DS1_IMG_001755__DS1_IMG_001756,DS1_IMG_001755,DS1_IMG_001756,IMG_0446_a6870ce8,IMG_0446_a6870ce8,2,2,Necklace,Necklace,train,1,positive,
DS1_IMG_001763__DS1_IMG_001764,DS1_IMG_001763,DS1_IMG_001764,IMG_0450-1-_c85c1b81,IMG_0450-1-_c85c1b81,2,2,Necklace,Necklace,train,1,positive,
DS1_IMG_001763__DS1_IMG_001765,DS1_IMG_001763,DS1_IMG_001765,IMG_0450-1-_c85c1b81,IMG_0450-1-_c85c1b81,2,2,Necklace,Necklace,train,1,positive,
DS1_IMG_001764__DS1_IMG_001765,DS1_IMG_001764,DS1_IMG_001765,IMG_0450-1-_c85c1b81,IMG_0450-1-_c85c1b81,2,2,Necklace,Necklace,train,1,positive,
DS1_IMG_001765__DS1_IMG_004019,DS1_IMG_001765,DS1_IMG_004019,IMG_0450-1-_c85c1b81,Screenshot_20181116-202810_1542452183994,2,4,Necklace,Ring,train,0,negative,cross_category
DS1_IMG_001765__DS1_IMG_004320,DS1_IMG_001765,DS1_IMG_004320,IMG_0450-1-_c85c1b81,ring_192,2,4,Necklace,Ring,train,0,negative,cross_category
DS1_IMG_001766__DS1_IMG_001767,DS1_IMG_001766,DS1_IMG_001767,IMG_0451-1-_5b0f9da9,IMG_0451-1-_5b0f9da9,2,2,Necklace,Necklace,train,1,positive,
DS1_IMG_001766__DS1_IMG_001768,DS1_IMG_001766,DS1_IMG_001768,IMG_0451-1-_5b0f9da9,IMG_0451-1-_5b0f9da9,2,2,Necklace,Necklace,train,1,positive,
DS1_IMG_001767__DS1_IMG_001768,DS1_IMG_001767,DS1_IMG_001768,IMG_0451-1-_5b0f9da9,IMG_0451-1-_5b0f9da9,2,2,Necklace,Necklace,train,1,positive,
DS1_IMG_001768__DS1_IMG_004104,DS1_IMG_001768,DS1_IMG_004104,IMG_0451-1-_5b0f9da9,ring_065,2,4,Necklace,Ring,train,0,negative,cross_category
DS1_IMG_001769__DS1_IMG_001770,DS1_IMG_001769,DS1_IMG_001770,IMG_0456_143d0eba,IMG_0456_143d0eba,2,2,Necklace,Necklace,train,1,positive,
DS1_IMG_001769__DS1_IMG_001771,DS1_IMG_001769,DS1_IMG_001771,IMG_0456_143d0eba,IMG_0456_143d0eba,2,2,Necklace,Necklace,train,1,positive,
DS1_IMG_001770__DS1_IMG_001771,DS1_IMG_001770,DS1_IMG_001771,IMG_0456_143d0eba,IMG_0456_143d0eba,2,2,Necklace,Necklace,train,1,positive,
DS1_IMG_001772__DS1_IMG_001773,DS1_IMG_001772,DS1_IMG_001773,IMG_0469_a45c8b59,IMG_0469_a45c8b59,2,2,Necklace,Necklace,train,1,positive,
DS1_IMG_001772__DS1_IMG_001774,DS1_IMG_001772,DS1_IMG_001774,IMG_0469_a45c8b59,IMG_0469_a45c8b59,2,2,Necklace,Necklace,train,1,positive,
DS1_IMG_001773__DS1_IMG_001774,DS1_IMG_001773,DS1_IMG_001774,IMG_0469_a45c8b59,IMG_0469_a45c8b59,2,2,Necklace,Necklace,train,1,positive,
DS1_IMG_001778__DS1_IMG_001779,DS1_IMG_001778,DS1_IMG_001779,IMG_0471-1-_8fce9a01,IMG_0471-1-_8fce9a01,2,2,Necklace,Necklace,train,1,positive,
DS1_IMG_001778__DS1_IMG_001780,DS1_IMG_001778,DS1_IMG_001780,IMG_0471-1-_8fce9a01,IMG_0471-1-_8fce9a01,2,2,Necklace,Necklace,train,1,positive,
DS1_IMG_001779__DS1_IMG_001780,DS1_IMG_001779,DS1_IMG_001780,IMG_0471-1-_8fce9a01,IMG_0471-1-_8fce9a01,2,2,Necklace,Necklace,train,1,positive,
DS1_IMG_001781__DS1_IMG_001782,DS1_IMG_001781,DS1_IMG_001782,IMG_0472_b36c4cb6,IMG_0472_b36c4cb6,2,2,Necklace,Necklace,train,1,positive,
DS1_IMG_001781__DS1_IMG_001783,DS1_IMG_001781,DS1_IMG_001783,IMG_0472_b36c4cb6,IMG_0472_b36c4cb6,2,2,Necklace,Necklace,train,1,positive,
DS1_IMG_001781__DS1_IMG_003847,DS1_IMG_001781,DS1_IMG_003847,IMG_0472_b36c4cb6,IMG_2822_df249f8d,2,3,Necklace,Pendant,train,0,negative,cross_category
DS1_IMG_001782__DS1_IMG_001783,DS1_IMG_001782,DS1_IMG_001783,IMG_0472_b36c4cb6,IMG_0472_b36c4cb6,2,2,Necklace,Necklace,train,1,positive,
DS1_IMG_001784__DS1_IMG_001785,DS1_IMG_001784,DS1_IMG_001785,IMG_0473_8e642e35,IMG_0473_8e642e35,2,2,Necklace,Necklace,train,1,positive,
DS1_IMG_001784__DS1_IMG_001786,DS1_IMG_001784,DS1_IMG_001786,IMG_0473_8e642e35,IMG_0473_8e642e35,2,2,Necklace,Necklace,train,1,positive,
DS1_IMG_001784__DS1_IMG_004187,DS1_IMG_001784,DS1_IMG_004187,IMG_0473_8e642e35,ring_111,2,4,Necklace,Ring,train,0,negative,cross_category
DS1_IMG_001785__DS1_IMG_001786,DS1_IMG_001785,DS1_IMG_001786,IMG_0473_8e642e35,IMG_0473_8e642e35,2,2,Necklace,Necklace,train,1,positive,
DS1_IMG_001787__DS1_IMG_001788,DS1_IMG_001787,DS1_IMG_001788,IMG_0476-1-_7c255155,IMG_0476-1-_7c255155,2,2,Necklace,Necklace,train,1,positive,
DS1_IMG_001787__DS1_IMG_001789,DS1_IMG_001787,DS1_IMG_001789,IMG_0476-1-_7c255155,IMG_0476-1-_7c255155,2,2,Necklace,Necklace,train,1,positive,
DS1_IMG_001787__DS1_IMG_004266,DS1_IMG_001787,DS1_IMG_004266,IMG_0476-1-_7c255155,ring_158,2,4,Necklace,Ring,train,0,negative,cross_category
DS1_IMG_001788__DS1_IMG_001789,DS1_IMG_001788,DS1_IMG_001789,IMG_0476-1-_7c255155,IMG_0476-1-_7c255155,2,2,Necklace,Necklace,train,1,positive,
DS1_IMG_001790__DS1_IMG_001791,DS1_IMG_001790,DS1_IMG_001791,IMG_0489-1-_27e95fd4,IMG_0489-1-_27e95fd4,2,2,Necklace,Necklace,train,1,positive,
DS1_IMG_001790__DS1_IMG_001792,DS1_IMG_001790,DS1_IMG_001792,IMG_0489-1-_27e95fd4,IMG_0489-1-_27e95fd4,2,2,Necklace,Necklace,train,1,positive,
DS1_IMG_001790__DS1_IMG_003909,DS1_IMG_001790,DS1_IMG_003909,IMG_0489-1-_27e95fd4,IMG_2911_4bf24190,2,3,Necklace,Pendant,train,0,negative,cross_category
DS1_IMG_001790__DS1_IMG_004010,DS1_IMG_001790,DS1_IMG_004010,IMG_0489-1-_27e95fd4,Screenshot_20181116-202630_1542453353168,2,4,Necklace,Ring,train,0,negative,cross_category
DS1_IMG_001791__DS1_IMG_001792,DS1_IMG_001791,DS1_IMG_001792,IMG_0489-1-_27e95fd4,IMG_0489-1-_27e95fd4,2,2,Necklace,Necklace,train,1,positive,
DS1_IMG_001791__DS1_IMG_004149,DS1_IMG_001791,DS1_IMG_004149,IMG_0489-1-_27e95fd4,ring_088,2,4,Necklace,Ring,train,0,negative,cross_category
DS1_IMG_001791__DS1_IMG_004191,DS1_IMG_001791,DS1_IMG_004191,IMG_0489-1-_27e95fd4,ring_112,2,4,Necklace,Ring,train,0,negative,cross_category
DS1_IMG_001796__DS1_IMG_001797,DS1_IMG_001796,DS1_IMG_001797,IMG_0496_22d9fcf1,IMG_0496_22d9fcf1,2,2,Necklace,Necklace,train,1,positive,
DS1_IMG_001796__DS1_IMG_001798,DS1_IMG_001796,DS1_IMG_001798,IMG_0496_22d9fcf1,IMG_0496_22d9fcf1,2,2,Necklace,Necklace,train,1,positive,
DS1_IMG_001797__DS1_IMG_001798,DS1_IMG_001797,DS1_IMG_001798,IMG_0496_22d9fcf1,IMG_0496_22d9fcf1,2,2,Necklace,Necklace,train,1,positive,
DS1_IMG_001797__DS1_IMG_003800,DS1_IMG_001797,DS1_IMG_003800,IMG_0496_22d9fcf1,IMG_2379_ad6a1bf5,2,3,Necklace,Pendant,train,0,negative,cross_category
DS1_IMG_001799__DS1_IMG_001800,DS1_IMG_001799,DS1_IMG_001800,IMG_0497-1-_8fdd236c,IMG_0497-1-_8fdd236c,2,2,Necklace,Necklace,train,1,positive,
DS1_IMG_001799__DS1_IMG_001801,DS1_IMG_001799,DS1_IMG_001801,IMG_0497-1-_8fdd236c,IMG_0497-1-_8fdd236c,2,2,Necklace,Necklace,train,1,positive,
DS1_IMG_001799__DS1_IMG_003714,DS1_IMG_001799,DS1_IMG_003714,IMG_0497-1-_8fdd236c,IMG_0753_2ca36338,2,3,Necklace,Pendant,train,0,negative,cross_category
DS1_IMG_001800__DS1_IMG_001801,DS1_IMG_001800,DS1_IMG_001801,IMG_0497-1-_8fdd236c,IMG_0497-1-_8fdd236c,2,2,Necklace,Necklace,train,1,positive,
DS1_IMG_001801__DS1_IMG_003883,DS1_IMG_001801,DS1_IMG_003883,IMG_0497-1-_8fdd236c,IMG_2870_451f1def,2,3,Necklace,Pendant,train,0,negative,cross_category
DS1_IMG_001802__DS1_IMG_001803,DS1_IMG_001802,DS1_IMG_001803,IMG_0497-1-_991979e3,IMG_0497-1-_991979e3,2,2,Necklace,Necklace,train,1,positive,
DS1_IMG_001802__DS1_IMG_001804,DS1_IMG_001802,DS1_IMG_001804,IMG_0497-1-_991979e3,IMG_0497-1-_991979e3,2,2,Necklace,Necklace,train,1,positive,
DS1_IMG_001803__DS1_IMG_001804,DS1_IMG_001803,DS1_IMG_001804,IMG_0497-1-_991979e3,IMG_0497-1-_991979e3,2,2,Necklace,Necklace,train,1,positive,
DS1_IMG_001803__DS1_IMG_003743,DS1_IMG_001803,DS1_IMG_003743,IMG_0497-1-_991979e3,IMG_0863_4e8ef7be,2,3,Necklace,Pendant,train,0,negative,cross_category
DS1_IMG_001805__DS1_IMG_001806,DS1_IMG_001805,DS1_IMG_001806,IMG_0506-1-_d1bc4b55,IMG_0506-1-_d1bc4b55,2,2,Necklace,Necklace,train,1,positive,
DS1_IMG_001805__DS1_IMG_001807,DS1_IMG_001805,DS1_IMG_001807,IMG_0506-1-_d1bc4b55,IMG_0506-1-_d1bc4b55,2,2,Necklace,Necklace,train,1,positive,
DS1_IMG_001806__DS1_IMG_001807,DS1_IMG_001806,DS1_IMG_001807,IMG_0506-1-_d1bc4b55,IMG_0506-1-_d1bc4b55,2,2,Necklace,Necklace,train,1,positive,
DS1_IMG_001811__DS1_IMG_001812,DS1_IMG_001811,DS1_IMG_001812,IMG_0509_ce16adf3,IMG_0509_ce16adf3,2,2,Necklace,Necklace,train,1,positive,
DS1_IMG_001811__DS1_IMG_001813,DS1_IMG_001811,DS1_IMG_001813,IMG_0509_ce16adf3,IMG_0509_ce16adf3,2,2,Necklace,Necklace,train,1,positive,
DS1_IMG_001812__DS1_IMG_001813,DS1_IMG_001812,DS1_IMG_001813,IMG_0509_ce16adf3,IMG_0509_ce16adf3,2,2,Necklace,Necklace,train,1,positive,
DS1_IMG_001812__DS1_IMG_004220,DS1_IMG_001812,DS1_IMG_004220,IMG_0509_ce16adf3,ring_130,2,4,Necklace,Ring,train,0,negative,cross_category
DS1_IMG_001814__DS1_IMG_001815,DS1_IMG_001814,DS1_IMG_001815,IMG_0510-1-_a522d11d,IMG_0510-1-_a522d11d,2,2,Necklace,Necklace,train,1,positive,
DS1_IMG_001814__DS1_IMG_001816,DS1_IMG_001814,DS1_IMG_001816,IMG_0510-1-_a522d11d,IMG_0510-1-_a522d11d,2,2,Necklace,Necklace,train,1,positive,
DS1_IMG_001815__DS1_IMG_001816,DS1_IMG_001815,DS1_IMG_001816,IMG_0510-1-_a522d11d,IMG_0510-1-_a522d11d,2,2,Necklace,Necklace,train,1,positive,
DS1_IMG_001817__DS1_IMG_001818,DS1_IMG_001817,DS1_IMG_001818,IMG_0511-1-_7102e7de,IMG_0511-1-_7102e7de,2,2,Necklace,Necklace,train,1,positive,
DS1_IMG_001817__DS1_IMG_001819,DS1_IMG_001817,DS1_IMG_001819,IMG_0511-1-_7102e7de,IMG_0511-1-_7102e7de,2,2,Necklace,Necklace,train,1,positive,
DS1_IMG_001818__DS1_IMG_001819,DS1_IMG_001818,DS1_IMG_001819,IMG_0511-1-_7102e7de,IMG_0511-1-_7102e7de,2,2,Necklace,Necklace,train,1,positive,
DS1_IMG_001818__DS1_IMG_003931,DS1_IMG_001818,DS1_IMG_003931,IMG_0511-1-_7102e7de,IMG_2931_6b15625f,2,3,Necklace,Pendant,train,0,negative,cross_category
DS1_IMG_001818__DS1_IMG_004078,DS1_IMG_001818,DS1_IMG_004078,IMG_0511-1-_7102e7de,ring_049,2,4,Necklace,Ring,train,0,negative,cross_category
DS1_IMG_001819__DS1_IMG_004300,DS1_IMG_001819,DS1_IMG_004300,IMG_0511-1-_7102e7de,ring_180,2,4,Necklace,Ring,train,0,negative,cross_category
DS1_IMG_001820__DS1_IMG_001821,DS1_IMG_001820,DS1_IMG_001821,IMG_0512_0c5aaaee,IMG_0512_0c5aaaee,2,2,Necklace,Necklace,train,1,positive,
DS1_IMG_001820__DS1_IMG_001822,DS1_IMG_001820,DS1_IMG_001822,IMG_0512_0c5aaaee,IMG_0512_0c5aaaee,2,2,Necklace,Necklace,train,1,positive,
DS1_IMG_001820__DS1_IMG_004052,DS1_IMG_001820,DS1_IMG_004052,IMG_0512_0c5aaaee,Screenshot_20181116-204341_1542449441847,2,4,Necklace,Ring,train,0,negative,cross_category
DS1_IMG_001821__DS1_IMG_001822,DS1_IMG_001821,DS1_IMG_001822,IMG_0512_0c5aaaee,IMG_0512_0c5aaaee,2,2,Necklace,Necklace,train,1,positive,
DS1_IMG_001823__DS1_IMG_001824,DS1_IMG_001823,DS1_IMG_001824,IMG_0513_6e66a86e,IMG_0513_6e66a86e,2,2,Necklace,Necklace,train,1,positive,
DS1_IMG_001823__DS1_IMG_001825,DS1_IMG_001823,DS1_IMG_001825,IMG_0513_6e66a86e,IMG_0513_6e66a86e,2,2,Necklace,Necklace,train,1,positive,
DS1_IMG_001824__DS1_IMG_001825,DS1_IMG_001824,DS1_IMG_001825,IMG_0513_6e66a86e,IMG_0513_6e66a86e,2,2,Necklace,Necklace,train,1,positive,
DS1_IMG_001826__DS1_IMG_001827,DS1_IMG_001826,DS1_IMG_001827,IMG_0514_4b186d77,IMG_0514_4b186d77,2,2,Necklace,Necklace,train,1,positive,
DS1_IMG_001826__DS1_IMG_001828,DS1_IMG_001826,DS1_IMG_001828,IMG_0514_4b186d77,IMG_0514_4b186d77,2,2,Necklace,Necklace,train,1,positive,
DS1_IMG_001827__DS1_IMG_001828,DS1_IMG_001827,DS1_IMG_001828,IMG_0514_4b186d77,IMG_0514_4b186d77,2,2,Necklace,Necklace,train,1,positive,
DS1_IMG_001827__DS1_IMG_004097,DS1_IMG_001827,DS1_IMG_004097,IMG_0514_4b186d77,ring_060,2,4,Necklace,Ring,train,0,negative,cross_category
DS1_IMG_001828__DS1_IMG_004089,DS1_IMG_001828,DS1_IMG_004089,IMG_0514_4b186d77,ring_055,2,4,Necklace,Ring,train,0,negative,cross_category
DS1_IMG_001828__DS1_IMG_004229,DS1_IMG_001828,DS1_IMG_004229,IMG_0514_4b186d77,ring_135,2,4,Necklace,Ring,train,0,negative,cross_category
DS1_IMG_001828__DS1_IMG_004254,DS1_IMG_001828,DS1_IMG_004254,IMG_0514_4b186d77,ring_154,2,4,Necklace,Ring,train,0,negative,cross_category
DS1_IMG_001832__DS1_IMG_001833,DS1_IMG_001832,DS1_IMG_001833,IMG_0517-1-_b36d44c9,IMG_0517-1-_b36d44c9,2,2,Necklace,Necklace,train,1,positive,
DS1_IMG_001832__DS1_IMG_001834,DS1_IMG_001832,DS1_IMG_001834,IMG_0517-1-_b36d44c9,IMG_0517-1-_b36d44c9,2,2,Necklace,Necklace,train,1,positive,
DS1_IMG_001832__DS1_IMG_003744,DS1_IMG_001832,DS1_IMG_003744,IMG_0517-1-_b36d44c9,IMG_0863_4e8ef7be,2,3,Necklace,Pendant,train,0,negative,cross_category
DS1_IMG_001832__DS1_IMG_003777,DS1_IMG_001832,DS1_IMG_003777,IMG_0517-1-_b36d44c9,IMG_1567_31c00736,2,3,Necklace,Pendant,train,0,negative,cross_category
DS1_IMG_001832__DS1_IMG_004234,DS1_IMG_001832,DS1_IMG_004234,IMG_0517-1-_b36d44c9,ring_138,2,4,Necklace,Ring,train,0,negative,cross_category
DS1_IMG_001832__DS1_IMG_004282,DS1_IMG_001832,DS1_IMG_004282,IMG_0517-1-_b36d44c9,ring_167,2,4,Necklace,Ring,train,0,negative,cross_category
DS1_IMG_001833__DS1_IMG_001834,DS1_IMG_001833,DS1_IMG_001834,IMG_0517-1-_b36d44c9,IMG_0517-1-_b36d44c9,2,2,Necklace,Necklace,train,1,positive,
DS1_IMG_001834__DS1_IMG_003730,DS1_IMG_001834,DS1_IMG_003730,IMG_0517-1-_b36d44c9,IMG_0845_2d416634,2,3,Necklace,Pendant,train,0,negative,cross_category
DS1_IMG_001834__DS1_IMG_003750,DS1_IMG_001834,DS1_IMG_003750,IMG_0517-1-_b36d44c9,IMG_0885_67639274,2,3,Necklace,Pendant,train,0,negative,cross_category
DS1_IMG_001841__DS1_IMG_001842,DS1_IMG_001841,DS1_IMG_001842,IMG_0520_2e644d1c,IMG_0520_2e644d1c,2,2,Necklace,Necklace,train,1,positive,
DS1_IMG_001841__DS1_IMG_001843,DS1_IMG_001841,DS1_IMG_001843,IMG_0520_2e644d1c,IMG_0520_2e644d1c,2,2,Necklace,Necklace,train,1,positive,
DS1_IMG_001842__DS1_IMG_001843,DS1_IMG_001842,DS1_IMG_001843,IMG_0520_2e644d1c,IMG_0520_2e644d1c,2,2,Necklace,Necklace,train,1,positive,
DS1_IMG_001844__DS1_IMG_001845,DS1_IMG_001844,DS1_IMG_001845,IMG_0521_281c4ff3,IMG_0521_281c4ff3,2,2,Necklace,Necklace,train,1,positive,
DS1_IMG_001844__DS1_IMG_001846,DS1_IMG_001844,DS1_IMG_001846,IMG_0521_281c4ff3,IMG_0521_281c4ff3,2,2,Necklace,Necklace,train,1,positive,
DS1_IMG_001845__DS1_IMG_001846,DS1_IMG_001845,DS1_IMG_001846,IMG_0521_281c4ff3,IMG_0521_281c4ff3,2,2,Necklace,Necklace,train,1,positive,
DS1_IMG_001847__DS1_IMG_001848,DS1_IMG_001847,DS1_IMG_001848,IMG_0522-1-_9ec6abe2,IMG_0522-1-_9ec6abe2,2,2,Necklace,Necklace,train,1,positive,
DS1_IMG_001847__DS1_IMG_001849,DS1_IMG_001847,DS1_IMG_001849,IMG_0522-1-_9ec6abe2,IMG_0522-1-_9ec6abe2,2,2,Necklace,Necklace,train,1,positive,
DS1_IMG_001848__DS1_IMG_001849,DS1_IMG_001848,DS1_IMG_001849,IMG_0522-1-_9ec6abe2,IMG_0522-1-_9ec6abe2,2,2,Necklace,Necklace,train,1,positive,
DS1_IMG_001849__DS1_IMG_003753,DS1_IMG_001849,DS1_IMG_003753,IMG_0522-1-_9ec6abe2,IMG_0901_5a140477,2,3,Necklace,Pendant,train,0,negative,cross_category
DS1_IMG_001850__DS1_IMG_001851,DS1_IMG_001850,DS1_IMG_001851,IMG_0522-1-_a5859c09,IMG_0522-1-_a5859c09,2,2,Necklace,Necklace,train,1,positive,
DS1_IMG_001850__DS1_IMG_001852,DS1_IMG_001850,DS1_IMG_001852,IMG_0522-1-_a5859c09,IMG_0522-1-_a5859c09,2,2,Necklace,Necklace,train,1,positive,
DS1_IMG_001851__DS1_IMG_001852,DS1_IMG_001851,DS1_IMG_001852,IMG_0522-1-_a5859c09,IMG_0522-1-_a5859c09,2,2,Necklace,Necklace,train,1,positive,
DS1_IMG_001853__DS1_IMG_001854,DS1_IMG_001853,DS1_IMG_001854,IMG_0523-1-_04e38f89,IMG_0523-1-_04e38f89,2,2,Necklace,Necklace,train,1,positive,
DS1_IMG_001853__DS1_IMG_001855,DS1_IMG_001853,DS1_IMG_001855,IMG_0523-1-_04e38f89,IMG_0523-1-_04e38f89,2,2,Necklace,Necklace,train,1,positive,
DS1_IMG_001853__DS1_IMG_003739,DS1_IMG_001853,DS1_IMG_003739,IMG_0523-1-_04e38f89,IMG_0860_40d0505f,2,3,Necklace,Pendant,train,0,negative,cross_category
DS1_IMG_001853__DS1_IMG_003828,DS1_IMG_001853,DS1_IMG_003828,IMG_0523-1-_04e38f89,IMG_2513_2e38170a,2,3,Necklace,Pendant,train,0,negative,cross_category
DS1_IMG_001854__DS1_IMG_001855,DS1_IMG_001854,DS1_IMG_001855,IMG_0523-1-_04e38f89,IMG_0523-1-_04e38f89,2,2,Necklace,Necklace,train,1,positive,
DS1_IMG_001855__DS1_IMG_003943,DS1_IMG_001855,DS1_IMG_003943,IMG_0523-1-_04e38f89,IMG_2943_c72380bb,2,3,Necklace,Pendant,train,0,negative,cross_category
DS1_IMG_001856__DS1_IMG_001857,DS1_IMG_001856,DS1_IMG_001857,IMG_0525_5424396e,IMG_0525_5424396e,2,2,Necklace,Necklace,train,1,positive,
DS1_IMG_001856__DS1_IMG_001858,DS1_IMG_001856,DS1_IMG_001858,IMG_0525_5424396e,IMG_0525_5424396e,2,2,Necklace,Necklace,train,1,positive,
DS1_IMG_001857__DS1_IMG_001858,DS1_IMG_001857,DS1_IMG_001858,IMG_0525_5424396e,IMG_0525_5424396e,2,2,Necklace,Necklace,train,1,positive,
DS1_IMG_001857__DS1_IMG_003725,DS1_IMG_001857,DS1_IMG_003725,IMG_0525_5424396e,IMG_0842_54be0d37,2,3,Necklace,Pendant,train,0,negative,cross_category
DS1_IMG_001859__DS1_IMG_001860,DS1_IMG_001859,DS1_IMG_001860,IMG_0526-1-_9b0c913e,IMG_0526-1-_9b0c913e,2,2,Necklace,Necklace,train,1,positive,
DS1_IMG_001859__DS1_IMG_001861,DS1_IMG_001859,DS1_IMG_001861,IMG_0526-1-_9b0c913e,IMG_0526-1-_9b0c913e,2,2,Necklace,Necklace,train,1,positive,
DS1_IMG_001860__DS1_IMG_001861,DS1_IMG_001860,DS1_IMG_001861,IMG_0526-1-_9b0c913e,IMG_0526-1-_9b0c913e,2,2,Necklace,Necklace,train,1,positive,
DS1_IMG_001860__DS1_IMG_004320,DS1_IMG_001860,DS1_IMG_004320,IMG_0526-1-_9b0c913e,ring_192,2,4,Necklace,Ring,train,0,negative,cross_category
DS1_IMG_001861__DS1_IMG_004082,DS1_IMG_001861,DS1_IMG_004082,IMG_0526-1-_9b0c913e,ring_051,2,4,Necklace,Ring,train,0,negative,cross_category
DS1_IMG_001862__DS1_IMG_001863,DS1_IMG_001862,DS1_IMG_001863,IMG_0528-1-_08d6a9f7,IMG_0528-1-_08d6a9f7,2,2,Necklace,Necklace,train,1,positive,
DS1_IMG_001862__DS1_IMG_001864,DS1_IMG_001862,DS1_IMG_001864,IMG_0528-1-_08d6a9f7,IMG_0528-1-_08d6a9f7,2,2,Necklace,Necklace,train,1,positive,
DS1_IMG_001863__DS1_IMG_001864,DS1_IMG_001863,DS1_IMG_001864,IMG_0528-1-_08d6a9f7,IMG_0528-1-_08d6a9f7,2,2,Necklace,Necklace,train,1,positive,
DS1_IMG_001865__DS1_IMG_001866,DS1_IMG_001865,DS1_IMG_001866,IMG_0529_c0e7d577,IMG_0529_c0e7d577,2,2,Necklace,Necklace,train,1,positive,
DS1_IMG_001865__DS1_IMG_001867,DS1_IMG_001865,DS1_IMG_001867,IMG_0529_c0e7d577,IMG_0529_c0e7d577,2,2,Necklace,Necklace,train,1,positive,
DS1_IMG_001866__DS1_IMG_001867,DS1_IMG_001866,DS1_IMG_001867,IMG_0529_c0e7d577,IMG_0529_c0e7d577,2,2,Necklace,Necklace,train,1,positive,
DS1_IMG_001868__DS1_IMG_001869,DS1_IMG_001868,DS1_IMG_001869,IMG_0531_416555c6,IMG_0531_416555c6,2,2,Necklace,Necklace,train,1,positive,
DS1_IMG_001868__DS1_IMG_001870,DS1_IMG_001868,DS1_IMG_001870,IMG_0531_416555c6,IMG_0531_416555c6,2,2,Necklace,Necklace,train,1,positive,
DS1_IMG_001869__DS1_IMG_001870,DS1_IMG_001869,DS1_IMG_001870,IMG_0531_416555c6,IMG_0531_416555c6,2,2,Necklace,Necklace,train,1,positive,
DS1_IMG_001871__DS1_IMG_001872,DS1_IMG_001871,DS1_IMG_001872,IMG_0533_dd520d54,IMG_0533_dd520d54,2,2,Necklace,Necklace,train,1,positive,
DS1_IMG_001871__DS1_IMG_001873,DS1_IMG_001871,DS1_IMG_001873,IMG_0533_dd520d54,IMG_0533_dd520d54,2,2,Necklace,Necklace,train,1,positive,
DS1_IMG_001871__DS1_IMG_003885,DS1_IMG_001871,DS1_IMG_003885,IMG_0533_dd520d54,IMG_2871_08b05150,2,3,Necklace,Pendant,train,0,negative,cross_category
DS1_IMG_001872__DS1_IMG_001873,DS1_IMG_001872,DS1_IMG_001873,IMG_0533_dd520d54,IMG_0533_dd520d54,2,2,Necklace,Necklace,train,1,positive,
DS1_IMG_001873__DS1_IMG_003827,DS1_IMG_001873,DS1_IMG_003827,IMG_0533_dd520d54,IMG_2513_2e38170a,2,3,Necklace,Pendant,train,0,negative,cross_category
DS1_IMG_001874__DS1_IMG_001875,DS1_IMG_001874,DS1_IMG_001875,IMG_0534-1-_2468e128,IMG_0534-1-_2468e128,2,2,Necklace,Necklace,train,1,positive,
DS1_IMG_001874__DS1_IMG_001876,DS1_IMG_001874,DS1_IMG_001876,IMG_0534-1-_2468e128,IMG_0534-1-_2468e128,2,2,Necklace,Necklace,train,1,positive,
DS1_IMG_001874__DS1_IMG_003738,DS1_IMG_001874,DS1_IMG_003738,IMG_0534-1-_2468e128,IMG_0860_40d0505f,2,3,Necklace,Pendant,train,0,negative,cross_category
DS1_IMG_001875__DS1_IMG_001876,DS1_IMG_001875,DS1_IMG_001876,IMG_0534-1-_2468e128,IMG_0534-1-_2468e128,2,2,Necklace,Necklace,train,1,positive,
DS1_IMG_001875__DS1_IMG_004139,DS1_IMG_001875,DS1_IMG_004139,IMG_0534-1-_2468e128,ring_084,2,4,Necklace,Ring,train,0,negative,cross_category
DS1_IMG_001877__DS1_IMG_001878,DS1_IMG_001877,DS1_IMG_001878,IMG_0535_a92bf730,IMG_0535_a92bf730,2,2,Necklace,Necklace,train,1,positive,
DS1_IMG_001877__DS1_IMG_001879,DS1_IMG_001877,DS1_IMG_001879,IMG_0535_a92bf730,IMG_0535_a92bf730,2,2,Necklace,Necklace,train,1,positive,
DS1_IMG_001878__DS1_IMG_001879,DS1_IMG_001878,DS1_IMG_001879,IMG_0535_a92bf730,IMG_0535_a92bf730,2,2,Necklace,Necklace,train,1,positive,
DS1_IMG_001883__DS1_IMG_001884,DS1_IMG_001883,DS1_IMG_001884,IMG_0537-1-_6492be50,IMG_0537-1-_6492be50,2,2,Necklace,Necklace,train,1,positive,
DS1_IMG_001883__DS1_IMG_001885,DS1_IMG_001883,DS1_IMG_001885,IMG_0537-1-_6492be50,IMG_0537-1-_6492be50,2,2,Necklace,Necklace,train,1,positive,
DS1_IMG_001884__DS1_IMG_001885,DS1_IMG_001884,DS1_IMG_001885,IMG_0537-1-_6492be50,IMG_0537-1-_6492be50,2,2,Necklace,Necklace,train,1,positive,
DS1_IMG_001886__DS1_IMG_001887,DS1_IMG_001886,DS1_IMG_001887,IMG_0538_ac61ff4e,IMG_0538_ac61ff4e,2,2,Necklace,Necklace,train,1,positive,
DS1_IMG_001886__DS1_IMG_001888,DS1_IMG_001886,DS1_IMG_001888,IMG_0538_ac61ff4e,IMG_0538_ac61ff4e,2,2,Necklace,Necklace,train,1,positive,
DS1_IMG_001886__DS1_IMG_003812,DS1_IMG_001886,DS1_IMG_003812,IMG_0538_ac61ff4e,IMG_2457_895e154f,2,3,Necklace,Pendant,train,0,negative,cross_category
DS1_IMG_001887__DS1_IMG_001888,DS1_IMG_001887,DS1_IMG_001888,IMG_0538_ac61ff4e,IMG_0538_ac61ff4e,2,2,Necklace,Necklace,train,1,positive,
DS1_IMG_001888__DS1_IMG_004132,DS1_IMG_001888,DS1_IMG_004132,IMG_0538_ac61ff4e,ring_082,2,4,Necklace,Ring,train,0,negative,cross_category
DS1_IMG_001889__DS1_IMG_001890,DS1_IMG_001889,DS1_IMG_001890,IMG_0540_319674ee,IMG_0540_319674ee,2,2,Necklace,Necklace,train,1,positive,
DS1_IMG_001889__DS1_IMG_001891,DS1_IMG_001889,DS1_IMG_001891,IMG_0540_319674ee,IMG_0540_319674ee,2,2,Necklace,Necklace,train,1,positive,
DS1_IMG_001890__DS1_IMG_001891,DS1_IMG_001890,DS1_IMG_001891,IMG_0540_319674ee,IMG_0540_319674ee,2,2,Necklace,Necklace,train,1,positive,
DS1_IMG_001892__DS1_IMG_001893,DS1_IMG_001892,DS1_IMG_001893,IMG_0541_ffaa9648,IMG_0541_ffaa9648,2,2,Necklace,Necklace,train,1,positive,
DS1_IMG_001892__DS1_IMG_001894,DS1_IMG_001892,DS1_IMG_001894,IMG_0541_ffaa9648,IMG_0541_ffaa9648,2,2,Necklace,Necklace,train,1,positive,
DS1_IMG_001893__DS1_IMG_001894,DS1_IMG_001893,DS1_IMG_001894,IMG_0541_ffaa9648,IMG_0541_ffaa9648,2,2,Necklace,Necklace,train,1,positive,
DS1_IMG_001893__DS1_IMG_003918,DS1_IMG_001893,DS1_IMG_003918,IMG_0541_ffaa9648,IMG_2918_dbac9ef3,2,3,Necklace,Pendant,train,0,negative,cross_category
DS1_IMG_001893__DS1_IMG_004060,DS1_IMG_001893,DS1_IMG_004060,IMG_0541_ffaa9648,Screenshot_20181116-204603_1542447556990,2,4,Necklace,Ring,train,0,negative,cross_category
DS1_IMG_001898__DS1_IMG_001899,DS1_IMG_001898,DS1_IMG_001899,IMG_0546_4a5339a8,IMG_0546_4a5339a8,2,2,Necklace,Necklace,train,1,positive,
DS1_IMG_001898__DS1_IMG_001900,DS1_IMG_001898,DS1_IMG_001900,IMG_0546_4a5339a8,IMG_0546_4a5339a8,2,2,Necklace,Necklace,train,1,positive,
DS1_IMG_001898__DS1_IMG_003720,DS1_IMG_001898,DS1_IMG_003720,IMG_0546_4a5339a8,IMG_0811_ccf24bcc,2,3,Necklace,Pendant,train,0,negative,cross_category
DS1_IMG_001899__DS1_IMG_001900,DS1_IMG_001899,DS1_IMG_001900,IMG_0546_4a5339a8,IMG_0546_4a5339a8,2,2,Necklace,Necklace,train,1,positive,
DS1_IMG_001899__DS1_IMG_003793,DS1_IMG_001899,DS1_IMG_003793,IMG_0546_4a5339a8,IMG_2275_5f527887,2,3,Necklace,Pendant,train,0,negative,cross_category
DS1_IMG_001899__DS1_IMG_003813,DS1_IMG_001899,DS1_IMG_003813,IMG_0546_4a5339a8,IMG_2457_895e154f,2,3,Necklace,Pendant,train,0,negative,cross_category
DS1_IMG_001899__DS1_IMG_004054,DS1_IMG_001899,DS1_IMG_004054,IMG_0546_4a5339a8,Screenshot_20181116-204359_1542449415504,2,4,Necklace,Ring,train,0,negative,cross_category
DS1_IMG_001907__DS1_IMG_001908,DS1_IMG_001907,DS1_IMG_001908,IMG_0553-1-_919866de,IMG_0553-1-_919866de,2,2,Necklace,Necklace,train,1,positive,
DS1_IMG_001907__DS1_IMG_001909,DS1_IMG_001907,DS1_IMG_001909,IMG_0553-1-_919866de,IMG_0553-1-_919866de,2,2,Necklace,Necklace,train,1,positive,
DS1_IMG_001908__DS1_IMG_001909,DS1_IMG_001908,DS1_IMG_001909,IMG_0553-1-_919866de,IMG_0553-1-_919866de,2,2,Necklace,Necklace,train,1,positive,
DS1_IMG_001910__DS1_IMG_001911,DS1_IMG_001910,DS1_IMG_001911,IMG_0553_f7093d1c,IMG_0553_f7093d1c,2,2,Necklace,Necklace,train,1,positive,
DS1_IMG_001910__DS1_IMG_001912,DS1_IMG_001910,DS1_IMG_001912,IMG_0553_f7093d1c,IMG_0553_f7093d1c,2,2,Necklace,Necklace,train,1,positive,
DS1_IMG_001910__DS1_IMG_003903,DS1_IMG_001910,DS1_IMG_003903,IMG_0553_f7093d1c,IMG_2901_79d86e58,2,3,Necklace,Pendant,train,0,negative,cross_category
DS1_IMG_001911__DS1_IMG_001912,DS1_IMG_001911,DS1_IMG_001912,IMG_0553_f7093d1c,IMG_0553_f7093d1c,2,2,Necklace,Necklace,train,1,positive,
DS1_IMG_001912__DS1_IMG_004176,DS1_IMG_001912,DS1_IMG_004176,IMG_0553_f7093d1c,ring_102,2,4,Necklace,Ring,train,0,negative,cross_category
DS1_IMG_001913__DS1_IMG_001914,DS1_IMG_001913,DS1_IMG_001914,IMG_0555_d4b9ccc1,IMG_0555_d4b9ccc1,2,2,Necklace,Necklace,train,1,positive,
DS1_IMG_001913__DS1_IMG_001915,DS1_IMG_001913,DS1_IMG_001915,IMG_0555_d4b9ccc1,IMG_0555_d4b9ccc1,2,2,Necklace,Necklace,train,1,positive,
DS1_IMG_001914__DS1_IMG_001915,DS1_IMG_001914,DS1_IMG_001915,IMG_0555_d4b9ccc1,IMG_0555_d4b9ccc1,2,2,Necklace,Necklace,train,1,positive,
DS1_IMG_001914__DS1_IMG_003737,DS1_IMG_001914,DS1_IMG_003737,IMG_0555_d4b9ccc1,IMG_0860_40d0505f,2,3,Necklace,Pendant,train,0,negative,cross_category
DS1_IMG_001914__DS1_IMG_003756,DS1_IMG_001914,DS1_IMG_003756,IMG_0555_d4b9ccc1,IMG_0911_ecd59d89,2,3,Necklace,Pendant,train,0,negative,cross_category
DS1_IMG_001916__DS1_IMG_001917,DS1_IMG_001916,DS1_IMG_001917,IMG_0557_f6f772f1,IMG_0557_f6f772f1,2,2,Necklace,Necklace,train,1,positive,
DS1_IMG_001916__DS1_IMG_001918,DS1_IMG_001916,DS1_IMG_001918,IMG_0557_f6f772f1,IMG_0557_f6f772f1,2,2,Necklace,Necklace,train,1,positive,
DS1_IMG_001917__DS1_IMG_001918,DS1_IMG_001917,DS1_IMG_001918,IMG_0557_f6f772f1,IMG_0557_f6f772f1,2,2,Necklace,Necklace,train,1,positive,
DS1_IMG_001917__DS1_IMG_003900,DS1_IMG_001917,DS1_IMG_003900,IMG_0557_f6f772f1,IMG_2900_b470bf1b,2,3,Necklace,Pendant,train,0,negative,cross_category
DS1_IMG_001919__DS1_IMG_001920,DS1_IMG_001919,DS1_IMG_001920,IMG_0559-1-_dec238f7,IMG_0559-1-_dec238f7,2,2,Necklace,Necklace,train,1,positive,
DS1_IMG_001919__DS1_IMG_001921,DS1_IMG_001919,DS1_IMG_001921,IMG_0559-1-_dec238f7,IMG_0559-1-_dec238f7,2,2,Necklace,Necklace,train,1,positive,
DS1_IMG_001920__DS1_IMG_001921,DS1_IMG_001920,DS1_IMG_001921,IMG_0559-1-_dec238f7,IMG_0559-1-_dec238f7,2,2,Necklace,Necklace,train,1,positive,
DS1_IMG_001920__DS1_IMG_004011,DS1_IMG_001920,DS1_IMG_004011,IMG_0559-1-_dec238f7,Screenshot_20181116-202630_1542453353168,2,4,Necklace,Ring,train,0,negative,cross_category
DS1_IMG_001922__DS1_IMG_001923,DS1_IMG_001922,DS1_IMG_001923,IMG_0560_ca3fce77,IMG_0560_ca3fce77,2,2,Necklace,Necklace,train,1,positive,
DS1_IMG_001922__DS1_IMG_001924,DS1_IMG_001922,DS1_IMG_001924,IMG_0560_ca3fce77,IMG_0560_ca3fce77,2,2,Necklace,Necklace,train,1,positive,
DS1_IMG_001923__DS1_IMG_001924,DS1_IMG_001923,DS1_IMG_001924,IMG_0560_ca3fce77,IMG_0560_ca3fce77,2,2,Necklace,Necklace,train,1,positive,
DS1_IMG_001925__DS1_IMG_001926,DS1_IMG_001925,DS1_IMG_001926,IMG_0561-1-_4d34b2d5,IMG_0561-1-_4d34b2d5,2,2,Necklace,Necklace,train,1,positive,
DS1_IMG_001925__DS1_IMG_001927,DS1_IMG_001925,DS1_IMG_001927,IMG_0561-1-_4d34b2d5,IMG_0561-1-_4d34b2d5,2,2,Necklace,Necklace,train,1,positive,
DS1_IMG_001926__DS1_IMG_001927,DS1_IMG_001926,DS1_IMG_001927,IMG_0561-1-_4d34b2d5,IMG_0561-1-_4d34b2d5,2,2,Necklace,Necklace,train,1,positive,
DS1_IMG_001926__DS1_IMG_004160,DS1_IMG_001926,DS1_IMG_004160,IMG_0561-1-_4d34b2d5,ring_093,2,4,Necklace,Ring,train,0,negative,cross_category
DS1_IMG_001931__DS1_IMG_001932,DS1_IMG_001931,DS1_IMG_001932,IMG_0565_b6bceb68,IMG_0565_b6bceb68,2,2,Necklace,Necklace,train,1,positive,
DS1_IMG_001931__DS1_IMG_001933,DS1_IMG_001931,DS1_IMG_001933,IMG_0565_b6bceb68,IMG_0565_b6bceb68,2,2,Necklace,Necklace,train,1,positive,
DS1_IMG_001931__DS1_IMG_004076,DS1_IMG_001931,DS1_IMG_004076,IMG_0565_b6bceb68,ring_049,2,4,Necklace,Ring,train,0,negative,cross_category
DS1_IMG_001932__DS1_IMG_001933,DS1_IMG_001932,DS1_IMG_001933,IMG_0565_b6bceb68,IMG_0565_b6bceb68,2,2,Necklace,Necklace,train,1,positive,
DS1_IMG_001933__DS1_IMG_003908,DS1_IMG_001933,DS1_IMG_003908,IMG_0565_b6bceb68,IMG_2911_4bf24190,2,3,Necklace,Pendant,train,0,negative,cross_category
DS1_IMG_001934__DS1_IMG_001935,DS1_IMG_001934,DS1_IMG_001935,IMG_0566-1-_758c0b30,IMG_0566-1-_758c0b30,2,2,Necklace,Necklace,train,1,positive,
DS1_IMG_001934__DS1_IMG_001936,DS1_IMG_001934,DS1_IMG_001936,IMG_0566-1-_758c0b30,IMG_0566-1-_758c0b30,2,2,Necklace,Necklace,train,1,positive,
DS1_IMG_001935__DS1_IMG_001936,DS1_IMG_001935,DS1_IMG_001936,IMG_0566-1-_758c0b30,IMG_0566-1-_758c0b30,2,2,Necklace,Necklace,train,1,positive,
DS1_IMG_001940__DS1_IMG_001941,DS1_IMG_001940,DS1_IMG_001941,IMG_0568_75bfef59,IMG_0568_75bfef59,2,2,Necklace,Necklace,train,1,positive,
DS1_IMG_001940__DS1_IMG_001942,DS1_IMG_001940,DS1_IMG_001942,IMG_0568_75bfef59,IMG_0568_75bfef59,2,2,Necklace,Necklace,train,1,positive,
DS1_IMG_001941__DS1_IMG_001942,DS1_IMG_001941,DS1_IMG_001942,IMG_0568_75bfef59,IMG_0568_75bfef59,2,2,Necklace,Necklace,train,1,positive,
DS1_IMG_001949__DS1_IMG_001950,DS1_IMG_001949,DS1_IMG_001950,IMG_0571-1-_c98324ac,IMG_0571-1-_c98324ac,2,2,Necklace,Necklace,train,1,positive,
DS1_IMG_001949__DS1_IMG_001951,DS1_IMG_001949,DS1_IMG_001951,IMG_0571-1-_c98324ac,IMG_0571-1-_c98324ac,2,2,Necklace,Necklace,train,1,positive,
DS1_IMG_001950__DS1_IMG_001951,DS1_IMG_001950,DS1_IMG_001951,IMG_0571-1-_c98324ac,IMG_0571-1-_c98324ac,2,2,Necklace,Necklace,train,1,positive,
DS1_IMG_001950__DS1_IMG_004082,DS1_IMG_001950,DS1_IMG_004082,IMG_0571-1-_c98324ac,ring_051,2,4,Necklace,Ring,train,0,negative,cross_category
DS1_IMG_001955__DS1_IMG_001956,DS1_IMG_001955,DS1_IMG_001956,IMG_0574-1-_518159dc,IMG_0574-1-_518159dc,2,2,Necklace,Necklace,train,1,positive,
DS1_IMG_001955__DS1_IMG_001957,DS1_IMG_001955,DS1_IMG_001957,IMG_0574-1-_518159dc,IMG_0574-1-_518159dc,2,2,Necklace,Necklace,train,1,positive,
DS1_IMG_001956__DS1_IMG_001957,DS1_IMG_001956,DS1_IMG_001957,IMG_0574-1-_518159dc,IMG_0574-1-_518159dc,2,2,Necklace,Necklace,train,1,positive,
DS1_IMG_001958__DS1_IMG_001959,DS1_IMG_001958,DS1_IMG_001959,IMG_0575_d24d70ee,IMG_0575_d24d70ee,2,2,Necklace,Necklace,train,1,positive,
DS1_IMG_001958__DS1_IMG_001960,DS1_IMG_001958,DS1_IMG_001960,IMG_0575_d24d70ee,IMG_0575_d24d70ee,2,2,Necklace,Necklace,train,1,positive,
DS1_IMG_001959__DS1_IMG_001960,DS1_IMG_001959,DS1_IMG_001960,IMG_0575_d24d70ee,IMG_0575_d24d70ee,2,2,Necklace,Necklace,train,1,positive,
DS1_IMG_001967__DS1_IMG_001968,DS1_IMG_001967,DS1_IMG_001968,IMG_0581_2ce97edc,IMG_0581_2ce97edc,2,2,Necklace,Necklace,train,1,positive,
DS1_IMG_001967__DS1_IMG_001969,DS1_IMG_001967,DS1_IMG_001969,IMG_0581_2ce97edc,IMG_0581_2ce97edc,2,2,Necklace,Necklace,train,1,positive,
DS1_IMG_001968__DS1_IMG_001969,DS1_IMG_001968,DS1_IMG_001969,IMG_0581_2ce97edc,IMG_0581_2ce97edc,2,2,Necklace,Necklace,train,1,positive,
DS1_IMG_001970__DS1_IMG_001971,DS1_IMG_001970,DS1_IMG_001971,IMG_0583-Copy_d1d61f9e,IMG_0583-Copy_d1d61f9e,2,2,Necklace,Necklace,train,1,positive,
DS1_IMG_001970__DS1_IMG_001972,DS1_IMG_001970,DS1_IMG_001972,IMG_0583-Copy_d1d61f9e,IMG_0583-Copy_d1d61f9e,2,2,Necklace,Necklace,train,1,positive,
DS1_IMG_001971__DS1_IMG_001972,DS1_IMG_001971,DS1_IMG_001972,IMG_0583-Copy_d1d61f9e,IMG_0583-Copy_d1d61f9e,2,2,Necklace,Necklace,train,1,positive,
DS1_IMG_001973__DS1_IMG_001974,DS1_IMG_001973,DS1_IMG_001974,IMG_0584_7150a47d,IMG_0584_7150a47d,2,2,Necklace,Necklace,train,1,positive,
DS1_IMG_001973__DS1_IMG_001975,DS1_IMG_001973,DS1_IMG_001975,IMG_0584_7150a47d,IMG_0584_7150a47d,2,2,Necklace,Necklace,train,1,positive,
DS1_IMG_001973__DS1_IMG_003868,DS1_IMG_001973,DS1_IMG_003868,IMG_0584_7150a47d,IMG_2846_3025b335,2,3,Necklace,Pendant,train,0,negative,cross_category
DS1_IMG_001974__DS1_IMG_001975,DS1_IMG_001974,DS1_IMG_001975,IMG_0584_7150a47d,IMG_0584_7150a47d,2,2,Necklace,Necklace,train,1,positive,
DS1_IMG_001975__DS1_IMG_004320,DS1_IMG_001975,DS1_IMG_004320,IMG_0584_7150a47d,ring_192,2,4,Necklace,Ring,train,0,negative,cross_category
DS1_IMG_001976__DS1_IMG_001977,DS1_IMG_001976,DS1_IMG_001977,IMG_0586_952d41e8,IMG_0586_952d41e8,2,2,Necklace,Necklace,train,1,positive,
DS1_IMG_001976__DS1_IMG_001978,DS1_IMG_001976,DS1_IMG_001978,IMG_0586_952d41e8,IMG_0586_952d41e8,2,2,Necklace,Necklace,train,1,positive,
DS1_IMG_001977__DS1_IMG_001978,DS1_IMG_001977,DS1_IMG_001978,IMG_0586_952d41e8,IMG_0586_952d41e8,2,2,Necklace,Necklace,train,1,positive,
DS1_IMG_001977__DS1_IMG_004087,DS1_IMG_001977,DS1_IMG_004087,IMG_0586_952d41e8,ring_055,2,4,Necklace,Ring,train,0,negative,cross_category
DS1_IMG_001978__DS1_IMG_003957,DS1_IMG_001978,DS1_IMG_003957,IMG_0586_952d41e8,necklace_124,2,3,Necklace,Pendant,train,0,negative,cross_category
DS1_IMG_001978__DS1_IMG_004191,DS1_IMG_001978,DS1_IMG_004191,IMG_0586_952d41e8,ring_112,2,4,Necklace,Ring,train,0,negative,cross_category
DS1_IMG_001979__DS1_IMG_001980,DS1_IMG_001979,DS1_IMG_001980,IMG_0587-Copy_dcf6aedf,IMG_0587-Copy_dcf6aedf,2,2,Necklace,Necklace,train,1,positive,
DS1_IMG_001979__DS1_IMG_001981,DS1_IMG_001979,DS1_IMG_001981,IMG_0587-Copy_dcf6aedf,IMG_0587-Copy_dcf6aedf,2,2,Necklace,Necklace,train,1,positive,
DS1_IMG_001979__DS1_IMG_004079,DS1_IMG_001979,DS1_IMG_004079,IMG_0587-Copy_dcf6aedf,ring_050,2,4,Necklace,Ring,train,0,negative,cross_category
DS1_IMG_001980__DS1_IMG_001981,DS1_IMG_001980,DS1_IMG_001981,IMG_0587-Copy_dcf6aedf,IMG_0587-Copy_dcf6aedf,2,2,Necklace,Necklace,train,1,positive,
DS1_IMG_001982__DS1_IMG_001983,DS1_IMG_001982,DS1_IMG_001983,IMG_0588-Copy_27548d5c,IMG_0588-Copy_27548d5c,2,2,Necklace,Necklace,train,1,positive,
DS1_IMG_001982__DS1_IMG_001984,DS1_IMG_001982,DS1_IMG_001984,IMG_0588-Copy_27548d5c,IMG_0588-Copy_27548d5c,2,2,Necklace,Necklace,train,1,positive,
DS1_IMG_001983__DS1_IMG_001984,DS1_IMG_001983,DS1_IMG_001984,IMG_0588-Copy_27548d5c,IMG_0588-Copy_27548d5c,2,2,Necklace,Necklace,train,1,positive,
DS1_IMG_001984__DS1_IMG_003950,DS1_IMG_001984,DS1_IMG_003950,IMG_0588-Copy_27548d5c,IMG_3508_c0ed2d28,2,3,Necklace,Pendant,train,0,negative,cross_category
DS1_IMG_001985__DS1_IMG_001986,DS1_IMG_001985,DS1_IMG_001986,IMG_0589-1-_7972f252,IMG_0589-1-_7972f252,2,2,Necklace,Necklace,train,1,positive,
DS1_IMG_001985__DS1_IMG_001987,DS1_IMG_001985,DS1_IMG_001987,IMG_0589-1-_7972f252,IMG_0589-1-_7972f252,2,2,Necklace,Necklace,train,1,positive,
DS1_IMG_001985__DS1_IMG_004072,DS1_IMG_001985,DS1_IMG_004072,IMG_0589-1-_7972f252,ring_047,2,4,Necklace,Ring,train,0,negative,cross_category
DS1_IMG_001986__DS1_IMG_001987,DS1_IMG_001986,DS1_IMG_001987,IMG_0589-1-_7972f252,IMG_0589-1-_7972f252,2,2,Necklace,Necklace,train,1,positive,
DS1_IMG_001987__DS1_IMG_003697,DS1_IMG_001987,DS1_IMG_003697,IMG_0589-1-_7972f252,IMG_0602_6d616791,2,3,Necklace,Pendant,train,0,negative,cross_category
DS1_IMG_001987__DS1_IMG_004027,DS1_IMG_001987,DS1_IMG_004027,IMG_0589-1-_7972f252,Screenshot_20181116-203109_1542449890237,2,4,Necklace,Ring,train,0,negative,cross_category
DS1_IMG_001988__DS1_IMG_001989,DS1_IMG_001988,DS1_IMG_001989,IMG_0589-1-_bcc80d73,IMG_0589-1-_bcc80d73,2,2,Necklace,Necklace,train,1,positive,
DS1_IMG_001988__DS1_IMG_001990,DS1_IMG_001988,DS1_IMG_001990,IMG_0589-1-_bcc80d73,IMG_0589-1-_bcc80d73,2,2,Necklace,Necklace,train,1,positive,
DS1_IMG_001989__DS1_IMG_001990,DS1_IMG_001989,DS1_IMG_001990,IMG_0589-1-_bcc80d73,IMG_0589-1-_bcc80d73,2,2,Necklace,Necklace,train,1,positive,
DS1_IMG_001989__DS1_IMG_004018,DS1_IMG_001989,DS1_IMG_004018,IMG_0589-1-_bcc80d73,Screenshot_20181116-202810_1542452183994,2,4,Necklace,Ring,train,0,negative,cross_category
DS1_IMG_001991__DS1_IMG_001992,DS1_IMG_001991,DS1_IMG_001992,IMG_0591-1-Copy_5f3b2c50,IMG_0591-1-Copy_5f3b2c50,2,2,Necklace,Necklace,train,1,positive,
DS1_IMG_001991__DS1_IMG_001993,DS1_IMG_001991,DS1_IMG_001993,IMG_0591-1-Copy_5f3b2c50,IMG_0591-1-Copy_5f3b2c50,2,2,Necklace,Necklace,train,1,positive,
DS1_IMG_001992__DS1_IMG_001993,DS1_IMG_001992,DS1_IMG_001993,IMG_0591-1-Copy_5f3b2c50,IMG_0591-1-Copy_5f3b2c50,2,2,Necklace,Necklace,train,1,positive,
DS1_IMG_001994__DS1_IMG_001995,DS1_IMG_001994,DS1_IMG_001995,IMG_0591-Copy_508274c3,IMG_0591-Copy_508274c3,2,2,Necklace,Necklace,train,1,positive,
DS1_IMG_001994__DS1_IMG_001996,DS1_IMG_001994,DS1_IMG_001996,IMG_0591-Copy_508274c3,IMG_0591-Copy_508274c3,2,2,Necklace,Necklace,train,1,positive,
DS1_IMG_001994__DS1_IMG_004056,DS1_IMG_001994,DS1_IMG_004056,IMG_0591-Copy_508274c3,Screenshot_20181116-204417_1542449390654,2,4,Necklace,Ring,train,0,negative,cross_category
DS1_IMG_001995__DS1_IMG_001996,DS1_IMG_001995,DS1_IMG_001996,IMG_0591-Copy_508274c3,IMG_0591-Copy_508274c3,2,2,Necklace,Necklace,train,1,positive,
DS1_IMG_001996__DS1_IMG_004032,DS1_IMG_001996,DS1_IMG_004032,IMG_0591-Copy_508274c3,Screenshot_20181116-203347_1542449724585,2,4,Necklace,Ring,train,0,negative,cross_category
DS1_IMG_001997__DS1_IMG_001998,DS1_IMG_001997,DS1_IMG_001998,IMG_0593_9dbd2a91,IMG_0593_9dbd2a91,2,2,Necklace,Necklace,train,1,positive,
DS1_IMG_001999__DS1_IMG_002000,DS1_IMG_001999,DS1_IMG_002000,IMG_0594_d9adff21,IMG_0594_d9adff21,2,2,Necklace,Necklace,train,1,positive,
DS1_IMG_001999__DS1_IMG_002001,DS1_IMG_001999,DS1_IMG_002001,IMG_0594_d9adff21,IMG_0594_d9adff21,2,2,Necklace,Necklace,train,1,positive,
DS1_IMG_001999__DS1_IMG_003915,DS1_IMG_001999,DS1_IMG_003915,IMG_0594_d9adff21,IMG_2913_9f1d6820,2,3,Necklace,Pendant,train,0,negative,cross_category
DS1_IMG_002000__DS1_IMG_002001,DS1_IMG_002000,DS1_IMG_002001,IMG_0594_d9adff21,IMG_0594_d9adff21,2,2,Necklace,Necklace,train,1,positive,
DS1_IMG_002000__DS1_IMG_004137,DS1_IMG_002000,DS1_IMG_004137,IMG_0594_d9adff21,ring_084,2,4,Necklace,Ring,train,0,negative,cross_category
DS1_IMG_002005__DS1_IMG_002006,DS1_IMG_002005,DS1_IMG_002006,IMG_0597-1-_ef4736be,IMG_0597-1-_ef4736be,2,2,Necklace,Necklace,train,1,positive,
DS1_IMG_002005__DS1_IMG_002007,DS1_IMG_002005,DS1_IMG_002007,IMG_0597-1-_ef4736be,IMG_0597-1-_ef4736be,2,2,Necklace,Necklace,train,1,positive,
DS1_IMG_002006__DS1_IMG_002007,DS1_IMG_002006,DS1_IMG_002007,IMG_0597-1-_ef4736be,IMG_0597-1-_ef4736be,2,2,Necklace,Necklace,train,1,positive,
DS1_IMG_002011__DS1_IMG_002012,DS1_IMG_002011,DS1_IMG_002012,IMG_0598_55b6ccea,IMG_0598_55b6ccea,2,2,Necklace,Necklace,train,1,positive,
DS1_IMG_002011__DS1_IMG_002013,DS1_IMG_002011,DS1_IMG_002013,IMG_0598_55b6ccea,IMG_0598_55b6ccea,2,2,Necklace,Necklace,train,1,positive,
DS1_IMG_002012__DS1_IMG_002013,DS1_IMG_002012,DS1_IMG_002013,IMG_0598_55b6ccea,IMG_0598_55b6ccea,2,2,Necklace,Necklace,train,1,positive,
DS1_IMG_002012__DS1_IMG_004328,DS1_IMG_002012,DS1_IMG_004328,IMG_0598_55b6ccea,wedding-rings-jewellery-png-31,2,4,Necklace,Ring,train,0,negative,cross_category
DS1_IMG_002017__DS1_IMG_002018,DS1_IMG_002017,DS1_IMG_002018,IMG_0601-Copy_9c8347db,IMG_0601-Copy_9c8347db,2,2,Necklace,Necklace,train,1,positive,
DS1_IMG_002017__DS1_IMG_002019,DS1_IMG_002017,DS1_IMG_002019,IMG_0601-Copy_9c8347db,IMG_0601-Copy_9c8347db,2,2,Necklace,Necklace,train,1,positive,
DS1_IMG_002018__DS1_IMG_002019,DS1_IMG_002018,DS1_IMG_002019,IMG_0601-Copy_9c8347db,IMG_0601-Copy_9c8347db,2,2,Necklace,Necklace,train,1,positive,
DS1_IMG_002018__DS1_IMG_004287,DS1_IMG_002018,DS1_IMG_004287,IMG_0601-Copy_9c8347db,ring_168,2,4,Necklace,Ring,train,0,negative,cross_category
DS1_IMG_002020__DS1_IMG_002021,DS1_IMG_002020,DS1_IMG_002021,IMG_0603-1-_387660cd,IMG_0603-1-_387660cd,2,2,Necklace,Necklace,train,1,positive,
DS1_IMG_002020__DS1_IMG_002022,DS1_IMG_002020,DS1_IMG_002022,IMG_0603-1-_387660cd,IMG_0603-1-_387660cd,2,2,Necklace,Necklace,train,1,positive,
DS1_IMG_002021__DS1_IMG_002022,DS1_IMG_002021,DS1_IMG_002022,IMG_0603-1-_387660cd,IMG_0603-1-_387660cd,2,2,Necklace,Necklace,train,1,positive,
DS1_IMG_002021__DS1_IMG_003829,DS1_IMG_002021,DS1_IMG_003829,IMG_0603-1-_387660cd,IMG_2513_2e38170a,2,3,Necklace,Pendant,train,0,negative,cross_category
DS1_IMG_002021__DS1_IMG_003926,DS1_IMG_002021,DS1_IMG_003926,IMG_0603-1-_387660cd,IMG_2926_bb65e3e0,2,3,Necklace,Pendant,train,0,negative,cross_category
DS1_IMG_002026__DS1_IMG_002027,DS1_IMG_002026,DS1_IMG_002027,IMG_0607_b8d72a77,IMG_0607_b8d72a77,2,2,Necklace,Necklace,train,1,positive,
DS1_IMG_002026__DS1_IMG_002028,DS1_IMG_002026,DS1_IMG_002028,IMG_0607_b8d72a77,IMG_0607_b8d72a77,2,2,Necklace,Necklace,train,1,positive,
DS1_IMG_002026__DS1_IMG_003956,DS1_IMG_002026,DS1_IMG_003956,IMG_0607_b8d72a77,necklace_124,2,3,Necklace,Pendant,train,0,negative,cross_category
DS1_IMG_002026__DS1_IMG_004220,DS1_IMG_002026,DS1_IMG_004220,IMG_0607_b8d72a77,ring_130,2,4,Necklace,Ring,train,0,negative,cross_category
DS1_IMG_002027__DS1_IMG_002028,DS1_IMG_002027,DS1_IMG_002028,IMG_0607_b8d72a77,IMG_0607_b8d72a77,2,2,Necklace,Necklace,train,1,positive,
DS1_IMG_002029__DS1_IMG_002030,DS1_IMG_002029,DS1_IMG_002030,IMG_0611_fe713fd9,IMG_0611_fe713fd9,2,2,Necklace,Necklace,train,1,positive,
DS1_IMG_002029__DS1_IMG_002031,DS1_IMG_002029,DS1_IMG_002031,IMG_0611_fe713fd9,IMG_0611_fe713fd9,2,2,Necklace,Necklace,train,1,positive,
DS1_IMG_002030__DS1_IMG_002031,DS1_IMG_002030,DS1_IMG_002031,IMG_0611_fe713fd9,IMG_0611_fe713fd9,2,2,Necklace,Necklace,train,1,positive,
DS1_IMG_002031__DS1_IMG_004172,DS1_IMG_002031,DS1_IMG_004172,IMG_0611_fe713fd9,ring_099,2,4,Necklace,Ring,train,0,negative,cross_category
DS1_IMG_002032__DS1_IMG_002033,DS1_IMG_002032,DS1_IMG_002033,IMG_0612_18d97c27,IMG_0612_18d97c27,2,2,Necklace,Necklace,train,1,positive,
DS1_IMG_002032__DS1_IMG_002034,DS1_IMG_002032,DS1_IMG_002034,IMG_0612_18d97c27,IMG_0612_18d97c27,2,2,Necklace,Necklace,train,1,positive,
DS1_IMG_002033__DS1_IMG_002034,DS1_IMG_002033,DS1_IMG_002034,IMG_0612_18d97c27,IMG_0612_18d97c27,2,2,Necklace,Necklace,train,1,positive,
DS1_IMG_002034__DS1_IMG_004195,DS1_IMG_002034,DS1_IMG_004195,IMG_0612_18d97c27,ring_113,2,4,Necklace,Ring,train,0,negative,cross_category
DS1_IMG_002035__DS1_IMG_002036,DS1_IMG_002035,DS1_IMG_002036,IMG_0615_e7840e87,IMG_0615_e7840e87,2,2,Necklace,Necklace,train,1,positive,
DS1_IMG_002035__DS1_IMG_002037,DS1_IMG_002035,DS1_IMG_002037,IMG_0615_e7840e87,IMG_0615_e7840e87,2,2,Necklace,Necklace,train,1,positive,
DS1_IMG_002035__DS1_IMG_003844,DS1_IMG_002035,DS1_IMG_003844,IMG_0615_e7840e87,IMG_2821_d4955818,2,3,Necklace,Pendant,train,0,negative,cross_category
DS1_IMG_002035__DS1_IMG_004222,DS1_IMG_002035,DS1_IMG_004222,IMG_0615_e7840e87,ring_130,2,4,Necklace,Ring,train,0,negative,cross_category
DS1_IMG_002036__DS1_IMG_002037,DS1_IMG_002036,DS1_IMG_002037,IMG_0615_e7840e87,IMG_0615_e7840e87,2,2,Necklace,Necklace,train,1,positive,
DS1_IMG_002041__DS1_IMG_002042,DS1_IMG_002041,DS1_IMG_002042,IMG_0618-Copy_204a414e,IMG_0618-Copy_204a414e,2,2,Necklace,Necklace,train,1,positive,
DS1_IMG_002041__DS1_IMG_002043,DS1_IMG_002041,DS1_IMG_002043,IMG_0618-Copy_204a414e,IMG_0618-Copy_204a414e,2,2,Necklace,Necklace,train,1,positive,
DS1_IMG_002041__DS1_IMG_003834,DS1_IMG_002041,DS1_IMG_003834,IMG_0618-Copy_204a414e,IMG_2801_3215b841,2,3,Necklace,Pendant,train,0,negative,cross_category
DS1_IMG_002042__DS1_IMG_002043,DS1_IMG_002042,DS1_IMG_002043,IMG_0618-Copy_204a414e,IMG_0618-Copy_204a414e,2,2,Necklace,Necklace,train,1,positive,
DS1_IMG_002042__DS1_IMG_004222,DS1_IMG_002042,DS1_IMG_004222,IMG_0618-Copy_204a414e,ring_130,2,4,Necklace,Ring,train,0,negative,cross_category
DS1_IMG_002043__DS1_IMG_004127,DS1_IMG_002043,DS1_IMG_004127,IMG_0618-Copy_204a414e,ring_078,2,4,Necklace,Ring,train,0,negative,cross_category
DS1_IMG_002044__DS1_IMG_002045,DS1_IMG_002044,DS1_IMG_002045,IMG_0619,IMG_0619,2,2,Necklace,Necklace,train,1,positive,
DS1_IMG_002044__DS1_IMG_002046,DS1_IMG_002044,DS1_IMG_002046,IMG_0619,IMG_0619,2,2,Necklace,Necklace,train,1,positive,
DS1_IMG_002045__DS1_IMG_002046,DS1_IMG_002045,DS1_IMG_002046,IMG_0619,IMG_0619,2,2,Necklace,Necklace,train,1,positive,
DS1_IMG_002047__DS1_IMG_002048,DS1_IMG_002047,DS1_IMG_002048,IMG_0622,IMG_0622,2,2,Necklace,Necklace,train,1,positive,
DS1_IMG_002047__DS1_IMG_002049,DS1_IMG_002047,DS1_IMG_002049,IMG_0622,IMG_0622,2,2,Necklace,Necklace,train,1,positive,
DS1_IMG_002048__DS1_IMG_002049,DS1_IMG_002048,DS1_IMG_002049,IMG_0622,IMG_0622,2,2,Necklace,Necklace,train,1,positive,
DS1_IMG_002053__DS1_IMG_002054,DS1_IMG_002053,DS1_IMG_002054,IMG_0624_8f9f8c09,IMG_0624_8f9f8c09,2,2,Necklace,Necklace,train,1,positive,
DS1_IMG_002055__DS1_IMG_002056,DS1_IMG_002055,DS1_IMG_002056,IMG_0625-1-_d93fcd5c,IMG_0625-1-_d93fcd5c,2,2,Necklace,Necklace,train,1,positive,
DS1_IMG_002055__DS1_IMG_002057,DS1_IMG_002055,DS1_IMG_002057,IMG_0625-1-_d93fcd5c,IMG_0625-1-_d93fcd5c,2,2,Necklace,Necklace,train,1,positive,
DS1_IMG_002056__DS1_IMG_002057,DS1_IMG_002056,DS1_IMG_002057,IMG_0625-1-_d93fcd5c,IMG_0625-1-_d93fcd5c,2,2,Necklace,Necklace,train,1,positive,
DS1_IMG_002058__DS1_IMG_002059,DS1_IMG_002058,DS1_IMG_002059,IMG_0626_4ff2e363,IMG_0626_4ff2e363,2,2,Necklace,Necklace,train,1,positive,
DS1_IMG_002058__DS1_IMG_004055,DS1_IMG_002058,DS1_IMG_004055,IMG_0626_4ff2e363,Screenshot_20181116-204417_1542449390654,2,4,Necklace,Ring,train,0,negative,cross_category
DS1_IMG_002060__DS1_IMG_002061,DS1_IMG_002060,DS1_IMG_002061,IMG_0627-1-_97df84b3,IMG_0627-1-_97df84b3,2,2,Necklace,Necklace,train,1,positive,
DS1_IMG_002060__DS1_IMG_002062,DS1_IMG_002060,DS1_IMG_002062,IMG_0627-1-_97df84b3,IMG_0627-1-_97df84b3,2,2,Necklace,Necklace,train,1,positive,
DS1_IMG_002060__DS1_IMG_004069,DS1_IMG_002060,DS1_IMG_004069,IMG_0627-1-_97df84b3,ring_046,2,4,Necklace,Ring,train,0,negative,cross_category
DS1_IMG_002061__DS1_IMG_002062,DS1_IMG_002061,DS1_IMG_002062,IMG_0627-1-_97df84b3,IMG_0627-1-_97df84b3,2,2,Necklace,Necklace,train,1,positive,
DS1_IMG_002061__DS1_IMG_003939,DS1_IMG_002061,DS1_IMG_003939,IMG_0627-1-_97df84b3,IMG_2937_71e488de,2,3,Necklace,Pendant,train,0,negative,cross_category
DS1_IMG_002061__DS1_IMG_004167,DS1_IMG_002061,DS1_IMG_004167,IMG_0627-1-_97df84b3,ring_096,2,4,Necklace,Ring,train,0,negative,cross_category
DS1_IMG_002063__DS1_IMG_002064,DS1_IMG_002063,DS1_IMG_002064,IMG_0628_71c27f0b,IMG_0628_71c27f0b,2,2,Necklace,Necklace,train,1,positive,
DS1_IMG_002063__DS1_IMG_002065,DS1_IMG_002063,DS1_IMG_002065,IMG_0628_71c27f0b,IMG_0628_71c27f0b,2,2,Necklace,Necklace,train,1,positive,
DS1_IMG_002064__DS1_IMG_002065,DS1_IMG_002064,DS1_IMG_002065,IMG_0628_71c27f0b,IMG_0628_71c27f0b,2,2,Necklace,Necklace,train,1,positive,
DS1_IMG_002065__DS1_IMG_004213,DS1_IMG_002065,DS1_IMG_004213,IMG_0628_71c27f0b,ring_123,2,4,Necklace,Ring,train,0,negative,cross_category
DS1_IMG_002066__DS1_IMG_002067,DS1_IMG_002066,DS1_IMG_002067,IMG_0630_9aab2bac,IMG_0630_9aab2bac,2,2,Necklace,Necklace,train,1,positive,
DS1_IMG_002066__DS1_IMG_002068,DS1_IMG_002066,DS1_IMG_002068,IMG_0630_9aab2bac,IMG_0630_9aab2bac,2,2,Necklace,Necklace,train,1,positive,
DS1_IMG_002067__DS1_IMG_002068,DS1_IMG_002067,DS1_IMG_002068,IMG_0630_9aab2bac,IMG_0630_9aab2bac,2,2,Necklace,Necklace,train,1,positive,
DS1_IMG_002068__DS1_IMG_004102,DS1_IMG_002068,DS1_IMG_004102,IMG_0630_9aab2bac,ring_065,2,4,Necklace,Ring,train,0,negative,cross_category
DS1_IMG_002068__DS1_IMG_004272,DS1_IMG_002068,DS1_IMG_004272,IMG_0630_9aab2bac,ring_162,2,4,Necklace,Ring,train,0,negative,cross_category
DS1_IMG_002075__DS1_IMG_002076,DS1_IMG_002075,DS1_IMG_002076,IMG_0929_c33c5f88,IMG_0929_c33c5f88,2,2,Necklace,Necklace,train,1,positive,
DS1_IMG_002076__DS1_IMG_003793,DS1_IMG_002076,DS1_IMG_003793,IMG_0929_c33c5f88,IMG_2275_5f527887,2,3,Necklace,Pendant,train,0,negative,cross_category
DS1_IMG_002076__DS1_IMG_004327,DS1_IMG_002076,DS1_IMG_004327,IMG_0929_c33c5f88,wedding-rings-jewellery-png-31,2,4,Necklace,Ring,train,0,negative,cross_category
DS1_IMG_002077__DS1_IMG_002078,DS1_IMG_002077,DS1_IMG_002078,IMG_0934_527e6c46,IMG_0934_527e6c46,2,2,Necklace,Necklace,train,1,positive,
DS1_IMG_002077__DS1_IMG_002079,DS1_IMG_002077,DS1_IMG_002079,IMG_0934_527e6c46,IMG_0934_527e6c46,2,2,Necklace,Necklace,train,1,positive,
DS1_IMG_002078__DS1_IMG_002079,DS1_IMG_002078,DS1_IMG_002079,IMG_0934_527e6c46,IMG_0934_527e6c46,2,2,Necklace,Necklace,train,1,positive,
DS1_IMG_002078__DS1_IMG_004153,DS1_IMG_002078,DS1_IMG_004153,IMG_0934_527e6c46,ring_089,2,4,Necklace,Ring,train,0,negative,cross_category
DS1_IMG_002080__DS1_IMG_002081,DS1_IMG_002080,DS1_IMG_002081,IMG_0935_5dd387f0,IMG_0935_5dd387f0,2,2,Necklace,Necklace,train,1,positive,
DS1_IMG_002080__DS1_IMG_002082,DS1_IMG_002080,DS1_IMG_002082,IMG_0935_5dd387f0,IMG_0935_5dd387f0,2,2,Necklace,Necklace,train,1,positive,
DS1_IMG_002081__DS1_IMG_002082,DS1_IMG_002081,DS1_IMG_002082,IMG_0935_5dd387f0,IMG_0935_5dd387f0,2,2,Necklace,Necklace,train,1,positive,
DS1_IMG_002083__DS1_IMG_002084,DS1_IMG_002083,DS1_IMG_002084,IMG_0937_5faf1cd0,IMG_0937_5faf1cd0,2,2,Necklace,Necklace,train,1,positive,
DS1_IMG_002083__DS1_IMG_002085,DS1_IMG_002083,DS1_IMG_002085,IMG_0937_5faf1cd0,IMG_0937_5faf1cd0,2,2,Necklace,Necklace,train,1,positive,
DS1_IMG_002083__DS1_IMG_004235,DS1_IMG_002083,DS1_IMG_004235,IMG_0937_5faf1cd0,ring_139,2,4,Necklace,Ring,train,0,negative,cross_category
DS1_IMG_002084__DS1_IMG_002085,DS1_IMG_002084,DS1_IMG_002085,IMG_0937_5faf1cd0,IMG_0937_5faf1cd0,2,2,Necklace,Necklace,train,1,positive,
DS1_IMG_002086__DS1_IMG_002087,DS1_IMG_002086,DS1_IMG_002087,IMG_0943_839d50ba,IMG_0943_839d50ba,2,2,Necklace,Necklace,train,1,positive,
DS1_IMG_002086__DS1_IMG_002088,DS1_IMG_002086,DS1_IMG_002088,IMG_0943_839d50ba,IMG_0943_839d50ba,2,2,Necklace,Necklace,train,1,positive,
DS1_IMG_002087__DS1_IMG_002088,DS1_IMG_002087,DS1_IMG_002088,IMG_0943_839d50ba,IMG_0943_839d50ba,2,2,Necklace,Necklace,train,1,positive,
DS1_IMG_002089__DS1_IMG_002090,DS1_IMG_002089,DS1_IMG_002090,IMG_1298_c573ac13,IMG_1298_c573ac13,2,2,Necklace,Necklace,train,1,positive,
DS1_IMG_002089__DS1_IMG_002091,DS1_IMG_002089,DS1_IMG_002091,IMG_1298_c573ac13,IMG_1298_c573ac13,2,2,Necklace,Necklace,train,1,positive,
DS1_IMG_002090__DS1_IMG_002091,DS1_IMG_002090,DS1_IMG_002091,IMG_1298_c573ac13,IMG_1298_c573ac13,2,2,Necklace,Necklace,train,1,positive,
DS1_IMG_002091__DS1_IMG_004182,DS1_IMG_002091,DS1_IMG_004182,IMG_1298_c573ac13,ring_105,2,4,Necklace,Ring,train,0,negative,cross_category
DS1_IMG_002092__DS1_IMG_002093,DS1_IMG_002092,DS1_IMG_002093,IMG_1299_18b800ce,IMG_1299_18b800ce,2,2,Necklace,Necklace,train,1,positive,
DS1_IMG_002092__DS1_IMG_002094,DS1_IMG_002092,DS1_IMG_002094,IMG_1299_18b800ce,IMG_1299_18b800ce,2,2,Necklace,Necklace,train,1,positive,
DS1_IMG_002093__DS1_IMG_002094,DS1_IMG_002093,DS1_IMG_002094,IMG_1299_18b800ce,IMG_1299_18b800ce,2,2,Necklace,Necklace,train,1,positive,
DS1_IMG_002093__DS1_IMG_004266,DS1_IMG_002093,DS1_IMG_004266,IMG_1299_18b800ce,ring_158,2,4,Necklace,Ring,train,0,negative,cross_category
DS1_IMG_002095__DS1_IMG_002096,DS1_IMG_002095,DS1_IMG_002096,IMG_1301_a537f31e,IMG_1301_a537f31e,2,2,Necklace,Necklace,train,1,positive,
DS1_IMG_002095__DS1_IMG_002097,DS1_IMG_002095,DS1_IMG_002097,IMG_1301_a537f31e,IMG_1301_a537f31e,2,2,Necklace,Necklace,train,1,positive,
DS1_IMG_002096__DS1_IMG_002097,DS1_IMG_002096,DS1_IMG_002097,IMG_1301_a537f31e,IMG_1301_a537f31e,2,2,Necklace,Necklace,train,1,positive,
DS1_IMG_002098__DS1_IMG_002099,DS1_IMG_002098,DS1_IMG_002099,IMG_1302_427aa0b7,IMG_1302_427aa0b7,2,2,Necklace,Necklace,train,1,positive,
DS1_IMG_002098__DS1_IMG_002100,DS1_IMG_002098,DS1_IMG_002100,IMG_1302_427aa0b7,IMG_1302_427aa0b7,2,2,Necklace,Necklace,train,1,positive,
DS1_IMG_002099__DS1_IMG_002100,DS1_IMG_002099,DS1_IMG_002100,IMG_1302_427aa0b7,IMG_1302_427aa0b7,2,2,Necklace,Necklace,train,1,positive,
DS1_IMG_002101__DS1_IMG_002102,DS1_IMG_002101,DS1_IMG_002102,IMG_1307_f75838a8,IMG_1307_f75838a8,2,2,Necklace,Necklace,train,1,positive,
DS1_IMG_002101__DS1_IMG_002103,DS1_IMG_002101,DS1_IMG_002103,IMG_1307_f75838a8,IMG_1307_f75838a8,2,2,Necklace,Necklace,train,1,positive,
DS1_IMG_002102__DS1_IMG_002103,DS1_IMG_002102,DS1_IMG_002103,IMG_1307_f75838a8,IMG_1307_f75838a8,2,2,Necklace,Necklace,train,1,positive,
DS1_IMG_002103__DS1_IMG_004245,DS1_IMG_002103,DS1_IMG_004245,IMG_1307_f75838a8,ring_147,2,4,Necklace,Ring,train,0,negative,cross_category
DS1_IMG_002104__DS1_IMG_002105,DS1_IMG_002104,DS1_IMG_002105,IMG_1309_699b4ad9,IMG_1309_699b4ad9,2,2,Necklace,Necklace,train,1,positive,
DS1_IMG_002104__DS1_IMG_002106,DS1_IMG_002104,DS1_IMG_002106,IMG_1309_699b4ad9,IMG_1309_699b4ad9,2,2,Necklace,Necklace,train,1,positive,
DS1_IMG_002105__DS1_IMG_002106,DS1_IMG_002105,DS1_IMG_002106,IMG_1309_699b4ad9,IMG_1309_699b4ad9,2,2,Necklace,Necklace,train,1,positive,
DS1_IMG_002110__DS1_IMG_002111,DS1_IMG_002110,DS1_IMG_002111,IMG_1318_c39bdc55,IMG_1318_c39bdc55,2,2,Necklace,Necklace,train,1,positive,
DS1_IMG_002110__DS1_IMG_002112,DS1_IMG_002110,DS1_IMG_002112,IMG_1318_c39bdc55,IMG_1318_c39bdc55,2,2,Necklace,Necklace,train,1,positive,
DS1_IMG_002110__DS1_IMG_004082,DS1_IMG_002110,DS1_IMG_004082,IMG_1318_c39bdc55,ring_051,2,4,Necklace,Ring,train,0,negative,cross_category
DS1_IMG_002111__DS1_IMG_002112,DS1_IMG_002111,DS1_IMG_002112,IMG_1318_c39bdc55,IMG_1318_c39bdc55,2,2,Necklace,Necklace,train,1,positive,
DS1_IMG_002111__DS1_IMG_003730,DS1_IMG_002111,DS1_IMG_003730,IMG_1318_c39bdc55,IMG_0845_2d416634,2,3,Necklace,Pendant,train,0,negative,cross_category
DS1_IMG_002111__DS1_IMG_003928,DS1_IMG_002111,DS1_IMG_003928,IMG_1318_c39bdc55,IMG_2926_bb65e3e0,2,3,Necklace,Pendant,train,0,negative,cross_category
DS1_IMG_002113__DS1_IMG_002114,DS1_IMG_002113,DS1_IMG_002114,IMG_1319_d47f3dcc,IMG_1319_d47f3dcc,2,2,Necklace,Necklace,train,1,positive,
DS1_IMG_002113__DS1_IMG_002115,DS1_IMG_002113,DS1_IMG_002115,IMG_1319_d47f3dcc,IMG_1319_d47f3dcc,2,2,Necklace,Necklace,train,1,positive,
DS1_IMG_002114__DS1_IMG_002115,DS1_IMG_002114,DS1_IMG_002115,IMG_1319_d47f3dcc,IMG_1319_d47f3dcc,2,2,Necklace,Necklace,train,1,positive,
DS1_IMG_002114__DS1_IMG_004311,DS1_IMG_002114,DS1_IMG_004311,IMG_1319_d47f3dcc,ring_185,2,4,Necklace,Ring,train,0,negative,cross_category
DS1_IMG_002115__DS1_IMG_004168,DS1_IMG_002115,DS1_IMG_004168,IMG_1319_d47f3dcc,ring_096,2,4,Necklace,Ring,train,0,negative,cross_category
DS1_IMG_002116__DS1_IMG_002117,DS1_IMG_002116,DS1_IMG_002117,IMG_1320_14748a53,IMG_1320_14748a53,2,2,Necklace,Necklace,train,1,positive,
DS1_IMG_002116__DS1_IMG_002118,DS1_IMG_002116,DS1_IMG_002118,IMG_1320_14748a53,IMG_1320_14748a53,2,2,Necklace,Necklace,train,1,positive,
DS1_IMG_002116__DS1_IMG_004290,DS1_IMG_002116,DS1_IMG_004290,IMG_1320_14748a53,ring_170,2,4,Necklace,Ring,train,0,negative,cross_category
DS1_IMG_002117__DS1_IMG_002118,DS1_IMG_002117,DS1_IMG_002118,IMG_1320_14748a53,IMG_1320_14748a53,2,2,Necklace,Necklace,train,1,positive,
DS1_IMG_002117__DS1_IMG_004265,DS1_IMG_002117,DS1_IMG_004265,IMG_1320_14748a53,ring_158,2,4,Necklace,Ring,train,0,negative,cross_category
DS1_IMG_002118__DS1_IMG_004154,DS1_IMG_002118,DS1_IMG_004154,IMG_1320_14748a53,ring_091,2,4,Necklace,Ring,train,0,negative,cross_category
DS1_IMG_002119__DS1_IMG_002120,DS1_IMG_002119,DS1_IMG_002120,IMG_1321_e921dba0,IMG_1321_e921dba0,2,2,Necklace,Necklace,train,1,positive,
DS1_IMG_002119__DS1_IMG_002121,DS1_IMG_002119,DS1_IMG_002121,IMG_1321_e921dba0,IMG_1321_e921dba0,2,2,Necklace,Necklace,train,1,positive,
DS1_IMG_002119__DS1_IMG_003810,DS1_IMG_002119,DS1_IMG_003810,IMG_1321_e921dba0,IMG_2456_13fd8ff6,2,3,Necklace,Pendant,train,0,negative,cross_category
DS1_IMG_002120__DS1_IMG_002121,DS1_IMG_002120,DS1_IMG_002121,IMG_1321_e921dba0,IMG_1321_e921dba0,2,2,Necklace,Necklace,train,1,positive,
DS1_IMG_002122__DS1_IMG_002123,DS1_IMG_002122,DS1_IMG_002123,IMG_1322_18fbb6e1,IMG_1322_18fbb6e1,2,2,Necklace,Necklace,train,1,positive,
DS1_IMG_002122__DS1_IMG_002124,DS1_IMG_002122,DS1_IMG_002124,IMG_1322_18fbb6e1,IMG_1322_18fbb6e1,2,2,Necklace,Necklace,train,1,positive,
DS1_IMG_002123__DS1_IMG_002124,DS1_IMG_002123,DS1_IMG_002124,IMG_1322_18fbb6e1,IMG_1322_18fbb6e1,2,2,Necklace,Necklace,train,1,positive,
DS1_IMG_002125__DS1_IMG_002126,DS1_IMG_002125,DS1_IMG_002126,IMG_1323_89d043bd,IMG_1323_89d043bd,2,2,Necklace,Necklace,train,1,positive,
DS1_IMG_002125__DS1_IMG_002127,DS1_IMG_002125,DS1_IMG_002127,IMG_1323_89d043bd,IMG_1323_89d043bd,2,2,Necklace,Necklace,train,1,positive,
DS1_IMG_002126__DS1_IMG_002127,DS1_IMG_002126,DS1_IMG_002127,IMG_1323_89d043bd,IMG_1323_89d043bd,2,2,Necklace,Necklace,train,1,positive,
DS1_IMG_002127__DS1_IMG_004207,DS1_IMG_002127,DS1_IMG_004207,IMG_1323_89d043bd,ring_121,2,4,Necklace,Ring,train,0,negative,cross_category
DS1_IMG_002128__DS1_IMG_002129,DS1_IMG_002128,DS1_IMG_002129,IMG_1324_ddbeb74a,IMG_1324_ddbeb74a,2,2,Necklace,Necklace,train,1,positive,
DS1_IMG_002128__DS1_IMG_002130,DS1_IMG_002128,DS1_IMG_002130,IMG_1324_ddbeb74a,IMG_1324_ddbeb74a,2,2,Necklace,Necklace,train,1,positive,
DS1_IMG_002129__DS1_IMG_002130,DS1_IMG_002129,DS1_IMG_002130,IMG_1324_ddbeb74a,IMG_1324_ddbeb74a,2,2,Necklace,Necklace,train,1,positive,
DS1_IMG_002129__DS1_IMG_003680,DS1_IMG_002129,DS1_IMG_003680,IMG_1324_ddbeb74a,IMG_0457_cb73a0c4,2,3,Necklace,Pendant,train,0,negative,cross_category
DS1_IMG_002129__DS1_IMG_004287,DS1_IMG_002129,DS1_IMG_004287,IMG_1324_ddbeb74a,ring_168,2,4,Necklace,Ring,train,0,negative,cross_category
DS1_IMG_002134__DS1_IMG_002135,DS1_IMG_002134,DS1_IMG_002135,IMG_1326_9c846176,IMG_1326_9c846176,2,2,Necklace,Necklace,train,1,positive,
DS1_IMG_002134__DS1_IMG_002136,DS1_IMG_002134,DS1_IMG_002136,IMG_1326_9c846176,IMG_1326_9c846176,2,2,Necklace,Necklace,train,1,positive,
DS1_IMG_002135__DS1_IMG_002136,DS1_IMG_002135,DS1_IMG_002136,IMG_1326_9c846176,IMG_1326_9c846176,2,2,Necklace,Necklace,train,1,positive,
DS1_IMG_002136__DS1_IMG_003671,DS1_IMG_002136,DS1_IMG_003671,IMG_1326_9c846176,IMG_0391_13077dff,2,3,Necklace,Pendant,train,0,negative,cross_category
DS1_IMG_002143__DS1_IMG_002144,DS1_IMG_002143,DS1_IMG_002144,IMG_1332_417f1275,IMG_1332_417f1275,2,2,Necklace,Necklace,train,1,positive,
DS1_IMG_002143__DS1_IMG_002145,DS1_IMG_002143,DS1_IMG_002145,IMG_1332_417f1275,IMG_1332_417f1275,2,2,Necklace,Necklace,train,1,positive,
DS1_IMG_002144__DS1_IMG_002145,DS1_IMG_002144,DS1_IMG_002145,IMG_1332_417f1275,IMG_1332_417f1275,2,2,Necklace,Necklace,train,1,positive,
DS1_IMG_002146__DS1_IMG_002147,DS1_IMG_002146,DS1_IMG_002147,IMG_1333_0f88f4d4,IMG_1333_0f88f4d4,2,2,Necklace,Necklace,train,1,positive,
DS1_IMG_002146__DS1_IMG_002148,DS1_IMG_002146,DS1_IMG_002148,IMG_1333_0f88f4d4,IMG_1333_0f88f4d4,2,2,Necklace,Necklace,train,1,positive,
DS1_IMG_002147__DS1_IMG_002148,DS1_IMG_002147,DS1_IMG_002148,IMG_1333_0f88f4d4,IMG_1333_0f88f4d4,2,2,Necklace,Necklace,train,1,positive,
DS1_IMG_002148__DS1_IMG_004200,DS1_IMG_002148,DS1_IMG_004200,IMG_1333_0f88f4d4,ring_116,2,4,Necklace,Ring,train,0,negative,cross_category
DS1_IMG_002149__DS1_IMG_002150,DS1_IMG_002149,DS1_IMG_002150,IMG_1334_09eb1a6d,IMG_1334_09eb1a6d,2,2,Necklace,Necklace,train,1,positive,
DS1_IMG_002149__DS1_IMG_002151,DS1_IMG_002149,DS1_IMG_002151,IMG_1334_09eb1a6d,IMG_1334_09eb1a6d,2,2,Necklace,Necklace,train,1,positive,
DS1_IMG_002150__DS1_IMG_002151,DS1_IMG_002150,DS1_IMG_002151,IMG_1334_09eb1a6d,IMG_1334_09eb1a6d,2,2,Necklace,Necklace,train,1,positive,
DS1_IMG_002152__DS1_IMG_002153,DS1_IMG_002152,DS1_IMG_002153,IMG_1335_dce3e04d,IMG_1335_dce3e04d,2,2,Necklace,Necklace,train,1,positive,
DS1_IMG_002152__DS1_IMG_002154,DS1_IMG_002152,DS1_IMG_002154,IMG_1335_dce3e04d,IMG_1335_dce3e04d,2,2,Necklace,Necklace,train,1,positive,
DS1_IMG_002153__DS1_IMG_002154,DS1_IMG_002153,DS1_IMG_002154,IMG_1335_dce3e04d,IMG_1335_dce3e04d,2,2,Necklace,Necklace,train,1,positive,
DS1_IMG_002153__DS1_IMG_004103,DS1_IMG_002153,DS1_IMG_004103,IMG_1335_dce3e04d,ring_065,2,4,Necklace,Ring,train,0,negative,cross_category
DS1_IMG_002155__DS1_IMG_002156,DS1_IMG_002155,DS1_IMG_002156,IMG_1336_fa158a54,IMG_1336_fa158a54,2,2,Necklace,Necklace,train,1,positive,
DS1_IMG_002155__DS1_IMG_002157,DS1_IMG_002155,DS1_IMG_002157,IMG_1336_fa158a54,IMG_1336_fa158a54,2,2,Necklace,Necklace,train,1,positive,
DS1_IMG_002156__DS1_IMG_002157,DS1_IMG_002156,DS1_IMG_002157,IMG_1336_fa158a54,IMG_1336_fa158a54,2,2,Necklace,Necklace,train,1,positive,
DS1_IMG_002157__DS1_IMG_003784,DS1_IMG_002157,DS1_IMG_003784,IMG_1336_fa158a54,IMG_2181_9f77e4aa,2,3,Necklace,Pendant,train,0,negative,cross_category
DS1_IMG_002158__DS1_IMG_002159,DS1_IMG_002158,DS1_IMG_002159,IMG_1339_be32dfe7,IMG_1339_be32dfe7,2,2,Necklace,Necklace,train,1,positive,
DS1_IMG_002158__DS1_IMG_002160,DS1_IMG_002158,DS1_IMG_002160,IMG_1339_be32dfe7,IMG_1339_be32dfe7,2,2,Necklace,Necklace,train,1,positive,
DS1_IMG_002159__DS1_IMG_002160,DS1_IMG_002159,DS1_IMG_002160,IMG_1339_be32dfe7,IMG_1339_be32dfe7,2,2,Necklace,Necklace,train,1,positive,
DS1_IMG_002159__DS1_IMG_003816,DS1_IMG_002159,DS1_IMG_003816,IMG_1339_be32dfe7,IMG_2506_cab336a0,2,3,Necklace,Pendant,train,0,negative,cross_category
DS1_IMG_002161__DS1_IMG_002162,DS1_IMG_002161,DS1_IMG_002162,IMG_1343_d043a3ba,IMG_1343_d043a3ba,2,2,Necklace,Necklace,train,1,positive,
DS1_IMG_002161__DS1_IMG_002163,DS1_IMG_002161,DS1_IMG_002163,IMG_1343_d043a3ba,IMG_1343_d043a3ba,2,2,Necklace,Necklace,train,1,positive,
DS1_IMG_002161__DS1_IMG_003719,DS1_IMG_002161,DS1_IMG_003719,IMG_1343_d043a3ba,IMG_0811_ccf24bcc,2,3,Necklace,Pendant,train,0,negative,cross_category
DS1_IMG_002162__DS1_IMG_002163,DS1_IMG_002162,DS1_IMG_002163,IMG_1343_d043a3ba,IMG_1343_d043a3ba,2,2,Necklace,Necklace,train,1,positive,
DS1_IMG_002162__DS1_IMG_003885,DS1_IMG_002162,DS1_IMG_003885,IMG_1343_d043a3ba,IMG_2871_08b05150,2,3,Necklace,Pendant,train,0,negative,cross_category
DS1_IMG_002164__DS1_IMG_002165,DS1_IMG_002164,DS1_IMG_002165,IMG_1344_55a5877e,IMG_1344_55a5877e,2,2,Necklace,Necklace,train,1,positive,
DS1_IMG_002164__DS1_IMG_002166,DS1_IMG_002164,DS1_IMG_002166,IMG_1344_55a5877e,IMG_1344_55a5877e,2,2,Necklace,Necklace,train,1,positive,
DS1_IMG_002165__DS1_IMG_002166,DS1_IMG_002165,DS1_IMG_002166,IMG_1344_55a5877e,IMG_1344_55a5877e,2,2,Necklace,Necklace,train,1,positive,
DS1_IMG_002166__DS1_IMG_004125,DS1_IMG_002166,DS1_IMG_004125,IMG_1344_55a5877e,ring_078,2,4,Necklace,Ring,train,0,negative,cross_category
DS1_IMG_002167__DS1_IMG_002168,DS1_IMG_002167,DS1_IMG_002168,IMG_1347_0e60935e,IMG_1347_0e60935e,2,2,Necklace,Necklace,train,1,positive,
DS1_IMG_002167__DS1_IMG_002169,DS1_IMG_002167,DS1_IMG_002169,IMG_1347_0e60935e,IMG_1347_0e60935e,2,2,Necklace,Necklace,train,1,positive,
DS1_IMG_002167__DS1_IMG_004249,DS1_IMG_002167,DS1_IMG_004249,IMG_1347_0e60935e,ring_153,2,4,Necklace,Ring,train,0,negative,cross_category
DS1_IMG_002168__DS1_IMG_002169,DS1_IMG_002168,DS1_IMG_002169,IMG_1347_0e60935e,IMG_1347_0e60935e,2,2,Necklace,Necklace,train,1,positive,
DS1_IMG_002168__DS1_IMG_003762,DS1_IMG_002168,DS1_IMG_003762,IMG_1347_0e60935e,IMG_1354_4b8275b6,2,3,Necklace,Pendant,train,0,negative,cross_category
DS1_IMG_002168__DS1_IMG_003959,DS1_IMG_002168,DS1_IMG_003959,IMG_1347_0e60935e,necklace_20241125_122545_00801018,2,3,Necklace,Pendant,train,0,negative,cross_category
DS1_IMG_002168__DS1_IMG_004299,DS1_IMG_002168,DS1_IMG_004299,IMG_1347_0e60935e,ring_180,2,4,Necklace,Ring,train,0,negative,cross_category
DS1_IMG_002169__DS1_IMG_003899,DS1_IMG_002169,DS1_IMG_003899,IMG_1347_0e60935e,IMG_2900_b470bf1b,2,3,Necklace,Pendant,train,0,negative,cross_category
DS1_IMG_002173__DS1_IMG_002174,DS1_IMG_002173,DS1_IMG_002174,IMG_1352_0833b860,IMG_1352_0833b860,2,2,Necklace,Necklace,train,1,positive,
DS1_IMG_002173__DS1_IMG_002175,DS1_IMG_002173,DS1_IMG_002175,IMG_1352_0833b860,IMG_1352_0833b860,2,2,Necklace,Necklace,train,1,positive,
DS1_IMG_002174__DS1_IMG_002175,DS1_IMG_002174,DS1_IMG_002175,IMG_1352_0833b860,IMG_1352_0833b860,2,2,Necklace,Necklace,train,1,positive,
DS1_IMG_002179__DS1_IMG_002180,DS1_IMG_002179,DS1_IMG_002180,IMG_1356_b0c1730a,IMG_1356_b0c1730a,2,2,Necklace,Necklace,train,1,positive,
DS1_IMG_002179__DS1_IMG_002181,DS1_IMG_002179,DS1_IMG_002181,IMG_1356_b0c1730a,IMG_1356_b0c1730a,2,2,Necklace,Necklace,train,1,positive,
DS1_IMG_002180__DS1_IMG_002181,DS1_IMG_002180,DS1_IMG_002181,IMG_1356_b0c1730a,IMG_1356_b0c1730a,2,2,Necklace,Necklace,train,1,positive,
DS1_IMG_002180__DS1_IMG_004131,DS1_IMG_002180,DS1_IMG_004131,IMG_1356_b0c1730a,ring_082,2,4,Necklace,Ring,train,0,negative,cross_category
DS1_IMG_002180__DS1_IMG_004232,DS1_IMG_002180,DS1_IMG_004232,IMG_1356_b0c1730a,ring_138,2,4,Necklace,Ring,train,0,negative,cross_category
DS1_IMG_002182__DS1_IMG_002183,DS1_IMG_002182,DS1_IMG_002183,IMG_1357_a815d20f,IMG_1357_a815d20f,2,2,Necklace,Necklace,train,1,positive,
DS1_IMG_002182__DS1_IMG_002184,DS1_IMG_002182,DS1_IMG_002184,IMG_1357_a815d20f,IMG_1357_a815d20f,2,2,Necklace,Necklace,train,1,positive,
DS1_IMG_002183__DS1_IMG_002184,DS1_IMG_002183,DS1_IMG_002184,IMG_1357_a815d20f,IMG_1357_a815d20f,2,2,Necklace,Necklace,train,1,positive,
DS1_IMG_002185__DS1_IMG_002186,DS1_IMG_002185,DS1_IMG_002186,IMG_1359_9feef6f7,IMG_1359_9feef6f7,2,2,Necklace,Necklace,train,1,positive,
DS1_IMG_002185__DS1_IMG_002187,DS1_IMG_002185,DS1_IMG_002187,IMG_1359_9feef6f7,IMG_1359_9feef6f7,2,2,Necklace,Necklace,train,1,positive,
DS1_IMG_002185__DS1_IMG_004185,DS1_IMG_002185,DS1_IMG_004185,IMG_1359_9feef6f7,ring_110,2,4,Necklace,Ring,train,0,negative,cross_category
DS1_IMG_002186__DS1_IMG_002187,DS1_IMG_002186,DS1_IMG_002187,IMG_1359_9feef6f7,IMG_1359_9feef6f7,2,2,Necklace,Necklace,train,1,positive,
DS1_IMG_002186__DS1_IMG_004097,DS1_IMG_002186,DS1_IMG_004097,IMG_1359_9feef6f7,ring_060,2,4,Necklace,Ring,train,0,negative,cross_category
DS1_IMG_002188__DS1_IMG_002189,DS1_IMG_002188,DS1_IMG_002189,IMG_1371_c4aa0275,IMG_1371_c4aa0275,2,2,Necklace,Necklace,train,1,positive,
DS1_IMG_002188__DS1_IMG_002190,DS1_IMG_002188,DS1_IMG_002190,IMG_1371_c4aa0275,IMG_1371_c4aa0275,2,2,Necklace,Necklace,train,1,positive,
DS1_IMG_002189__DS1_IMG_002190,DS1_IMG_002189,DS1_IMG_002190,IMG_1371_c4aa0275,IMG_1371_c4aa0275,2,2,Necklace,Necklace,train,1,positive,
DS1_IMG_002191__DS1_IMG_002192,DS1_IMG_002191,DS1_IMG_002192,IMG_1374_d961f0cb,IMG_1374_d961f0cb,2,2,Necklace,Necklace,train,1,positive,
DS1_IMG_002191__DS1_IMG_002193,DS1_IMG_002191,DS1_IMG_002193,IMG_1374_d961f0cb,IMG_1374_d961f0cb,2,2,Necklace,Necklace,train,1,positive,
DS1_IMG_002191__DS1_IMG_004186,DS1_IMG_002191,DS1_IMG_004186,IMG_1374_d961f0cb,ring_110,2,4,Necklace,Ring,train,0,negative,cross_category
DS1_IMG_002192__DS1_IMG_002193,DS1_IMG_002192,DS1_IMG_002193,IMG_1374_d961f0cb,IMG_1374_d961f0cb,2,2,Necklace,Necklace,train,1,positive,
DS1_IMG_002193__DS1_IMG_003803,DS1_IMG_002193,DS1_IMG_003803,IMG_1374_d961f0cb,IMG_2426_f8412daf,2,3,Necklace,Pendant,train,0,negative,cross_category
DS1_IMG_002194__DS1_IMG_002195,DS1_IMG_002194,DS1_IMG_002195,IMG_1375_a9efde0a,IMG_1375_a9efde0a,2,2,Necklace,Necklace,train,1,positive,
DS1_IMG_002194__DS1_IMG_002196,DS1_IMG_002194,DS1_IMG_002196,IMG_1375_a9efde0a,IMG_1375_a9efde0a,2,2,Necklace,Necklace,train,1,positive,
DS1_IMG_002194__DS1_IMG_004085,DS1_IMG_002194,DS1_IMG_004085,IMG_1375_a9efde0a,ring_054,2,4,Necklace,Ring,train,0,negative,cross_category
DS1_IMG_002195__DS1_IMG_002196,DS1_IMG_002195,DS1_IMG_002196,IMG_1375_a9efde0a,IMG_1375_a9efde0a,2,2,Necklace,Necklace,train,1,positive,
DS1_IMG_002196__DS1_IMG_004211,DS1_IMG_002196,DS1_IMG_004211,IMG_1375_a9efde0a,ring_123,2,4,Necklace,Ring,train,0,negative,cross_category
DS1_IMG_002197__DS1_IMG_002198,DS1_IMG_002197,DS1_IMG_002198,IMG_1381_a38c3673,IMG_1381_a38c3673,2,2,Necklace,Necklace,train,1,positive,
DS1_IMG_002197__DS1_IMG_002199,DS1_IMG_002197,DS1_IMG_002199,IMG_1381_a38c3673,IMG_1381_a38c3673,2,2,Necklace,Necklace,train,1,positive,
DS1_IMG_002198__DS1_IMG_002199,DS1_IMG_002198,DS1_IMG_002199,IMG_1381_a38c3673,IMG_1381_a38c3673,2,2,Necklace,Necklace,train,1,positive,
DS1_IMG_002200__DS1_IMG_002201,DS1_IMG_002200,DS1_IMG_002201,IMG_1383_d2995f70,IMG_1383_d2995f70,2,2,Necklace,Necklace,train,1,positive,
DS1_IMG_002200__DS1_IMG_002202,DS1_IMG_002200,DS1_IMG_002202,IMG_1383_d2995f70,IMG_1383_d2995f70,2,2,Necklace,Necklace,train,1,positive,
DS1_IMG_002200__DS1_IMG_003855,DS1_IMG_002200,DS1_IMG_003855,IMG_1383_d2995f70,IMG_2836_db94d1e7,2,3,Necklace,Pendant,train,0,negative,cross_category
DS1_IMG_002200__DS1_IMG_004165,DS1_IMG_002200,DS1_IMG_004165,IMG_1383_d2995f70,ring_095,2,4,Necklace,Ring,train,0,negative,cross_category
DS1_IMG_002201__DS1_IMG_002202,DS1_IMG_002201,DS1_IMG_002202,IMG_1383_d2995f70,IMG_1383_d2995f70,2,2,Necklace,Necklace,train,1,positive,
DS1_IMG_002202__DS1_IMG_003918,DS1_IMG_002202,DS1_IMG_003918,IMG_1383_d2995f70,IMG_2918_dbac9ef3,2,3,Necklace,Pendant,train,0,negative,cross_category
DS1_IMG_002203__DS1_IMG_002204,DS1_IMG_002203,DS1_IMG_002204,IMG_1384_a5dcb6bd,IMG_1384_a5dcb6bd,2,2,Necklace,Necklace,train,1,positive,
DS1_IMG_002203__DS1_IMG_002205,DS1_IMG_002203,DS1_IMG_002205,IMG_1384_a5dcb6bd,IMG_1384_a5dcb6bd,2,2,Necklace,Necklace,train,1,positive,
DS1_IMG_002203__DS1_IMG_004269,DS1_IMG_002203,DS1_IMG_004269,IMG_1384_a5dcb6bd,ring_159,2,4,Necklace,Ring,train,0,negative,cross_category
DS1_IMG_002204__DS1_IMG_002205,DS1_IMG_002204,DS1_IMG_002205,IMG_1384_a5dcb6bd,IMG_1384_a5dcb6bd,2,2,Necklace,Necklace,train,1,positive,
DS1_IMG_002206__DS1_IMG_002207,DS1_IMG_002206,DS1_IMG_002207,IMG_1396_89a03e43,IMG_1396_89a03e43,2,2,Necklace,Necklace,train,1,positive,
DS1_IMG_002206__DS1_IMG_002208,DS1_IMG_002206,DS1_IMG_002208,IMG_1396_89a03e43,IMG_1396_89a03e43,2,2,Necklace,Necklace,train,1,positive,
DS1_IMG_002206__DS1_IMG_003982,DS1_IMG_002206,DS1_IMG_003982,IMG_1396_89a03e43,necklace_20241125_122545_3ef84081,2,3,Necklace,Pendant,train,0,negative,cross_category
DS1_IMG_002207__DS1_IMG_002208,DS1_IMG_002207,DS1_IMG_002208,IMG_1396_89a03e43,IMG_1396_89a03e43,2,2,Necklace,Necklace,train,1,positive,
DS1_IMG_002209__DS1_IMG_002210,DS1_IMG_002209,DS1_IMG_002210,IMG_1397_967fc1a8,IMG_1397_967fc1a8,2,2,Necklace,Necklace,train,1,positive,
DS1_IMG_002209__DS1_IMG_002211,DS1_IMG_002209,DS1_IMG_002211,IMG_1397_967fc1a8,IMG_1397_967fc1a8,2,2,Necklace,Necklace,train,1,positive,
DS1_IMG_002209__DS1_IMG_003723,DS1_IMG_002209,DS1_IMG_003723,IMG_1397_967fc1a8,IMG_0841_55d04e95,2,3,Necklace,Pendant,train,0,negative,cross_category
DS1_IMG_002210__DS1_IMG_002211,DS1_IMG_002210,DS1_IMG_002211,IMG_1397_967fc1a8,IMG_1397_967fc1a8,2,2,Necklace,Necklace,train,1,positive,
DS1_IMG_002210__DS1_IMG_004286,DS1_IMG_002210,DS1_IMG_004286,IMG_1397_967fc1a8,ring_168,2,4,Necklace,Ring,train,0,negative,cross_category
DS1_IMG_002212__DS1_IMG_002213,DS1_IMG_002212,DS1_IMG_002213,IMG_1399_ec43f3b7,IMG_1399_ec43f3b7,2,2,Necklace,Necklace,train,1,positive,
DS1_IMG_002212__DS1_IMG_002214,DS1_IMG_002212,DS1_IMG_002214,IMG_1399_ec43f3b7,IMG_1399_ec43f3b7,2,2,Necklace,Necklace,train,1,positive,
DS1_IMG_002213__DS1_IMG_002214,DS1_IMG_002213,DS1_IMG_002214,IMG_1399_ec43f3b7,IMG_1399_ec43f3b7,2,2,Necklace,Necklace,train,1,positive,
DS1_IMG_002213__DS1_IMG_003762,DS1_IMG_002213,DS1_IMG_003762,IMG_1399_ec43f3b7,IMG_1354_4b8275b6,2,3,Necklace,Pendant,train,0,negative,cross_category
DS1_IMG_002214__DS1_IMG_004168,DS1_IMG_002214,DS1_IMG_004168,IMG_1399_ec43f3b7,ring_096,2,4,Necklace,Ring,train,0,negative,cross_category
DS1_IMG_002215__DS1_IMG_002216,DS1_IMG_002215,DS1_IMG_002216,IMG_1400_56ff7cdf,IMG_1400_56ff7cdf,2,2,Necklace,Necklace,train,1,positive,
DS1_IMG_002215__DS1_IMG_002217,DS1_IMG_002215,DS1_IMG_002217,IMG_1400_56ff7cdf,IMG_1400_56ff7cdf,2,2,Necklace,Necklace,train,1,positive,
DS1_IMG_002216__DS1_IMG_002217,DS1_IMG_002216,DS1_IMG_002217,IMG_1400_56ff7cdf,IMG_1400_56ff7cdf,2,2,Necklace,Necklace,train,1,positive,
DS1_IMG_002216__DS1_IMG_004233,DS1_IMG_002216,DS1_IMG_004233,IMG_1400_56ff7cdf,ring_138,2,4,Necklace,Ring,train,0,negative,cross_category
DS1_IMG_002218__DS1_IMG_002219,DS1_IMG_002218,DS1_IMG_002219,IMG_1401_21592662,IMG_1401_21592662,2,2,Necklace,Necklace,train,1,positive,
DS1_IMG_002218__DS1_IMG_002220,DS1_IMG_002218,DS1_IMG_002220,IMG_1401_21592662,IMG_1401_21592662,2,2,Necklace,Necklace,train,1,positive,
DS1_IMG_002219__DS1_IMG_002220,DS1_IMG_002219,DS1_IMG_002220,IMG_1401_21592662,IMG_1401_21592662,2,2,Necklace,Necklace,train,1,positive,
DS1_IMG_002219__DS1_IMG_004288,DS1_IMG_002219,DS1_IMG_004288,IMG_1401_21592662,ring_170,2,4,Necklace,Ring,train,0,negative,cross_category
DS1_IMG_002220__DS1_IMG_003828,DS1_IMG_002220,DS1_IMG_003828,IMG_1401_21592662,IMG_2513_2e38170a,2,3,Necklace,Pendant,train,0,negative,cross_category
DS1_IMG_002224__DS1_IMG_002225,DS1_IMG_002224,DS1_IMG_002225,IMG_1415_be6e8509,IMG_1415_be6e8509,2,2,Necklace,Necklace,train,1,positive,
DS1_IMG_002224__DS1_IMG_002226,DS1_IMG_002224,DS1_IMG_002226,IMG_1415_be6e8509,IMG_1415_be6e8509,2,2,Necklace,Necklace,train,1,positive,
DS1_IMG_002224__DS1_IMG_003887,DS1_IMG_002224,DS1_IMG_003887,IMG_1415_be6e8509,IMG_2877_c118c42c,2,3,Necklace,Pendant,train,0,negative,cross_category
DS1_IMG_002225__DS1_IMG_002226,DS1_IMG_002225,DS1_IMG_002226,IMG_1415_be6e8509,IMG_1415_be6e8509,2,2,Necklace,Necklace,train,1,positive,
DS1_IMG_002225__DS1_IMG_003690,DS1_IMG_002225,DS1_IMG_003690,IMG_1415_be6e8509,IMG_0475_694c48a1,2,3,Necklace,Pendant,train,0,negative,cross_category
DS1_IMG_002227__DS1_IMG_002228,DS1_IMG_002227,DS1_IMG_002228,IMG_1416_f7a2507a,IMG_1416_f7a2507a,2,2,Necklace,Necklace,train,1,positive,
DS1_IMG_002227__DS1_IMG_002229,DS1_IMG_002227,DS1_IMG_002229,IMG_1416_f7a2507a,IMG_1416_f7a2507a,2,2,Necklace,Necklace,train,1,positive,
DS1_IMG_002228__DS1_IMG_002229,DS1_IMG_002228,DS1_IMG_002229,IMG_1416_f7a2507a,IMG_1416_f7a2507a,2,2,Necklace,Necklace,train,1,positive,
DS1_IMG_002229__DS1_IMG_004176,DS1_IMG_002229,DS1_IMG_004176,IMG_1416_f7a2507a,ring_102,2,4,Necklace,Ring,train,0,negative,cross_category
DS1_IMG_002230__DS1_IMG_002231,DS1_IMG_002230,DS1_IMG_002231,IMG_1417_36151206,IMG_1417_36151206,2,2,Necklace,Necklace,train,1,positive,
DS1_IMG_002230__DS1_IMG_002232,DS1_IMG_002230,DS1_IMG_002232,IMG_1417_36151206,IMG_1417_36151206,2,2,Necklace,Necklace,train,1,positive,
DS1_IMG_002231__DS1_IMG_002232,DS1_IMG_002231,DS1_IMG_002232,IMG_1417_36151206,IMG_1417_36151206,2,2,Necklace,Necklace,train,1,positive,
DS1_IMG_002232__DS1_IMG_003874,DS1_IMG_002232,DS1_IMG_003874,IMG_1417_36151206,IMG_2856_b3d7e108,2,3,Necklace,Pendant,train,0,negative,cross_category
DS1_IMG_002232__DS1_IMG_004015,DS1_IMG_002232,DS1_IMG_004015,IMG_1417_36151206,Screenshot_20181116-202757_1542453058358,2,4,Necklace,Ring,train,0,negative,cross_category
DS1_IMG_002233__DS1_IMG_002234,DS1_IMG_002233,DS1_IMG_002234,IMG_1418_e024fd67,IMG_1418_e024fd67,2,2,Necklace,Necklace,train,1,positive,
DS1_IMG_002233__DS1_IMG_002235,DS1_IMG_002233,DS1_IMG_002235,IMG_1418_e024fd67,IMG_1418_e024fd67,2,2,Necklace,Necklace,train,1,positive,
DS1_IMG_002234__DS1_IMG_002235,DS1_IMG_002234,DS1_IMG_002235,IMG_1418_e024fd67,IMG_1418_e024fd67,2,2,Necklace,Necklace,train,1,positive,
DS1_IMG_002234__DS1_IMG_004312,DS1_IMG_002234,DS1_IMG_004312,IMG_1418_e024fd67,ring_185,2,4,Necklace,Ring,train,0,negative,cross_category
DS1_IMG_002242__DS1_IMG_002243,DS1_IMG_002242,DS1_IMG_002243,IMG_1422_cf8efbc5,IMG_1422_cf8efbc5,2,2,Necklace,Necklace,train,1,positive,
DS1_IMG_002242__DS1_IMG_002244,DS1_IMG_002242,DS1_IMG_002244,IMG_1422_cf8efbc5,IMG_1422_cf8efbc5,2,2,Necklace,Necklace,train,1,positive,
DS1_IMG_002243__DS1_IMG_002244,DS1_IMG_002243,DS1_IMG_002244,IMG_1422_cf8efbc5,IMG_1422_cf8efbc5,2,2,Necklace,Necklace,train,1,positive,
DS1_IMG_002248__DS1_IMG_002249,DS1_IMG_002248,DS1_IMG_002249,IMG_1425_afa4cc70,IMG_1425_afa4cc70,2,2,Necklace,Necklace,train,1,positive,
DS1_IMG_002248__DS1_IMG_002250,DS1_IMG_002248,DS1_IMG_002250,IMG_1425_afa4cc70,IMG_1425_afa4cc70,2,2,Necklace,Necklace,train,1,positive,
DS1_IMG_002249__DS1_IMG_002250,DS1_IMG_002249,DS1_IMG_002250,IMG_1425_afa4cc70,IMG_1425_afa4cc70,2,2,Necklace,Necklace,train,1,positive,
DS1_IMG_002251__DS1_IMG_002252,DS1_IMG_002251,DS1_IMG_002252,IMG_1426_737cab57,IMG_1426_737cab57,2,2,Necklace,Necklace,train,1,positive,
DS1_IMG_002251__DS1_IMG_002253,DS1_IMG_002251,DS1_IMG_002253,IMG_1426_737cab57,IMG_1426_737cab57,2,2,Necklace,Necklace,train,1,positive,
DS1_IMG_002252__DS1_IMG_002253,DS1_IMG_002252,DS1_IMG_002253,IMG_1426_737cab57,IMG_1426_737cab57,2,2,Necklace,Necklace,train,1,positive,
DS1_IMG_002257__DS1_IMG_002258,DS1_IMG_002257,DS1_IMG_002258,IMG_1428_5e4c7d87,IMG_1428_5e4c7d87,2,2,Necklace,Necklace,train,1,positive,
DS1_IMG_002257__DS1_IMG_002259,DS1_IMG_002257,DS1_IMG_002259,IMG_1428_5e4c7d87,IMG_1428_5e4c7d87,2,2,Necklace,Necklace,train,1,positive,
DS1_IMG_002258__DS1_IMG_002259,DS1_IMG_002258,DS1_IMG_002259,IMG_1428_5e4c7d87,IMG_1428_5e4c7d87,2,2,Necklace,Necklace,train,1,positive,
DS1_IMG_002260__DS1_IMG_002261,DS1_IMG_002260,DS1_IMG_002261,IMG_1433_eb6c3a20,IMG_1433_eb6c3a20,2,2,Necklace,Necklace,train,1,positive,
DS1_IMG_002260__DS1_IMG_002262,DS1_IMG_002260,DS1_IMG_002262,IMG_1433_eb6c3a20,IMG_1433_eb6c3a20,2,2,Necklace,Necklace,train,1,positive,
DS1_IMG_002261__DS1_IMG_002262,DS1_IMG_002261,DS1_IMG_002262,IMG_1433_eb6c3a20,IMG_1433_eb6c3a20,2,2,Necklace,Necklace,train,1,positive,
DS1_IMG_002266__DS1_IMG_002267,DS1_IMG_002266,DS1_IMG_002267,IMG_1435_aec49ee8,IMG_1435_aec49ee8,2,2,Necklace,Necklace,train,1,positive,
DS1_IMG_002266__DS1_IMG_002268,DS1_IMG_002266,DS1_IMG_002268,IMG_1435_aec49ee8,IMG_1435_aec49ee8,2,2,Necklace,Necklace,train,1,positive,
DS1_IMG_002266__DS1_IMG_003785,DS1_IMG_002266,DS1_IMG_003785,IMG_1435_aec49ee8,IMG_2186_10d4d23b,2,3,Necklace,Pendant,train,0,negative,cross_category
DS1_IMG_002267__DS1_IMG_002268,DS1_IMG_002267,DS1_IMG_002268,IMG_1435_aec49ee8,IMG_1435_aec49ee8,2,2,Necklace,Necklace,train,1,positive,
DS1_IMG_002269__DS1_IMG_002270,DS1_IMG_002269,DS1_IMG_002270,IMG_1437_cbc308b5,IMG_1437_cbc308b5,2,2,Necklace,Necklace,train,1,positive,
DS1_IMG_002269__DS1_IMG_002271,DS1_IMG_002269,DS1_IMG_002271,IMG_1437_cbc308b5,IMG_1437_cbc308b5,2,2,Necklace,Necklace,train,1,positive,
DS1_IMG_002269__DS1_IMG_003763,DS1_IMG_002269,DS1_IMG_003763,IMG_1437_cbc308b5,IMG_1354_4b8275b6,2,3,Necklace,Pendant,train,0,negative,cross_category
DS1_IMG_002270__DS1_IMG_002271,DS1_IMG_002270,DS1_IMG_002271,IMG_1437_cbc308b5,IMG_1437_cbc308b5,2,2,Necklace,Necklace,train,1,positive,
DS1_IMG_002270__DS1_IMG_004243,DS1_IMG_002270,DS1_IMG_004243,IMG_1437_cbc308b5,ring_147,2,4,Necklace,Ring,train,0,negative,cross_category
DS1_IMG_002272__DS1_IMG_002273,DS1_IMG_002272,DS1_IMG_002273,IMG_1442_e0bc488a,IMG_1442_e0bc488a,2,2,Necklace,Necklace,train,1,positive,
DS1_IMG_002272__DS1_IMG_002274,DS1_IMG_002272,DS1_IMG_002274,IMG_1442_e0bc488a,IMG_1442_e0bc488a,2,2,Necklace,Necklace,train,1,positive,
DS1_IMG_002273__DS1_IMG_002274,DS1_IMG_002273,DS1_IMG_002274,IMG_1442_e0bc488a,IMG_1442_e0bc488a,2,2,Necklace,Necklace,train,1,positive,
DS1_IMG_002274__DS1_IMG_004212,DS1_IMG_002274,DS1_IMG_004212,IMG_1442_e0bc488a,ring_123,2,4,Necklace,Ring,train,0,negative,cross_category
DS1_IMG_002275__DS1_IMG_002276,DS1_IMG_002275,DS1_IMG_002276,IMG_1444_95c54494,IMG_1444_95c54494,2,2,Necklace,Necklace,train,1,positive,
DS1_IMG_002275__DS1_IMG_002277,DS1_IMG_002275,DS1_IMG_002277,IMG_1444_95c54494,IMG_1444_95c54494,2,2,Necklace,Necklace,train,1,positive,
DS1_IMG_002275__DS1_IMG_003855,DS1_IMG_002275,DS1_IMG_003855,IMG_1444_95c54494,IMG_2836_db94d1e7,2,3,Necklace,Pendant,train,0,negative,cross_category
DS1_IMG_002276__DS1_IMG_002277,DS1_IMG_002276,DS1_IMG_002277,IMG_1444_95c54494,IMG_1444_95c54494,2,2,Necklace,Necklace,train,1,positive,
DS1_IMG_002281__DS1_IMG_002282,DS1_IMG_002281,DS1_IMG_002282,IMG_1449_3b359112,IMG_1449_3b359112,2,2,Necklace,Necklace,train,1,positive,
DS1_IMG_002281__DS1_IMG_002283,DS1_IMG_002281,DS1_IMG_002283,IMG_1449_3b359112,IMG_1449_3b359112,2,2,Necklace,Necklace,train,1,positive,
DS1_IMG_002282__DS1_IMG_002283,DS1_IMG_002282,DS1_IMG_002283,IMG_1449_3b359112,IMG_1449_3b359112,2,2,Necklace,Necklace,train,1,positive,
DS1_IMG_002282__DS1_IMG_003742,DS1_IMG_002282,DS1_IMG_003742,IMG_1449_3b359112,IMG_0862_36a7b364,2,3,Necklace,Pendant,train,0,negative,cross_category
DS1_IMG_002282__DS1_IMG_004084,DS1_IMG_002282,DS1_IMG_004084,IMG_1449_3b359112,ring_051,2,4,Necklace,Ring,train,0,negative,cross_category
DS1_IMG_002282__DS1_IMG_004186,DS1_IMG_002282,DS1_IMG_004186,IMG_1449_3b359112,ring_110,2,4,Necklace,Ring,train,0,negative,cross_category
DS1_IMG_002287__DS1_IMG_002288,DS1_IMG_002287,DS1_IMG_002288,IMG_1454_66a32aea,IMG_1454_66a32aea,2,2,Necklace,Necklace,train,1,positive,
DS1_IMG_002287__DS1_IMG_002289,DS1_IMG_002287,DS1_IMG_002289,IMG_1454_66a32aea,IMG_1454_66a32aea,2,2,Necklace,Necklace,train,1,positive,
DS1_IMG_002288__DS1_IMG_002289,DS1_IMG_002288,DS1_IMG_002289,IMG_1454_66a32aea,IMG_1454_66a32aea,2,2,Necklace,Necklace,train,1,positive,
DS1_IMG_002288__DS1_IMG_003907,DS1_IMG_002288,DS1_IMG_003907,IMG_1454_66a32aea,IMG_2907_4bcb0ae7,2,3,Necklace,Pendant,train,0,negative,cross_category
DS1_IMG_002290__DS1_IMG_002291,DS1_IMG_002290,DS1_IMG_002291,IMG_1455_0130a1fb,IMG_1455_0130a1fb,2,2,Necklace,Necklace,train,1,positive,
DS1_IMG_002290__DS1_IMG_002292,DS1_IMG_002290,DS1_IMG_002292,IMG_1455_0130a1fb,IMG_1455_0130a1fb,2,2,Necklace,Necklace,train,1,positive,
DS1_IMG_002291__DS1_IMG_002292,DS1_IMG_002291,DS1_IMG_002292,IMG_1455_0130a1fb,IMG_1455_0130a1fb,2,2,Necklace,Necklace,train,1,positive,
DS1_IMG_002296__DS1_IMG_002297,DS1_IMG_002296,DS1_IMG_002297,IMG_1459_fe4145cc,IMG_1459_fe4145cc,2,2,Necklace,Necklace,train,1,positive,
DS1_IMG_002296__DS1_IMG_002298,DS1_IMG_002296,DS1_IMG_002298,IMG_1459_fe4145cc,IMG_1459_fe4145cc,2,2,Necklace,Necklace,train,1,positive,
DS1_IMG_002296__DS1_IMG_003913,DS1_IMG_002296,DS1_IMG_003913,IMG_1459_fe4145cc,IMG_2912_9176f0b9,2,3,Necklace,Pendant,train,0,negative,cross_category
DS1_IMG_002297__DS1_IMG_002298,DS1_IMG_002297,DS1_IMG_002298,IMG_1459_fe4145cc,IMG_1459_fe4145cc,2,2,Necklace,Necklace,train,1,positive,
DS1_IMG_002299__DS1_IMG_002300,DS1_IMG_002299,DS1_IMG_002300,IMG_1462_75d8e03c,IMG_1462_75d8e03c,2,2,Necklace,Necklace,train,1,positive,
DS1_IMG_002299__DS1_IMG_002301,DS1_IMG_002299,DS1_IMG_002301,IMG_1462_75d8e03c,IMG_1462_75d8e03c,2,2,Necklace,Necklace,train,1,positive,
DS1_IMG_002300__DS1_IMG_002301,DS1_IMG_002300,DS1_IMG_002301,IMG_1462_75d8e03c,IMG_1462_75d8e03c,2,2,Necklace,Necklace,train,1,positive,
DS1_IMG_002302__DS1_IMG_002303,DS1_IMG_002302,DS1_IMG_002303,IMG_1463_ad1463d3,IMG_1463_ad1463d3,2,2,Necklace,Necklace,train,1,positive,
DS1_IMG_002302__DS1_IMG_002304,DS1_IMG_002302,DS1_IMG_002304,IMG_1463_ad1463d3,IMG_1463_ad1463d3,2,2,Necklace,Necklace,train,1,positive,
DS1_IMG_002303__DS1_IMG_002304,DS1_IMG_002303,DS1_IMG_002304,IMG_1463_ad1463d3,IMG_1463_ad1463d3,2,2,Necklace,Necklace,train,1,positive,
DS1_IMG_002304__DS1_IMG_004189,DS1_IMG_002304,DS1_IMG_004189,IMG_1463_ad1463d3,ring_111,2,4,Necklace,Ring,train,0,negative,cross_category
DS1_IMG_002304__DS1_IMG_004214,DS1_IMG_002304,DS1_IMG_004214,IMG_1463_ad1463d3,ring_124,2,4,Necklace,Ring,train,0,negative,cross_category
DS1_IMG_002305__DS1_IMG_002306,DS1_IMG_002305,DS1_IMG_002306,IMG_1470_f4ebcbcc,IMG_1470_f4ebcbcc,2,2,Necklace,Necklace,train,1,positive,
DS1_IMG_002305__DS1_IMG_002307,DS1_IMG_002305,DS1_IMG_002307,IMG_1470_f4ebcbcc,IMG_1470_f4ebcbcc,2,2,Necklace,Necklace,train,1,positive,
DS1_IMG_002306__DS1_IMG_002307,DS1_IMG_002306,DS1_IMG_002307,IMG_1470_f4ebcbcc,IMG_1470_f4ebcbcc,2,2,Necklace,Necklace,train,1,positive,
DS1_IMG_002308__DS1_IMG_002309,DS1_IMG_002308,DS1_IMG_002309,IMG_1472_e366edf3,IMG_1472_e366edf3,2,2,Necklace,Necklace,train,1,positive,
DS1_IMG_002308__DS1_IMG_002310,DS1_IMG_002308,DS1_IMG_002310,IMG_1472_e366edf3,IMG_1472_e366edf3,2,2,Necklace,Necklace,train,1,positive,
DS1_IMG_002308__DS1_IMG_003921,DS1_IMG_002308,DS1_IMG_003921,IMG_1472_e366edf3,IMG_2922_996200cd,2,3,Necklace,Pendant,train,0,negative,cross_category
DS1_IMG_002309__DS1_IMG_002310,DS1_IMG_002309,DS1_IMG_002310,IMG_1472_e366edf3,IMG_1472_e366edf3,2,2,Necklace,Necklace,train,1,positive,
DS1_IMG_002311__DS1_IMG_002312,DS1_IMG_002311,DS1_IMG_002312,IMG_1473_ca12a281,IMG_1473_ca12a281,2,2,Necklace,Necklace,train,1,positive,
DS1_IMG_002311__DS1_IMG_002313,DS1_IMG_002311,DS1_IMG_002313,IMG_1473_ca12a281,IMG_1473_ca12a281,2,2,Necklace,Necklace,train,1,positive,
DS1_IMG_002311__DS1_IMG_003793,DS1_IMG_002311,DS1_IMG_003793,IMG_1473_ca12a281,IMG_2275_5f527887,2,3,Necklace,Pendant,train,0,negative,cross_category
DS1_IMG_002311__DS1_IMG_004054,DS1_IMG_002311,DS1_IMG_004054,IMG_1473_ca12a281,Screenshot_20181116-204359_1542449415504,2,4,Necklace,Ring,train,0,negative,cross_category
DS1_IMG_002312__DS1_IMG_002313,DS1_IMG_002312,DS1_IMG_002313,IMG_1473_ca12a281,IMG_1473_ca12a281,2,2,Necklace,Necklace,train,1,positive,
DS1_IMG_002314__DS1_IMG_002315,DS1_IMG_002314,DS1_IMG_002315,IMG_1479_dbef442c,IMG_1479_dbef442c,2,2,Necklace,Necklace,train,1,positive,
DS1_IMG_002314__DS1_IMG_002316,DS1_IMG_002314,DS1_IMG_002316,IMG_1479_dbef442c,IMG_1479_dbef442c,2,2,Necklace,Necklace,train,1,positive,
DS1_IMG_002315__DS1_IMG_002316,DS1_IMG_002315,DS1_IMG_002316,IMG_1479_dbef442c,IMG_1479_dbef442c,2,2,Necklace,Necklace,train,1,positive,
DS1_IMG_002320__DS1_IMG_002321,DS1_IMG_002320,DS1_IMG_002321,IMG_1485_00597536,IMG_1485_00597536,2,2,Necklace,Necklace,train,1,positive,
DS1_IMG_002320__DS1_IMG_002322,DS1_IMG_002320,DS1_IMG_002322,IMG_1485_00597536,IMG_1485_00597536,2,2,Necklace,Necklace,train,1,positive,
DS1_IMG_002320__DS1_IMG_004296,DS1_IMG_002320,DS1_IMG_004296,IMG_1485_00597536,ring_179,2,4,Necklace,Ring,train,0,negative,cross_category
DS1_IMG_002321__DS1_IMG_002322,DS1_IMG_002321,DS1_IMG_002322,IMG_1485_00597536,IMG_1485_00597536,2,2,Necklace,Necklace,train,1,positive,
DS1_IMG_002322__DS1_IMG_003829,DS1_IMG_002322,DS1_IMG_003829,IMG_1485_00597536,IMG_2513_2e38170a,2,3,Necklace,Pendant,train,0,negative,cross_category
DS1_IMG_002323__DS1_IMG_002324,DS1_IMG_002323,DS1_IMG_002324,IMG_1486_9788ba28,IMG_1486_9788ba28,2,2,Necklace,Necklace,train,1,positive,
DS1_IMG_002323__DS1_IMG_002325,DS1_IMG_002323,DS1_IMG_002325,IMG_1486_9788ba28,IMG_1486_9788ba28,2,2,Necklace,Necklace,train,1,positive,
DS1_IMG_002324__DS1_IMG_002325,DS1_IMG_002324,DS1_IMG_002325,IMG_1486_9788ba28,IMG_1486_9788ba28,2,2,Necklace,Necklace,train,1,positive,
DS1_IMG_002326__DS1_IMG_002327,DS1_IMG_002326,DS1_IMG_002327,IMG_1489_4f181c16,IMG_1489_4f181c16,2,2,Necklace,Necklace,train,1,positive,
DS1_IMG_002326__DS1_IMG_002328,DS1_IMG_002326,DS1_IMG_002328,IMG_1489_4f181c16,IMG_1489_4f181c16,2,2,Necklace,Necklace,train,1,positive,
DS1_IMG_002326__DS1_IMG_004321,DS1_IMG_002326,DS1_IMG_004321,IMG_1489_4f181c16,ring_192,2,4,Necklace,Ring,train,0,negative,cross_category
DS1_IMG_002327__DS1_IMG_002328,DS1_IMG_002327,DS1_IMG_002328,IMG_1489_4f181c16,IMG_1489_4f181c16,2,2,Necklace,Necklace,train,1,positive,
DS1_IMG_002329__DS1_IMG_002330,DS1_IMG_002329,DS1_IMG_002330,IMG_1490_e62643b3,IMG_1490_e62643b3,2,2,Necklace,Necklace,train,1,positive,
DS1_IMG_002329__DS1_IMG_002331,DS1_IMG_002329,DS1_IMG_002331,IMG_1490_e62643b3,IMG_1490_e62643b3,2,2,Necklace,Necklace,train,1,positive,
DS1_IMG_002330__DS1_IMG_002331,DS1_IMG_002330,DS1_IMG_002331,IMG_1490_e62643b3,IMG_1490_e62643b3,2,2,Necklace,Necklace,train,1,positive,
DS1_IMG_002330__DS1_IMG_003779,DS1_IMG_002330,DS1_IMG_003779,IMG_1490_e62643b3,IMG_1568_07ccbeb1,2,3,Necklace,Pendant,train,0,negative,cross_category
DS1_IMG_002332__DS1_IMG_002333,DS1_IMG_002332,DS1_IMG_002333,IMG_1492_e5ad24ca,IMG_1492_e5ad24ca,2,2,Necklace,Necklace,train,1,positive,
DS1_IMG_002332__DS1_IMG_002334,DS1_IMG_002332,DS1_IMG_002334,IMG_1492_e5ad24ca,IMG_1492_e5ad24ca,2,2,Necklace,Necklace,train,1,positive,
DS1_IMG_002332__DS1_IMG_003837,DS1_IMG_002332,DS1_IMG_003837,IMG_1492_e5ad24ca,IMG_2809_3cfb570f,2,3,Necklace,Pendant,train,0,negative,cross_category
DS1_IMG_002333__DS1_IMG_002334,DS1_IMG_002333,DS1_IMG_002334,IMG_1492_e5ad24ca,IMG_1492_e5ad24ca,2,2,Necklace,Necklace,train,1,positive,
DS1_IMG_002334__DS1_IMG_004050,DS1_IMG_002334,DS1_IMG_004050,IMG_1492_e5ad24ca,Screenshot_20181116-204341_1542449441847,2,4,Necklace,Ring,train,0,negative,cross_category
DS1_IMG_002335__DS1_IMG_002336,DS1_IMG_002335,DS1_IMG_002336,IMG_1494_8c69fd98,IMG_1494_8c69fd98,2,2,Necklace,Necklace,train,1,positive,
DS1_IMG_002335__DS1_IMG_002337,DS1_IMG_002335,DS1_IMG_002337,IMG_1494_8c69fd98,IMG_1494_8c69fd98,2,2,Necklace,Necklace,train,1,positive,
DS1_IMG_002336__DS1_IMG_002337,DS1_IMG_002336,DS1_IMG_002337,IMG_1494_8c69fd98,IMG_1494_8c69fd98,2,2,Necklace,Necklace,train,1,positive,
DS1_IMG_002337__DS1_IMG_003690,DS1_IMG_002337,DS1_IMG_003690,IMG_1494_8c69fd98,IMG_0475_694c48a1,2,3,Necklace,Pendant,train,0,negative,cross_category
DS1_IMG_002337__DS1_IMG_003985,DS1_IMG_002337,DS1_IMG_003985,IMG_1494_8c69fd98,necklace_20241125_122545_3efef2e3,2,3,Necklace,Pendant,train,0,negative,cross_category
DS1_IMG_002338__DS1_IMG_002339,DS1_IMG_002338,DS1_IMG_002339,IMG_1496_85f14f8c,IMG_1496_85f14f8c,2,2,Necklace,Necklace,train,1,positive,
DS1_IMG_002338__DS1_IMG_002340,DS1_IMG_002338,DS1_IMG_002340,IMG_1496_85f14f8c,IMG_1496_85f14f8c,2,2,Necklace,Necklace,train,1,positive,
DS1_IMG_002339__DS1_IMG_002340,DS1_IMG_002339,DS1_IMG_002340,IMG_1496_85f14f8c,IMG_1496_85f14f8c,2,2,Necklace,Necklace,train,1,positive,
DS1_IMG_002341__DS1_IMG_002342,DS1_IMG_002341,DS1_IMG_002342,IMG_1497_29f8159d,IMG_1497_29f8159d,2,2,Necklace,Necklace,train,1,positive,
DS1_IMG_002341__DS1_IMG_002343,DS1_IMG_002341,DS1_IMG_002343,IMG_1497_29f8159d,IMG_1497_29f8159d,2,2,Necklace,Necklace,train,1,positive,
DS1_IMG_002342__DS1_IMG_002343,DS1_IMG_002342,DS1_IMG_002343,IMG_1497_29f8159d,IMG_1497_29f8159d,2,2,Necklace,Necklace,train,1,positive,
DS1_IMG_002347__DS1_IMG_002348,DS1_IMG_002347,DS1_IMG_002348,IMG_1501_db1caed6,IMG_1501_db1caed6,2,2,Necklace,Necklace,train,1,positive,
DS1_IMG_002347__DS1_IMG_002349,DS1_IMG_002347,DS1_IMG_002349,IMG_1501_db1caed6,IMG_1501_db1caed6,2,2,Necklace,Necklace,train,1,positive,
DS1_IMG_002348__DS1_IMG_002349,DS1_IMG_002348,DS1_IMG_002349,IMG_1501_db1caed6,IMG_1501_db1caed6,2,2,Necklace,Necklace,train,1,positive,
DS1_IMG_002348__DS1_IMG_003994,DS1_IMG_002348,DS1_IMG_003994,IMG_1501_db1caed6,necklace_20241125_122545_8181cfe3,2,3,Necklace,Pendant,train,0,negative,cross_category
DS1_IMG_002349__DS1_IMG_004182,DS1_IMG_002349,DS1_IMG_004182,IMG_1501_db1caed6,ring_105,2,4,Necklace,Ring,train,0,negative,cross_category
DS1_IMG_002349__DS1_IMG_004270,DS1_IMG_002349,DS1_IMG_004270,IMG_1501_db1caed6,ring_162,2,4,Necklace,Ring,train,0,negative,cross_category
DS1_IMG_002350__DS1_IMG_002351,DS1_IMG_002350,DS1_IMG_002351,IMG_1502_42366e19,IMG_1502_42366e19,2,2,Necklace,Necklace,train,1,positive,
DS1_IMG_002350__DS1_IMG_002352,DS1_IMG_002350,DS1_IMG_002352,IMG_1502_42366e19,IMG_1502_42366e19,2,2,Necklace,Necklace,train,1,positive,
DS1_IMG_002350__DS1_IMG_004261,DS1_IMG_002350,DS1_IMG_004261,IMG_1502_42366e19,ring_157,2,4,Necklace,Ring,train,0,negative,cross_category
DS1_IMG_002351__DS1_IMG_002352,DS1_IMG_002351,DS1_IMG_002352,IMG_1502_42366e19,IMG_1502_42366e19,2,2,Necklace,Necklace,train,1,positive,
DS1_IMG_002351__DS1_IMG_004233,DS1_IMG_002351,DS1_IMG_004233,IMG_1502_42366e19,ring_138,2,4,Necklace,Ring,train,0,negative,cross_category
DS1_IMG_002352__DS1_IMG_003930,DS1_IMG_002352,DS1_IMG_003930,IMG_1502_42366e19,IMG_2931_6b15625f,2,3,Necklace,Pendant,train,0,negative,cross_category
DS1_IMG_002353__DS1_IMG_002354,DS1_IMG_002353,DS1_IMG_002354,IMG_1503_7c88ee1e,IMG_1503_7c88ee1e,2,2,Necklace,Necklace,train,1,positive,
DS1_IMG_002353__DS1_IMG_002355,DS1_IMG_002353,DS1_IMG_002355,IMG_1503_7c88ee1e,IMG_1503_7c88ee1e,2,2,Necklace,Necklace,train,1,positive,
DS1_IMG_002354__DS1_IMG_002355,DS1_IMG_002354,DS1_IMG_002355,IMG_1503_7c88ee1e,IMG_1503_7c88ee1e,2,2,Necklace,Necklace,train,1,positive,
DS1_IMG_002356__DS1_IMG_002357,DS1_IMG_002356,DS1_IMG_002357,IMG_1504_2a4e4e87,IMG_1504_2a4e4e87,2,2,Necklace,Necklace,train,1,positive,
DS1_IMG_002356__DS1_IMG_002358,DS1_IMG_002356,DS1_IMG_002358,IMG_1504_2a4e4e87,IMG_1504_2a4e4e87,2,2,Necklace,Necklace,train,1,positive,
DS1_IMG_002357__DS1_IMG_002358,DS1_IMG_002357,DS1_IMG_002358,IMG_1504_2a4e4e87,IMG_1504_2a4e4e87,2,2,Necklace,Necklace,train,1,positive,
DS1_IMG_002357__DS1_IMG_003898,DS1_IMG_002357,DS1_IMG_003898,IMG_1504_2a4e4e87,IMG_2894_945d19e5,2,3,Necklace,Pendant,train,0,negative,cross_category
DS1_IMG_002359__DS1_IMG_002360,DS1_IMG_002359,DS1_IMG_002360,IMG_1505_3d0b0679,IMG_1505_3d0b0679,2,2,Necklace,Necklace,train,1,positive,
DS1_IMG_002359__DS1_IMG_002361,DS1_IMG_002359,DS1_IMG_002361,IMG_1505_3d0b0679,IMG_1505_3d0b0679,2,2,Necklace,Necklace,train,1,positive,
DS1_IMG_002360__DS1_IMG_002361,DS1_IMG_002360,DS1_IMG_002361,IMG_1505_3d0b0679,IMG_1505_3d0b0679,2,2,Necklace,Necklace,train,1,positive,
DS1_IMG_002362__DS1_IMG_002363,DS1_IMG_002362,DS1_IMG_002363,IMG_1506_0374e2bd,IMG_1506_0374e2bd,2,2,Necklace,Necklace,train,1,positive,
DS1_IMG_002362__DS1_IMG_002364,DS1_IMG_002362,DS1_IMG_002364,IMG_1506_0374e2bd,IMG_1506_0374e2bd,2,2,Necklace,Necklace,train,1,positive,
DS1_IMG_002362__DS1_IMG_003911,DS1_IMG_002362,DS1_IMG_003911,IMG_1506_0374e2bd,IMG_2912_9176f0b9,2,3,Necklace,Pendant,train,0,negative,cross_category
DS1_IMG_002363__DS1_IMG_002364,DS1_IMG_002363,DS1_IMG_002364,IMG_1506_0374e2bd,IMG_1506_0374e2bd,2,2,Necklace,Necklace,train,1,positive,
DS1_IMG_002365__DS1_IMG_002366,DS1_IMG_002365,DS1_IMG_002366,IMG_1507_fd8f9e4f,IMG_1507_fd8f9e4f,2,2,Necklace,Necklace,train,1,positive,
DS1_IMG_002365__DS1_IMG_002367,DS1_IMG_002365,DS1_IMG_002367,IMG_1507_fd8f9e4f,IMG_1507_fd8f9e4f,2,2,Necklace,Necklace,train,1,positive,
DS1_IMG_002366__DS1_IMG_002367,DS1_IMG_002366,DS1_IMG_002367,IMG_1507_fd8f9e4f,IMG_1507_fd8f9e4f,2,2,Necklace,Necklace,train,1,positive,
DS1_IMG_002368__DS1_IMG_002369,DS1_IMG_002368,DS1_IMG_002369,IMG_1509_313cb201,IMG_1509_313cb201,2,2,Necklace,Necklace,train,1,positive,
DS1_IMG_002368__DS1_IMG_002370,DS1_IMG_002368,DS1_IMG_002370,IMG_1509_313cb201,IMG_1509_313cb201,2,2,Necklace,Necklace,train,1,positive,
DS1_IMG_002369__DS1_IMG_002370,DS1_IMG_002369,DS1_IMG_002370,IMG_1509_313cb201,IMG_1509_313cb201,2,2,Necklace,Necklace,train,1,positive,
DS1_IMG_002370__DS1_IMG_003852,DS1_IMG_002370,DS1_IMG_003852,IMG_1509_313cb201,IMG_2828_c95edb5d,2,3,Necklace,Pendant,train,0,negative,cross_category
DS1_IMG_002371__DS1_IMG_002372,DS1_IMG_002371,DS1_IMG_002372,IMG_1514_c34815b0,IMG_1514_c34815b0,2,2,Necklace,Necklace,train,1,positive,
DS1_IMG_002371__DS1_IMG_002373,DS1_IMG_002371,DS1_IMG_002373,IMG_1514_c34815b0,IMG_1514_c34815b0,2,2,Necklace,Necklace,train,1,positive,
DS1_IMG_002372__DS1_IMG_002373,DS1_IMG_002372,DS1_IMG_002373,IMG_1514_c34815b0,IMG_1514_c34815b0,2,2,Necklace,Necklace,train,1,positive,
DS1_IMG_002372__DS1_IMG_003911,DS1_IMG_002372,DS1_IMG_003911,IMG_1514_c34815b0,IMG_2912_9176f0b9,2,3,Necklace,Pendant,train,0,negative,cross_category
DS1_IMG_002372__DS1_IMG_004150,DS1_IMG_002372,DS1_IMG_004150,IMG_1514_c34815b0,ring_088,2,4,Necklace,Ring,train,0,negative,cross_category
DS1_IMG_002374__DS1_IMG_002375,DS1_IMG_002374,DS1_IMG_002375,IMG_1516_91e67c23,IMG_1516_91e67c23,2,2,Necklace,Necklace,train,1,positive,
DS1_IMG_002374__DS1_IMG_002376,DS1_IMG_002374,DS1_IMG_002376,IMG_1516_91e67c23,IMG_1516_91e67c23,2,2,Necklace,Necklace,train,1,positive,
DS1_IMG_002374__DS1_IMG_003731,DS1_IMG_002374,DS1_IMG_003731,IMG_1516_91e67c23,IMG_0858_52572277,2,3,Necklace,Pendant,train,0,negative,cross_category
DS1_IMG_002375__DS1_IMG_002376,DS1_IMG_002375,DS1_IMG_002376,IMG_1516_91e67c23,IMG_1516_91e67c23,2,2,Necklace,Necklace,train,1,positive,
DS1_IMG_002386__DS1_IMG_002387,DS1_IMG_002386,DS1_IMG_002387,IMG_1522_a06d2db5,IMG_1522_a06d2db5,2,2,Necklace,Necklace,train,1,positive,
DS1_IMG_002386__DS1_IMG_002388,DS1_IMG_002386,DS1_IMG_002388,IMG_1522_a06d2db5,IMG_1522_a06d2db5,2,2,Necklace,Necklace,train,1,positive,
DS1_IMG_002387__DS1_IMG_002388,DS1_IMG_002387,DS1_IMG_002388,IMG_1522_a06d2db5,IMG_1522_a06d2db5,2,2,Necklace,Necklace,train,1,positive,
DS1_IMG_002388__DS1_IMG_003827,DS1_IMG_002388,DS1_IMG_003827,IMG_1522_a06d2db5,IMG_2513_2e38170a,2,3,Necklace,Pendant,train,0,negative,cross_category
DS1_IMG_002389__DS1_IMG_002390,DS1_IMG_002389,DS1_IMG_002390,IMG_1526_713a4ad1,IMG_1526_713a4ad1,2,2,Necklace,Necklace,train,1,positive,
DS1_IMG_002389__DS1_IMG_002391,DS1_IMG_002389,DS1_IMG_002391,IMG_1526_713a4ad1,IMG_1526_713a4ad1,2,2,Necklace,Necklace,train,1,positive,
DS1_IMG_002390__DS1_IMG_002391,DS1_IMG_002390,DS1_IMG_002391,IMG_1526_713a4ad1,IMG_1526_713a4ad1,2,2,Necklace,Necklace,train,1,positive,
DS1_IMG_002392__DS1_IMG_002393,DS1_IMG_002392,DS1_IMG_002393,IMG_1527_5469a3b3,IMG_1527_5469a3b3,2,2,Necklace,Necklace,train,1,positive,
DS1_IMG_002392__DS1_IMG_002394,DS1_IMG_002392,DS1_IMG_002394,IMG_1527_5469a3b3,IMG_1527_5469a3b3,2,2,Necklace,Necklace,train,1,positive,
DS1_IMG_002393__DS1_IMG_002394,DS1_IMG_002393,DS1_IMG_002394,IMG_1527_5469a3b3,IMG_1527_5469a3b3,2,2,Necklace,Necklace,train,1,positive,
DS1_IMG_002393__DS1_IMG_003807,DS1_IMG_002393,DS1_IMG_003807,IMG_1527_5469a3b3,IMG_2427_3a6bdae9,2,3,Necklace,Pendant,train,0,negative,cross_category
DS1_IMG_002393__DS1_IMG_003875,DS1_IMG_002393,DS1_IMG_003875,IMG_1527_5469a3b3,IMG_2860_b5be60fb,2,3,Necklace,Pendant,train,0,negative,cross_category
DS1_IMG_002395__DS1_IMG_002396,DS1_IMG_002395,DS1_IMG_002396,IMG_1529_9822ebb6,IMG_1529_9822ebb6,2,2,Necklace,Necklace,train,1,positive,
DS1_IMG_002395__DS1_IMG_002397,DS1_IMG_002395,DS1_IMG_002397,IMG_1529_9822ebb6,IMG_1529_9822ebb6,2,2,Necklace,Necklace,train,1,positive,
DS1_IMG_002396__DS1_IMG_002397,DS1_IMG_002396,DS1_IMG_002397,IMG_1529_9822ebb6,IMG_1529_9822ebb6,2,2,Necklace,Necklace,train,1,positive,
DS1_IMG_002398__DS1_IMG_002399,DS1_IMG_002398,DS1_IMG_002399,IMG_1536_7f9b1214,IMG_1536_7f9b1214,2,2,Necklace,Necklace,train,1,positive,
DS1_IMG_002398__DS1_IMG_002400,DS1_IMG_002398,DS1_IMG_002400,IMG_1536_7f9b1214,IMG_1536_7f9b1214,2,2,Necklace,Necklace,train,1,positive,
DS1_IMG_002399__DS1_IMG_002400,DS1_IMG_002399,DS1_IMG_002400,IMG_1536_7f9b1214,IMG_1536_7f9b1214,2,2,Necklace,Necklace,train,1,positive,
DS1_IMG_002399__DS1_IMG_004077,DS1_IMG_002399,DS1_IMG_004077,IMG_1536_7f9b1214,ring_049,2,4,Necklace,Ring,train,0,negative,cross_category
DS1_IMG_002400__DS1_IMG_003668,DS1_IMG_002400,DS1_IMG_003668,IMG_1536_7f9b1214,IMG_0371_d1d4878f,2,3,Necklace,Pendant,train,0,negative,cross_category
DS1_IMG_002400__DS1_IMG_003834,DS1_IMG_002400,DS1_IMG_003834,IMG_1536_7f9b1214,IMG_2801_3215b841,2,3,Necklace,Pendant,train,0,negative,cross_category
DS1_IMG_002400__DS1_IMG_004113,DS1_IMG_002400,DS1_IMG_004113,IMG_1536_7f9b1214,ring_071,2,4,Necklace,Ring,train,0,negative,cross_category
DS1_IMG_002401__DS1_IMG_002402,DS1_IMG_002401,DS1_IMG_002402,IMG_1539_876e76ca,IMG_1539_876e76ca,2,2,Necklace,Necklace,train,1,positive,
DS1_IMG_002401__DS1_IMG_002403,DS1_IMG_002401,DS1_IMG_002403,IMG_1539_876e76ca,IMG_1539_876e76ca,2,2,Necklace,Necklace,train,1,positive,
DS1_IMG_002402__DS1_IMG_002403,DS1_IMG_002402,DS1_IMG_002403,IMG_1539_876e76ca,IMG_1539_876e76ca,2,2,Necklace,Necklace,train,1,positive,
DS1_IMG_002404__DS1_IMG_002405,DS1_IMG_002404,DS1_IMG_002405,IMG_1541_7b49174a,IMG_1541_7b49174a,2,2,Necklace,Necklace,train,1,positive,
DS1_IMG_002404__DS1_IMG_002406,DS1_IMG_002404,DS1_IMG_002406,IMG_1541_7b49174a,IMG_1541_7b49174a,2,2,Necklace,Necklace,train,1,positive,
DS1_IMG_002404__DS1_IMG_004033,DS1_IMG_002404,DS1_IMG_004033,IMG_1541_7b49174a,Screenshot_20181116-203347_1542449724585,2,4,Necklace,Ring,train,0,negative,cross_category
DS1_IMG_002405__DS1_IMG_002406,DS1_IMG_002405,DS1_IMG_002406,IMG_1541_7b49174a,IMG_1541_7b49174a,2,2,Necklace,Necklace,train,1,positive,
DS1_IMG_002407__DS1_IMG_002408,DS1_IMG_002407,DS1_IMG_002408,IMG_1542_c869448e,IMG_1542_c869448e,2,2,Necklace,Necklace,train,1,positive,
DS1_IMG_002407__DS1_IMG_002409,DS1_IMG_002407,DS1_IMG_002409,IMG_1542_c869448e,IMG_1542_c869448e,2,2,Necklace,Necklace,train,1,positive,
DS1_IMG_002407__DS1_IMG_003901,DS1_IMG_002407,DS1_IMG_003901,IMG_1542_c869448e,IMG_2900_b470bf1b,2,3,Necklace,Pendant,train,0,negative,cross_category
DS1_IMG_002407__DS1_IMG_003991,DS1_IMG_002407,DS1_IMG_003991,IMG_1542_c869448e,necklace_20241125_122545_6063e3a7,2,3,Necklace,Pendant,train,0,negative,cross_category
DS1_IMG_002408__DS1_IMG_002409,DS1_IMG_002408,DS1_IMG_002409,IMG_1542_c869448e,IMG_1542_c869448e,2,2,Necklace,Necklace,train,1,positive,
DS1_IMG_002410__DS1_IMG_002411,DS1_IMG_002410,DS1_IMG_002411,IMG_1543_5ac56f1d,IMG_1543_5ac56f1d,2,2,Necklace,Necklace,train,1,positive,
DS1_IMG_002410__DS1_IMG_002412,DS1_IMG_002410,DS1_IMG_002412,IMG_1543_5ac56f1d,IMG_1543_5ac56f1d,2,2,Necklace,Necklace,train,1,positive,
DS1_IMG_002411__DS1_IMG_002412,DS1_IMG_002411,DS1_IMG_002412,IMG_1543_5ac56f1d,IMG_1543_5ac56f1d,2,2,Necklace,Necklace,train,1,positive,
DS1_IMG_002413__DS1_IMG_002414,DS1_IMG_002413,DS1_IMG_002414,IMG_1557_abf86615,IMG_1557_abf86615,2,2,Necklace,Necklace,train,1,positive,
DS1_IMG_002413__DS1_IMG_002415,DS1_IMG_002413,DS1_IMG_002415,IMG_1557_abf86615,IMG_1557_abf86615,2,2,Necklace,Necklace,train,1,positive,
DS1_IMG_002414__DS1_IMG_002415,DS1_IMG_002414,DS1_IMG_002415,IMG_1557_abf86615,IMG_1557_abf86615,2,2,Necklace,Necklace,train,1,positive,
DS1_IMG_002416__DS1_IMG_002417,DS1_IMG_002416,DS1_IMG_002417,IMG_1558_55df10fa,IMG_1558_55df10fa,2,2,Necklace,Necklace,train,1,positive,
DS1_IMG_002416__DS1_IMG_002418,DS1_IMG_002416,DS1_IMG_002418,IMG_1558_55df10fa,IMG_1558_55df10fa,2,2,Necklace,Necklace,train,1,positive,
DS1_IMG_002417__DS1_IMG_002418,DS1_IMG_002417,DS1_IMG_002418,IMG_1558_55df10fa,IMG_1558_55df10fa,2,2,Necklace,Necklace,train,1,positive,
DS1_IMG_002419__DS1_IMG_002420,DS1_IMG_002419,DS1_IMG_002420,IMG_1559_7d0bdaef,IMG_1559_7d0bdaef,2,2,Necklace,Necklace,train,1,positive,
DS1_IMG_002419__DS1_IMG_002421,DS1_IMG_002419,DS1_IMG_002421,IMG_1559_7d0bdaef,IMG_1559_7d0bdaef,2,2,Necklace,Necklace,train,1,positive,
DS1_IMG_002419__DS1_IMG_004280,DS1_IMG_002419,DS1_IMG_004280,IMG_1559_7d0bdaef,ring_166,2,4,Necklace,Ring,train,0,negative,cross_category
DS1_IMG_002420__DS1_IMG_002421,DS1_IMG_002420,DS1_IMG_002421,IMG_1559_7d0bdaef,IMG_1559_7d0bdaef,2,2,Necklace,Necklace,train,1,positive,
DS1_IMG_002420__DS1_IMG_004112,DS1_IMG_002420,DS1_IMG_004112,IMG_1559_7d0bdaef,ring_071,2,4,Necklace,Ring,train,0,negative,cross_category
DS1_IMG_002420__DS1_IMG_004226,DS1_IMG_002420,DS1_IMG_004226,IMG_1559_7d0bdaef,ring_134,2,4,Necklace,Ring,train,0,negative,cross_category
DS1_IMG_002421__DS1_IMG_004145,DS1_IMG_002421,DS1_IMG_004145,IMG_1559_7d0bdaef,ring_086,2,4,Necklace,Ring,train,0,negative,cross_category
DS1_IMG_002422__DS1_IMG_002423,DS1_IMG_002422,DS1_IMG_002423,IMG_1561_e477fbff,IMG_1561_e477fbff,2,2,Necklace,Necklace,train,1,positive,
DS1_IMG_002422__DS1_IMG_002424,DS1_IMG_002422,DS1_IMG_002424,IMG_1561_e477fbff,IMG_1561_e477fbff,2,2,Necklace,Necklace,train,1,positive,
DS1_IMG_002423__DS1_IMG_002424,DS1_IMG_002423,DS1_IMG_002424,IMG_1561_e477fbff,IMG_1561_e477fbff,2,2,Necklace,Necklace,train,1,positive,
DS1_IMG_002423__DS1_IMG_004263,DS1_IMG_002423,DS1_IMG_004263,IMG_1561_e477fbff,ring_157,2,4,Necklace,Ring,train,0,negative,cross_category
DS1_IMG_002425__DS1_IMG_002426,DS1_IMG_002425,DS1_IMG_002426,IMG_1565_a7eca0e0,IMG_1565_a7eca0e0,2,2,Necklace,Necklace,train,1,positive,
DS1_IMG_002425__DS1_IMG_002427,DS1_IMG_002425,DS1_IMG_002427,IMG_1565_a7eca0e0,IMG_1565_a7eca0e0,2,2,Necklace,Necklace,train,1,positive,
DS1_IMG_002426__DS1_IMG_002427,DS1_IMG_002426,DS1_IMG_002427,IMG_1565_a7eca0e0,IMG_1565_a7eca0e0,2,2,Necklace,Necklace,train,1,positive,
DS1_IMG_002426__DS1_IMG_003744,DS1_IMG_002426,DS1_IMG_003744,IMG_1565_a7eca0e0,IMG_0863_4e8ef7be,2,3,Necklace,Pendant,train,0,negative,cross_category
DS1_IMG_002426__DS1_IMG_003855,DS1_IMG_002426,DS1_IMG_003855,IMG_1565_a7eca0e0,IMG_2836_db94d1e7,2,3,Necklace,Pendant,train,0,negative,cross_category
DS1_IMG_002426__DS1_IMG_003889,DS1_IMG_002426,DS1_IMG_003889,IMG_1565_a7eca0e0,IMG_2877_c118c42c,2,3,Necklace,Pendant,train,0,negative,cross_category
DS1_IMG_002427__DS1_IMG_004120,DS1_IMG_002427,DS1_IMG_004120,IMG_1565_a7eca0e0,ring_076,2,4,Necklace,Ring,train,0,negative,cross_category
DS1_IMG_002428__DS1_IMG_002429,DS1_IMG_002428,DS1_IMG_002429,IMG_1573_3b6aa91a,IMG_1573_3b6aa91a,2,2,Necklace,Necklace,train,1,positive,
DS1_IMG_002428__DS1_IMG_002430,DS1_IMG_002428,DS1_IMG_002430,IMG_1573_3b6aa91a,IMG_1573_3b6aa91a,2,2,Necklace,Necklace,train,1,positive,
DS1_IMG_002428__DS1_IMG_004168,DS1_IMG_002428,DS1_IMG_004168,IMG_1573_3b6aa91a,ring_096,2,4,Necklace,Ring,train,0,negative,cross_category
DS1_IMG_002429__DS1_IMG_002430,DS1_IMG_002429,DS1_IMG_002430,IMG_1573_3b6aa91a,IMG_1573_3b6aa91a,2,2,Necklace,Necklace,train,1,positive,
DS1_IMG_002431__DS1_IMG_002432,DS1_IMG_002431,DS1_IMG_002432,IMG_1575_9dfb858d,IMG_1575_9dfb858d,2,2,Necklace,Necklace,train,1,positive,
DS1_IMG_002431__DS1_IMG_002433,DS1_IMG_002431,DS1_IMG_002433,IMG_1575_9dfb858d,IMG_1575_9dfb858d,2,2,Necklace,Necklace,train,1,positive,
DS1_IMG_002431__DS1_IMG_003873,DS1_IMG_002431,DS1_IMG_003873,IMG_1575_9dfb858d,IMG_2856_b3d7e108,2,3,Necklace,Pendant,train,0,negative,cross_category
DS1_IMG_002432__DS1_IMG_002433,DS1_IMG_002432,DS1_IMG_002433,IMG_1575_9dfb858d,IMG_1575_9dfb858d,2,2,Necklace,Necklace,train,1,positive,
DS1_IMG_002437__DS1_IMG_002438,DS1_IMG_002437,DS1_IMG_002438,IMG_1580_b78f12f1,IMG_1580_b78f12f1,2,2,Necklace,Necklace,train,1,positive,
DS1_IMG_002437__DS1_IMG_002439,DS1_IMG_002437,DS1_IMG_002439,IMG_1580_b78f12f1,IMG_1580_b78f12f1,2,2,Necklace,Necklace,train,1,positive,
DS1_IMG_002438__DS1_IMG_002439,DS1_IMG_002438,DS1_IMG_002439,IMG_1580_b78f12f1,IMG_1580_b78f12f1,2,2,Necklace,Necklace,train,1,positive,
DS1_IMG_002440__DS1_IMG_002441,DS1_IMG_002440,DS1_IMG_002441,IMG_1581_5d961c06,IMG_1581_5d961c06,2,2,Necklace,Necklace,train,1,positive,
DS1_IMG_002440__DS1_IMG_002442,DS1_IMG_002440,DS1_IMG_002442,IMG_1581_5d961c06,IMG_1581_5d961c06,2,2,Necklace,Necklace,train,1,positive,
DS1_IMG_002441__DS1_IMG_002442,DS1_IMG_002441,DS1_IMG_002442,IMG_1581_5d961c06,IMG_1581_5d961c06,2,2,Necklace,Necklace,train,1,positive,
DS1_IMG_002441__DS1_IMG_004177,DS1_IMG_002441,DS1_IMG_004177,IMG_1581_5d961c06,ring_102,2,4,Necklace,Ring,train,0,negative,cross_category
DS1_IMG_002442__DS1_IMG_004104,DS1_IMG_002442,DS1_IMG_004104,IMG_1581_5d961c06,ring_065,2,4,Necklace,Ring,train,0,negative,cross_category
DS1_IMG_002442__DS1_IMG_004267,DS1_IMG_002442,DS1_IMG_004267,IMG_1581_5d961c06,ring_159,2,4,Necklace,Ring,train,0,negative,cross_category
DS1_IMG_002443__DS1_IMG_002444,DS1_IMG_002443,DS1_IMG_002444,IMG_1582_c5b50c94,IMG_1582_c5b50c94,2,2,Necklace,Necklace,train,1,positive,
DS1_IMG_002443__DS1_IMG_002445,DS1_IMG_002443,DS1_IMG_002445,IMG_1582_c5b50c94,IMG_1582_c5b50c94,2,2,Necklace,Necklace,train,1,positive,
DS1_IMG_002443__DS1_IMG_004056,DS1_IMG_002443,DS1_IMG_004056,IMG_1582_c5b50c94,Screenshot_20181116-204417_1542449390654,2,4,Necklace,Ring,train,0,negative,cross_category
DS1_IMG_002444__DS1_IMG_002445,DS1_IMG_002444,DS1_IMG_002445,IMG_1582_c5b50c94,IMG_1582_c5b50c94,2,2,Necklace,Necklace,train,1,positive,
DS1_IMG_002445__DS1_IMG_003918,DS1_IMG_002445,DS1_IMG_003918,IMG_1582_c5b50c94,IMG_2918_dbac9ef3,2,3,Necklace,Pendant,train,0,negative,cross_category
DS1_IMG_002446__DS1_IMG_002447,DS1_IMG_002446,DS1_IMG_002447,IMG_1583_94401dfd,IMG_1583_94401dfd,2,2,Necklace,Necklace,train,1,positive,
DS1_IMG_002446__DS1_IMG_002448,DS1_IMG_002446,DS1_IMG_002448,IMG_1583_94401dfd,IMG_1583_94401dfd,2,2,Necklace,Necklace,train,1,positive,
DS1_IMG_002447__DS1_IMG_002448,DS1_IMG_002447,DS1_IMG_002448,IMG_1583_94401dfd,IMG_1583_94401dfd,2,2,Necklace,Necklace,train,1,positive,
DS1_IMG_002447__DS1_IMG_003995,DS1_IMG_002447,DS1_IMG_003995,IMG_1583_94401dfd,necklace_20241125_122545_94000018,2,3,Necklace,Pendant,train,0,negative,cross_category
DS1_IMG_002449__DS1_IMG_002450,DS1_IMG_002449,DS1_IMG_002450,IMG_1593_8bc3f678,IMG_1593_8bc3f678,2,2,Necklace,Necklace,train,1,positive,
DS1_IMG_002449__DS1_IMG_002451,DS1_IMG_002449,DS1_IMG_002451,IMG_1593_8bc3f678,IMG_1593_8bc3f678,2,2,Necklace,Necklace,train,1,positive,
DS1_IMG_002450__DS1_IMG_002451,DS1_IMG_002450,DS1_IMG_002451,IMG_1593_8bc3f678,IMG_1593_8bc3f678,2,2,Necklace,Necklace,train,1,positive,
DS1_IMG_002455__DS1_IMG_002456,DS1_IMG_002455,DS1_IMG_002456,IMG_1600_a36eeaec,IMG_1600_a36eeaec,2,2,Necklace,Necklace,train,1,positive,
DS1_IMG_002455__DS1_IMG_002457,DS1_IMG_002455,DS1_IMG_002457,IMG_1600_a36eeaec,IMG_1600_a36eeaec,2,2,Necklace,Necklace,train,1,positive,
DS1_IMG_002456__DS1_IMG_002457,DS1_IMG_002456,DS1_IMG_002457,IMG_1600_a36eeaec,IMG_1600_a36eeaec,2,2,Necklace,Necklace,train,1,positive,
DS1_IMG_002458__DS1_IMG_002459,DS1_IMG_002458,DS1_IMG_002459,IMG_1606_2dae5067,IMG_1606_2dae5067,2,2,Necklace,Necklace,train,1,positive,
DS1_IMG_002458__DS1_IMG_002460,DS1_IMG_002458,DS1_IMG_002460,IMG_1606_2dae5067,IMG_1606_2dae5067,2,2,Necklace,Necklace,train,1,positive,
DS1_IMG_002458__DS1_IMG_003975,DS1_IMG_002458,DS1_IMG_003975,IMG_1606_2dae5067,necklace_20241125_122545_20212176,2,3,Necklace,Pendant,train,0,negative,cross_category
DS1_IMG_002459__DS1_IMG_002460,DS1_IMG_002459,DS1_IMG_002460,IMG_1606_2dae5067,IMG_1606_2dae5067,2,2,Necklace,Necklace,train,1,positive,
DS1_IMG_002460__DS1_IMG_004266,DS1_IMG_002460,DS1_IMG_004266,IMG_1606_2dae5067,ring_158,2,4,Necklace,Ring,train,0,negative,cross_category
DS1_IMG_002461__DS1_IMG_002462,DS1_IMG_002461,DS1_IMG_002462,IMG_1607_3f933a99,IMG_1607_3f933a99,2,2,Necklace,Necklace,train,1,positive,
DS1_IMG_002461__DS1_IMG_002463,DS1_IMG_002461,DS1_IMG_002463,IMG_1607_3f933a99,IMG_1607_3f933a99,2,2,Necklace,Necklace,train,1,positive,
DS1_IMG_002461__DS1_IMG_003963,DS1_IMG_002461,DS1_IMG_003963,IMG_1607_3f933a99,necklace_20241125_122545_01000080,2,3,Necklace,Pendant,train,0,negative,cross_category
DS1_IMG_002462__DS1_IMG_002463,DS1_IMG_002462,DS1_IMG_002463,IMG_1607_3f933a99,IMG_1607_3f933a99,2,2,Necklace,Necklace,train,1,positive,
DS1_IMG_002463__DS1_IMG_003813,DS1_IMG_002463,DS1_IMG_003813,IMG_1607_3f933a99,IMG_2457_895e154f,2,3,Necklace,Pendant,train,0,negative,cross_category
DS1_IMG_002464__DS1_IMG_002465,DS1_IMG_002464,DS1_IMG_002465,IMG_1608_8bfc7527,IMG_1608_8bfc7527,2,2,Necklace,Necklace,train,1,positive,
DS1_IMG_002464__DS1_IMG_002466,DS1_IMG_002464,DS1_IMG_002466,IMG_1608_8bfc7527,IMG_1608_8bfc7527,2,2,Necklace,Necklace,train,1,positive,
DS1_IMG_002465__DS1_IMG_002466,DS1_IMG_002465,DS1_IMG_002466,IMG_1608_8bfc7527,IMG_1608_8bfc7527,2,2,Necklace,Necklace,train,1,positive,
DS1_IMG_002467__DS1_IMG_002468,DS1_IMG_002467,DS1_IMG_002468,IMG_1613_82dee47b,IMG_1613_82dee47b,2,2,Necklace,Necklace,train,1,positive,
DS1_IMG_002467__DS1_IMG_002469,DS1_IMG_002467,DS1_IMG_002469,IMG_1613_82dee47b,IMG_1613_82dee47b,2,2,Necklace,Necklace,train,1,positive,
DS1_IMG_002468__DS1_IMG_002469,DS1_IMG_002468,DS1_IMG_002469,IMG_1613_82dee47b,IMG_1613_82dee47b,2,2,Necklace,Necklace,train,1,positive,
DS1_IMG_002470__DS1_IMG_002471,DS1_IMG_002470,DS1_IMG_002471,IMG_1615_a599501b,IMG_1615_a599501b,2,2,Necklace,Necklace,train,1,positive,
DS1_IMG_002470__DS1_IMG_002472,DS1_IMG_002470,DS1_IMG_002472,IMG_1615_a599501b,IMG_1615_a599501b,2,2,Necklace,Necklace,train,1,positive,
DS1_IMG_002471__DS1_IMG_002472,DS1_IMG_002471,DS1_IMG_002472,IMG_1615_a599501b,IMG_1615_a599501b,2,2,Necklace,Necklace,train,1,positive,
DS1_IMG_002472__DS1_IMG_004138,DS1_IMG_002472,DS1_IMG_004138,IMG_1615_a599501b,ring_084,2,4,Necklace,Ring,train,0,negative,cross_category
DS1_IMG_002476__DS1_IMG_002477,DS1_IMG_002476,DS1_IMG_002477,IMG_1618_9be13a7d,IMG_1618_9be13a7d,2,2,Necklace,Necklace,train,1,positive,
DS1_IMG_002476__DS1_IMG_004216,DS1_IMG_002476,DS1_IMG_004216,IMG_1618_9be13a7d,ring_124,2,4,Necklace,Ring,train,0,negative,cross_category
DS1_IMG_002478__DS1_IMG_002479,DS1_IMG_002478,DS1_IMG_002479,IMG_1624_23dc9804,IMG_1624_23dc9804,2,2,Necklace,Necklace,train,1,positive,
DS1_IMG_002478__DS1_IMG_002480,DS1_IMG_002478,DS1_IMG_002480,IMG_1624_23dc9804,IMG_1624_23dc9804,2,2,Necklace,Necklace,train,1,positive,
DS1_IMG_002479__DS1_IMG_002480,DS1_IMG_002479,DS1_IMG_002480,IMG_1624_23dc9804,IMG_1624_23dc9804,2,2,Necklace,Necklace,train,1,positive,
DS1_IMG_002479__DS1_IMG_004231,DS1_IMG_002479,DS1_IMG_004231,IMG_1624_23dc9804,ring_135,2,4,Necklace,Ring,train,0,negative,cross_category
DS1_IMG_002479__DS1_IMG_004281,DS1_IMG_002479,DS1_IMG_004281,IMG_1624_23dc9804,ring_166,2,4,Necklace,Ring,train,0,negative,cross_category
DS1_IMG_002481__DS1_IMG_002482,DS1_IMG_002481,DS1_IMG_002482,IMG_1625_eb2ce9b7,IMG_1625_eb2ce9b7,2,2,Necklace,Necklace,train,1,positive,
DS1_IMG_002483__DS1_IMG_002484,DS1_IMG_002483,DS1_IMG_002484,IMG_1628_4758fe4d,IMG_1628_4758fe4d,2,2,Necklace,Necklace,train,1,positive,
DS1_IMG_002483__DS1_IMG_002485,DS1_IMG_002483,DS1_IMG_002485,IMG_1628_4758fe4d,IMG_1628_4758fe4d,2,2,Necklace,Necklace,train,1,positive,
DS1_IMG_002484__DS1_IMG_002485,DS1_IMG_002484,DS1_IMG_002485,IMG_1628_4758fe4d,IMG_1628_4758fe4d,2,2,Necklace,Necklace,train,1,positive,
DS1_IMG_002486__DS1_IMG_002487,DS1_IMG_002486,DS1_IMG_002487,IMG_1629_29e8bbcb,IMG_1629_29e8bbcb,2,2,Necklace,Necklace,train,1,positive,
DS1_IMG_002486__DS1_IMG_002488,DS1_IMG_002486,DS1_IMG_002488,IMG_1629_29e8bbcb,IMG_1629_29e8bbcb,2,2,Necklace,Necklace,train,1,positive,
DS1_IMG_002487__DS1_IMG_002488,DS1_IMG_002487,DS1_IMG_002488,IMG_1629_29e8bbcb,IMG_1629_29e8bbcb,2,2,Necklace,Necklace,train,1,positive,
DS1_IMG_002487__DS1_IMG_004174,DS1_IMG_002487,DS1_IMG_004174,IMG_1629_29e8bbcb,ring_099,2,4,Necklace,Ring,train,0,negative,cross_category
DS1_IMG_002489__DS1_IMG_002490,DS1_IMG_002489,DS1_IMG_002490,IMG_1633_f37c3c0e,IMG_1633_f37c3c0e,2,2,Necklace,Necklace,train,1,positive,
DS1_IMG_002489__DS1_IMG_002491,DS1_IMG_002489,DS1_IMG_002491,IMG_1633_f37c3c0e,IMG_1633_f37c3c0e,2,2,Necklace,Necklace,train,1,positive,
DS1_IMG_002490__DS1_IMG_002491,DS1_IMG_002490,DS1_IMG_002491,IMG_1633_f37c3c0e,IMG_1633_f37c3c0e,2,2,Necklace,Necklace,train,1,positive,
DS1_IMG_002492__DS1_IMG_002493,DS1_IMG_002492,DS1_IMG_002493,IMG_1634_9ee1ed82,IMG_1634_9ee1ed82,2,2,Necklace,Necklace,train,1,positive,
DS1_IMG_002493__DS1_IMG_003910,DS1_IMG_002493,DS1_IMG_003910,IMG_1634_9ee1ed82,IMG_2911_4bf24190,2,3,Necklace,Pendant,train,0,negative,cross_category
DS1_IMG_002493__DS1_IMG_004029,DS1_IMG_002493,DS1_IMG_004029,IMG_1634_9ee1ed82,Screenshot_20181116-203109_1542449890237,2,4,Necklace,Ring,train,0,negative,cross_category
DS1_IMG_002494__DS1_IMG_002495,DS1_IMG_002494,DS1_IMG_002495,IMG_1636_124d8ecb,IMG_1636_124d8ecb,2,2,Necklace,Necklace,train,1,positive,
DS1_IMG_002496__DS1_IMG_002497,DS1_IMG_002496,DS1_IMG_002497,IMG_1639_3633c2cb,IMG_1639_3633c2cb,2,2,Necklace,Necklace,train,1,positive,
DS1_IMG_002496__DS1_IMG_002498,DS1_IMG_002496,DS1_IMG_002498,IMG_1639_3633c2cb,IMG_1639_3633c2cb,2,2,Necklace,Necklace,train,1,positive,
DS1_IMG_002497__DS1_IMG_002498,DS1_IMG_002497,DS1_IMG_002498,IMG_1639_3633c2cb,IMG_1639_3633c2cb,2,2,Necklace,Necklace,train,1,positive,
DS1_IMG_002505__DS1_IMG_002506,DS1_IMG_002505,DS1_IMG_002506,IMG_1653_1e4785d4,IMG_1653_1e4785d4,2,2,Necklace,Necklace,train,1,positive,
DS1_IMG_002505__DS1_IMG_002507,DS1_IMG_002505,DS1_IMG_002507,IMG_1653_1e4785d4,IMG_1653_1e4785d4,2,2,Necklace,Necklace,train,1,positive,
DS1_IMG_002506__DS1_IMG_002507,DS1_IMG_002506,DS1_IMG_002507,IMG_1653_1e4785d4,IMG_1653_1e4785d4,2,2,Necklace,Necklace,train,1,positive,
DS1_IMG_002506__DS1_IMG_003842,DS1_IMG_002506,DS1_IMG_003842,IMG_1653_1e4785d4,IMG_2821_d4955818,2,3,Necklace,Pendant,train,0,negative,cross_category
DS1_IMG_002508__DS1_IMG_002509,DS1_IMG_002508,DS1_IMG_002509,IMG_1654_bee25db3,IMG_1654_bee25db3,2,2,Necklace,Necklace,train,1,positive,
DS1_IMG_002508__DS1_IMG_002510,DS1_IMG_002508,DS1_IMG_002510,IMG_1654_bee25db3,IMG_1654_bee25db3,2,2,Necklace,Necklace,train,1,positive,
DS1_IMG_002509__DS1_IMG_002510,DS1_IMG_002509,DS1_IMG_002510,IMG_1654_bee25db3,IMG_1654_bee25db3,2,2,Necklace,Necklace,train,1,positive,
DS1_IMG_002509__DS1_IMG_003943,DS1_IMG_002509,DS1_IMG_003943,IMG_1654_bee25db3,IMG_2943_c72380bb,2,3,Necklace,Pendant,train,0,negative,cross_category
DS1_IMG_002511__DS1_IMG_002512,DS1_IMG_002511,DS1_IMG_002512,IMG_1656_0a0a3538,IMG_1656_0a0a3538,2,2,Necklace,Necklace,train,1,positive,
DS1_IMG_002511__DS1_IMG_002513,DS1_IMG_002511,DS1_IMG_002513,IMG_1656_0a0a3538,IMG_1656_0a0a3538,2,2,Necklace,Necklace,train,1,positive,
DS1_IMG_002511__DS1_IMG_004023,DS1_IMG_002511,DS1_IMG_004023,IMG_1656_0a0a3538,Screenshot_20181116-202936_1542450027786,2,4,Necklace,Ring,train,0,negative,cross_category
DS1_IMG_002512__DS1_IMG_002513,DS1_IMG_002512,DS1_IMG_002513,IMG_1656_0a0a3538,IMG_1656_0a0a3538,2,2,Necklace,Necklace,train,1,positive,
DS1_IMG_002514__DS1_IMG_002515,DS1_IMG_002514,DS1_IMG_002515,IMG_1659_16d29e1a,IMG_1659_16d29e1a,2,2,Necklace,Necklace,train,1,positive,
DS1_IMG_002514__DS1_IMG_002516,DS1_IMG_002514,DS1_IMG_002516,IMG_1659_16d29e1a,IMG_1659_16d29e1a,2,2,Necklace,Necklace,train,1,positive,
DS1_IMG_002514__DS1_IMG_003751,DS1_IMG_002514,DS1_IMG_003751,IMG_1659_16d29e1a,IMG_0885_67639274,2,3,Necklace,Pendant,train,0,negative,cross_category
DS1_IMG_002514__DS1_IMG_003992,DS1_IMG_002514,DS1_IMG_003992,IMG_1659_16d29e1a,necklace_20241125_122545_8181cfe3,2,3,Necklace,Pendant,train,0,negative,cross_category
DS1_IMG_002515__DS1_IMG_002516,DS1_IMG_002515,DS1_IMG_002516,IMG_1659_16d29e1a,IMG_1659_16d29e1a,2,2,Necklace,Necklace,train,1,positive,
DS1_IMG_002519__DS1_IMG_002520,DS1_IMG_002519,DS1_IMG_002520,IMG_1661_b8cce3c6,IMG_1661_b8cce3c6,2,2,Necklace,Necklace,train,1,positive,
DS1_IMG_002519__DS1_IMG_002521,DS1_IMG_002519,DS1_IMG_002521,IMG_1661_b8cce3c6,IMG_1661_b8cce3c6,2,2,Necklace,Necklace,train,1,positive,
DS1_IMG_002520__DS1_IMG_002521,DS1_IMG_002520,DS1_IMG_002521,IMG_1661_b8cce3c6,IMG_1661_b8cce3c6,2,2,Necklace,Necklace,train,1,positive,
DS1_IMG_002520__DS1_IMG_003780,DS1_IMG_002520,DS1_IMG_003780,IMG_1661_b8cce3c6,IMG_1568_07ccbeb1,2,3,Necklace,Pendant,train,0,negative,cross_category
DS1_IMG_002521__DS1_IMG_003927,DS1_IMG_002521,DS1_IMG_003927,IMG_1661_b8cce3c6,IMG_2926_bb65e3e0,2,3,Necklace,Pendant,train,0,negative,cross_category
DS1_IMG_002524__DS1_IMG_002525,DS1_IMG_002524,DS1_IMG_002525,IMG_1675_ccf1a520,IMG_1675_ccf1a520,2,2,Necklace,Necklace,train,1,positive,
DS1_IMG_002524__DS1_IMG_002526,DS1_IMG_002524,DS1_IMG_002526,IMG_1675_ccf1a520,IMG_1675_ccf1a520,2,2,Necklace,Necklace,train,1,positive,
DS1_IMG_002524__DS1_IMG_004084,DS1_IMG_002524,DS1_IMG_004084,IMG_1675_ccf1a520,ring_051,2,4,Necklace,Ring,train,0,negative,cross_category
DS1_IMG_002525__DS1_IMG_002526,DS1_IMG_002525,DS1_IMG_002526,IMG_1675_ccf1a520,IMG_1675_ccf1a520,2,2,Necklace,Necklace,train,1,positive,
DS1_IMG_002526__DS1_IMG_003879,DS1_IMG_002526,DS1_IMG_003879,IMG_1675_ccf1a520,IMG_2862_dc66ea02,2,3,Necklace,Pendant,train,0,negative,cross_category
DS1_IMG_002526__DS1_IMG_003910,DS1_IMG_002526,DS1_IMG_003910,IMG_1675_ccf1a520,IMG_2911_4bf24190,2,3,Necklace,Pendant,train,0,negative,cross_category
DS1_IMG_002527__DS1_IMG_002528,DS1_IMG_002527,DS1_IMG_002528,IMG_1679_fee7e734,IMG_1679_fee7e734,2,2,Necklace,Necklace,train,1,positive,
DS1_IMG_002527__DS1_IMG_002529,DS1_IMG_002527,DS1_IMG_002529,IMG_1679_fee7e734,IMG_1679_fee7e734,2,2,Necklace,Necklace,train,1,positive,
DS1_IMG_002528__DS1_IMG_002529,DS1_IMG_002528,DS1_IMG_002529,IMG_1679_fee7e734,IMG_1679_fee7e734,2,2,Necklace,Necklace,train,1,positive,
DS1_IMG_002529__DS1_IMG_004181,DS1_IMG_002529,DS1_IMG_004181,IMG_1679_fee7e734,ring_105,2,4,Necklace,Ring,train,0,negative,cross_category
DS1_IMG_002530__DS1_IMG_002531,DS1_IMG_002530,DS1_IMG_002531,IMG_1848_3add4b11,IMG_1848_3add4b11,2,2,Necklace,Necklace,train,1,positive,
DS1_IMG_002530__DS1_IMG_002532,DS1_IMG_002530,DS1_IMG_002532,IMG_1848_3add4b11,IMG_1848_3add4b11,2,2,Necklace,Necklace,train,1,positive,
DS1_IMG_002530__DS1_IMG_003732,DS1_IMG_002530,DS1_IMG_003732,IMG_1848_3add4b11,IMG_0858_52572277,2,3,Necklace,Pendant,train,0,negative,cross_category
DS1_IMG_002531__DS1_IMG_002532,DS1_IMG_002531,DS1_IMG_002532,IMG_1848_3add4b11,IMG_1848_3add4b11,2,2,Necklace,Necklace,train,1,positive,
DS1_IMG_002531__DS1_IMG_003954,DS1_IMG_002531,DS1_IMG_003954,IMG_1848_3add4b11,IMG_3515_3ed94d29,2,3,Necklace,Pendant,train,0,negative,cross_category
DS1_IMG_002533__DS1_IMG_002534,DS1_IMG_002533,DS1_IMG_002534,IMG_1850_77cd24da,IMG_1850_77cd24da,2,2,Necklace,Necklace,train,1,positive,
DS1_IMG_002533__DS1_IMG_002535,DS1_IMG_002533,DS1_IMG_002535,IMG_1850_77cd24da,IMG_1850_77cd24da,2,2,Necklace,Necklace,train,1,positive,
DS1_IMG_002534__DS1_IMG_002535,DS1_IMG_002534,DS1_IMG_002535,IMG_1850_77cd24da,IMG_1850_77cd24da,2,2,Necklace,Necklace,train,1,positive,
DS1_IMG_002534__DS1_IMG_003781,DS1_IMG_002534,DS1_IMG_003781,IMG_1850_77cd24da,IMG_1568_07ccbeb1,2,3,Necklace,Pendant,train,0,negative,cross_category
DS1_IMG_002536__DS1_IMG_002537,DS1_IMG_002536,DS1_IMG_002537,IMG_1851_25444e5b,IMG_1851_25444e5b,2,2,Necklace,Necklace,train,1,positive,
DS1_IMG_002536__DS1_IMG_002538,DS1_IMG_002536,DS1_IMG_002538,IMG_1851_25444e5b,IMG_1851_25444e5b,2,2,Necklace,Necklace,train,1,positive,
DS1_IMG_002537__DS1_IMG_002538,DS1_IMG_002537,DS1_IMG_002538,IMG_1851_25444e5b,IMG_1851_25444e5b,2,2,Necklace,Necklace,train,1,positive,
DS1_IMG_002537__DS1_IMG_004254,DS1_IMG_002537,DS1_IMG_004254,IMG_1851_25444e5b,ring_154,2,4,Necklace,Ring,train,0,negative,cross_category
DS1_IMG_002542__DS1_IMG_002543,DS1_IMG_002542,DS1_IMG_002543,IMG_1854_54846a87,IMG_1854_54846a87,2,2,Necklace,Necklace,train,1,positive,
DS1_IMG_002542__DS1_IMG_002544,DS1_IMG_002542,DS1_IMG_002544,IMG_1854_54846a87,IMG_1854_54846a87,2,2,Necklace,Necklace,train,1,positive,
DS1_IMG_002542__DS1_IMG_003805,DS1_IMG_002542,DS1_IMG_003805,IMG_1854_54846a87,IMG_2426_f8412daf,2,3,Necklace,Pendant,train,0,negative,cross_category
DS1_IMG_002542__DS1_IMG_004014,DS1_IMG_002542,DS1_IMG_004014,IMG_1854_54846a87,Screenshot_20181116-202707_1542453179073,2,4,Necklace,Ring,train,0,negative,cross_category
DS1_IMG_002543__DS1_IMG_002544,DS1_IMG_002543,DS1_IMG_002544,IMG_1854_54846a87,IMG_1854_54846a87,2,2,Necklace,Necklace,train,1,positive,
DS1_IMG_002545__DS1_IMG_002546,DS1_IMG_002545,DS1_IMG_002546,IMG_1855_8b7f24a5,IMG_1855_8b7f24a5,2,2,Necklace,Necklace,train,1,positive,
DS1_IMG_002545__DS1_IMG_002547,DS1_IMG_002545,DS1_IMG_002547,IMG_1855_8b7f24a5,IMG_1855_8b7f24a5,2,2,Necklace,Necklace,train,1,positive,
DS1_IMG_002545__DS1_IMG_004081,DS1_IMG_002545,DS1_IMG_004081,IMG_1855_8b7f24a5,ring_050,2,4,Necklace,Ring,train,0,negative,cross_category
DS1_IMG_002546__DS1_IMG_002547,DS1_IMG_002546,DS1_IMG_002547,IMG_1855_8b7f24a5,IMG_1855_8b7f24a5,2,2,Necklace,Necklace,train,1,positive,
DS1_IMG_002548__DS1_IMG_002549,DS1_IMG_002548,DS1_IMG_002549,IMG_1859_70939f18,IMG_1859_70939f18,2,2,Necklace,Necklace,train,1,positive,
DS1_IMG_002548__DS1_IMG_002550,DS1_IMG_002548,DS1_IMG_002550,IMG_1859_70939f18,IMG_1859_70939f18,2,2,Necklace,Necklace,train,1,positive,
DS1_IMG_002549__DS1_IMG_002550,DS1_IMG_002549,DS1_IMG_002550,IMG_1859_70939f18,IMG_1859_70939f18,2,2,Necklace,Necklace,train,1,positive,
DS1_IMG_002549__DS1_IMG_004296,DS1_IMG_002549,DS1_IMG_004296,IMG_1859_70939f18,ring_179,2,4,Necklace,Ring,train,0,negative,cross_category
DS1_IMG_002551__DS1_IMG_002552,DS1_IMG_002551,DS1_IMG_002552,IMG_1861_d6aec339,IMG_1861_d6aec339,2,2,Necklace,Necklace,train,1,positive,
DS1_IMG_002551__DS1_IMG_002553,DS1_IMG_002551,DS1_IMG_002553,IMG_1861_d6aec339,IMG_1861_d6aec339,2,2,Necklace,Necklace,train,1,positive,
DS1_IMG_002552__DS1_IMG_002553,DS1_IMG_002552,DS1_IMG_002553,IMG_1861_d6aec339,IMG_1861_d6aec339,2,2,Necklace,Necklace,train,1,positive,
DS1_IMG_002553__DS1_IMG_004265,DS1_IMG_002553,DS1_IMG_004265,IMG_1861_d6aec339,ring_158,2,4,Necklace,Ring,train,0,negative,cross_category
DS1_IMG_002554__DS1_IMG_002555,DS1_IMG_002554,DS1_IMG_002555,IMG_1862_cff5a31d,IMG_1862_cff5a31d,2,2,Necklace,Necklace,train,1,positive,
DS1_IMG_002554__DS1_IMG_002556,DS1_IMG_002554,DS1_IMG_002556,IMG_1862_cff5a31d,IMG_1862_cff5a31d,2,2,Necklace,Necklace,train,1,positive,
DS1_IMG_002555__DS1_IMG_002556,DS1_IMG_002555,DS1_IMG_002556,IMG_1862_cff5a31d,IMG_1862_cff5a31d,2,2,Necklace,Necklace,train,1,positive,
DS1_IMG_002556__DS1_IMG_003936,DS1_IMG_002556,DS1_IMG_003936,IMG_1862_cff5a31d,IMG_2936_bba41476,2,3,Necklace,Pendant,train,0,negative,cross_category
DS1_IMG_002557__DS1_IMG_002558,DS1_IMG_002557,DS1_IMG_002558,IMG_1863_8494810c,IMG_1863_8494810c,2,2,Necklace,Necklace,train,1,positive,
DS1_IMG_002557__DS1_IMG_002559,DS1_IMG_002557,DS1_IMG_002559,IMG_1863_8494810c,IMG_1863_8494810c,2,2,Necklace,Necklace,train,1,positive,
DS1_IMG_002558__DS1_IMG_002559,DS1_IMG_002558,DS1_IMG_002559,IMG_1863_8494810c,IMG_1863_8494810c,2,2,Necklace,Necklace,train,1,positive,
DS1_IMG_002560__DS1_IMG_002561,DS1_IMG_002560,DS1_IMG_002561,IMG_1864_f6bd77dc,IMG_1864_f6bd77dc,2,2,Necklace,Necklace,train,1,positive,
DS1_IMG_002560__DS1_IMG_002562,DS1_IMG_002560,DS1_IMG_002562,IMG_1864_f6bd77dc,IMG_1864_f6bd77dc,2,2,Necklace,Necklace,train,1,positive,
DS1_IMG_002561__DS1_IMG_002562,DS1_IMG_002561,DS1_IMG_002562,IMG_1864_f6bd77dc,IMG_1864_f6bd77dc,2,2,Necklace,Necklace,train,1,positive,
DS1_IMG_002563__DS1_IMG_002564,DS1_IMG_002563,DS1_IMG_002564,IMG_1868_1da28c1b,IMG_1868_1da28c1b,2,2,Necklace,Necklace,train,1,positive,
DS1_IMG_002563__DS1_IMG_002565,DS1_IMG_002563,DS1_IMG_002565,IMG_1868_1da28c1b,IMG_1868_1da28c1b,2,2,Necklace,Necklace,train,1,positive,
DS1_IMG_002563__DS1_IMG_003970,DS1_IMG_002563,DS1_IMG_003970,IMG_1868_1da28c1b,necklace_20241125_122545_08081c1c,2,3,Necklace,Pendant,train,0,negative,cross_category
DS1_IMG_002564__DS1_IMG_002565,DS1_IMG_002564,DS1_IMG_002565,IMG_1868_1da28c1b,IMG_1868_1da28c1b,2,2,Necklace,Necklace,train,1,positive,
DS1_IMG_002566__DS1_IMG_002567,DS1_IMG_002566,DS1_IMG_002567,IMG_1869_3dd27dc4,IMG_1869_3dd27dc4,2,2,Necklace,Necklace,train,1,positive,
DS1_IMG_002566__DS1_IMG_002568,DS1_IMG_002566,DS1_IMG_002568,IMG_1869_3dd27dc4,IMG_1869_3dd27dc4,2,2,Necklace,Necklace,train,1,positive,
DS1_IMG_002566__DS1_IMG_004244,DS1_IMG_002566,DS1_IMG_004244,IMG_1869_3dd27dc4,ring_147,2,4,Necklace,Ring,train,0,negative,cross_category
DS1_IMG_002567__DS1_IMG_002568,DS1_IMG_002567,DS1_IMG_002568,IMG_1869_3dd27dc4,IMG_1869_3dd27dc4,2,2,Necklace,Necklace,train,1,positive,
DS1_IMG_002567__DS1_IMG_003908,DS1_IMG_002567,DS1_IMG_003908,IMG_1869_3dd27dc4,IMG_2911_4bf24190,2,3,Necklace,Pendant,train,0,negative,cross_category
DS1_IMG_002569__DS1_IMG_002570,DS1_IMG_002569,DS1_IMG_002570,IMG_1871_019335e4,IMG_1871_019335e4,2,2,Necklace,Necklace,train,1,positive,
DS1_IMG_002569__DS1_IMG_002571,DS1_IMG_002569,DS1_IMG_002571,IMG_1871_019335e4,IMG_1871_019335e4,2,2,Necklace,Necklace,train,1,positive,
DS1_IMG_002570__DS1_IMG_002571,DS1_IMG_002570,DS1_IMG_002571,IMG_1871_019335e4,IMG_1871_019335e4,2,2,Necklace,Necklace,train,1,positive,
DS1_IMG_002571__DS1_IMG_003680,DS1_IMG_002571,DS1_IMG_003680,IMG_1871_019335e4,IMG_0457_cb73a0c4,2,3,Necklace,Pendant,train,0,negative,cross_category
DS1_IMG_002571__DS1_IMG_003785,DS1_IMG_002571,DS1_IMG_003785,IMG_1871_019335e4,IMG_2186_10d4d23b,2,3,Necklace,Pendant,train,0,negative,cross_category
DS1_IMG_002572__DS1_IMG_002573,DS1_IMG_002572,DS1_IMG_002573,IMG_2136_4adadf95,IMG_2136_4adadf95,2,2,Necklace,Necklace,train,1,positive,
DS1_IMG_002572__DS1_IMG_002574,DS1_IMG_002572,DS1_IMG_002574,IMG_2136_4adadf95,IMG_2136_4adadf95,2,2,Necklace,Necklace,train,1,positive,
DS1_IMG_002573__DS1_IMG_002574,DS1_IMG_002573,DS1_IMG_002574,IMG_2136_4adadf95,IMG_2136_4adadf95,2,2,Necklace,Necklace,train,1,positive,
DS1_IMG_002575__DS1_IMG_002576,DS1_IMG_002575,DS1_IMG_002576,IMG_2137_46d22b6f,IMG_2137_46d22b6f,2,2,Necklace,Necklace,train,1,positive,
DS1_IMG_002575__DS1_IMG_002577,DS1_IMG_002575,DS1_IMG_002577,IMG_2137_46d22b6f,IMG_2137_46d22b6f,2,2,Necklace,Necklace,train,1,positive,
DS1_IMG_002576__DS1_IMG_002577,DS1_IMG_002576,DS1_IMG_002577,IMG_2137_46d22b6f,IMG_2137_46d22b6f,2,2,Necklace,Necklace,train,1,positive,
DS1_IMG_002577__DS1_IMG_003745,DS1_IMG_002577,DS1_IMG_003745,IMG_2137_46d22b6f,IMG_0863_4e8ef7be,2,3,Necklace,Pendant,train,0,negative,cross_category
DS1_IMG_002577__DS1_IMG_004213,DS1_IMG_002577,DS1_IMG_004213,IMG_2137_46d22b6f,ring_123,2,4,Necklace,Ring,train,0,negative,cross_category
DS1_IMG_002578__DS1_IMG_002579,DS1_IMG_002578,DS1_IMG_002579,IMG_2138_1b7d6c4d,IMG_2138_1b7d6c4d,2,2,Necklace,Necklace,train,1,positive,
DS1_IMG_002578__DS1_IMG_002580,DS1_IMG_002578,DS1_IMG_002580,IMG_2138_1b7d6c4d,IMG_2138_1b7d6c4d,2,2,Necklace,Necklace,train,1,positive,
DS1_IMG_002579__DS1_IMG_002580,DS1_IMG_002579,DS1_IMG_002580,IMG_2138_1b7d6c4d,IMG_2138_1b7d6c4d,2,2,Necklace,Necklace,train,1,positive,
DS1_IMG_002584__DS1_IMG_002585,DS1_IMG_002584,DS1_IMG_002585,IMG_2141_c94e8e9a,IMG_2141_c94e8e9a,2,2,Necklace,Necklace,train,1,positive,
DS1_IMG_002584__DS1_IMG_002586,DS1_IMG_002584,DS1_IMG_002586,IMG_2141_c94e8e9a,IMG_2141_c94e8e9a,2,2,Necklace,Necklace,train,1,positive,
DS1_IMG_002584__DS1_IMG_004033,DS1_IMG_002584,DS1_IMG_004033,IMG_2141_c94e8e9a,Screenshot_20181116-203347_1542449724585,2,4,Necklace,Ring,train,0,negative,cross_category
DS1_IMG_002585__DS1_IMG_002586,DS1_IMG_002585,DS1_IMG_002586,IMG_2141_c94e8e9a,IMG_2141_c94e8e9a,2,2,Necklace,Necklace,train,1,positive,
DS1_IMG_002585__DS1_IMG_003743,DS1_IMG_002585,DS1_IMG_003743,IMG_2141_c94e8e9a,IMG_0863_4e8ef7be,2,3,Necklace,Pendant,train,0,negative,cross_category
DS1_IMG_002586__DS1_IMG_003959,DS1_IMG_002586,DS1_IMG_003959,IMG_2141_c94e8e9a,necklace_20241125_122545_00801018,2,3,Necklace,Pendant,train,0,negative,cross_category
DS1_IMG_002586__DS1_IMG_004188,DS1_IMG_002586,DS1_IMG_004188,IMG_2141_c94e8e9a,ring_111,2,4,Necklace,Ring,train,0,negative,cross_category
DS1_IMG_002587__DS1_IMG_002588,DS1_IMG_002587,DS1_IMG_002588,IMG_2143_cfbf98b5,IMG_2143_cfbf98b5,2,2,Necklace,Necklace,train,1,positive,
DS1_IMG_002587__DS1_IMG_002589,DS1_IMG_002587,DS1_IMG_002589,IMG_2143_cfbf98b5,IMG_2143_cfbf98b5,2,2,Necklace,Necklace,train,1,positive,
DS1_IMG_002587__DS1_IMG_003827,DS1_IMG_002587,DS1_IMG_003827,IMG_2143_cfbf98b5,IMG_2513_2e38170a,2,3,Necklace,Pendant,train,0,negative,cross_category
DS1_IMG_002587__DS1_IMG_003842,DS1_IMG_002587,DS1_IMG_003842,IMG_2143_cfbf98b5,IMG_2821_d4955818,2,3,Necklace,Pendant,train,0,negative,cross_category
DS1_IMG_002587__DS1_IMG_003969,DS1_IMG_002587,DS1_IMG_003969,IMG_2143_cfbf98b5,necklace_20241125_122545_08081c1c,2,3,Necklace,Pendant,train,0,negative,cross_category
DS1_IMG_002588__DS1_IMG_002589,DS1_IMG_002588,DS1_IMG_002589,IMG_2143_cfbf98b5,IMG_2143_cfbf98b5,2,2,Necklace,Necklace,train,1,positive,
DS1_IMG_002590__DS1_IMG_002591,DS1_IMG_002590,DS1_IMG_002591,IMG_2145_e3c9b311,IMG_2145_e3c9b311,2,2,Necklace,Necklace,train,1,positive,
DS1_IMG_002590__DS1_IMG_002592,DS1_IMG_002590,DS1_IMG_002592,IMG_2145_e3c9b311,IMG_2145_e3c9b311,2,2,Necklace,Necklace,train,1,positive,
DS1_IMG_002591__DS1_IMG_002592,DS1_IMG_002591,DS1_IMG_002592,IMG_2145_e3c9b311,IMG_2145_e3c9b311,2,2,Necklace,Necklace,train,1,positive,
DS1_IMG_002593__DS1_IMG_002594,DS1_IMG_002593,DS1_IMG_002594,IMG_2146_6a92e365,IMG_2146_6a92e365,2,2,Necklace,Necklace,train,1,positive,
DS1_IMG_002593__DS1_IMG_002595,DS1_IMG_002593,DS1_IMG_002595,IMG_2146_6a92e365,IMG_2146_6a92e365,2,2,Necklace,Necklace,train,1,positive,
DS1_IMG_002594__DS1_IMG_002595,DS1_IMG_002594,DS1_IMG_002595,IMG_2146_6a92e365,IMG_2146_6a92e365,2,2,Necklace,Necklace,train,1,positive,
DS1_IMG_002596__DS1_IMG_002597,DS1_IMG_002596,DS1_IMG_002597,IMG_2147_98ed9476,IMG_2147_98ed9476,2,2,Necklace,Necklace,train,1,positive,
DS1_IMG_002596__DS1_IMG_002598,DS1_IMG_002596,DS1_IMG_002598,IMG_2147_98ed9476,IMG_2147_98ed9476,2,2,Necklace,Necklace,train,1,positive,
DS1_IMG_002596__DS1_IMG_004056,DS1_IMG_002596,DS1_IMG_004056,IMG_2147_98ed9476,Screenshot_20181116-204417_1542449390654,2,4,Necklace,Ring,train,0,negative,cross_category
DS1_IMG_002597__DS1_IMG_002598,DS1_IMG_002597,DS1_IMG_002598,IMG_2147_98ed9476,IMG_2147_98ed9476,2,2,Necklace,Necklace,train,1,positive,
DS1_IMG_002597__DS1_IMG_004206,DS1_IMG_002597,DS1_IMG_004206,IMG_2147_98ed9476,ring_121,2,4,Necklace,Ring,train,0,negative,cross_category
DS1_IMG_002599__DS1_IMG_002600,DS1_IMG_002599,DS1_IMG_002600,IMG_2179_7edd5f7f,IMG_2179_7edd5f7f,2,2,Necklace,Necklace,train,1,positive,
DS1_IMG_002599__DS1_IMG_002601,DS1_IMG_002599,DS1_IMG_002601,IMG_2179_7edd5f7f,IMG_2179_7edd5f7f,2,2,Necklace,Necklace,train,1,positive,
DS1_IMG_002599__DS1_IMG_004096,DS1_IMG_002599,DS1_IMG_004096,IMG_2179_7edd5f7f,ring_060,2,4,Necklace,Ring,train,0,negative,cross_category
DS1_IMG_002600__DS1_IMG_002601,DS1_IMG_002600,DS1_IMG_002601,IMG_2179_7edd5f7f,IMG_2179_7edd5f7f,2,2,Necklace,Necklace,train,1,positive,
DS1_IMG_002600__DS1_IMG_003695,DS1_IMG_002600,DS1_IMG_003695,IMG_2179_7edd5f7f,IMG_0602_6d616791,2,3,Necklace,Pendant,train,0,negative,cross_category
DS1_IMG_002602__DS1_IMG_002603,DS1_IMG_002602,DS1_IMG_002603,IMG_2180_8bf8633d,IMG_2180_8bf8633d,2,2,Necklace,Necklace,train,1,positive,
DS1_IMG_002602__DS1_IMG_002604,DS1_IMG_002602,DS1_IMG_002604,IMG_2180_8bf8633d,IMG_2180_8bf8633d,2,2,Necklace,Necklace,train,1,positive,
DS1_IMG_002602__DS1_IMG_003808,DS1_IMG_002602,DS1_IMG_003808,IMG_2180_8bf8633d,IMG_2427_3a6bdae9,2,3,Necklace,Pendant,train,0,negative,cross_category
DS1_IMG_002602__DS1_IMG_004110,DS1_IMG_002602,DS1_IMG_004110,IMG_2180_8bf8633d,ring_069,2,4,Necklace,Ring,train,0,negative,cross_category
DS1_IMG_002603__DS1_IMG_002604,DS1_IMG_002603,DS1_IMG_002604,IMG_2180_8bf8633d,IMG_2180_8bf8633d,2,2,Necklace,Necklace,train,1,positive,
DS1_IMG_002605__DS1_IMG_002606,DS1_IMG_002605,DS1_IMG_002606,IMG_2185_5d50bf33,IMG_2185_5d50bf33,2,2,Necklace,Necklace,train,1,positive,
DS1_IMG_002605__DS1_IMG_002607,DS1_IMG_002605,DS1_IMG_002607,IMG_2185_5d50bf33,IMG_2185_5d50bf33,2,2,Necklace,Necklace,train,1,positive,
DS1_IMG_002606__DS1_IMG_002607,DS1_IMG_002606,DS1_IMG_002607,IMG_2185_5d50bf33,IMG_2185_5d50bf33,2,2,Necklace,Necklace,train,1,positive,
DS1_IMG_002608__DS1_IMG_002609,DS1_IMG_002608,DS1_IMG_002609,IMG_2189_6facb0c6,IMG_2189_6facb0c6,2,2,Necklace,Necklace,train,1,positive,
DS1_IMG_002608__DS1_IMG_002610,DS1_IMG_002608,DS1_IMG_002610,IMG_2189_6facb0c6,IMG_2189_6facb0c6,2,2,Necklace,Necklace,train,1,positive,
DS1_IMG_002608__DS1_IMG_003802,DS1_IMG_002608,DS1_IMG_003802,IMG_2189_6facb0c6,IMG_2379_ad6a1bf5,2,3,Necklace,Pendant,train,0,negative,cross_category
DS1_IMG_002609__DS1_IMG_002610,DS1_IMG_002609,DS1_IMG_002610,IMG_2189_6facb0c6,IMG_2189_6facb0c6,2,2,Necklace,Necklace,train,1,positive,
DS1_IMG_002609__DS1_IMG_003673,DS1_IMG_002609,DS1_IMG_003673,IMG_2189_6facb0c6,IMG_0391_13077dff,2,3,Necklace,Pendant,train,0,negative,cross_category
DS1_IMG_002609__DS1_IMG_003691,DS1_IMG_002609,DS1_IMG_003691,IMG_2189_6facb0c6,IMG_0475_694c48a1,2,3,Necklace,Pendant,train,0,negative,cross_category
DS1_IMG_002610__DS1_IMG_003941,DS1_IMG_002610,DS1_IMG_003941,IMG_2189_6facb0c6,IMG_2943_c72380bb,2,3,Necklace,Pendant,train,0,negative,cross_category
DS1_IMG_002611__DS1_IMG_002612,DS1_IMG_002611,DS1_IMG_002612,IMG_2190_2baea64b,IMG_2190_2baea64b,2,2,Necklace,Necklace,train,1,positive,
DS1_IMG_002611__DS1_IMG_002613,DS1_IMG_002611,DS1_IMG_002613,IMG_2190_2baea64b,IMG_2190_2baea64b,2,2,Necklace,Necklace,train,1,positive,
DS1_IMG_002611__DS1_IMG_003711,DS1_IMG_002611,DS1_IMG_003711,IMG_2190_2baea64b,IMG_0733_64e5db0c,2,3,Necklace,Pendant,train,0,negative,cross_category
DS1_IMG_002611__DS1_IMG_004015,DS1_IMG_002611,DS1_IMG_004015,IMG_2190_2baea64b,Screenshot_20181116-202757_1542453058358,2,4,Necklace,Ring,train,0,negative,cross_category
DS1_IMG_002611__DS1_IMG_004201,DS1_IMG_002611,DS1_IMG_004201,IMG_2190_2baea64b,ring_116,2,4,Necklace,Ring,train,0,negative,cross_category
DS1_IMG_002612__DS1_IMG_002613,DS1_IMG_002612,DS1_IMG_002613,IMG_2190_2baea64b,IMG_2190_2baea64b,2,2,Necklace,Necklace,train,1,positive,
DS1_IMG_002614__DS1_IMG_002615,DS1_IMG_002614,DS1_IMG_002615,IMG_2192_240d158b,IMG_2192_240d158b,2,2,Necklace,Necklace,train,1,positive,
DS1_IMG_002614__DS1_IMG_002616,DS1_IMG_002614,DS1_IMG_002616,IMG_2192_240d158b,IMG_2192_240d158b,2,2,Necklace,Necklace,train,1,positive,
DS1_IMG_002615__DS1_IMG_002616,DS1_IMG_002615,DS1_IMG_002616,IMG_2192_240d158b,IMG_2192_240d158b,2,2,Necklace,Necklace,train,1,positive,
DS1_IMG_002617__DS1_IMG_002618,DS1_IMG_002617,DS1_IMG_002618,IMG_2193_966b7f4f,IMG_2193_966b7f4f,2,2,Necklace,Necklace,train,1,positive,
DS1_IMG_002617__DS1_IMG_002619,DS1_IMG_002617,DS1_IMG_002619,IMG_2193_966b7f4f,IMG_2193_966b7f4f,2,2,Necklace,Necklace,train,1,positive,
DS1_IMG_002618__DS1_IMG_002619,DS1_IMG_002618,DS1_IMG_002619,IMG_2193_966b7f4f,IMG_2193_966b7f4f,2,2,Necklace,Necklace,train,1,positive,
DS1_IMG_002620__DS1_IMG_002621,DS1_IMG_002620,DS1_IMG_002621,IMG_2195_70ac3daa,IMG_2195_70ac3daa,2,2,Necklace,Necklace,train,1,positive,
DS1_IMG_002620__DS1_IMG_002622,DS1_IMG_002620,DS1_IMG_002622,IMG_2195_70ac3daa,IMG_2195_70ac3daa,2,2,Necklace,Necklace,train,1,positive,
DS1_IMG_002621__DS1_IMG_002622,DS1_IMG_002621,DS1_IMG_002622,IMG_2195_70ac3daa,IMG_2195_70ac3daa,2,2,Necklace,Necklace,train,1,positive,
DS1_IMG_002622__DS1_IMG_004058,DS1_IMG_002622,DS1_IMG_004058,IMG_2195_70ac3daa,Screenshot_20181116-204603_1542447556990,2,4,Necklace,Ring,train,0,negative,cross_category
DS1_IMG_002623__DS1_IMG_002624,DS1_IMG_002623,DS1_IMG_002624,IMG_2196_45f1b723,IMG_2196_45f1b723,2,2,Necklace,Necklace,train,1,positive,
DS1_IMG_002623__DS1_IMG_002625,DS1_IMG_002623,DS1_IMG_002625,IMG_2196_45f1b723,IMG_2196_45f1b723,2,2,Necklace,Necklace,train,1,positive,
DS1_IMG_002624__DS1_IMG_002625,DS1_IMG_002624,DS1_IMG_002625,IMG_2196_45f1b723,IMG_2196_45f1b723,2,2,Necklace,Necklace,train,1,positive,
DS1_IMG_002626__DS1_IMG_002627,DS1_IMG_002626,DS1_IMG_002627,IMG_2199_1b8e60ec,IMG_2199_1b8e60ec,2,2,Necklace,Necklace,train,1,positive,
DS1_IMG_002626__DS1_IMG_002628,DS1_IMG_002626,DS1_IMG_002628,IMG_2199_1b8e60ec,IMG_2199_1b8e60ec,2,2,Necklace,Necklace,train,1,positive,
DS1_IMG_002627__DS1_IMG_002628,DS1_IMG_002627,DS1_IMG_002628,IMG_2199_1b8e60ec,IMG_2199_1b8e60ec,2,2,Necklace,Necklace,train,1,positive,
DS1_IMG_002627__DS1_IMG_004186,DS1_IMG_002627,DS1_IMG_004186,IMG_2199_1b8e60ec,ring_110,2,4,Necklace,Ring,train,0,negative,cross_category
DS1_IMG_002629__DS1_IMG_002630,DS1_IMG_002629,DS1_IMG_002630,IMG_2203_8418a1ef,IMG_2203_8418a1ef,2,2,Necklace,Necklace,train,1,positive,
DS1_IMG_002629__DS1_IMG_002631,DS1_IMG_002629,DS1_IMG_002631,IMG_2203_8418a1ef,IMG_2203_8418a1ef,2,2,Necklace,Necklace,train,1,positive,
DS1_IMG_002629__DS1_IMG_003920,DS1_IMG_002629,DS1_IMG_003920,IMG_2203_8418a1ef,IMG_2922_996200cd,2,3,Necklace,Pendant,train,0,negative,cross_category
DS1_IMG_002630__DS1_IMG_002631,DS1_IMG_002630,DS1_IMG_002631,IMG_2203_8418a1ef,IMG_2203_8418a1ef,2,2,Necklace,Necklace,train,1,positive,
DS1_IMG_002632__DS1_IMG_002633,DS1_IMG_002632,DS1_IMG_002633,IMG_2207_65e0847d,IMG_2207_65e0847d,2,2,Necklace,Necklace,train,1,positive,
DS1_IMG_002632__DS1_IMG_002634,DS1_IMG_002632,DS1_IMG_002634,IMG_2207_65e0847d,IMG_2207_65e0847d,2,2,Necklace,Necklace,train,1,positive,
DS1_IMG_002632__DS1_IMG_003740,DS1_IMG_002632,DS1_IMG_003740,IMG_2207_65e0847d,IMG_0862_36a7b364,2,3,Necklace,Pendant,train,0,negative,cross_category
DS1_IMG_002633__DS1_IMG_002634,DS1_IMG_002633,DS1_IMG_002634,IMG_2207_65e0847d,IMG_2207_65e0847d,2,2,Necklace,Necklace,train,1,positive,
DS1_IMG_002635__DS1_IMG_002636,DS1_IMG_002635,DS1_IMG_002636,IMG_2208_cf196528,IMG_2208_cf196528,2,2,Necklace,Necklace,train,1,positive,
DS1_IMG_002635__DS1_IMG_002637,DS1_IMG_002635,DS1_IMG_002637,IMG_2208_cf196528,IMG_2208_cf196528,2,2,Necklace,Necklace,train,1,positive,
DS1_IMG_002636__DS1_IMG_002637,DS1_IMG_002636,DS1_IMG_002637,IMG_2208_cf196528,IMG_2208_cf196528,2,2,Necklace,Necklace,train,1,positive,
DS1_IMG_002637__DS1_IMG_004084,DS1_IMG_002637,DS1_IMG_004084,IMG_2208_cf196528,ring_051,2,4,Necklace,Ring,train,0,negative,cross_category
DS1_IMG_002638__DS1_IMG_002639,DS1_IMG_002638,DS1_IMG_002639,IMG_2209_2b5dc9a9,IMG_2209_2b5dc9a9,2,2,Necklace,Necklace,train,1,positive,
DS1_IMG_002638__DS1_IMG_002640,DS1_IMG_002638,DS1_IMG_002640,IMG_2209_2b5dc9a9,IMG_2209_2b5dc9a9,2,2,Necklace,Necklace,train,1,positive,
DS1_IMG_002638__DS1_IMG_004310,DS1_IMG_002638,DS1_IMG_004310,IMG_2209_2b5dc9a9,ring_184,2,4,Necklace,Ring,train,0,negative,cross_category
DS1_IMG_002639__DS1_IMG_002640,DS1_IMG_002639,DS1_IMG_002640,IMG_2209_2b5dc9a9,IMG_2209_2b5dc9a9,2,2,Necklace,Necklace,train,1,positive,
DS1_IMG_002641__DS1_IMG_002642,DS1_IMG_002641,DS1_IMG_002642,IMG_2210_a9083f04,IMG_2210_a9083f04,2,2,Necklace,Necklace,train,1,positive,
DS1_IMG_002641__DS1_IMG_002643,DS1_IMG_002641,DS1_IMG_002643,IMG_2210_a9083f04,IMG_2210_a9083f04,2,2,Necklace,Necklace,train,1,positive,
DS1_IMG_002642__DS1_IMG_002643,DS1_IMG_002642,DS1_IMG_002643,IMG_2210_a9083f04,IMG_2210_a9083f04,2,2,Necklace,Necklace,train,1,positive,
DS1_IMG_002644__DS1_IMG_002645,DS1_IMG_002644,DS1_IMG_002645,IMG_2212_90baac46,IMG_2212_90baac46,2,2,Necklace,Necklace,train,1,positive,
DS1_IMG_002644__DS1_IMG_002646,DS1_IMG_002644,DS1_IMG_002646,IMG_2212_90baac46,IMG_2212_90baac46,2,2,Necklace,Necklace,train,1,positive,
DS1_IMG_002644__DS1_IMG_004053,DS1_IMG_002644,DS1_IMG_004053,IMG_2212_90baac46,Screenshot_20181116-204359_1542449415504,2,4,Necklace,Ring,train,0,negative,cross_category
DS1_IMG_002645__DS1_IMG_002646,DS1_IMG_002645,DS1_IMG_002646,IMG_2212_90baac46,IMG_2212_90baac46,2,2,Necklace,Necklace,train,1,positive,
DS1_IMG_002645__DS1_IMG_003832,DS1_IMG_002645,DS1_IMG_003832,IMG_2212_90baac46,IMG_2750_393840e9,2,3,Necklace,Pendant,train,0,negative,cross_category
DS1_IMG_002646__DS1_IMG_003692,DS1_IMG_002646,DS1_IMG_003692,IMG_2212_90baac46,IMG_0479_27be300a,2,3,Necklace,Pendant,train,0,negative,cross_category
DS1_IMG_002647__DS1_IMG_002648,DS1_IMG_002647,DS1_IMG_002648,IMG_2215_581a6b79,IMG_2215_581a6b79,2,2,Necklace,Necklace,train,1,positive,
DS1_IMG_002647__DS1_IMG_002649,DS1_IMG_002647,DS1_IMG_002649,IMG_2215_581a6b79,IMG_2215_581a6b79,2,2,Necklace,Necklace,train,1,positive,
DS1_IMG_002648__DS1_IMG_002649,DS1_IMG_002648,DS1_IMG_002649,IMG_2215_581a6b79,IMG_2215_581a6b79,2,2,Necklace,Necklace,train,1,positive,
DS1_IMG_002649__DS1_IMG_003996,DS1_IMG_002649,DS1_IMG_003996,IMG_2215_581a6b79,necklace_20241125_122545_94000018,2,3,Necklace,Pendant,train,0,negative,cross_category
DS1_IMG_002650__DS1_IMG_002651,DS1_IMG_002650,DS1_IMG_002651,IMG_2216_79cc4ca5,IMG_2216_79cc4ca5,2,2,Necklace,Necklace,train,1,positive,
DS1_IMG_002650__DS1_IMG_002652,DS1_IMG_002650,DS1_IMG_002652,IMG_2216_79cc4ca5,IMG_2216_79cc4ca5,2,2,Necklace,Necklace,train,1,positive,
DS1_IMG_002651__DS1_IMG_002652,DS1_IMG_002651,DS1_IMG_002652,IMG_2216_79cc4ca5,IMG_2216_79cc4ca5,2,2,Necklace,Necklace,train,1,positive,
DS1_IMG_002651__DS1_IMG_003844,DS1_IMG_002651,DS1_IMG_003844,IMG_2216_79cc4ca5,IMG_2821_d4955818,2,3,Necklace,Pendant,train,0,negative,cross_category
DS1_IMG_002651__DS1_IMG_003980,DS1_IMG_002651,DS1_IMG_003980,IMG_2216_79cc4ca5,necklace_20241125_122545_3ef84081,2,3,Necklace,Pendant,train,0,negative,cross_category
DS1_IMG_002651__DS1_IMG_004004,DS1_IMG_002651,DS1_IMG_004004,IMG_2216_79cc4ca5,other_20241125_122403_6020381c,2,3,Necklace,Pendant,train,0,negative,cross_category
DS1_IMG_002651__DS1_IMG_004010,DS1_IMG_002651,DS1_IMG_004010,IMG_2216_79cc4ca5,Screenshot_20181116-202630_1542453353168,2,4,Necklace,Ring,train,0,negative,cross_category
DS1_IMG_002653__DS1_IMG_002654,DS1_IMG_002653,DS1_IMG_002654,IMG_2218_5e603ef7,IMG_2218_5e603ef7,2,2,Necklace,Necklace,train,1,positive,
DS1_IMG_002653__DS1_IMG_002655,DS1_IMG_002653,DS1_IMG_002655,IMG_2218_5e603ef7,IMG_2218_5e603ef7,2,2,Necklace,Necklace,train,1,positive,
DS1_IMG_002653__DS1_IMG_003980,DS1_IMG_002653,DS1_IMG_003980,IMG_2218_5e603ef7,necklace_20241125_122545_3ef84081,2,3,Necklace,Pendant,train,0,negative,cross_category
DS1_IMG_002653__DS1_IMG_004120,DS1_IMG_002653,DS1_IMG_004120,IMG_2218_5e603ef7,ring_076,2,4,Necklace,Ring,train,0,negative,cross_category
DS1_IMG_002654__DS1_IMG_002655,DS1_IMG_002654,DS1_IMG_002655,IMG_2218_5e603ef7,IMG_2218_5e603ef7,2,2,Necklace,Necklace,train,1,positive,
DS1_IMG_002656__DS1_IMG_002657,DS1_IMG_002656,DS1_IMG_002657,IMG_2219_8b9cd0ea,IMG_2219_8b9cd0ea,2,2,Necklace,Necklace,train,1,positive,
DS1_IMG_002656__DS1_IMG_002658,DS1_IMG_002656,DS1_IMG_002658,IMG_2219_8b9cd0ea,IMG_2219_8b9cd0ea,2,2,Necklace,Necklace,train,1,positive,
DS1_IMG_002657__DS1_IMG_002658,DS1_IMG_002657,DS1_IMG_002658,IMG_2219_8b9cd0ea,IMG_2219_8b9cd0ea,2,2,Necklace,Necklace,train,1,positive,
DS1_IMG_002657__DS1_IMG_003712,DS1_IMG_002657,DS1_IMG_003712,IMG_2219_8b9cd0ea,IMG_0733_64e5db0c,2,3,Necklace,Pendant,train,0,negative,cross_category
DS1_IMG_002657__DS1_IMG_003781,DS1_IMG_002657,DS1_IMG_003781,IMG_2219_8b9cd0ea,IMG_1568_07ccbeb1,2,3,Necklace,Pendant,train,0,negative,cross_category
DS1_IMG_002659__DS1_IMG_002660,DS1_IMG_002659,DS1_IMG_002660,IMG_2220_c88e0556,IMG_2220_c88e0556,2,2,Necklace,Necklace,train,1,positive,
DS1_IMG_002659__DS1_IMG_002661,DS1_IMG_002659,DS1_IMG_002661,IMG_2220_c88e0556,IMG_2220_c88e0556,2,2,Necklace,Necklace,train,1,positive,
DS1_IMG_002660__DS1_IMG_002661,DS1_IMG_002660,DS1_IMG_002661,IMG_2220_c88e0556,IMG_2220_c88e0556,2,2,Necklace,Necklace,train,1,positive,
DS1_IMG_002660__DS1_IMG_003955,DS1_IMG_002660,DS1_IMG_003955,IMG_2220_c88e0556,IMG_3515_3ed94d29,2,3,Necklace,Pendant,train,0,negative,cross_category
DS1_IMG_002662__DS1_IMG_002663,DS1_IMG_002662,DS1_IMG_002663,IMG_2221_e360d547,IMG_2221_e360d547,2,2,Necklace,Necklace,train,1,positive,
DS1_IMG_002662__DS1_IMG_002664,DS1_IMG_002662,DS1_IMG_002664,IMG_2221_e360d547,IMG_2221_e360d547,2,2,Necklace,Necklace,train,1,positive,
DS1_IMG_002662__DS1_IMG_003825,DS1_IMG_002662,DS1_IMG_003825,IMG_2221_e360d547,IMG_2512_be8d407f,2,3,Necklace,Pendant,train,0,negative,cross_category
DS1_IMG_002663__DS1_IMG_002664,DS1_IMG_002663,DS1_IMG_002664,IMG_2221_e360d547,IMG_2221_e360d547,2,2,Necklace,Necklace,train,1,positive,
DS1_IMG_002664__DS1_IMG_004304,DS1_IMG_002664,DS1_IMG_004304,IMG_2221_e360d547,ring_181,2,4,Necklace,Ring,train,0,negative,cross_category
DS1_IMG_002668__DS1_IMG_002669,DS1_IMG_002668,DS1_IMG_002669,IMG_2223_b6582e3d,IMG_2223_b6582e3d,2,2,Necklace,Necklace,train,1,positive,
DS1_IMG_002668__DS1_IMG_002670,DS1_IMG_002668,DS1_IMG_002670,IMG_2223_b6582e3d,IMG_2223_b6582e3d,2,2,Necklace,Necklace,train,1,positive,
DS1_IMG_002669__DS1_IMG_002670,DS1_IMG_002669,DS1_IMG_002670,IMG_2223_b6582e3d,IMG_2223_b6582e3d,2,2,Necklace,Necklace,train,1,positive,
DS1_IMG_002671__DS1_IMG_002672,DS1_IMG_002671,DS1_IMG_002672,IMG_2224_d21a322f,IMG_2224_d21a322f,2,2,Necklace,Necklace,train,1,positive,
DS1_IMG_002671__DS1_IMG_002673,DS1_IMG_002671,DS1_IMG_002673,IMG_2224_d21a322f,IMG_2224_d21a322f,2,2,Necklace,Necklace,train,1,positive,
DS1_IMG_002671__DS1_IMG_004104,DS1_IMG_002671,DS1_IMG_004104,IMG_2224_d21a322f,ring_065,2,4,Necklace,Ring,train,0,negative,cross_category
DS1_IMG_002672__DS1_IMG_002673,DS1_IMG_002672,DS1_IMG_002673,IMG_2224_d21a322f,IMG_2224_d21a322f,2,2,Necklace,Necklace,train,1,positive,
DS1_IMG_002673__DS1_IMG_003992,DS1_IMG_002673,DS1_IMG_003992,IMG_2224_d21a322f,necklace_20241125_122545_8181cfe3,2,3,Necklace,Pendant,train,0,negative,cross_category
DS1_IMG_002677__DS1_IMG_002678,DS1_IMG_002677,DS1_IMG_002678,IMG_2228_06564fb9,IMG_2228_06564fb9,2,2,Necklace,Necklace,train,1,positive,
DS1_IMG_002677__DS1_IMG_002679,DS1_IMG_002677,DS1_IMG_002679,IMG_2228_06564fb9,IMG_2228_06564fb9,2,2,Necklace,Necklace,train,1,positive,
DS1_IMG_002678__DS1_IMG_002679,DS1_IMG_002678,DS1_IMG_002679,IMG_2228_06564fb9,IMG_2228_06564fb9,2,2,Necklace,Necklace,train,1,positive,
DS1_IMG_002680__DS1_IMG_002681,DS1_IMG_002680,DS1_IMG_002681,IMG_2230_a8b8b24e,IMG_2230_a8b8b24e,2,2,Necklace,Necklace,train,1,positive,
DS1_IMG_002680__DS1_IMG_002682,DS1_IMG_002680,DS1_IMG_002682,IMG_2230_a8b8b24e,IMG_2230_a8b8b24e,2,2,Necklace,Necklace,train,1,positive,
DS1_IMG_002680__DS1_IMG_004180,DS1_IMG_002680,DS1_IMG_004180,IMG_2230_a8b8b24e,ring_104,2,4,Necklace,Ring,train,0,negative,cross_category
DS1_IMG_002681__DS1_IMG_002682,DS1_IMG_002681,DS1_IMG_002682,IMG_2230_a8b8b24e,IMG_2230_a8b8b24e,2,2,Necklace,Necklace,train,1,positive,
DS1_IMG_002681__DS1_IMG_003937,DS1_IMG_002681,DS1_IMG_003937,IMG_2230_a8b8b24e,IMG_2936_bba41476,2,3,Necklace,Pendant,train,0,negative,cross_category
DS1_IMG_002682__DS1_IMG_004154,DS1_IMG_002682,DS1_IMG_004154,IMG_2230_a8b8b24e,ring_091,2,4,Necklace,Ring,train,0,negative,cross_category
DS1_IMG_002683__DS1_IMG_002684,DS1_IMG_002683,DS1_IMG_002684,IMG_2235_d9c89efe,IMG_2235_d9c89efe,2,2,Necklace,Necklace,train,1,positive,
DS1_IMG_002683__DS1_IMG_002685,DS1_IMG_002683,DS1_IMG_002685,IMG_2235_d9c89efe,IMG_2235_d9c89efe,2,2,Necklace,Necklace,train,1,positive,
DS1_IMG_002684__DS1_IMG_002685,DS1_IMG_002684,DS1_IMG_002685,IMG_2235_d9c89efe,IMG_2235_d9c89efe,2,2,Necklace,Necklace,train,1,positive,
DS1_IMG_002686__DS1_IMG_002687,DS1_IMG_002686,DS1_IMG_002687,IMG_2236_87c45f0e,IMG_2236_87c45f0e,2,2,Necklace,Necklace,train,1,positive,
DS1_IMG_002686__DS1_IMG_002688,DS1_IMG_002686,DS1_IMG_002688,IMG_2236_87c45f0e,IMG_2236_87c45f0e,2,2,Necklace,Necklace,train,1,positive,
DS1_IMG_002687__DS1_IMG_002688,DS1_IMG_002687,DS1_IMG_002688,IMG_2236_87c45f0e,IMG_2236_87c45f0e,2,2,Necklace,Necklace,train,1,positive,
DS1_IMG_002689__DS1_IMG_002690,DS1_IMG_002689,DS1_IMG_002690,IMG_2239_46a7e801,IMG_2239_46a7e801,2,2,Necklace,Necklace,train,1,positive,
DS1_IMG_002689__DS1_IMG_002691,DS1_IMG_002689,DS1_IMG_002691,IMG_2239_46a7e801,IMG_2239_46a7e801,2,2,Necklace,Necklace,train,1,positive,
DS1_IMG_002690__DS1_IMG_002691,DS1_IMG_002690,DS1_IMG_002691,IMG_2239_46a7e801,IMG_2239_46a7e801,2,2,Necklace,Necklace,train,1,positive,
DS1_IMG_002695__DS1_IMG_002696,DS1_IMG_002695,DS1_IMG_002696,IMG_2241_3b280df7,IMG_2241_3b280df7,2,2,Necklace,Necklace,train,1,positive,
DS1_IMG_002695__DS1_IMG_002697,DS1_IMG_002695,DS1_IMG_002697,IMG_2241_3b280df7,IMG_2241_3b280df7,2,2,Necklace,Necklace,train,1,positive,
DS1_IMG_002696__DS1_IMG_002697,DS1_IMG_002696,DS1_IMG_002697,IMG_2241_3b280df7,IMG_2241_3b280df7,2,2,Necklace,Necklace,train,1,positive,
DS1_IMG_002696__DS1_IMG_003963,DS1_IMG_002696,DS1_IMG_003963,IMG_2241_3b280df7,necklace_20241125_122545_01000080,2,3,Necklace,Pendant,train,0,negative,cross_category
DS1_IMG_002696__DS1_IMG_004108,DS1_IMG_002696,DS1_IMG_004108,IMG_2241_3b280df7,ring_069,2,4,Necklace,Ring,train,0,negative,cross_category
DS1_IMG_002698__DS1_IMG_002699,DS1_IMG_002698,DS1_IMG_002699,IMG_2242_414e6a4f,IMG_2242_414e6a4f,2,2,Necklace,Necklace,train,1,positive,
DS1_IMG_002698__DS1_IMG_002700,DS1_IMG_002698,DS1_IMG_002700,IMG_2242_414e6a4f,IMG_2242_414e6a4f,2,2,Necklace,Necklace,train,1,positive,
DS1_IMG_002699__DS1_IMG_002700,DS1_IMG_002699,DS1_IMG_002700,IMG_2242_414e6a4f,IMG_2242_414e6a4f,2,2,Necklace,Necklace,train,1,positive,
DS1_IMG_002701__DS1_IMG_002702,DS1_IMG_002701,DS1_IMG_002702,IMG_2244_14406e61,IMG_2244_14406e61,2,2,Necklace,Necklace,train,1,positive,
DS1_IMG_002701__DS1_IMG_002703,DS1_IMG_002701,DS1_IMG_002703,IMG_2244_14406e61,IMG_2244_14406e61,2,2,Necklace,Necklace,train,1,positive,
DS1_IMG_002702__DS1_IMG_002703,DS1_IMG_002702,DS1_IMG_002703,IMG_2244_14406e61,IMG_2244_14406e61,2,2,Necklace,Necklace,train,1,positive,
DS1_IMG_002704__DS1_IMG_002705,DS1_IMG_002704,DS1_IMG_002705,IMG_2245_a2950813,IMG_2245_a2950813,2,2,Necklace,Necklace,train,1,positive,
DS1_IMG_002704__DS1_IMG_002706,DS1_IMG_002704,DS1_IMG_002706,IMG_2245_a2950813,IMG_2245_a2950813,2,2,Necklace,Necklace,train,1,positive,
DS1_IMG_002705__DS1_IMG_002706,DS1_IMG_002705,DS1_IMG_002706,IMG_2245_a2950813,IMG_2245_a2950813,2,2,Necklace,Necklace,train,1,positive,
DS1_IMG_002705__DS1_IMG_004311,DS1_IMG_002705,DS1_IMG_004311,IMG_2245_a2950813,ring_185,2,4,Necklace,Ring,train,0,negative,cross_category
DS1_IMG_002710__DS1_IMG_002711,DS1_IMG_002710,DS1_IMG_002711,IMG_2247_954d9365,IMG_2247_954d9365,2,2,Necklace,Necklace,train,1,positive,
DS1_IMG_002711__DS1_IMG_004178,DS1_IMG_002711,DS1_IMG_004178,IMG_2247_954d9365,ring_104,2,4,Necklace,Ring,train,0,negative,cross_category
DS1_IMG_002712__DS1_IMG_002713,DS1_IMG_002712,DS1_IMG_002713,IMG_2248_7b9276ab,IMG_2248_7b9276ab,2,2,Necklace,Necklace,train,1,positive,
DS1_IMG_002712__DS1_IMG_002714,DS1_IMG_002712,DS1_IMG_002714,IMG_2248_7b9276ab,IMG_2248_7b9276ab,2,2,Necklace,Necklace,train,1,positive,
DS1_IMG_002713__DS1_IMG_002714,DS1_IMG_002713,DS1_IMG_002714,IMG_2248_7b9276ab,IMG_2248_7b9276ab,2,2,Necklace,Necklace,train,1,positive,
DS1_IMG_002714__DS1_IMG_003706,DS1_IMG_002714,DS1_IMG_003706,IMG_2248_7b9276ab,IMG_0702_fc96bc4c,2,3,Necklace,Pendant,train,0,negative,cross_category
DS1_IMG_002715__DS1_IMG_002716,DS1_IMG_002715,DS1_IMG_002716,IMG_2249_15d2732b,IMG_2249_15d2732b,2,2,Necklace,Necklace,train,1,positive,
DS1_IMG_002715__DS1_IMG_002717,DS1_IMG_002715,DS1_IMG_002717,IMG_2249_15d2732b,IMG_2249_15d2732b,2,2,Necklace,Necklace,train,1,positive,
DS1_IMG_002715__DS1_IMG_004217,DS1_IMG_002715,DS1_IMG_004217,IMG_2249_15d2732b,ring_128,2,4,Necklace,Ring,train,0,negative,cross_category
DS1_IMG_002716__DS1_IMG_002717,DS1_IMG_002716,DS1_IMG_002717,IMG_2249_15d2732b,IMG_2249_15d2732b,2,2,Necklace,Necklace,train,1,positive,
DS1_IMG_002716__DS1_IMG_004317,DS1_IMG_002716,DS1_IMG_004317,IMG_2249_15d2732b,ring_188,2,4,Necklace,Ring,train,0,negative,cross_category
DS1_IMG_002718__DS1_IMG_002719,DS1_IMG_002718,DS1_IMG_002719,IMG_2251_153f9562,IMG_2251_153f9562,2,2,Necklace,Necklace,train,1,positive,
DS1_IMG_002718__DS1_IMG_002720,DS1_IMG_002718,DS1_IMG_002720,IMG_2251_153f9562,IMG_2251_153f9562,2,2,Necklace,Necklace,train,1,positive,
DS1_IMG_002719__DS1_IMG_002720,DS1_IMG_002719,DS1_IMG_002720,IMG_2251_153f9562,IMG_2251_153f9562,2,2,Necklace,Necklace,train,1,positive,
DS1_IMG_002719__DS1_IMG_003791,DS1_IMG_002719,DS1_IMG_003791,IMG_2251_153f9562,IMG_2275_5f527887,2,3,Necklace,Pendant,train,0,negative,cross_category
DS1_IMG_002720__DS1_IMG_003719,DS1_IMG_002720,DS1_IMG_003719,IMG_2251_153f9562,IMG_0811_ccf24bcc,2,3,Necklace,Pendant,train,0,negative,cross_category
DS1_IMG_002721__DS1_IMG_002722,DS1_IMG_002721,DS1_IMG_002722,IMG_2259_a230788f,IMG_2259_a230788f,2,2,Necklace,Necklace,train,1,positive,
DS1_IMG_002721__DS1_IMG_002723,DS1_IMG_002721,DS1_IMG_002723,IMG_2259_a230788f,IMG_2259_a230788f,2,2,Necklace,Necklace,train,1,positive,
DS1_IMG_002722__DS1_IMG_002723,DS1_IMG_002722,DS1_IMG_002723,IMG_2259_a230788f,IMG_2259_a230788f,2,2,Necklace,Necklace,train,1,positive,
DS1_IMG_002724__DS1_IMG_002725,DS1_IMG_002724,DS1_IMG_002725,IMG_2263_9d418fb5,IMG_2263_9d418fb5,2,2,Necklace,Necklace,train,1,positive,
DS1_IMG_002724__DS1_IMG_002726,DS1_IMG_002724,DS1_IMG_002726,IMG_2263_9d418fb5,IMG_2263_9d418fb5,2,2,Necklace,Necklace,train,1,positive,
DS1_IMG_002725__DS1_IMG_002726,DS1_IMG_002725,DS1_IMG_002726,IMG_2263_9d418fb5,IMG_2263_9d418fb5,2,2,Necklace,Necklace,train,1,positive,
DS1_IMG_002725__DS1_IMG_004243,DS1_IMG_002725,DS1_IMG_004243,IMG_2263_9d418fb5,ring_147,2,4,Necklace,Ring,train,0,negative,cross_category
DS1_IMG_002727__DS1_IMG_002728,DS1_IMG_002727,DS1_IMG_002728,IMG_2264_c3316e4b,IMG_2264_c3316e4b,2,2,Necklace,Necklace,train,1,positive,
DS1_IMG_002727__DS1_IMG_002729,DS1_IMG_002727,DS1_IMG_002729,IMG_2264_c3316e4b,IMG_2264_c3316e4b,2,2,Necklace,Necklace,train,1,positive,
DS1_IMG_002727__DS1_IMG_004052,DS1_IMG_002727,DS1_IMG_004052,IMG_2264_c3316e4b,Screenshot_20181116-204341_1542449441847,2,4,Necklace,Ring,train,0,negative,cross_category
DS1_IMG_002728__DS1_IMG_002729,DS1_IMG_002728,DS1_IMG_002729,IMG_2264_c3316e4b,IMG_2264_c3316e4b,2,2,Necklace,Necklace,train,1,positive,
DS1_IMG_002730__DS1_IMG_002731,DS1_IMG_002730,DS1_IMG_002731,IMG_2266_da4b82ff,IMG_2266_da4b82ff,2,2,Necklace,Necklace,train,1,positive,
DS1_IMG_002730__DS1_IMG_002732,DS1_IMG_002730,DS1_IMG_002732,IMG_2266_da4b82ff,IMG_2266_da4b82ff,2,2,Necklace,Necklace,train,1,positive,
DS1_IMG_002730__DS1_IMG_003693,DS1_IMG_002730,DS1_IMG_003693,IMG_2266_da4b82ff,IMG_0479_27be300a,2,3,Necklace,Pendant,train,0,negative,cross_category
DS1_IMG_002730__DS1_IMG_003884,DS1_IMG_002730,DS1_IMG_003884,IMG_2266_da4b82ff,IMG_2871_08b05150,2,3,Necklace,Pendant,train,0,negative,cross_category
DS1_IMG_002731__DS1_IMG_002732,DS1_IMG_002731,DS1_IMG_002732,IMG_2266_da4b82ff,IMG_2266_da4b82ff,2,2,Necklace,Necklace,train,1,positive,
DS1_IMG_002733__DS1_IMG_002734,DS1_IMG_002733,DS1_IMG_002734,IMG_2267_abb061e6,IMG_2267_abb061e6,2,2,Necklace,Necklace,train,1,positive,
DS1_IMG_002733__DS1_IMG_002735,DS1_IMG_002733,DS1_IMG_002735,IMG_2267_abb061e6,IMG_2267_abb061e6,2,2,Necklace,Necklace,train,1,positive,
DS1_IMG_002733__DS1_IMG_003720,DS1_IMG_002733,DS1_IMG_003720,IMG_2267_abb061e6,IMG_0811_ccf24bcc,2,3,Necklace,Pendant,train,0,negative,cross_category
DS1_IMG_002733__DS1_IMG_004257,DS1_IMG_002733,DS1_IMG_004257,IMG_2267_abb061e6,ring_155,2,4,Necklace,Ring,train,0,negative,cross_category
DS1_IMG_002734__DS1_IMG_002735,DS1_IMG_002734,DS1_IMG_002735,IMG_2267_abb061e6,IMG_2267_abb061e6,2,2,Necklace,Necklace,train,1,positive,
DS1_IMG_002739__DS1_IMG_002740,DS1_IMG_002739,DS1_IMG_002740,IMG_2274_6842d480,IMG_2274_6842d480,2,2,Necklace,Necklace,train,1,positive,
DS1_IMG_002739__DS1_IMG_002741,DS1_IMG_002739,DS1_IMG_002741,IMG_2274_6842d480,IMG_2274_6842d480,2,2,Necklace,Necklace,train,1,positive,
DS1_IMG_002740__DS1_IMG_002741,DS1_IMG_002740,DS1_IMG_002741,IMG_2274_6842d480,IMG_2274_6842d480,2,2,Necklace,Necklace,train,1,positive,
DS1_IMG_002740__DS1_IMG_003825,DS1_IMG_002740,DS1_IMG_003825,IMG_2274_6842d480,IMG_2512_be8d407f,2,3,Necklace,Pendant,train,0,negative,cross_category
DS1_IMG_002740__DS1_IMG_004080,DS1_IMG_002740,DS1_IMG_004080,IMG_2274_6842d480,ring_050,2,4,Necklace,Ring,train,0,negative,cross_category
DS1_IMG_002742__DS1_IMG_002743,DS1_IMG_002742,DS1_IMG_002743,IMG_2279_7458756b,IMG_2279_7458756b,2,2,Necklace,Necklace,train,1,positive,
DS1_IMG_002742__DS1_IMG_002744,DS1_IMG_002742,DS1_IMG_002744,IMG_2279_7458756b,IMG_2279_7458756b,2,2,Necklace,Necklace,train,1,positive,
DS1_IMG_002743__DS1_IMG_002744,DS1_IMG_002743,DS1_IMG_002744,IMG_2279_7458756b,IMG_2279_7458756b,2,2,Necklace,Necklace,train,1,positive,
DS1_IMG_002745__DS1_IMG_002746,DS1_IMG_002745,DS1_IMG_002746,IMG_2281_bdfa2c15,IMG_2281_bdfa2c15,2,2,Necklace,Necklace,train,1,positive,
DS1_IMG_002745__DS1_IMG_002747,DS1_IMG_002745,DS1_IMG_002747,IMG_2281_bdfa2c15,IMG_2281_bdfa2c15,2,2,Necklace,Necklace,train,1,positive,
DS1_IMG_002746__DS1_IMG_002747,DS1_IMG_002746,DS1_IMG_002747,IMG_2281_bdfa2c15,IMG_2281_bdfa2c15,2,2,Necklace,Necklace,train,1,positive,
DS1_IMG_002748__DS1_IMG_002749,DS1_IMG_002748,DS1_IMG_002749,IMG_2285_ea188d39,IMG_2285_ea188d39,2,2,Necklace,Necklace,train,1,positive,
DS1_IMG_002748__DS1_IMG_002750,DS1_IMG_002748,DS1_IMG_002750,IMG_2285_ea188d39,IMG_2285_ea188d39,2,2,Necklace,Necklace,train,1,positive,
DS1_IMG_002748__DS1_IMG_003870,DS1_IMG_002748,DS1_IMG_003870,IMG_2285_ea188d39,IMG_2850_604c1d7b,2,3,Necklace,Pendant,train,0,negative,cross_category
DS1_IMG_002748__DS1_IMG_004174,DS1_IMG_002748,DS1_IMG_004174,IMG_2285_ea188d39,ring_099,2,4,Necklace,Ring,train,0,negative,cross_category
DS1_IMG_002749__DS1_IMG_002750,DS1_IMG_002749,DS1_IMG_002750,IMG_2285_ea188d39,IMG_2285_ea188d39,2,2,Necklace,Necklace,train,1,positive,
DS1_IMG_002751__DS1_IMG_002752,DS1_IMG_002751,DS1_IMG_002752,IMG_2287_17a19ef3,IMG_2287_17a19ef3,2,2,Necklace,Necklace,train,1,positive,
DS1_IMG_002751__DS1_IMG_002753,DS1_IMG_002751,DS1_IMG_002753,IMG_2287_17a19ef3,IMG_2287_17a19ef3,2,2,Necklace,Necklace,train,1,positive,
DS1_IMG_002752__DS1_IMG_002753,DS1_IMG_002752,DS1_IMG_002753,IMG_2287_17a19ef3,IMG_2287_17a19ef3,2,2,Necklace,Necklace,train,1,positive,
DS1_IMG_002754__DS1_IMG_002755,DS1_IMG_002754,DS1_IMG_002755,IMG_2295_29a9f18d,IMG_2295_29a9f18d,2,2,Necklace,Necklace,train,1,positive,
DS1_IMG_002754__DS1_IMG_002756,DS1_IMG_002754,DS1_IMG_002756,IMG_2295_29a9f18d,IMG_2295_29a9f18d,2,2,Necklace,Necklace,train,1,positive,
DS1_IMG_002755__DS1_IMG_002756,DS1_IMG_002755,DS1_IMG_002756,IMG_2295_29a9f18d,IMG_2295_29a9f18d,2,2,Necklace,Necklace,train,1,positive,
DS1_IMG_002756__DS1_IMG_003732,DS1_IMG_002756,DS1_IMG_003732,IMG_2295_29a9f18d,IMG_0858_52572277,2,3,Necklace,Pendant,train,0,negative,cross_category
DS1_IMG_002760__DS1_IMG_002761,DS1_IMG_002760,DS1_IMG_002761,IMG_2299_222741ad,IMG_2299_222741ad,2,2,Necklace,Necklace,train,1,positive,
DS1_IMG_002760__DS1_IMG_002762,DS1_IMG_002760,DS1_IMG_002762,IMG_2299_222741ad,IMG_2299_222741ad,2,2,Necklace,Necklace,train,1,positive,
DS1_IMG_002761__DS1_IMG_002762,DS1_IMG_002761,DS1_IMG_002762,IMG_2299_222741ad,IMG_2299_222741ad,2,2,Necklace,Necklace,train,1,positive,
DS1_IMG_002763__DS1_IMG_002764,DS1_IMG_002763,DS1_IMG_002764,IMG_2300_5d6c66bc,IMG_2300_5d6c66bc,2,2,Necklace,Necklace,train,1,positive,
DS1_IMG_002763__DS1_IMG_002765,DS1_IMG_002763,DS1_IMG_002765,IMG_2300_5d6c66bc,IMG_2300_5d6c66bc,2,2,Necklace,Necklace,train,1,positive,
DS1_IMG_002763__DS1_IMG_004220,DS1_IMG_002763,DS1_IMG_004220,IMG_2300_5d6c66bc,ring_130,2,4,Necklace,Ring,train,0,negative,cross_category
DS1_IMG_002764__DS1_IMG_002765,DS1_IMG_002764,DS1_IMG_002765,IMG_2300_5d6c66bc,IMG_2300_5d6c66bc,2,2,Necklace,Necklace,train,1,positive,
DS1_IMG_002765__DS1_IMG_003902,DS1_IMG_002765,DS1_IMG_003902,IMG_2300_5d6c66bc,IMG_2901_79d86e58,2,3,Necklace,Pendant,train,0,negative,cross_category
DS1_IMG_002766__DS1_IMG_002767,DS1_IMG_002766,DS1_IMG_002767,IMG_2305_f7da93de,IMG_2305_f7da93de,2,2,Necklace,Necklace,train,1,positive,
DS1_IMG_002766__DS1_IMG_002768,DS1_IMG_002766,DS1_IMG_002768,IMG_2305_f7da93de,IMG_2305_f7da93de,2,2,Necklace,Necklace,train,1,positive,
DS1_IMG_002767__DS1_IMG_002768,DS1_IMG_002767,DS1_IMG_002768,IMG_2305_f7da93de,IMG_2305_f7da93de,2,2,Necklace,Necklace,train,1,positive,
DS1_IMG_002768__DS1_IMG_004262,DS1_IMG_002768,DS1_IMG_004262,IMG_2305_f7da93de,ring_157,2,4,Necklace,Ring,train,0,negative,cross_category
DS1_IMG_002769__DS1_IMG_002770,DS1_IMG_002769,DS1_IMG_002770,IMG_2307_c1c3a154,IMG_2307_c1c3a154,2,2,Necklace,Necklace,train,1,positive,
DS1_IMG_002769__DS1_IMG_002771,DS1_IMG_002769,DS1_IMG_002771,IMG_2307_c1c3a154,IMG_2307_c1c3a154,2,2,Necklace,Necklace,train,1,positive,
DS1_IMG_002770__DS1_IMG_002771,DS1_IMG_002770,DS1_IMG_002771,IMG_2307_c1c3a154,IMG_2307_c1c3a154,2,2,Necklace,Necklace,train,1,positive,
DS1_IMG_002770__DS1_IMG_003909,DS1_IMG_002770,DS1_IMG_003909,IMG_2307_c1c3a154,IMG_2911_4bf24190,2,3,Necklace,Pendant,train,0,negative,cross_category
DS1_IMG_002771__DS1_IMG_003829,DS1_IMG_002771,DS1_IMG_003829,IMG_2307_c1c3a154,IMG_2513_2e38170a,2,3,Necklace,Pendant,train,0,negative,cross_category
DS1_IMG_002778__DS1_IMG_002779,DS1_IMG_002778,DS1_IMG_002779,IMG_2313_a8c8f877,IMG_2313_a8c8f877,2,2,Necklace,Necklace,train,1,positive,
DS1_IMG_002778__DS1_IMG_002780,DS1_IMG_002778,DS1_IMG_002780,IMG_2313_a8c8f877,IMG_2313_a8c8f877,2,2,Necklace,Necklace,train,1,positive,
DS1_IMG_002778__DS1_IMG_003721,DS1_IMG_002778,DS1_IMG_003721,IMG_2313_a8c8f877,IMG_0811_ccf24bcc,2,3,Necklace,Pendant,train,0,negative,cross_category
DS1_IMG_002778__DS1_IMG_003941,DS1_IMG_002778,DS1_IMG_003941,IMG_2313_a8c8f877,IMG_2943_c72380bb,2,3,Necklace,Pendant,train,0,negative,cross_category
DS1_IMG_002779__DS1_IMG_002780,DS1_IMG_002779,DS1_IMG_002780,IMG_2313_a8c8f877,IMG_2313_a8c8f877,2,2,Necklace,Necklace,train,1,positive,
DS1_IMG_002779__DS1_IMG_003706,DS1_IMG_002779,DS1_IMG_003706,IMG_2313_a8c8f877,IMG_0702_fc96bc4c,2,3,Necklace,Pendant,train,0,negative,cross_category
DS1_IMG_002780__DS1_IMG_004138,DS1_IMG_002780,DS1_IMG_004138,IMG_2313_a8c8f877,ring_084,2,4,Necklace,Ring,train,0,negative,cross_category
DS1_IMG_002784__DS1_IMG_002785,DS1_IMG_002784,DS1_IMG_002785,IMG_2322_5620dcdb,IMG_2322_5620dcdb,2,2,Necklace,Necklace,train,1,positive,
DS1_IMG_002784__DS1_IMG_004232,DS1_IMG_002784,DS1_IMG_004232,IMG_2322_5620dcdb,ring_138,2,4,Necklace,Ring,train,0,negative,cross_category
DS1_IMG_002786__DS1_IMG_002787,DS1_IMG_002786,DS1_IMG_002787,IMG_2325_f04d406a,IMG_2325_f04d406a,2,2,Necklace,Necklace,train,1,positive,
DS1_IMG_002786__DS1_IMG_002788,DS1_IMG_002786,DS1_IMG_002788,IMG_2325_f04d406a,IMG_2325_f04d406a,2,2,Necklace,Necklace,train,1,positive,
DS1_IMG_002787__DS1_IMG_002788,DS1_IMG_002787,DS1_IMG_002788,IMG_2325_f04d406a,IMG_2325_f04d406a,2,2,Necklace,Necklace,train,1,positive,
DS1_IMG_002792__DS1_IMG_002793,DS1_IMG_002792,DS1_IMG_002793,IMG_2328_42b94676,IMG_2328_42b94676,2,2,Necklace,Necklace,train,1,positive,
DS1_IMG_002792__DS1_IMG_002794,DS1_IMG_002792,DS1_IMG_002794,IMG_2328_42b94676,IMG_2328_42b94676,2,2,Necklace,Necklace,train,1,positive,
DS1_IMG_002793__DS1_IMG_002794,DS1_IMG_002793,DS1_IMG_002794,IMG_2328_42b94676,IMG_2328_42b94676,2,2,Necklace,Necklace,train,1,positive,
DS1_IMG_002794__DS1_IMG_004154,DS1_IMG_002794,DS1_IMG_004154,IMG_2328_42b94676,ring_091,2,4,Necklace,Ring,train,0,negative,cross_category
DS1_IMG_002795__DS1_IMG_002796,DS1_IMG_002795,DS1_IMG_002796,IMG_2329_f394be88,IMG_2329_f394be88,2,2,Necklace,Necklace,train,1,positive,
DS1_IMG_002795__DS1_IMG_002797,DS1_IMG_002795,DS1_IMG_002797,IMG_2329_f394be88,IMG_2329_f394be88,2,2,Necklace,Necklace,train,1,positive,
DS1_IMG_002796__DS1_IMG_002797,DS1_IMG_002796,DS1_IMG_002797,IMG_2329_f394be88,IMG_2329_f394be88,2,2,Necklace,Necklace,train,1,positive,
DS1_IMG_002801__DS1_IMG_002802,DS1_IMG_002801,DS1_IMG_002802,IMG_2335_4c90a754,IMG_2335_4c90a754,2,2,Necklace,Necklace,train,1,positive,
DS1_IMG_002801__DS1_IMG_002803,DS1_IMG_002801,DS1_IMG_002803,IMG_2335_4c90a754,IMG_2335_4c90a754,2,2,Necklace,Necklace,train,1,positive,
DS1_IMG_002802__DS1_IMG_002803,DS1_IMG_002802,DS1_IMG_002803,IMG_2335_4c90a754,IMG_2335_4c90a754,2,2,Necklace,Necklace,train,1,positive,
DS1_IMG_002804__DS1_IMG_002805,DS1_IMG_002804,DS1_IMG_002805,IMG_2372_2c99b554,IMG_2372_2c99b554,2,2,Necklace,Necklace,train,1,positive,
DS1_IMG_002804__DS1_IMG_002806,DS1_IMG_002804,DS1_IMG_002806,IMG_2372_2c99b554,IMG_2372_2c99b554,2,2,Necklace,Necklace,train,1,positive,
DS1_IMG_002805__DS1_IMG_002806,DS1_IMG_002805,DS1_IMG_002806,IMG_2372_2c99b554,IMG_2372_2c99b554,2,2,Necklace,Necklace,train,1,positive,
DS1_IMG_002807__DS1_IMG_002808,DS1_IMG_002807,DS1_IMG_002808,IMG_2373_6a9e4d53,IMG_2373_6a9e4d53,2,2,Necklace,Necklace,train,1,positive,
DS1_IMG_002807__DS1_IMG_002809,DS1_IMG_002807,DS1_IMG_002809,IMG_2373_6a9e4d53,IMG_2373_6a9e4d53,2,2,Necklace,Necklace,train,1,positive,
DS1_IMG_002808__DS1_IMG_002809,DS1_IMG_002808,DS1_IMG_002809,IMG_2373_6a9e4d53,IMG_2373_6a9e4d53,2,2,Necklace,Necklace,train,1,positive,
DS1_IMG_002816__DS1_IMG_002817,DS1_IMG_002816,DS1_IMG_002817,IMG_2376_0441f512,IMG_2376_0441f512,2,2,Necklace,Necklace,train,1,positive,
DS1_IMG_002816__DS1_IMG_002818,DS1_IMG_002816,DS1_IMG_002818,IMG_2376_0441f512,IMG_2376_0441f512,2,2,Necklace,Necklace,train,1,positive,
DS1_IMG_002816__DS1_IMG_003928,DS1_IMG_002816,DS1_IMG_003928,IMG_2376_0441f512,IMG_2926_bb65e3e0,2,3,Necklace,Pendant,train,0,negative,cross_category
DS1_IMG_002817__DS1_IMG_002818,DS1_IMG_002817,DS1_IMG_002818,IMG_2376_0441f512,IMG_2376_0441f512,2,2,Necklace,Necklace,train,1,positive,
DS1_IMG_002819__DS1_IMG_002820,DS1_IMG_002819,DS1_IMG_002820,IMG_2378_41e1c740,IMG_2378_41e1c740,2,2,Necklace,Necklace,train,1,positive,
DS1_IMG_002819__DS1_IMG_002821,DS1_IMG_002819,DS1_IMG_002821,IMG_2378_41e1c740,IMG_2378_41e1c740,2,2,Necklace,Necklace,train,1,positive,
DS1_IMG_002819__DS1_IMG_003917,DS1_IMG_002819,DS1_IMG_003917,IMG_2378_41e1c740,IMG_2918_dbac9ef3,2,3,Necklace,Pendant,train,0,negative,cross_category
DS1_IMG_002820__DS1_IMG_002821,DS1_IMG_002820,DS1_IMG_002821,IMG_2378_41e1c740,IMG_2378_41e1c740,2,2,Necklace,Necklace,train,1,positive,
DS1_IMG_002822__DS1_IMG_002823,DS1_IMG_002822,DS1_IMG_002823,IMG_2380_34440aaf,IMG_2380_34440aaf,2,2,Necklace,Necklace,train,1,positive,
DS1_IMG_002822__DS1_IMG_002824,DS1_IMG_002822,DS1_IMG_002824,IMG_2380_34440aaf,IMG_2380_34440aaf,2,2,Necklace,Necklace,train,1,positive,
DS1_IMG_002823__DS1_IMG_002824,DS1_IMG_002823,DS1_IMG_002824,IMG_2380_34440aaf,IMG_2380_34440aaf,2,2,Necklace,Necklace,train,1,positive,
DS1_IMG_002825__DS1_IMG_002826,DS1_IMG_002825,DS1_IMG_002826,IMG_2390_c2daa331,IMG_2390_c2daa331,2,2,Necklace,Necklace,train,1,positive,
DS1_IMG_002825__DS1_IMG_002827,DS1_IMG_002825,DS1_IMG_002827,IMG_2390_c2daa331,IMG_2390_c2daa331,2,2,Necklace,Necklace,train,1,positive,
DS1_IMG_002826__DS1_IMG_002827,DS1_IMG_002826,DS1_IMG_002827,IMG_2390_c2daa331,IMG_2390_c2daa331,2,2,Necklace,Necklace,train,1,positive,
DS1_IMG_002826__DS1_IMG_004232,DS1_IMG_002826,DS1_IMG_004232,IMG_2390_c2daa331,ring_138,2,4,Necklace,Ring,train,0,negative,cross_category
DS1_IMG_002828__DS1_IMG_002829,DS1_IMG_002828,DS1_IMG_002829,IMG_2393_8ec8fcc5,IMG_2393_8ec8fcc5,2,2,Necklace,Necklace,train,1,positive,
DS1_IMG_002828__DS1_IMG_002830,DS1_IMG_002828,DS1_IMG_002830,IMG_2393_8ec8fcc5,IMG_2393_8ec8fcc5,2,2,Necklace,Necklace,train,1,positive,
DS1_IMG_002828__DS1_IMG_003780,DS1_IMG_002828,DS1_IMG_003780,IMG_2393_8ec8fcc5,IMG_1568_07ccbeb1,2,3,Necklace,Pendant,train,0,negative,cross_category
DS1_IMG_002829__DS1_IMG_002830,DS1_IMG_002829,DS1_IMG_002830,IMG_2393_8ec8fcc5,IMG_2393_8ec8fcc5,2,2,Necklace,Necklace,train,1,positive,
DS1_IMG_002831__DS1_IMG_002832,DS1_IMG_002831,DS1_IMG_002832,IMG_2394_46b5edad,IMG_2394_46b5edad,2,2,Necklace,Necklace,train,1,positive,
DS1_IMG_002831__DS1_IMG_002833,DS1_IMG_002831,DS1_IMG_002833,IMG_2394_46b5edad,IMG_2394_46b5edad,2,2,Necklace,Necklace,train,1,positive,
DS1_IMG_002831__DS1_IMG_003966,DS1_IMG_002831,DS1_IMG_003966,IMG_2394_46b5edad,necklace_20241125_122545_02020381,2,3,Necklace,Pendant,train,0,negative,cross_category
DS1_IMG_002832__DS1_IMG_002833,DS1_IMG_002832,DS1_IMG_002833,IMG_2394_46b5edad,IMG_2394_46b5edad,2,2,Necklace,Necklace,train,1,positive,
DS1_IMG_002834__DS1_IMG_002835,DS1_IMG_002834,DS1_IMG_002835,IMG_2397_e1c5d6c6,IMG_2397_e1c5d6c6,2,2,Necklace,Necklace,train,1,positive,
DS1_IMG_002834__DS1_IMG_002836,DS1_IMG_002834,DS1_IMG_002836,IMG_2397_e1c5d6c6,IMG_2397_e1c5d6c6,2,2,Necklace,Necklace,train,1,positive,
DS1_IMG_002835__DS1_IMG_002836,DS1_IMG_002835,DS1_IMG_002836,IMG_2397_e1c5d6c6,IMG_2397_e1c5d6c6,2,2,Necklace,Necklace,train,1,positive,
DS1_IMG_002837__DS1_IMG_002838,DS1_IMG_002837,DS1_IMG_002838,IMG_2399_9425c3bd,IMG_2399_9425c3bd,2,2,Necklace,Necklace,train,1,positive,
DS1_IMG_002837__DS1_IMG_002839,DS1_IMG_002837,DS1_IMG_002839,IMG_2399_9425c3bd,IMG_2399_9425c3bd,2,2,Necklace,Necklace,train,1,positive,
DS1_IMG_002837__DS1_IMG_003941,DS1_IMG_002837,DS1_IMG_003941,IMG_2399_9425c3bd,IMG_2943_c72380bb,2,3,Necklace,Pendant,train,0,negative,cross_category
DS1_IMG_002838__DS1_IMG_002839,DS1_IMG_002838,DS1_IMG_002839,IMG_2399_9425c3bd,IMG_2399_9425c3bd,2,2,Necklace,Necklace,train,1,positive,
DS1_IMG_002839__DS1_IMG_004281,DS1_IMG_002839,DS1_IMG_004281,IMG_2399_9425c3bd,ring_166,2,4,Necklace,Ring,train,0,negative,cross_category
DS1_IMG_002840__DS1_IMG_002841,DS1_IMG_002840,DS1_IMG_002841,IMG_2400_9562099c,IMG_2400_9562099c,2,2,Necklace,Necklace,train,1,positive,
DS1_IMG_002840__DS1_IMG_002842,DS1_IMG_002840,DS1_IMG_002842,IMG_2400_9562099c,IMG_2400_9562099c,2,2,Necklace,Necklace,train,1,positive,
DS1_IMG_002841__DS1_IMG_002842,DS1_IMG_002841,DS1_IMG_002842,IMG_2400_9562099c,IMG_2400_9562099c,2,2,Necklace,Necklace,train,1,positive,
DS1_IMG_002842__DS1_IMG_004001,DS1_IMG_002842,DS1_IMG_004001,IMG_2400_9562099c,necklace_79,2,3,Necklace,Pendant,train,0,negative,cross_category
DS1_IMG_002843__DS1_IMG_002844,DS1_IMG_002843,DS1_IMG_002844,IMG_2403_3593dfcf,IMG_2403_3593dfcf,2,2,Necklace,Necklace,train,1,positive,
DS1_IMG_002843__DS1_IMG_002845,DS1_IMG_002843,DS1_IMG_002845,IMG_2403_3593dfcf,IMG_2403_3593dfcf,2,2,Necklace,Necklace,train,1,positive,
DS1_IMG_002843__DS1_IMG_003766,DS1_IMG_002843,DS1_IMG_003766,IMG_2403_3593dfcf,IMG_1372_c936a18b,2,3,Necklace,Pendant,train,0,negative,cross_category
DS1_IMG_002844__DS1_IMG_002845,DS1_IMG_002844,DS1_IMG_002845,IMG_2403_3593dfcf,IMG_2403_3593dfcf,2,2,Necklace,Necklace,train,1,positive,
DS1_IMG_002846__DS1_IMG_002847,DS1_IMG_002846,DS1_IMG_002847,IMG_2404_c1295b69,IMG_2404_c1295b69,2,2,Necklace,Necklace,train,1,positive,
DS1_IMG_002846__DS1_IMG_002848,DS1_IMG_002846,DS1_IMG_002848,IMG_2404_c1295b69,IMG_2404_c1295b69,2,2,Necklace,Necklace,train,1,positive,
DS1_IMG_002847__DS1_IMG_002848,DS1_IMG_002847,DS1_IMG_002848,IMG_2404_c1295b69,IMG_2404_c1295b69,2,2,Necklace,Necklace,train,1,positive,
DS1_IMG_002847__DS1_IMG_003810,DS1_IMG_002847,DS1_IMG_003810,IMG_2404_c1295b69,IMG_2456_13fd8ff6,2,3,Necklace,Pendant,train,0,negative,cross_category
DS1_IMG_002847__DS1_IMG_003914,DS1_IMG_002847,DS1_IMG_003914,IMG_2404_c1295b69,IMG_2913_9f1d6820,2,3,Necklace,Pendant,train,0,negative,cross_category
DS1_IMG_002849__DS1_IMG_002850,DS1_IMG_002849,DS1_IMG_002850,IMG_2412_fedd625c,IMG_2412_fedd625c,2,2,Necklace,Necklace,train,1,positive,
DS1_IMG_002849__DS1_IMG_002851,DS1_IMG_002849,DS1_IMG_002851,IMG_2412_fedd625c,IMG_2412_fedd625c,2,2,Necklace,Necklace,train,1,positive,
DS1_IMG_002850__DS1_IMG_002851,DS1_IMG_002850,DS1_IMG_002851,IMG_2412_fedd625c,IMG_2412_fedd625c,2,2,Necklace,Necklace,train,1,positive,
DS1_IMG_002850__DS1_IMG_003847,DS1_IMG_002850,DS1_IMG_003847,IMG_2412_fedd625c,IMG_2822_df249f8d,2,3,Necklace,Pendant,train,0,negative,cross_category
DS1_IMG_002850__DS1_IMG_003854,DS1_IMG_002850,DS1_IMG_003854,IMG_2412_fedd625c,IMG_2836_db94d1e7,2,3,Necklace,Pendant,train,0,negative,cross_category
DS1_IMG_002852__DS1_IMG_002853,DS1_IMG_002852,DS1_IMG_002853,IMG_2414_92148f1f,IMG_2414_92148f1f,2,2,Necklace,Necklace,train,1,positive,
DS1_IMG_002852__DS1_IMG_002854,DS1_IMG_002852,DS1_IMG_002854,IMG_2414_92148f1f,IMG_2414_92148f1f,2,2,Necklace,Necklace,train,1,positive,
DS1_IMG_002853__DS1_IMG_002854,DS1_IMG_002853,DS1_IMG_002854,IMG_2414_92148f1f,IMG_2414_92148f1f,2,2,Necklace,Necklace,train,1,positive,
DS1_IMG_002854__DS1_IMG_004171,DS1_IMG_002854,DS1_IMG_004171,IMG_2414_92148f1f,ring_097,2,4,Necklace,Ring,train,0,negative,cross_category
DS1_IMG_002855__DS1_IMG_002856,DS1_IMG_002855,DS1_IMG_002856,IMG_2415_8afbbec4,IMG_2415_8afbbec4,2,2,Necklace,Necklace,train,1,positive,
DS1_IMG_002855__DS1_IMG_002857,DS1_IMG_002855,DS1_IMG_002857,IMG_2415_8afbbec4,IMG_2415_8afbbec4,2,2,Necklace,Necklace,train,1,positive,
DS1_IMG_002856__DS1_IMG_002857,DS1_IMG_002856,DS1_IMG_002857,IMG_2415_8afbbec4,IMG_2415_8afbbec4,2,2,Necklace,Necklace,train,1,positive,
DS1_IMG_002860__DS1_IMG_002861,DS1_IMG_002860,DS1_IMG_002861,IMG_2418_d550a604,IMG_2418_d550a604,2,2,Necklace,Necklace,train,1,positive,
DS1_IMG_002861__DS1_IMG_004194,DS1_IMG_002861,DS1_IMG_004194,IMG_2418_d550a604,ring_113,2,4,Necklace,Ring,train,0,negative,cross_category
DS1_IMG_002865__DS1_IMG_002866,DS1_IMG_002865,DS1_IMG_002866,IMG_2422_c277bf70,IMG_2422_c277bf70,2,2,Necklace,Necklace,train,1,positive,
DS1_IMG_002865__DS1_IMG_002867,DS1_IMG_002865,DS1_IMG_002867,IMG_2422_c277bf70,IMG_2422_c277bf70,2,2,Necklace,Necklace,train,1,positive,
DS1_IMG_002866__DS1_IMG_002867,DS1_IMG_002866,DS1_IMG_002867,IMG_2422_c277bf70,IMG_2422_c277bf70,2,2,Necklace,Necklace,train,1,positive,
DS1_IMG_002866__DS1_IMG_003740,DS1_IMG_002866,DS1_IMG_003740,IMG_2422_c277bf70,IMG_0862_36a7b364,2,3,Necklace,Pendant,train,0,negative,cross_category
DS1_IMG_002866__DS1_IMG_003791,DS1_IMG_002866,DS1_IMG_003791,IMG_2422_c277bf70,IMG_2275_5f527887,2,3,Necklace,Pendant,train,0,negative,cross_category
DS1_IMG_002866__DS1_IMG_003993,DS1_IMG_002866,DS1_IMG_003993,IMG_2422_c277bf70,necklace_20241125_122545_8181cfe3,2,3,Necklace,Pendant,train,0,negative,cross_category
DS1_IMG_002867__DS1_IMG_003943,DS1_IMG_002867,DS1_IMG_003943,IMG_2422_c277bf70,IMG_2943_c72380bb,2,3,Necklace,Pendant,train,0,negative,cross_category
DS1_IMG_002868__DS1_IMG_002869,DS1_IMG_002868,DS1_IMG_002869,IMG_2423_debfc027,IMG_2423_debfc027,2,2,Necklace,Necklace,train,1,positive,
DS1_IMG_002868__DS1_IMG_002870,DS1_IMG_002868,DS1_IMG_002870,IMG_2423_debfc027,IMG_2423_debfc027,2,2,Necklace,Necklace,train,1,positive,
DS1_IMG_002868__DS1_IMG_003968,DS1_IMG_002868,DS1_IMG_003968,IMG_2423_debfc027,necklace_20241125_122545_08081c1c,2,3,Necklace,Pendant,train,0,negative,cross_category
DS1_IMG_002869__DS1_IMG_002870,DS1_IMG_002869,DS1_IMG_002870,IMG_2423_debfc027,IMG_2423_debfc027,2,2,Necklace,Necklace,train,1,positive,
DS1_IMG_002871__DS1_IMG_002872,DS1_IMG_002871,DS1_IMG_002872,IMG_2424_e5c2c5cb,IMG_2424_e5c2c5cb,2,2,Necklace,Necklace,train,1,positive,
DS1_IMG_002871__DS1_IMG_002873,DS1_IMG_002871,DS1_IMG_002873,IMG_2424_e5c2c5cb,IMG_2424_e5c2c5cb,2,2,Necklace,Necklace,train,1,positive,
DS1_IMG_002872__DS1_IMG_002873,DS1_IMG_002872,DS1_IMG_002873,IMG_2424_e5c2c5cb,IMG_2424_e5c2c5cb,2,2,Necklace,Necklace,train,1,positive,
DS1_IMG_002873__DS1_IMG_003983,DS1_IMG_002873,DS1_IMG_003983,IMG_2424_e5c2c5cb,necklace_20241125_122545_3efef2e3,2,3,Necklace,Pendant,train,0,negative,cross_category
DS1_IMG_002874__DS1_IMG_002875,DS1_IMG_002874,DS1_IMG_002875,IMG_2425_bef80101,IMG_2425_bef80101,2,2,Necklace,Necklace,train,1,positive,
DS1_IMG_002874__DS1_IMG_002876,DS1_IMG_002874,DS1_IMG_002876,IMG_2425_bef80101,IMG_2425_bef80101,2,2,Necklace,Necklace,train,1,positive,
DS1_IMG_002874__DS1_IMG_004217,DS1_IMG_002874,DS1_IMG_004217,IMG_2425_bef80101,ring_128,2,4,Necklace,Ring,train,0,negative,cross_category
DS1_IMG_002875__DS1_IMG_002876,DS1_IMG_002875,DS1_IMG_002876,IMG_2425_bef80101,IMG_2425_bef80101,2,2,Necklace,Necklace,train,1,positive,
DS1_IMG_002875__DS1_IMG_003744,DS1_IMG_002875,DS1_IMG_003744,IMG_2425_bef80101,IMG_0863_4e8ef7be,2,3,Necklace,Pendant,train,0,negative,cross_category
DS1_IMG_002880__DS1_IMG_002881,DS1_IMG_002880,DS1_IMG_002881,IMG_2429_448e19a6,IMG_2429_448e19a6,2,2,Necklace,Necklace,train,1,positive,
DS1_IMG_002880__DS1_IMG_002882,DS1_IMG_002880,DS1_IMG_002882,IMG_2429_448e19a6,IMG_2429_448e19a6,2,2,Necklace,Necklace,train,1,positive,
DS1_IMG_002881__DS1_IMG_002882,DS1_IMG_002881,DS1_IMG_002882,IMG_2429_448e19a6,IMG_2429_448e19a6,2,2,Necklace,Necklace,train,1,positive,
DS1_IMG_002883__DS1_IMG_002884,DS1_IMG_002883,DS1_IMG_002884,IMG_2434_7db51c4d,IMG_2434_7db51c4d,2,2,Necklace,Necklace,train,1,positive,
DS1_IMG_002883__DS1_IMG_002885,DS1_IMG_002883,DS1_IMG_002885,IMG_2434_7db51c4d,IMG_2434_7db51c4d,2,2,Necklace,Necklace,train,1,positive,
DS1_IMG_002883__DS1_IMG_004153,DS1_IMG_002883,DS1_IMG_004153,IMG_2434_7db51c4d,ring_089,2,4,Necklace,Ring,train,0,negative,cross_category
DS1_IMG_002884__DS1_IMG_002885,DS1_IMG_002884,DS1_IMG_002885,IMG_2434_7db51c4d,IMG_2434_7db51c4d,2,2,Necklace,Necklace,train,1,positive,
DS1_IMG_002885__DS1_IMG_004162,DS1_IMG_002885,DS1_IMG_004162,IMG_2434_7db51c4d,ring_093,2,4,Necklace,Ring,train,0,negative,cross_category
DS1_IMG_002892__DS1_IMG_002893,DS1_IMG_002892,DS1_IMG_002893,IMG_2440_9bfdc0b2,IMG_2440_9bfdc0b2,2,2,Necklace,Necklace,train,1,positive,
DS1_IMG_002892__DS1_IMG_002894,DS1_IMG_002892,DS1_IMG_002894,IMG_2440_9bfdc0b2,IMG_2440_9bfdc0b2,2,2,Necklace,Necklace,train,1,positive,
DS1_IMG_002893__DS1_IMG_002894,DS1_IMG_002893,DS1_IMG_002894,IMG_2440_9bfdc0b2,IMG_2440_9bfdc0b2,2,2,Necklace,Necklace,train,1,positive,
DS1_IMG_002901__DS1_IMG_002902,DS1_IMG_002901,DS1_IMG_002902,IMG_2803_a701f531,IMG_2803_a701f531,2,2,Necklace,Necklace,train,1,positive,
DS1_IMG_002906__DS1_IMG_002907,DS1_IMG_002906,DS1_IMG_002907,IMG_2807_0d674a4e,IMG_2807_0d674a4e,2,2,Necklace,Necklace,train,1,positive,
DS1_IMG_002906__DS1_IMG_002908,DS1_IMG_002906,DS1_IMG_002908,IMG_2807_0d674a4e,IMG_2807_0d674a4e,2,2,Necklace,Necklace,train,1,positive,
DS1_IMG_002907__DS1_IMG_002908,DS1_IMG_002907,DS1_IMG_002908,IMG_2807_0d674a4e,IMG_2807_0d674a4e,2,2,Necklace,Necklace,train,1,positive,
DS1_IMG_002909__DS1_IMG_002910,DS1_IMG_002909,DS1_IMG_002910,IMG_2812_accaafa7,IMG_2812_accaafa7,2,2,Necklace,Necklace,train,1,positive,
DS1_IMG_002909__DS1_IMG_002911,DS1_IMG_002909,DS1_IMG_002911,IMG_2812_accaafa7,IMG_2812_accaafa7,2,2,Necklace,Necklace,train,1,positive,
DS1_IMG_002909__DS1_IMG_004300,DS1_IMG_002909,DS1_IMG_004300,IMG_2812_accaafa7,ring_180,2,4,Necklace,Ring,train,0,negative,cross_category
DS1_IMG_002910__DS1_IMG_002911,DS1_IMG_002910,DS1_IMG_002911,IMG_2812_accaafa7,IMG_2812_accaafa7,2,2,Necklace,Necklace,train,1,positive,
DS1_IMG_002910__DS1_IMG_003763,DS1_IMG_002910,DS1_IMG_003763,IMG_2812_accaafa7,IMG_1354_4b8275b6,2,3,Necklace,Pendant,train,0,negative,cross_category
DS1_IMG_002910__DS1_IMG_003788,DS1_IMG_002910,DS1_IMG_003788,IMG_2812_accaafa7,IMG_2269_56abfe73,2,3,Necklace,Pendant,train,0,negative,cross_category
DS1_IMG_002910__DS1_IMG_003903,DS1_IMG_002910,DS1_IMG_003903,IMG_2812_accaafa7,IMG_2901_79d86e58,2,3,Necklace,Pendant,train,0,negative,cross_category
DS1_IMG_002915__DS1_IMG_002916,DS1_IMG_002915,DS1_IMG_002916,IMG_2816_3a0e171d,IMG_2816_3a0e171d,2,2,Necklace,Necklace,train,1,positive,
DS1_IMG_002915__DS1_IMG_002917,DS1_IMG_002915,DS1_IMG_002917,IMG_2816_3a0e171d,IMG_2816_3a0e171d,2,2,Necklace,Necklace,train,1,positive,
DS1_IMG_002916__DS1_IMG_002917,DS1_IMG_002916,DS1_IMG_002917,IMG_2816_3a0e171d,IMG_2816_3a0e171d,2,2,Necklace,Necklace,train,1,positive,
DS1_IMG_002916__DS1_IMG_003843,DS1_IMG_002916,DS1_IMG_003843,IMG_2816_3a0e171d,IMG_2821_d4955818,2,3,Necklace,Pendant,train,0,negative,cross_category
DS1_IMG_002918__DS1_IMG_002919,DS1_IMG_002918,DS1_IMG_002919,IMG_2824_d3c41ebe,IMG_2824_d3c41ebe,2,2,Necklace,Necklace,train,1,positive,
DS1_IMG_002918__DS1_IMG_002920,DS1_IMG_002918,DS1_IMG_002920,IMG_2824_d3c41ebe,IMG_2824_d3c41ebe,2,2,Necklace,Necklace,train,1,positive,
DS1_IMG_002919__DS1_IMG_002920,DS1_IMG_002919,DS1_IMG_002920,IMG_2824_d3c41ebe,IMG_2824_d3c41ebe,2,2,Necklace,Necklace,train,1,positive,
DS1_IMG_002920__DS1_IMG_004246,DS1_IMG_002920,DS1_IMG_004246,IMG_2824_d3c41ebe,ring_148,2,4,Necklace,Ring,train,0,negative,cross_category
DS1_IMG_002921__DS1_IMG_002922,DS1_IMG_002921,DS1_IMG_002922,IMG_2826_9283fa5c,IMG_2826_9283fa5c,2,2,Necklace,Necklace,train,1,positive,
DS1_IMG_002921__DS1_IMG_002923,DS1_IMG_002921,DS1_IMG_002923,IMG_2826_9283fa5c,IMG_2826_9283fa5c,2,2,Necklace,Necklace,train,1,positive,
DS1_IMG_002922__DS1_IMG_002923,DS1_IMG_002922,DS1_IMG_002923,IMG_2826_9283fa5c,IMG_2826_9283fa5c,2,2,Necklace,Necklace,train,1,positive,
DS1_IMG_002927__DS1_IMG_002928,DS1_IMG_002927,DS1_IMG_002928,IMG_2832_2b04c8e3,IMG_2832_2b04c8e3,2,2,Necklace,Necklace,train,1,positive,
DS1_IMG_002927__DS1_IMG_002929,DS1_IMG_002927,DS1_IMG_002929,IMG_2832_2b04c8e3,IMG_2832_2b04c8e3,2,2,Necklace,Necklace,train,1,positive,
DS1_IMG_002927__DS1_IMG_003697,DS1_IMG_002927,DS1_IMG_003697,IMG_2832_2b04c8e3,IMG_0602_6d616791,2,3,Necklace,Pendant,train,0,negative,cross_category
DS1_IMG_002927__DS1_IMG_004197,DS1_IMG_002927,DS1_IMG_004197,IMG_2832_2b04c8e3,ring_114,2,4,Necklace,Ring,train,0,negative,cross_category
DS1_IMG_002928__DS1_IMG_002929,DS1_IMG_002928,DS1_IMG_002929,IMG_2832_2b04c8e3,IMG_2832_2b04c8e3,2,2,Necklace,Necklace,train,1,positive,
DS1_IMG_002930__DS1_IMG_002931,DS1_IMG_002930,DS1_IMG_002931,IMG_2837_77d385b2,IMG_2837_77d385b2,2,2,Necklace,Necklace,train,1,positive,
DS1_IMG_002930__DS1_IMG_002932,DS1_IMG_002930,DS1_IMG_002932,IMG_2837_77d385b2,IMG_2837_77d385b2,2,2,Necklace,Necklace,train,1,positive,
DS1_IMG_002931__DS1_IMG_002932,DS1_IMG_002931,DS1_IMG_002932,IMG_2837_77d385b2,IMG_2837_77d385b2,2,2,Necklace,Necklace,train,1,positive,
DS1_IMG_002932__DS1_IMG_003844,DS1_IMG_002932,DS1_IMG_003844,IMG_2837_77d385b2,IMG_2821_d4955818,2,3,Necklace,Pendant,train,0,negative,cross_category
DS1_IMG_002933__DS1_IMG_002934,DS1_IMG_002933,DS1_IMG_002934,IMG_2843_715e72b1,IMG_2843_715e72b1,2,2,Necklace,Necklace,train,1,positive,
DS1_IMG_002933__DS1_IMG_004196,DS1_IMG_002933,DS1_IMG_004196,IMG_2843_715e72b1,ring_114,2,4,Necklace,Ring,train,0,negative,cross_category
DS1_IMG_002935__DS1_IMG_002936,DS1_IMG_002935,DS1_IMG_002936,IMG_2848_b8589f1e,IMG_2848_b8589f1e,2,2,Necklace,Necklace,train,1,positive,
DS1_IMG_002935__DS1_IMG_002937,DS1_IMG_002935,DS1_IMG_002937,IMG_2848_b8589f1e,IMG_2848_b8589f1e,2,2,Necklace,Necklace,train,1,positive,
DS1_IMG_002936__DS1_IMG_002937,DS1_IMG_002936,DS1_IMG_002937,IMG_2848_b8589f1e,IMG_2848_b8589f1e,2,2,Necklace,Necklace,train,1,positive,
DS1_IMG_002937__DS1_IMG_003988,DS1_IMG_002937,DS1_IMG_003988,IMG_2848_b8589f1e,necklace_20241125_122545_586d69f7,2,3,Necklace,Pendant,train,0,negative,cross_category
DS1_IMG_002938__DS1_IMG_002939,DS1_IMG_002938,DS1_IMG_002939,IMG_2849_18a2e34f,IMG_2849_18a2e34f,2,2,Necklace,Necklace,train,1,positive,
DS1_IMG_002938__DS1_IMG_002940,DS1_IMG_002938,DS1_IMG_002940,IMG_2849_18a2e34f,IMG_2849_18a2e34f,2,2,Necklace,Necklace,train,1,positive,
DS1_IMG_002938__DS1_IMG_004226,DS1_IMG_002938,DS1_IMG_004226,IMG_2849_18a2e34f,ring_134,2,4,Necklace,Ring,train,0,negative,cross_category
DS1_IMG_002939__DS1_IMG_002940,DS1_IMG_002939,DS1_IMG_002940,IMG_2849_18a2e34f,IMG_2849_18a2e34f,2,2,Necklace,Necklace,train,1,positive,
DS1_IMG_002941__DS1_IMG_002942,DS1_IMG_002941,DS1_IMG_002942,IMG_2852_b8fec241,IMG_2852_b8fec241,2,2,Necklace,Necklace,train,1,positive,
DS1_IMG_002941__DS1_IMG_002943,DS1_IMG_002941,DS1_IMG_002943,IMG_2852_b8fec241,IMG_2852_b8fec241,2,2,Necklace,Necklace,train,1,positive,
DS1_IMG_002942__DS1_IMG_002943,DS1_IMG_002942,DS1_IMG_002943,IMG_2852_b8fec241,IMG_2852_b8fec241,2,2,Necklace,Necklace,train,1,positive,
DS1_IMG_002944__DS1_IMG_002945,DS1_IMG_002944,DS1_IMG_002945,IMG_2853_e9b16c39,IMG_2853_e9b16c39,2,2,Necklace,Necklace,train,1,positive,
DS1_IMG_002944__DS1_IMG_002946,DS1_IMG_002944,DS1_IMG_002946,IMG_2853_e9b16c39,IMG_2853_e9b16c39,2,2,Necklace,Necklace,train,1,positive,
DS1_IMG_002945__DS1_IMG_002946,DS1_IMG_002945,DS1_IMG_002946,IMG_2853_e9b16c39,IMG_2853_e9b16c39,2,2,Necklace,Necklace,train,1,positive,
DS1_IMG_002945__DS1_IMG_003828,DS1_IMG_002945,DS1_IMG_003828,IMG_2853_e9b16c39,IMG_2513_2e38170a,2,3,Necklace,Pendant,train,0,negative,cross_category
DS1_IMG_002945__DS1_IMG_004274,DS1_IMG_002945,DS1_IMG_004274,IMG_2853_e9b16c39,ring_163,2,4,Necklace,Ring,train,0,negative,cross_category
DS1_IMG_002947__DS1_IMG_002948,DS1_IMG_002947,DS1_IMG_002948,IMG_2859_8676125b,IMG_2859_8676125b,2,2,Necklace,Necklace,train,1,positive,
DS1_IMG_002947__DS1_IMG_002949,DS1_IMG_002947,DS1_IMG_002949,IMG_2859_8676125b,IMG_2859_8676125b,2,2,Necklace,Necklace,train,1,positive,
DS1_IMG_002948__DS1_IMG_002949,DS1_IMG_002948,DS1_IMG_002949,IMG_2859_8676125b,IMG_2859_8676125b,2,2,Necklace,Necklace,train,1,positive,
DS1_IMG_002950__DS1_IMG_002951,DS1_IMG_002950,DS1_IMG_002951,IMG_2863_c3999afa,IMG_2863_c3999afa,2,2,Necklace,Necklace,train,1,positive,
DS1_IMG_002950__DS1_IMG_002952,DS1_IMG_002950,DS1_IMG_002952,IMG_2863_c3999afa,IMG_2863_c3999afa,2,2,Necklace,Necklace,train,1,positive,
DS1_IMG_002951__DS1_IMG_002952,DS1_IMG_002951,DS1_IMG_002952,IMG_2863_c3999afa,IMG_2863_c3999afa,2,2,Necklace,Necklace,train,1,positive,
DS1_IMG_002951__DS1_IMG_004256,DS1_IMG_002951,DS1_IMG_004256,IMG_2863_c3999afa,ring_155,2,4,Necklace,Ring,train,0,negative,cross_category
DS1_IMG_002953__DS1_IMG_002954,DS1_IMG_002953,DS1_IMG_002954,IMG_2868_4e7d6301,IMG_2868_4e7d6301,2,2,Necklace,Necklace,train,1,positive,
DS1_IMG_002953__DS1_IMG_002955,DS1_IMG_002953,DS1_IMG_002955,IMG_2868_4e7d6301,IMG_2868_4e7d6301,2,2,Necklace,Necklace,train,1,positive,
DS1_IMG_002954__DS1_IMG_002955,DS1_IMG_002954,DS1_IMG_002955,IMG_2868_4e7d6301,IMG_2868_4e7d6301,2,2,Necklace,Necklace,train,1,positive,
DS1_IMG_002954__DS1_IMG_003694,DS1_IMG_002954,DS1_IMG_003694,IMG_2868_4e7d6301,IMG_0479_27be300a,2,3,Necklace,Pendant,train,0,negative,cross_category
DS1_IMG_002954__DS1_IMG_004287,DS1_IMG_002954,DS1_IMG_004287,IMG_2868_4e7d6301,ring_168,2,4,Necklace,Ring,train,0,negative,cross_category
DS1_IMG_002955__DS1_IMG_003833,DS1_IMG_002955,DS1_IMG_003833,IMG_2868_4e7d6301,IMG_2801_3215b841,2,3,Necklace,Pendant,train,0,negative,cross_category
DS1_IMG_002955__DS1_IMG_003946,DS1_IMG_002955,DS1_IMG_003946,IMG_2868_4e7d6301,IMG_3467_d962189e,2,3,Necklace,Pendant,train,0,negative,cross_category
DS1_IMG_002956__DS1_IMG_002957,DS1_IMG_002956,DS1_IMG_002957,IMG_2869_61973608,IMG_2869_61973608,2,2,Necklace,Necklace,train,1,positive,
DS1_IMG_002956__DS1_IMG_002958,DS1_IMG_002956,DS1_IMG_002958,IMG_2869_61973608,IMG_2869_61973608,2,2,Necklace,Necklace,train,1,positive,
DS1_IMG_002957__DS1_IMG_002958,DS1_IMG_002957,DS1_IMG_002958,IMG_2869_61973608,IMG_2869_61973608,2,2,Necklace,Necklace,train,1,positive,
DS1_IMG_002958__DS1_IMG_004087,DS1_IMG_002958,DS1_IMG_004087,IMG_2869_61973608,ring_055,2,4,Necklace,Ring,train,0,negative,cross_category
DS1_IMG_002959__DS1_IMG_002960,DS1_IMG_002959,DS1_IMG_002960,IMG_2878_718682ff,IMG_2878_718682ff,2,2,Necklace,Necklace,train,1,positive,
DS1_IMG_002959__DS1_IMG_002961,DS1_IMG_002959,DS1_IMG_002961,IMG_2878_718682ff,IMG_2878_718682ff,2,2,Necklace,Necklace,train,1,positive,
DS1_IMG_002960__DS1_IMG_002961,DS1_IMG_002960,DS1_IMG_002961,IMG_2878_718682ff,IMG_2878_718682ff,2,2,Necklace,Necklace,train,1,positive,
DS1_IMG_002961__DS1_IMG_003730,DS1_IMG_002961,DS1_IMG_003730,IMG_2878_718682ff,IMG_0845_2d416634,2,3,Necklace,Pendant,train,0,negative,cross_category
DS1_IMG_002962__DS1_IMG_002963,DS1_IMG_002962,DS1_IMG_002963,IMG_2879_50d5439a,IMG_2879_50d5439a,2,2,Necklace,Necklace,train,1,positive,
DS1_IMG_002962__DS1_IMG_002964,DS1_IMG_002962,DS1_IMG_002964,IMG_2879_50d5439a,IMG_2879_50d5439a,2,2,Necklace,Necklace,train,1,positive,
DS1_IMG_002963__DS1_IMG_002964,DS1_IMG_002963,DS1_IMG_002964,IMG_2879_50d5439a,IMG_2879_50d5439a,2,2,Necklace,Necklace,train,1,positive,
DS1_IMG_002964__DS1_IMG_003852,DS1_IMG_002964,DS1_IMG_003852,IMG_2879_50d5439a,IMG_2828_c95edb5d,2,3,Necklace,Pendant,train,0,negative,cross_category
DS1_IMG_002965__DS1_IMG_002966,DS1_IMG_002965,DS1_IMG_002966,IMG_2880_0ef03fed,IMG_2880_0ef03fed,2,2,Necklace,Necklace,train,1,positive,
DS1_IMG_002965__DS1_IMG_002967,DS1_IMG_002965,DS1_IMG_002967,IMG_2880_0ef03fed,IMG_2880_0ef03fed,2,2,Necklace,Necklace,train,1,positive,
DS1_IMG_002966__DS1_IMG_002967,DS1_IMG_002966,DS1_IMG_002967,IMG_2880_0ef03fed,IMG_2880_0ef03fed,2,2,Necklace,Necklace,train,1,positive,
DS1_IMG_002968__DS1_IMG_002969,DS1_IMG_002968,DS1_IMG_002969,IMG_2891_f820ab08,IMG_2891_f820ab08,2,2,Necklace,Necklace,train,1,positive,
DS1_IMG_002968__DS1_IMG_002970,DS1_IMG_002968,DS1_IMG_002970,IMG_2891_f820ab08,IMG_2891_f820ab08,2,2,Necklace,Necklace,train,1,positive,
DS1_IMG_002968__DS1_IMG_003704,DS1_IMG_002968,DS1_IMG_003704,IMG_2891_f820ab08,IMG_0702_fc96bc4c,2,3,Necklace,Pendant,train,0,negative,cross_category
DS1_IMG_002968__DS1_IMG_004279,DS1_IMG_002968,DS1_IMG_004279,IMG_2891_f820ab08,ring_166,2,4,Necklace,Ring,train,0,negative,cross_category
DS1_IMG_002969__DS1_IMG_002970,DS1_IMG_002969,DS1_IMG_002970,IMG_2891_f820ab08,IMG_2891_f820ab08,2,2,Necklace,Necklace,train,1,positive,
DS1_IMG_002970__DS1_IMG_004108,DS1_IMG_002970,DS1_IMG_004108,IMG_2891_f820ab08,ring_069,2,4,Necklace,Ring,train,0,negative,cross_category
DS1_IMG_002971__DS1_IMG_002972,DS1_IMG_002971,DS1_IMG_002972,IMG_2897_89c39a07,IMG_2897_89c39a07,2,2,Necklace,Necklace,train,1,positive,
DS1_IMG_002971__DS1_IMG_002973,DS1_IMG_002971,DS1_IMG_002973,IMG_2897_89c39a07,IMG_2897_89c39a07,2,2,Necklace,Necklace,train,1,positive,
DS1_IMG_002972__DS1_IMG_002973,DS1_IMG_002972,DS1_IMG_002973,IMG_2897_89c39a07,IMG_2897_89c39a07,2,2,Necklace,Necklace,train,1,positive,
DS1_IMG_002974__DS1_IMG_002975,DS1_IMG_002974,DS1_IMG_002975,IMG_2898_a1100695,IMG_2898_a1100695,2,2,Necklace,Necklace,train,1,positive,
DS1_IMG_002974__DS1_IMG_002976,DS1_IMG_002974,DS1_IMG_002976,IMG_2898_a1100695,IMG_2898_a1100695,2,2,Necklace,Necklace,train,1,positive,
DS1_IMG_002975__DS1_IMG_002976,DS1_IMG_002975,DS1_IMG_002976,IMG_2898_a1100695,IMG_2898_a1100695,2,2,Necklace,Necklace,train,1,positive,
DS1_IMG_002977__DS1_IMG_002978,DS1_IMG_002977,DS1_IMG_002978,IMG_2903_e498d50e,IMG_2903_e498d50e,2,2,Necklace,Necklace,train,1,positive,
DS1_IMG_002977__DS1_IMG_002979,DS1_IMG_002977,DS1_IMG_002979,IMG_2903_e498d50e,IMG_2903_e498d50e,2,2,Necklace,Necklace,train,1,positive,
DS1_IMG_002977__DS1_IMG_004084,DS1_IMG_002977,DS1_IMG_004084,IMG_2903_e498d50e,ring_051,2,4,Necklace,Ring,train,0,negative,cross_category
DS1_IMG_002977__DS1_IMG_004200,DS1_IMG_002977,DS1_IMG_004200,IMG_2903_e498d50e,ring_116,2,4,Necklace,Ring,train,0,negative,cross_category
DS1_IMG_002978__DS1_IMG_002979,DS1_IMG_002978,DS1_IMG_002979,IMG_2903_e498d50e,IMG_2903_e498d50e,2,2,Necklace,Necklace,train,1,positive,
DS1_IMG_002980__DS1_IMG_002981,DS1_IMG_002980,DS1_IMG_002981,IMG_2904_08964ce4,IMG_2904_08964ce4,2,2,Necklace,Necklace,train,1,positive,
DS1_IMG_002980__DS1_IMG_002982,DS1_IMG_002980,DS1_IMG_002982,IMG_2904_08964ce4,IMG_2904_08964ce4,2,2,Necklace,Necklace,train,1,positive,
DS1_IMG_002981__DS1_IMG_002982,DS1_IMG_002981,DS1_IMG_002982,IMG_2904_08964ce4,IMG_2904_08964ce4,2,2,Necklace,Necklace,train,1,positive,
DS1_IMG_002982__DS1_IMG_004199,DS1_IMG_002982,DS1_IMG_004199,IMG_2904_08964ce4,ring_116,2,4,Necklace,Ring,train,0,negative,cross_category
DS1_IMG_002983__DS1_IMG_002984,DS1_IMG_002983,DS1_IMG_002984,IMG_2905_10d13f4c,IMG_2905_10d13f4c,2,2,Necklace,Necklace,train,1,positive,
DS1_IMG_002983__DS1_IMG_002985,DS1_IMG_002983,DS1_IMG_002985,IMG_2905_10d13f4c,IMG_2905_10d13f4c,2,2,Necklace,Necklace,train,1,positive,
DS1_IMG_002984__DS1_IMG_002985,DS1_IMG_002984,DS1_IMG_002985,IMG_2905_10d13f4c,IMG_2905_10d13f4c,2,2,Necklace,Necklace,train,1,positive,
DS1_IMG_002986__DS1_IMG_002987,DS1_IMG_002986,DS1_IMG_002987,IMG_2914_f2b1f19b,IMG_2914_f2b1f19b,2,2,Necklace,Necklace,train,1,positive,
DS1_IMG_002986__DS1_IMG_002988,DS1_IMG_002986,DS1_IMG_002988,IMG_2914_f2b1f19b,IMG_2914_f2b1f19b,2,2,Necklace,Necklace,train,1,positive,
DS1_IMG_002987__DS1_IMG_002988,DS1_IMG_002987,DS1_IMG_002988,IMG_2914_f2b1f19b,IMG_2914_f2b1f19b,2,2,Necklace,Necklace,train,1,positive,
DS1_IMG_002987__DS1_IMG_004071,DS1_IMG_002987,DS1_IMG_004071,IMG_2914_f2b1f19b,ring_047,2,4,Necklace,Ring,train,0,negative,cross_category
DS1_IMG_002988__DS1_IMG_003769,DS1_IMG_002988,DS1_IMG_003769,IMG_2914_f2b1f19b,IMG_1404_0cd245f2,2,3,Necklace,Pendant,train,0,negative,cross_category
DS1_IMG_002988__DS1_IMG_003968,DS1_IMG_002988,DS1_IMG_003968,IMG_2914_f2b1f19b,necklace_20241125_122545_08081c1c,2,3,Necklace,Pendant,train,0,negative,cross_category
DS1_IMG_002989__DS1_IMG_002990,DS1_IMG_002989,DS1_IMG_002990,IMG_2915_f1212555,IMG_2915_f1212555,2,2,Necklace,Necklace,train,1,positive,
DS1_IMG_002989__DS1_IMG_002991,DS1_IMG_002989,DS1_IMG_002991,IMG_2915_f1212555,IMG_2915_f1212555,2,2,Necklace,Necklace,train,1,positive,
DS1_IMG_002990__DS1_IMG_002991,DS1_IMG_002990,DS1_IMG_002991,IMG_2915_f1212555,IMG_2915_f1212555,2,2,Necklace,Necklace,train,1,positive,
DS1_IMG_002995__DS1_IMG_002996,DS1_IMG_002995,DS1_IMG_002996,IMG_2919_e957f2e2,IMG_2919_e957f2e2,2,2,Necklace,Necklace,train,1,positive,
DS1_IMG_002995__DS1_IMG_002997,DS1_IMG_002995,DS1_IMG_002997,IMG_2919_e957f2e2,IMG_2919_e957f2e2,2,2,Necklace,Necklace,train,1,positive,
DS1_IMG_002996__DS1_IMG_002997,DS1_IMG_002996,DS1_IMG_002997,IMG_2919_e957f2e2,IMG_2919_e957f2e2,2,2,Necklace,Necklace,train,1,positive,
DS1_IMG_002996__DS1_IMG_004128,DS1_IMG_002996,DS1_IMG_004128,IMG_2919_e957f2e2,ring_080,2,4,Necklace,Ring,train,0,negative,cross_category
DS1_IMG_002997__DS1_IMG_003800,DS1_IMG_002997,DS1_IMG_003800,IMG_2919_e957f2e2,IMG_2379_ad6a1bf5,2,3,Necklace,Pendant,train,0,negative,cross_category
DS1_IMG_002998__DS1_IMG_002999,DS1_IMG_002998,DS1_IMG_002999,IMG_2921_7aac934c,IMG_2921_7aac934c,2,2,Necklace,Necklace,train,1,positive,
DS1_IMG_002998__DS1_IMG_003000,DS1_IMG_002998,DS1_IMG_003000,IMG_2921_7aac934c,IMG_2921_7aac934c,2,2,Necklace,Necklace,train,1,positive,
DS1_IMG_002999__DS1_IMG_003000,DS1_IMG_002999,DS1_IMG_003000,IMG_2921_7aac934c,IMG_2921_7aac934c,2,2,Necklace,Necklace,train,1,positive,
DS1_IMG_003001__DS1_IMG_003002,DS1_IMG_003001,DS1_IMG_003002,IMG_2924_df6eecc1,IMG_2924_df6eecc1,2,2,Necklace,Necklace,train,1,positive,
DS1_IMG_003001__DS1_IMG_003003,DS1_IMG_003001,DS1_IMG_003003,IMG_2924_df6eecc1,IMG_2924_df6eecc1,2,2,Necklace,Necklace,train,1,positive,
DS1_IMG_003002__DS1_IMG_003003,DS1_IMG_003002,DS1_IMG_003003,IMG_2924_df6eecc1,IMG_2924_df6eecc1,2,2,Necklace,Necklace,train,1,positive,
DS1_IMG_003002__DS1_IMG_003708,DS1_IMG_003002,DS1_IMG_003708,IMG_2924_df6eecc1,IMG_0726_46863f42,2,3,Necklace,Pendant,train,0,negative,cross_category
DS1_IMG_003013__DS1_IMG_003014,DS1_IMG_003013,DS1_IMG_003014,IMG_2935_f0bec497,IMG_2935_f0bec497,2,2,Necklace,Necklace,train,1,positive,
DS1_IMG_003013__DS1_IMG_003015,DS1_IMG_003013,DS1_IMG_003015,IMG_2935_f0bec497,IMG_2935_f0bec497,2,2,Necklace,Necklace,train,1,positive,
DS1_IMG_003014__DS1_IMG_003015,DS1_IMG_003014,DS1_IMG_003015,IMG_2935_f0bec497,IMG_2935_f0bec497,2,2,Necklace,Necklace,train,1,positive,
DS1_IMG_003015__DS1_IMG_003953,DS1_IMG_003015,DS1_IMG_003953,IMG_2935_f0bec497,IMG_3515_3ed94d29,2,3,Necklace,Pendant,train,0,negative,cross_category
DS1_IMG_003016__DS1_IMG_003017,DS1_IMG_003016,DS1_IMG_003017,IMG_2939_24d96ddc,IMG_2939_24d96ddc,2,2,Necklace,Necklace,train,1,positive,
DS1_IMG_003016__DS1_IMG_003018,DS1_IMG_003016,DS1_IMG_003018,IMG_2939_24d96ddc,IMG_2939_24d96ddc,2,2,Necklace,Necklace,train,1,positive,
DS1_IMG_003016__DS1_IMG_003696,DS1_IMG_003016,DS1_IMG_003696,IMG_2939_24d96ddc,IMG_0602_6d616791,2,3,Necklace,Pendant,train,0,negative,cross_category
DS1_IMG_003016__DS1_IMG_004101,DS1_IMG_003016,DS1_IMG_004101,IMG_2939_24d96ddc,ring_062,2,4,Necklace,Ring,train,0,negative,cross_category
DS1_IMG_003017__DS1_IMG_003018,DS1_IMG_003017,DS1_IMG_003018,IMG_2939_24d96ddc,IMG_2939_24d96ddc,2,2,Necklace,Necklace,train,1,positive,
DS1_IMG_003019__DS1_IMG_003020,DS1_IMG_003019,DS1_IMG_003020,IMG_2940_7efb3caf,IMG_2940_7efb3caf,2,2,Necklace,Necklace,train,1,positive,
DS1_IMG_003019__DS1_IMG_003021,DS1_IMG_003019,DS1_IMG_003021,IMG_2940_7efb3caf,IMG_2940_7efb3caf,2,2,Necklace,Necklace,train,1,positive,
DS1_IMG_003020__DS1_IMG_003021,DS1_IMG_003020,DS1_IMG_003021,IMG_2940_7efb3caf,IMG_2940_7efb3caf,2,2,Necklace,Necklace,train,1,positive,
DS1_IMG_003020__DS1_IMG_004321,DS1_IMG_003020,DS1_IMG_004321,IMG_2940_7efb3caf,ring_192,2,4,Necklace,Ring,train,0,negative,cross_category
DS1_IMG_003022__DS1_IMG_003023,DS1_IMG_003022,DS1_IMG_003023,IMG_2944_904ce0f4,IMG_2944_904ce0f4,2,2,Necklace,Necklace,train,1,positive,
DS1_IMG_003022__DS1_IMG_003024,DS1_IMG_003022,DS1_IMG_003024,IMG_2944_904ce0f4,IMG_2944_904ce0f4,2,2,Necklace,Necklace,train,1,positive,
DS1_IMG_003023__DS1_IMG_003024,DS1_IMG_003023,DS1_IMG_003024,IMG_2944_904ce0f4,IMG_2944_904ce0f4,2,2,Necklace,Necklace,train,1,positive,
DS1_IMG_003025__DS1_IMG_003026,DS1_IMG_003025,DS1_IMG_003026,IMG_3047_adbe5b85,IMG_3047_adbe5b85,2,2,Necklace,Necklace,train,1,positive,
DS1_IMG_003025__DS1_IMG_003027,DS1_IMG_003025,DS1_IMG_003027,IMG_3047_adbe5b85,IMG_3047_adbe5b85,2,2,Necklace,Necklace,train,1,positive,
DS1_IMG_003025__DS1_IMG_003989,DS1_IMG_003025,DS1_IMG_003989,IMG_3047_adbe5b85,necklace_20241125_122545_6063e3a7,2,3,Necklace,Pendant,train,0,negative,cross_category
DS1_IMG_003026__DS1_IMG_003027,DS1_IMG_003026,DS1_IMG_003027,IMG_3047_adbe5b85,IMG_3047_adbe5b85,2,2,Necklace,Necklace,train,1,positive,
DS1_IMG_003031__DS1_IMG_003032,DS1_IMG_003031,DS1_IMG_003032,IMG_3050_44a1217c,IMG_3050_44a1217c,2,2,Necklace,Necklace,train,1,positive,
DS1_IMG_003031__DS1_IMG_003033,DS1_IMG_003031,DS1_IMG_003033,IMG_3050_44a1217c,IMG_3050_44a1217c,2,2,Necklace,Necklace,train,1,positive,
DS1_IMG_003032__DS1_IMG_003033,DS1_IMG_003032,DS1_IMG_003033,IMG_3050_44a1217c,IMG_3050_44a1217c,2,2,Necklace,Necklace,train,1,positive,
DS1_IMG_003034__DS1_IMG_003035,DS1_IMG_003034,DS1_IMG_003035,IMG_3051_9b6f682d,IMG_3051_9b6f682d,2,2,Necklace,Necklace,train,1,positive,
DS1_IMG_003034__DS1_IMG_003036,DS1_IMG_003034,DS1_IMG_003036,IMG_3051_9b6f682d,IMG_3051_9b6f682d,2,2,Necklace,Necklace,train,1,positive,
DS1_IMG_003035__DS1_IMG_003036,DS1_IMG_003035,DS1_IMG_003036,IMG_3051_9b6f682d,IMG_3051_9b6f682d,2,2,Necklace,Necklace,train,1,positive,
DS1_IMG_003036__DS1_IMG_003764,DS1_IMG_003036,DS1_IMG_003764,IMG_3051_9b6f682d,IMG_1372_c936a18b,2,3,Necklace,Pendant,train,0,negative,cross_category
DS1_IMG_003040__DS1_IMG_003041,DS1_IMG_003040,DS1_IMG_003041,IMG_3054_8e0538e4,IMG_3054_8e0538e4,2,2,Necklace,Necklace,train,1,positive,
DS1_IMG_003042__DS1_IMG_003043,DS1_IMG_003042,DS1_IMG_003043,IMG_3055_3dfb9a82,IMG_3055_3dfb9a82,2,2,Necklace,Necklace,train,1,positive,
DS1_IMG_003042__DS1_IMG_003044,DS1_IMG_003042,DS1_IMG_003044,IMG_3055_3dfb9a82,IMG_3055_3dfb9a82,2,2,Necklace,Necklace,train,1,positive,
DS1_IMG_003043__DS1_IMG_003044,DS1_IMG_003043,DS1_IMG_003044,IMG_3055_3dfb9a82,IMG_3055_3dfb9a82,2,2,Necklace,Necklace,train,1,positive,
DS1_IMG_003043__DS1_IMG_003817,DS1_IMG_003043,DS1_IMG_003817,IMG_3055_3dfb9a82,IMG_2506_cab336a0,2,3,Necklace,Pendant,train,0,negative,cross_category
DS1_IMG_003045__DS1_IMG_003046,DS1_IMG_003045,DS1_IMG_003046,IMG_3056_ed7496ab,IMG_3056_ed7496ab,2,2,Necklace,Necklace,train,1,positive,
DS1_IMG_003045__DS1_IMG_003047,DS1_IMG_003045,DS1_IMG_003047,IMG_3056_ed7496ab,IMG_3056_ed7496ab,2,2,Necklace,Necklace,train,1,positive,
DS1_IMG_003046__DS1_IMG_003047,DS1_IMG_003046,DS1_IMG_003047,IMG_3056_ed7496ab,IMG_3056_ed7496ab,2,2,Necklace,Necklace,train,1,positive,
DS1_IMG_003048__DS1_IMG_003049,DS1_IMG_003048,DS1_IMG_003049,IMG_3059_77f7fd8c,IMG_3059_77f7fd8c,2,2,Necklace,Necklace,train,1,positive,
DS1_IMG_003048__DS1_IMG_003050,DS1_IMG_003048,DS1_IMG_003050,IMG_3059_77f7fd8c,IMG_3059_77f7fd8c,2,2,Necklace,Necklace,train,1,positive,
DS1_IMG_003049__DS1_IMG_003050,DS1_IMG_003049,DS1_IMG_003050,IMG_3059_77f7fd8c,IMG_3059_77f7fd8c,2,2,Necklace,Necklace,train,1,positive,
DS1_IMG_003054__DS1_IMG_003055,DS1_IMG_003054,DS1_IMG_003055,IMG_3065_0525da9f,IMG_3065_0525da9f,2,2,Necklace,Necklace,train,1,positive,
DS1_IMG_003056__DS1_IMG_003057,DS1_IMG_003056,DS1_IMG_003057,IMG_3080_7df3193f,IMG_3080_7df3193f,2,2,Necklace,Necklace,train,1,positive,
DS1_IMG_003056__DS1_IMG_003058,DS1_IMG_003056,DS1_IMG_003058,IMG_3080_7df3193f,IMG_3080_7df3193f,2,2,Necklace,Necklace,train,1,positive,
DS1_IMG_003057__DS1_IMG_003058,DS1_IMG_003057,DS1_IMG_003058,IMG_3080_7df3193f,IMG_3080_7df3193f,2,2,Necklace,Necklace,train,1,positive,
DS1_IMG_003057__DS1_IMG_003783,DS1_IMG_003057,DS1_IMG_003783,IMG_3080_7df3193f,IMG_2181_9f77e4aa,2,3,Necklace,Pendant,train,0,negative,cross_category
DS1_IMG_003059__DS1_IMG_003060,DS1_IMG_003059,DS1_IMG_003060,IMG_3084_1e694e08,IMG_3084_1e694e08,2,2,Necklace,Necklace,train,1,positive,
DS1_IMG_003059__DS1_IMG_003061,DS1_IMG_003059,DS1_IMG_003061,IMG_3084_1e694e08,IMG_3084_1e694e08,2,2,Necklace,Necklace,train,1,positive,
DS1_IMG_003059__DS1_IMG_004308,DS1_IMG_003059,DS1_IMG_004308,IMG_3084_1e694e08,ring_184,2,4,Necklace,Ring,train,0,negative,cross_category
DS1_IMG_003060__DS1_IMG_003061,DS1_IMG_003060,DS1_IMG_003061,IMG_3084_1e694e08,IMG_3084_1e694e08,2,2,Necklace,Necklace,train,1,positive,
DS1_IMG_003061__DS1_IMG_003876,DS1_IMG_003061,DS1_IMG_003876,IMG_3084_1e694e08,IMG_2860_b5be60fb,2,3,Necklace,Pendant,train,0,negative,cross_category
DS1_IMG_003065__DS1_IMG_003066,DS1_IMG_003065,DS1_IMG_003066,IMG_3089_8d53874f,IMG_3089_8d53874f,2,2,Necklace,Necklace,train,1,positive,
DS1_IMG_003065__DS1_IMG_003067,DS1_IMG_003065,DS1_IMG_003067,IMG_3089_8d53874f,IMG_3089_8d53874f,2,2,Necklace,Necklace,train,1,positive,
DS1_IMG_003065__DS1_IMG_004139,DS1_IMG_003065,DS1_IMG_004139,IMG_3089_8d53874f,ring_084,2,4,Necklace,Ring,train,0,negative,cross_category
DS1_IMG_003066__DS1_IMG_003067,DS1_IMG_003066,DS1_IMG_003067,IMG_3089_8d53874f,IMG_3089_8d53874f,2,2,Necklace,Necklace,train,1,positive,
DS1_IMG_003076__DS1_IMG_003077,DS1_IMG_003076,DS1_IMG_003077,IMG_3107_49466a60,IMG_3107_49466a60,2,2,Necklace,Necklace,train,1,positive,
DS1_IMG_003076__DS1_IMG_003078,DS1_IMG_003076,DS1_IMG_003078,IMG_3107_49466a60,IMG_3107_49466a60,2,2,Necklace,Necklace,train,1,positive,
DS1_IMG_003077__DS1_IMG_003078,DS1_IMG_003077,DS1_IMG_003078,IMG_3107_49466a60,IMG_3107_49466a60,2,2,Necklace,Necklace,train,1,positive,
DS1_IMG_003078__DS1_IMG_003719,DS1_IMG_003078,DS1_IMG_003719,IMG_3107_49466a60,IMG_0811_ccf24bcc,2,3,Necklace,Pendant,train,0,negative,cross_category
DS1_IMG_003079__DS1_IMG_003080,DS1_IMG_003079,DS1_IMG_003080,IMG_3110_e8631d85,IMG_3110_e8631d85,2,2,Necklace,Necklace,train,1,positive,
DS1_IMG_003079__DS1_IMG_003081,DS1_IMG_003079,DS1_IMG_003081,IMG_3110_e8631d85,IMG_3110_e8631d85,2,2,Necklace,Necklace,train,1,positive,
DS1_IMG_003080__DS1_IMG_003081,DS1_IMG_003080,DS1_IMG_003081,IMG_3110_e8631d85,IMG_3110_e8631d85,2,2,Necklace,Necklace,train,1,positive,
DS1_IMG_003080__DS1_IMG_004252,DS1_IMG_003080,DS1_IMG_004252,IMG_3110_e8631d85,ring_154,2,4,Necklace,Ring,train,0,negative,cross_category
DS1_IMG_003082__DS1_IMG_003083,DS1_IMG_003082,DS1_IMG_003083,IMG_3111_83880235,IMG_3111_83880235,2,2,Necklace,Necklace,train,1,positive,
DS1_IMG_003084__DS1_IMG_003085,DS1_IMG_003084,DS1_IMG_003085,IMG_3112_29506dd1,IMG_3112_29506dd1,2,2,Necklace,Necklace,train,1,positive,
DS1_IMG_003084__DS1_IMG_003086,DS1_IMG_003084,DS1_IMG_003086,IMG_3112_29506dd1,IMG_3112_29506dd1,2,2,Necklace,Necklace,train,1,positive,
DS1_IMG_003084__DS1_IMG_003918,DS1_IMG_003084,DS1_IMG_003918,IMG_3112_29506dd1,IMG_2918_dbac9ef3,2,3,Necklace,Pendant,train,0,negative,cross_category
DS1_IMG_003085__DS1_IMG_003086,DS1_IMG_003085,DS1_IMG_003086,IMG_3112_29506dd1,IMG_3112_29506dd1,2,2,Necklace,Necklace,train,1,positive,
DS1_IMG_003085__DS1_IMG_003855,DS1_IMG_003085,DS1_IMG_003855,IMG_3112_29506dd1,IMG_2836_db94d1e7,2,3,Necklace,Pendant,train,0,negative,cross_category
DS1_IMG_003085__DS1_IMG_003948,DS1_IMG_003085,DS1_IMG_003948,IMG_3112_29506dd1,IMG_3503_4d37f1fe,2,3,Necklace,Pendant,train,0,negative,cross_category
DS1_IMG_003087__DS1_IMG_003088,DS1_IMG_003087,DS1_IMG_003088,IMG_3113_076cfb9c,IMG_3113_076cfb9c,2,2,Necklace,Necklace,train,1,positive,
DS1_IMG_003087__DS1_IMG_003089,DS1_IMG_003087,DS1_IMG_003089,IMG_3113_076cfb9c,IMG_3113_076cfb9c,2,2,Necklace,Necklace,train,1,positive,
DS1_IMG_003088__DS1_IMG_003089,DS1_IMG_003088,DS1_IMG_003089,IMG_3113_076cfb9c,IMG_3113_076cfb9c,2,2,Necklace,Necklace,train,1,positive,
DS1_IMG_003090__DS1_IMG_003091,DS1_IMG_003090,DS1_IMG_003091,IMG_3116_be79e1ce,IMG_3116_be79e1ce,2,2,Necklace,Necklace,train,1,positive,
DS1_IMG_003090__DS1_IMG_003092,DS1_IMG_003090,DS1_IMG_003092,IMG_3116_be79e1ce,IMG_3116_be79e1ce,2,2,Necklace,Necklace,train,1,positive,
DS1_IMG_003091__DS1_IMG_003092,DS1_IMG_003091,DS1_IMG_003092,IMG_3116_be79e1ce,IMG_3116_be79e1ce,2,2,Necklace,Necklace,train,1,positive,
DS1_IMG_003091__DS1_IMG_003878,DS1_IMG_003091,DS1_IMG_003878,IMG_3116_be79e1ce,IMG_2862_dc66ea02,2,3,Necklace,Pendant,train,0,negative,cross_category
DS1_IMG_003098__DS1_IMG_003099,DS1_IMG_003098,DS1_IMG_003099,IMG_3123_d72cb3a0,IMG_3123_d72cb3a0,2,2,Necklace,Necklace,train,1,positive,
DS1_IMG_003098__DS1_IMG_003100,DS1_IMG_003098,DS1_IMG_003100,IMG_3123_d72cb3a0,IMG_3123_d72cb3a0,2,2,Necklace,Necklace,train,1,positive,
DS1_IMG_003098__DS1_IMG_003847,DS1_IMG_003098,DS1_IMG_003847,IMG_3123_d72cb3a0,IMG_2822_df249f8d,2,3,Necklace,Pendant,train,0,negative,cross_category
DS1_IMG_003098__DS1_IMG_004060,DS1_IMG_003098,DS1_IMG_004060,IMG_3123_d72cb3a0,Screenshot_20181116-204603_1542447556990,2,4,Necklace,Ring,train,0,negative,cross_category
DS1_IMG_003099__DS1_IMG_003100,DS1_IMG_003099,DS1_IMG_003100,IMG_3123_d72cb3a0,IMG_3123_d72cb3a0,2,2,Necklace,Necklace,train,1,positive,
DS1_IMG_003099__DS1_IMG_003715,DS1_IMG_003099,DS1_IMG_003715,IMG_3123_d72cb3a0,IMG_0753_2ca36338,2,3,Necklace,Pendant,train,0,negative,cross_category
DS1_IMG_003101__DS1_IMG_003102,DS1_IMG_003101,DS1_IMG_003102,IMG_3124_2a93b6ae,IMG_3124_2a93b6ae,2,2,Necklace,Necklace,train,1,positive,
DS1_IMG_003101__DS1_IMG_003103,DS1_IMG_003101,DS1_IMG_003103,IMG_3124_2a93b6ae,IMG_3124_2a93b6ae,2,2,Necklace,Necklace,train,1,positive,
DS1_IMG_003102__DS1_IMG_003103,DS1_IMG_003102,DS1_IMG_003103,IMG_3124_2a93b6ae,IMG_3124_2a93b6ae,2,2,Necklace,Necklace,train,1,positive,
DS1_IMG_003103__DS1_IMG_004081,DS1_IMG_003103,DS1_IMG_004081,IMG_3124_2a93b6ae,ring_050,2,4,Necklace,Ring,train,0,negative,cross_category
DS1_IMG_003104__DS1_IMG_003105,DS1_IMG_003104,DS1_IMG_003105,IMG_3130_bfdb7f12,IMG_3130_bfdb7f12,2,2,Necklace,Necklace,train,1,positive,
DS1_IMG_003104__DS1_IMG_003106,DS1_IMG_003104,DS1_IMG_003106,IMG_3130_bfdb7f12,IMG_3130_bfdb7f12,2,2,Necklace,Necklace,train,1,positive,
DS1_IMG_003104__DS1_IMG_004014,DS1_IMG_003104,DS1_IMG_004014,IMG_3130_bfdb7f12,Screenshot_20181116-202707_1542453179073,2,4,Necklace,Ring,train,0,negative,cross_category
DS1_IMG_003105__DS1_IMG_003106,DS1_IMG_003105,DS1_IMG_003106,IMG_3130_bfdb7f12,IMG_3130_bfdb7f12,2,2,Necklace,Necklace,train,1,positive,
DS1_IMG_003107__DS1_IMG_003108,DS1_IMG_003107,DS1_IMG_003108,IMG_3134_e2481f1e,IMG_3134_e2481f1e,2,2,Necklace,Necklace,train,1,positive,
DS1_IMG_003107__DS1_IMG_003109,DS1_IMG_003107,DS1_IMG_003109,IMG_3134_e2481f1e,IMG_3134_e2481f1e,2,2,Necklace,Necklace,train,1,positive,
DS1_IMG_003108__DS1_IMG_003109,DS1_IMG_003108,DS1_IMG_003109,IMG_3134_e2481f1e,IMG_3134_e2481f1e,2,2,Necklace,Necklace,train,1,positive,
DS1_IMG_003113__DS1_IMG_003114,DS1_IMG_003113,DS1_IMG_003114,IMG_3276_76eae12d,IMG_3276_76eae12d,2,2,Necklace,Necklace,train,1,positive,
DS1_IMG_003113__DS1_IMG_003115,DS1_IMG_003113,DS1_IMG_003115,IMG_3276_76eae12d,IMG_3276_76eae12d,2,2,Necklace,Necklace,train,1,positive,
DS1_IMG_003114__DS1_IMG_003115,DS1_IMG_003114,DS1_IMG_003115,IMG_3276_76eae12d,IMG_3276_76eae12d,2,2,Necklace,Necklace,train,1,positive,
DS1_IMG_003114__DS1_IMG_003807,DS1_IMG_003114,DS1_IMG_003807,IMG_3276_76eae12d,IMG_2427_3a6bdae9,2,3,Necklace,Pendant,train,0,negative,cross_category
DS1_IMG_003115__DS1_IMG_004057,DS1_IMG_003115,DS1_IMG_004057,IMG_3276_76eae12d,Screenshot_20181116-204417_1542449390654,2,4,Necklace,Ring,train,0,negative,cross_category
DS1_IMG_003116__DS1_IMG_003117,DS1_IMG_003116,DS1_IMG_003117,IMG_3277_672b3385,IMG_3277_672b3385,2,2,Necklace,Necklace,train,1,positive,
DS1_IMG_003116__DS1_IMG_003118,DS1_IMG_003116,DS1_IMG_003118,IMG_3277_672b3385,IMG_3277_672b3385,2,2,Necklace,Necklace,train,1,positive,
DS1_IMG_003117__DS1_IMG_003118,DS1_IMG_003117,DS1_IMG_003118,IMG_3277_672b3385,IMG_3277_672b3385,2,2,Necklace,Necklace,train,1,positive,
DS1_IMG_003125__DS1_IMG_003126,DS1_IMG_003125,DS1_IMG_003126,IMG_3476_fd33a4ca,IMG_3476_fd33a4ca,2,2,Necklace,Necklace,train,1,positive,
DS1_IMG_003125__DS1_IMG_003127,DS1_IMG_003125,DS1_IMG_003127,IMG_3476_fd33a4ca,IMG_3476_fd33a4ca,2,2,Necklace,Necklace,train,1,positive,
DS1_IMG_003125__DS1_IMG_003706,DS1_IMG_003125,DS1_IMG_003706,IMG_3476_fd33a4ca,IMG_0702_fc96bc4c,2,3,Necklace,Pendant,train,0,negative,cross_category
DS1_IMG_003125__DS1_IMG_003997,DS1_IMG_003125,DS1_IMG_003997,IMG_3476_fd33a4ca,necklace_20241125_122545_94000018,2,3,Necklace,Pendant,train,0,negative,cross_category
DS1_IMG_003126__DS1_IMG_003127,DS1_IMG_003126,DS1_IMG_003127,IMG_3476_fd33a4ca,IMG_3476_fd33a4ca,2,2,Necklace,Necklace,train,1,positive,
DS1_IMG_003126__DS1_IMG_003788,DS1_IMG_003126,DS1_IMG_003788,IMG_3476_fd33a4ca,IMG_2269_56abfe73,2,3,Necklace,Pendant,train,0,negative,cross_category
DS1_IMG_003128__DS1_IMG_003129,DS1_IMG_003128,DS1_IMG_003129,IMG_3482_4e81cc09,IMG_3482_4e81cc09,2,2,Necklace,Necklace,train,1,positive,
DS1_IMG_003128__DS1_IMG_003130,DS1_IMG_003128,DS1_IMG_003130,IMG_3482_4e81cc09,IMG_3482_4e81cc09,2,2,Necklace,Necklace,train,1,positive,
DS1_IMG_003128__DS1_IMG_004091,DS1_IMG_003128,DS1_IMG_004091,IMG_3482_4e81cc09,ring_057,2,4,Necklace,Ring,train,0,negative,cross_category
DS1_IMG_003129__DS1_IMG_003130,DS1_IMG_003129,DS1_IMG_003130,IMG_3482_4e81cc09,IMG_3482_4e81cc09,2,2,Necklace,Necklace,train,1,positive,
DS1_IMG_003137__DS1_IMG_003138,DS1_IMG_003137,DS1_IMG_003138,IMG_3490_b500c066,IMG_3490_b500c066,2,2,Necklace,Necklace,train,1,positive,
DS1_IMG_003137__DS1_IMG_003139,DS1_IMG_003137,DS1_IMG_003139,IMG_3490_b500c066,IMG_3490_b500c066,2,2,Necklace,Necklace,train,1,positive,
DS1_IMG_003137__DS1_IMG_004083,DS1_IMG_003137,DS1_IMG_004083,IMG_3490_b500c066,ring_051,2,4,Necklace,Ring,train,0,negative,cross_category
DS1_IMG_003138__DS1_IMG_003139,DS1_IMG_003138,DS1_IMG_003139,IMG_3490_b500c066,IMG_3490_b500c066,2,2,Necklace,Necklace,train,1,positive,
DS1_IMG_003138__DS1_IMG_004232,DS1_IMG_003138,DS1_IMG_004232,IMG_3490_b500c066,ring_138,2,4,Necklace,Ring,train,0,negative,cross_category
DS1_IMG_003140__DS1_IMG_003141,DS1_IMG_003140,DS1_IMG_003141,IMG_3498_d0c73ec1,IMG_3498_d0c73ec1,2,2,Necklace,Necklace,train,1,positive,
DS1_IMG_003140__DS1_IMG_003142,DS1_IMG_003140,DS1_IMG_003142,IMG_3498_d0c73ec1,IMG_3498_d0c73ec1,2,2,Necklace,Necklace,train,1,positive,
DS1_IMG_003141__DS1_IMG_003142,DS1_IMG_003141,DS1_IMG_003142,IMG_3498_d0c73ec1,IMG_3498_d0c73ec1,2,2,Necklace,Necklace,train,1,positive,
DS1_IMG_003142__DS1_IMG_003690,DS1_IMG_003142,DS1_IMG_003690,IMG_3498_d0c73ec1,IMG_0475_694c48a1,2,3,Necklace,Pendant,train,0,negative,cross_category
DS1_IMG_003143__DS1_IMG_003144,DS1_IMG_003143,DS1_IMG_003144,IMG_3500_57d963ba,IMG_3500_57d963ba,2,2,Necklace,Necklace,train,1,positive,
DS1_IMG_003143__DS1_IMG_003145,DS1_IMG_003143,DS1_IMG_003145,IMG_3500_57d963ba,IMG_3500_57d963ba,2,2,Necklace,Necklace,train,1,positive,
DS1_IMG_003144__DS1_IMG_003145,DS1_IMG_003144,DS1_IMG_003145,IMG_3500_57d963ba,IMG_3500_57d963ba,2,2,Necklace,Necklace,train,1,positive,
DS1_IMG_003146__DS1_IMG_003147,DS1_IMG_003146,DS1_IMG_003147,IMG_3501_59379313,IMG_3501_59379313,2,2,Necklace,Necklace,train,1,positive,
DS1_IMG_003146__DS1_IMG_003148,DS1_IMG_003146,DS1_IMG_003148,IMG_3501_59379313,IMG_3501_59379313,2,2,Necklace,Necklace,train,1,positive,
DS1_IMG_003147__DS1_IMG_003148,DS1_IMG_003147,DS1_IMG_003148,IMG_3501_59379313,IMG_3501_59379313,2,2,Necklace,Necklace,train,1,positive,
DS1_IMG_003148__DS1_IMG_004127,DS1_IMG_003148,DS1_IMG_004127,IMG_3501_59379313,ring_078,2,4,Necklace,Ring,train,0,negative,cross_category
DS1_IMG_003149__DS1_IMG_003150,DS1_IMG_003149,DS1_IMG_003150,IMG_3502_8007ae64,IMG_3502_8007ae64,2,2,Necklace,Necklace,train,1,positive,
DS1_IMG_003149__DS1_IMG_003151,DS1_IMG_003149,DS1_IMG_003151,IMG_3502_8007ae64,IMG_3502_8007ae64,2,2,Necklace,Necklace,train,1,positive,
DS1_IMG_003149__DS1_IMG_004030,DS1_IMG_003149,DS1_IMG_004030,IMG_3502_8007ae64,Screenshot_20181116-203329_1542449759369,2,4,Necklace,Ring,train,0,negative,cross_category
DS1_IMG_003149__DS1_IMG_004219,DS1_IMG_003149,DS1_IMG_004219,IMG_3502_8007ae64,ring_128,2,4,Necklace,Ring,train,0,negative,cross_category
DS1_IMG_003150__DS1_IMG_003151,DS1_IMG_003150,DS1_IMG_003151,IMG_3502_8007ae64,IMG_3502_8007ae64,2,2,Necklace,Necklace,train,1,positive,
DS1_IMG_003152__DS1_IMG_003153,DS1_IMG_003152,DS1_IMG_003153,IMG_3504_2c019508,IMG_3504_2c019508,2,2,Necklace,Necklace,train,1,positive,
DS1_IMG_003152__DS1_IMG_003154,DS1_IMG_003152,DS1_IMG_003154,IMG_3504_2c019508,IMG_3504_2c019508,2,2,Necklace,Necklace,train,1,positive,
DS1_IMG_003153__DS1_IMG_003154,DS1_IMG_003153,DS1_IMG_003154,IMG_3504_2c019508,IMG_3504_2c019508,2,2,Necklace,Necklace,train,1,positive,
DS1_IMG_003154__DS1_IMG_003787,DS1_IMG_003154,DS1_IMG_003787,IMG_3504_2c019508,IMG_2186_10d4d23b,2,3,Necklace,Pendant,train,0,negative,cross_category
DS1_IMG_003154__DS1_IMG_004005,DS1_IMG_003154,DS1_IMG_004005,IMG_3504_2c019508,other_20241125_122403_6020381c,2,3,Necklace,Pendant,train,0,negative,cross_category
DS1_IMG_003155__DS1_IMG_003156,DS1_IMG_003155,DS1_IMG_003156,IMG_3505_da048f3c,IMG_3505_da048f3c,2,2,Necklace,Necklace,train,1,positive,
DS1_IMG_003155__DS1_IMG_003157,DS1_IMG_003155,DS1_IMG_003157,IMG_3505_da048f3c,IMG_3505_da048f3c,2,2,Necklace,Necklace,train,1,positive,
DS1_IMG_003156__DS1_IMG_003157,DS1_IMG_003156,DS1_IMG_003157,IMG_3505_da048f3c,IMG_3505_da048f3c,2,2,Necklace,Necklace,train,1,positive,
DS1_IMG_003156__DS1_IMG_003875,DS1_IMG_003156,DS1_IMG_003875,IMG_3505_da048f3c,IMG_2860_b5be60fb,2,3,Necklace,Pendant,train,0,negative,cross_category
DS1_IMG_003157__DS1_IMG_004163,DS1_IMG_003157,DS1_IMG_004163,IMG_3505_da048f3c,ring_095,2,4,Necklace,Ring,train,0,negative,cross_category
DS1_IMG_003158__DS1_IMG_003159,DS1_IMG_003158,DS1_IMG_003159,IMG_3506_ccb0e380,IMG_3506_ccb0e380,2,2,Necklace,Necklace,train,1,positive,
DS1_IMG_003158__DS1_IMG_003160,DS1_IMG_003158,DS1_IMG_003160,IMG_3506_ccb0e380,IMG_3506_ccb0e380,2,2,Necklace,Necklace,train,1,positive,
DS1_IMG_003159__DS1_IMG_003160,DS1_IMG_003159,DS1_IMG_003160,IMG_3506_ccb0e380,IMG_3506_ccb0e380,2,2,Necklace,Necklace,train,1,positive,
DS1_IMG_003161__DS1_IMG_003162,DS1_IMG_003161,DS1_IMG_003162,IMG_3510_79b9f8e7,IMG_3510_79b9f8e7,2,2,Necklace,Necklace,train,1,positive,
DS1_IMG_003161__DS1_IMG_003163,DS1_IMG_003161,DS1_IMG_003163,IMG_3510_79b9f8e7,IMG_3510_79b9f8e7,2,2,Necklace,Necklace,train,1,positive,
DS1_IMG_003162__DS1_IMG_003163,DS1_IMG_003162,DS1_IMG_003163,IMG_3510_79b9f8e7,IMG_3510_79b9f8e7,2,2,Necklace,Necklace,train,1,positive,
DS1_IMG_003162__DS1_IMG_004171,DS1_IMG_003162,DS1_IMG_004171,IMG_3510_79b9f8e7,ring_097,2,4,Necklace,Ring,train,0,negative,cross_category
DS1_IMG_003164__DS1_IMG_003165,DS1_IMG_003164,DS1_IMG_003165,IMG_3511_e74970e0,IMG_3511_e74970e0,2,2,Necklace,Necklace,train,1,positive,
DS1_IMG_003164__DS1_IMG_003166,DS1_IMG_003164,DS1_IMG_003166,IMG_3511_e74970e0,IMG_3511_e74970e0,2,2,Necklace,Necklace,train,1,positive,
DS1_IMG_003165__DS1_IMG_003166,DS1_IMG_003165,DS1_IMG_003166,IMG_3511_e74970e0,IMG_3511_e74970e0,2,2,Necklace,Necklace,train,1,positive,
DS1_IMG_003170__DS1_IMG_003171,DS1_IMG_003170,DS1_IMG_003171,IMG_3513_b32e41d8,IMG_3513_b32e41d8,2,2,Necklace,Necklace,train,1,positive,
DS1_IMG_003170__DS1_IMG_003172,DS1_IMG_003170,DS1_IMG_003172,IMG_3513_b32e41d8,IMG_3513_b32e41d8,2,2,Necklace,Necklace,train,1,positive,
DS1_IMG_003170__DS1_IMG_003929,DS1_IMG_003170,DS1_IMG_003929,IMG_3513_b32e41d8,IMG_2931_6b15625f,2,3,Necklace,Pendant,train,0,negative,cross_category
DS1_IMG_003171__DS1_IMG_003172,DS1_IMG_003171,DS1_IMG_003172,IMG_3513_b32e41d8,IMG_3513_b32e41d8,2,2,Necklace,Necklace,train,1,positive,
DS1_IMG_003173__DS1_IMG_003174,DS1_IMG_003173,DS1_IMG_003174,IMG_3514_31829c59,IMG_3514_31829c59,2,2,Necklace,Necklace,train,1,positive,
DS1_IMG_003173__DS1_IMG_003175,DS1_IMG_003173,DS1_IMG_003175,IMG_3514_31829c59,IMG_3514_31829c59,2,2,Necklace,Necklace,train,1,positive,
DS1_IMG_003174__DS1_IMG_003175,DS1_IMG_003174,DS1_IMG_003175,IMG_3514_31829c59,IMG_3514_31829c59,2,2,Necklace,Necklace,train,1,positive,
DS1_IMG_003176__DS1_IMG_003177,DS1_IMG_003176,DS1_IMG_003177,IMG_3517_187dfeb1,IMG_3517_187dfeb1,2,2,Necklace,Necklace,train,1,positive,
DS1_IMG_003176__DS1_IMG_003178,DS1_IMG_003176,DS1_IMG_003178,IMG_3517_187dfeb1,IMG_3517_187dfeb1,2,2,Necklace,Necklace,train,1,positive,
DS1_IMG_003176__DS1_IMG_004068,DS1_IMG_003176,DS1_IMG_004068,IMG_3517_187dfeb1,ring_044,2,4,Necklace,Ring,train,0,negative,cross_category
DS1_IMG_003176__DS1_IMG_004138,DS1_IMG_003176,DS1_IMG_004138,IMG_3517_187dfeb1,ring_084,2,4,Necklace,Ring,train,0,negative,cross_category
DS1_IMG_003177__DS1_IMG_003178,DS1_IMG_003177,DS1_IMG_003178,IMG_3517_187dfeb1,IMG_3517_187dfeb1,2,2,Necklace,Necklace,train,1,positive,
DS1_IMG_003178__DS1_IMG_003983,DS1_IMG_003178,DS1_IMG_003983,IMG_3517_187dfeb1,necklace_20241125_122545_3efef2e3,2,3,Necklace,Pendant,train,0,negative,cross_category
DS1_IMG_003178__DS1_IMG_004130,DS1_IMG_003178,DS1_IMG_004130,IMG_3517_187dfeb1,ring_080,2,4,Necklace,Ring,train,0,negative,cross_category
DS1_IMG_003179__DS1_IMG_003180,DS1_IMG_003179,DS1_IMG_003180,IMG_3518_909c4cb9,IMG_3518_909c4cb9,2,2,Necklace,Necklace,train,1,positive,
DS1_IMG_003179__DS1_IMG_003181,DS1_IMG_003179,DS1_IMG_003181,IMG_3518_909c4cb9,IMG_3518_909c4cb9,2,2,Necklace,Necklace,train,1,positive,
DS1_IMG_003179__DS1_IMG_003799,DS1_IMG_003179,DS1_IMG_003799,IMG_3518_909c4cb9,IMG_2371_c0acc0f4,2,3,Necklace,Pendant,train,0,negative,cross_category
DS1_IMG_003180__DS1_IMG_003181,DS1_IMG_003180,DS1_IMG_003181,IMG_3518_909c4cb9,IMG_3518_909c4cb9,2,2,Necklace,Necklace,train,1,positive,
DS1_IMG_003180__DS1_IMG_004085,DS1_IMG_003180,DS1_IMG_004085,IMG_3518_909c4cb9,ring_054,2,4,Necklace,Ring,train,0,negative,cross_category
DS1_IMG_003181__DS1_IMG_003873,DS1_IMG_003181,DS1_IMG_003873,IMG_3518_909c4cb9,IMG_2856_b3d7e108,2,3,Necklace,Pendant,train,0,negative,cross_category
DS1_IMG_003182__DS1_IMG_003183,DS1_IMG_003182,DS1_IMG_003183,IMG_3519_7323be36,IMG_3519_7323be36,2,2,Necklace,Necklace,train,1,positive,
DS1_IMG_003182__DS1_IMG_003184,DS1_IMG_003182,DS1_IMG_003184,IMG_3519_7323be36,IMG_3519_7323be36,2,2,Necklace,Necklace,train,1,positive,
DS1_IMG_003183__DS1_IMG_003184,DS1_IMG_003183,DS1_IMG_003184,IMG_3519_7323be36,IMG_3519_7323be36,2,2,Necklace,Necklace,train,1,positive,
DS1_IMG_003185__DS1_IMG_003186,DS1_IMG_003185,DS1_IMG_003186,IMG_3521_16d62444,IMG_3521_16d62444,2,2,Necklace,Necklace,train,1,positive,
DS1_IMG_003185__DS1_IMG_003187,DS1_IMG_003185,DS1_IMG_003187,IMG_3521_16d62444,IMG_3521_16d62444,2,2,Necklace,Necklace,train,1,positive,
DS1_IMG_003186__DS1_IMG_003187,DS1_IMG_003186,DS1_IMG_003187,IMG_3521_16d62444,IMG_3521_16d62444,2,2,Necklace,Necklace,train,1,positive,
DS1_IMG_003188__DS1_IMG_003189,DS1_IMG_003188,DS1_IMG_003189,IMG_3523_8c03d88c,IMG_3523_8c03d88c,2,2,Necklace,Necklace,train,1,positive,
DS1_IMG_003188__DS1_IMG_003190,DS1_IMG_003188,DS1_IMG_003190,IMG_3523_8c03d88c,IMG_3523_8c03d88c,2,2,Necklace,Necklace,train,1,positive,
DS1_IMG_003189__DS1_IMG_003190,DS1_IMG_003189,DS1_IMG_003190,IMG_3523_8c03d88c,IMG_3523_8c03d88c,2,2,Necklace,Necklace,train,1,positive,
DS1_IMG_003191__DS1_IMG_003192,DS1_IMG_003191,DS1_IMG_003192,IMG_3525_becb64af,IMG_3525_becb64af,2,2,Necklace,Necklace,train,1,positive,
DS1_IMG_003191__DS1_IMG_003193,DS1_IMG_003191,DS1_IMG_003193,IMG_3525_becb64af,IMG_3525_becb64af,2,2,Necklace,Necklace,train,1,positive,
DS1_IMG_003191__DS1_IMG_003951,DS1_IMG_003191,DS1_IMG_003951,IMG_3525_becb64af,IMG_3508_c0ed2d28,2,3,Necklace,Pendant,train,0,negative,cross_category
DS1_IMG_003192__DS1_IMG_003193,DS1_IMG_003192,DS1_IMG_003193,IMG_3525_becb64af,IMG_3525_becb64af,2,2,Necklace,Necklace,train,1,positive,
DS1_IMG_003193__DS1_IMG_003937,DS1_IMG_003193,DS1_IMG_003937,IMG_3525_becb64af,IMG_2936_bba41476,2,3,Necklace,Pendant,train,0,negative,cross_category
DS1_IMG_003194__DS1_IMG_003195,DS1_IMG_003194,DS1_IMG_003195,IMG_3526_064ec0f8,IMG_3526_064ec0f8,2,2,Necklace,Necklace,train,1,positive,
DS1_IMG_003194__DS1_IMG_003196,DS1_IMG_003194,DS1_IMG_003196,IMG_3526_064ec0f8,IMG_3526_064ec0f8,2,2,Necklace,Necklace,train,1,positive,
DS1_IMG_003195__DS1_IMG_003196,DS1_IMG_003195,DS1_IMG_003196,IMG_3526_064ec0f8,IMG_3526_064ec0f8,2,2,Necklace,Necklace,train,1,positive,
DS1_IMG_003197__DS1_IMG_003198,DS1_IMG_003197,DS1_IMG_003198,IMG_3527_2566d6c8,IMG_3527_2566d6c8,2,2,Necklace,Necklace,train,1,positive,
DS1_IMG_003197__DS1_IMG_003199,DS1_IMG_003197,DS1_IMG_003199,IMG_3527_2566d6c8,IMG_3527_2566d6c8,2,2,Necklace,Necklace,train,1,positive,
DS1_IMG_003198__DS1_IMG_003199,DS1_IMG_003198,DS1_IMG_003199,IMG_3527_2566d6c8,IMG_3527_2566d6c8,2,2,Necklace,Necklace,train,1,positive,
DS1_IMG_003200__DS1_IMG_003201,DS1_IMG_003200,DS1_IMG_003201,IMG_3528_0b18fef2,IMG_3528_0b18fef2,2,2,Necklace,Necklace,train,1,positive,
DS1_IMG_003200__DS1_IMG_003202,DS1_IMG_003200,DS1_IMG_003202,IMG_3528_0b18fef2,IMG_3528_0b18fef2,2,2,Necklace,Necklace,train,1,positive,
DS1_IMG_003201__DS1_IMG_003202,DS1_IMG_003201,DS1_IMG_003202,IMG_3528_0b18fef2,IMG_3528_0b18fef2,2,2,Necklace,Necklace,train,1,positive,
DS1_IMG_003202__DS1_IMG_004027,DS1_IMG_003202,DS1_IMG_004027,IMG_3528_0b18fef2,Screenshot_20181116-203109_1542449890237,2,4,Necklace,Ring,train,0,negative,cross_category
DS1_IMG_003209__DS1_IMG_003210,DS1_IMG_003209,DS1_IMG_003210,IMG_3531_dfe99abf,IMG_3531_dfe99abf,2,2,Necklace,Necklace,train,1,positive,
DS1_IMG_003209__DS1_IMG_003211,DS1_IMG_003209,DS1_IMG_003211,IMG_3531_dfe99abf,IMG_3531_dfe99abf,2,2,Necklace,Necklace,train,1,positive,
DS1_IMG_003209__DS1_IMG_003744,DS1_IMG_003209,DS1_IMG_003744,IMG_3531_dfe99abf,IMG_0863_4e8ef7be,2,3,Necklace,Pendant,train,0,negative,cross_category
DS1_IMG_003210__DS1_IMG_003211,DS1_IMG_003210,DS1_IMG_003211,IMG_3531_dfe99abf,IMG_3531_dfe99abf,2,2,Necklace,Necklace,train,1,positive,
DS1_IMG_003212__DS1_IMG_003213,DS1_IMG_003212,DS1_IMG_003213,IMG_3532_fa6f730f,IMG_3532_fa6f730f,2,2,Necklace,Necklace,train,1,positive,
DS1_IMG_003212__DS1_IMG_003214,DS1_IMG_003212,DS1_IMG_003214,IMG_3532_fa6f730f,IMG_3532_fa6f730f,2,2,Necklace,Necklace,train,1,positive,
DS1_IMG_003213__DS1_IMG_003214,DS1_IMG_003213,DS1_IMG_003214,IMG_3532_fa6f730f,IMG_3532_fa6f730f,2,2,Necklace,Necklace,train,1,positive,
DS1_IMG_003218__DS1_IMG_003219,DS1_IMG_003218,DS1_IMG_003219,IMG_3536_67ab1a81,IMG_3536_67ab1a81,2,2,Necklace,Necklace,train,1,positive,
DS1_IMG_003218__DS1_IMG_003220,DS1_IMG_003218,DS1_IMG_003220,IMG_3536_67ab1a81,IMG_3536_67ab1a81,2,2,Necklace,Necklace,train,1,positive,
DS1_IMG_003218__DS1_IMG_004129,DS1_IMG_003218,DS1_IMG_004129,IMG_3536_67ab1a81,ring_080,2,4,Necklace,Ring,train,0,negative,cross_category
DS1_IMG_003219__DS1_IMG_003220,DS1_IMG_003219,DS1_IMG_003220,IMG_3536_67ab1a81,IMG_3536_67ab1a81,2,2,Necklace,Necklace,train,1,positive,
DS1_IMG_003220__DS1_IMG_003968,DS1_IMG_003220,DS1_IMG_003968,IMG_3536_67ab1a81,necklace_20241125_122545_08081c1c,2,3,Necklace,Pendant,train,0,negative,cross_category
DS1_IMG_003227__DS1_IMG_003228,DS1_IMG_003227,DS1_IMG_003228,IMG_3539_6501eebb,IMG_3539_6501eebb,2,2,Necklace,Necklace,train,1,positive,
DS1_IMG_003227__DS1_IMG_003229,DS1_IMG_003227,DS1_IMG_003229,IMG_3539_6501eebb,IMG_3539_6501eebb,2,2,Necklace,Necklace,train,1,positive,
DS1_IMG_003227__DS1_IMG_003742,DS1_IMG_003227,DS1_IMG_003742,IMG_3539_6501eebb,IMG_0862_36a7b364,2,3,Necklace,Pendant,train,0,negative,cross_category
DS1_IMG_003228__DS1_IMG_003229,DS1_IMG_003228,DS1_IMG_003229,IMG_3539_6501eebb,IMG_3539_6501eebb,2,2,Necklace,Necklace,train,1,positive,
DS1_IMG_003230__DS1_IMG_003231,DS1_IMG_003230,DS1_IMG_003231,IMG_3540_c66b20e8,IMG_3540_c66b20e8,2,2,Necklace,Necklace,train,1,positive,
DS1_IMG_003230__DS1_IMG_003232,DS1_IMG_003230,DS1_IMG_003232,IMG_3540_c66b20e8,IMG_3540_c66b20e8,2,2,Necklace,Necklace,train,1,positive,
DS1_IMG_003231__DS1_IMG_003232,DS1_IMG_003231,DS1_IMG_003232,IMG_3540_c66b20e8,IMG_3540_c66b20e8,2,2,Necklace,Necklace,train,1,positive,
DS1_IMG_003231__DS1_IMG_004111,DS1_IMG_003231,DS1_IMG_004111,IMG_3540_c66b20e8,ring_071,2,4,Necklace,Ring,train,0,negative,cross_category
DS1_IMG_003233__DS1_IMG_003234,DS1_IMG_003233,DS1_IMG_003234,IMG_3542_6f3662d1,IMG_3542_6f3662d1,2,2,Necklace,Necklace,train,1,positive,
DS1_IMG_003233__DS1_IMG_003235,DS1_IMG_003233,DS1_IMG_003235,IMG_3542_6f3662d1,IMG_3542_6f3662d1,2,2,Necklace,Necklace,train,1,positive,
DS1_IMG_003233__DS1_IMG_004006,DS1_IMG_003233,DS1_IMG_004006,IMG_3542_6f3662d1,other_20241125_122403_6020381c,2,3,Necklace,Pendant,train,0,negative,cross_category
DS1_IMG_003234__DS1_IMG_003235,DS1_IMG_003234,DS1_IMG_003235,IMG_3542_6f3662d1,IMG_3542_6f3662d1,2,2,Necklace,Necklace,train,1,positive,
DS1_IMG_003235__DS1_IMG_003845,DS1_IMG_003235,DS1_IMG_003845,IMG_3542_6f3662d1,IMG_2822_df249f8d,2,3,Necklace,Pendant,train,0,negative,cross_category
DS1_IMG_003235__DS1_IMG_004131,DS1_IMG_003235,DS1_IMG_004131,IMG_3542_6f3662d1,ring_082,2,4,Necklace,Ring,train,0,negative,cross_category
DS1_IMG_003236__DS1_IMG_003237,DS1_IMG_003236,DS1_IMG_003237,IMG_3543_1d658345,IMG_3543_1d658345,2,2,Necklace,Necklace,train,1,positive,
DS1_IMG_003236__DS1_IMG_003238,DS1_IMG_003236,DS1_IMG_003238,IMG_3543_1d658345,IMG_3543_1d658345,2,2,Necklace,Necklace,train,1,positive,
DS1_IMG_003237__DS1_IMG_003238,DS1_IMG_003237,DS1_IMG_003238,IMG_3543_1d658345,IMG_3543_1d658345,2,2,Necklace,Necklace,train,1,positive,
DS1_IMG_003238__DS1_IMG_004322,DS1_IMG_003238,DS1_IMG_004322,IMG_3543_1d658345,ring_192,2,4,Necklace,Ring,train,0,negative,cross_category
DS1_IMG_003239__DS1_IMG_003240,DS1_IMG_003239,DS1_IMG_003240,IMG_3547_6e60f95c,IMG_3547_6e60f95c,2,2,Necklace,Necklace,train,1,positive,
DS1_IMG_003240__DS1_IMG_004054,DS1_IMG_003240,DS1_IMG_004054,IMG_3547_6e60f95c,Screenshot_20181116-204359_1542449415504,2,4,Necklace,Ring,train,0,negative,cross_category
DS1_IMG_003240__DS1_IMG_004254,DS1_IMG_003240,DS1_IMG_004254,IMG_3547_6e60f95c,ring_154,2,4,Necklace,Ring,train,0,negative,cross_category
DS1_IMG_003241__DS1_IMG_003242,DS1_IMG_003241,DS1_IMG_003242,IMG_3551_bb7628cc,IMG_3551_bb7628cc,2,2,Necklace,Necklace,train,1,positive,
DS1_IMG_003241__DS1_IMG_003243,DS1_IMG_003241,DS1_IMG_003243,IMG_3551_bb7628cc,IMG_3551_bb7628cc,2,2,Necklace,Necklace,train,1,positive,
DS1_IMG_003242__DS1_IMG_003243,DS1_IMG_003242,DS1_IMG_003243,IMG_3551_bb7628cc,IMG_3551_bb7628cc,2,2,Necklace,Necklace,train,1,positive,
DS1_IMG_003244__DS1_IMG_003245,DS1_IMG_003244,DS1_IMG_003245,IMG_3552_75bc4506,IMG_3552_75bc4506,2,2,Necklace,Necklace,train,1,positive,
DS1_IMG_003244__DS1_IMG_003246,DS1_IMG_003244,DS1_IMG_003246,IMG_3552_75bc4506,IMG_3552_75bc4506,2,2,Necklace,Necklace,train,1,positive,
DS1_IMG_003245__DS1_IMG_003246,DS1_IMG_003245,DS1_IMG_003246,IMG_3552_75bc4506,IMG_3552_75bc4506,2,2,Necklace,Necklace,train,1,positive,
DS1_IMG_003247__DS1_IMG_003248,DS1_IMG_003247,DS1_IMG_003248,IMG_3553_3e30796c,IMG_3553_3e30796c,2,2,Necklace,Necklace,train,1,positive,
DS1_IMG_003247__DS1_IMG_003249,DS1_IMG_003247,DS1_IMG_003249,IMG_3553_3e30796c,IMG_3553_3e30796c,2,2,Necklace,Necklace,train,1,positive,
DS1_IMG_003247__DS1_IMG_004001,DS1_IMG_003247,DS1_IMG_004001,IMG_3553_3e30796c,necklace_79,2,3,Necklace,Pendant,train,0,negative,cross_category
DS1_IMG_003248__DS1_IMG_003249,DS1_IMG_003248,DS1_IMG_003249,IMG_3553_3e30796c,IMG_3553_3e30796c,2,2,Necklace,Necklace,train,1,positive,
DS1_IMG_003250__DS1_IMG_003251,DS1_IMG_003250,DS1_IMG_003251,IMG_3554_8749868f,IMG_3554_8749868f,2,2,Necklace,Necklace,train,1,positive,
DS1_IMG_003250__DS1_IMG_003252,DS1_IMG_003250,DS1_IMG_003252,IMG_3554_8749868f,IMG_3554_8749868f,2,2,Necklace,Necklace,train,1,positive,
DS1_IMG_003251__DS1_IMG_003252,DS1_IMG_003251,DS1_IMG_003252,IMG_3554_8749868f,IMG_3554_8749868f,2,2,Necklace,Necklace,train,1,positive,
DS1_IMG_003253__DS1_IMG_003254,DS1_IMG_003253,DS1_IMG_003254,IMG_3555_d208e7d8,IMG_3555_d208e7d8,2,2,Necklace,Necklace,train,1,positive,
DS1_IMG_003253__DS1_IMG_003255,DS1_IMG_003253,DS1_IMG_003255,IMG_3555_d208e7d8,IMG_3555_d208e7d8,2,2,Necklace,Necklace,train,1,positive,
DS1_IMG_003254__DS1_IMG_003255,DS1_IMG_003254,DS1_IMG_003255,IMG_3555_d208e7d8,IMG_3555_d208e7d8,2,2,Necklace,Necklace,train,1,positive,
DS1_IMG_003255__DS1_IMG_003993,DS1_IMG_003255,DS1_IMG_003993,IMG_3555_d208e7d8,necklace_20241125_122545_8181cfe3,2,3,Necklace,Pendant,train,0,negative,cross_category
DS1_IMG_003256__DS1_IMG_003257,DS1_IMG_003256,DS1_IMG_003257,IMG_3556_0fce9386,IMG_3556_0fce9386,2,2,Necklace,Necklace,train,1,positive,
DS1_IMG_003256__DS1_IMG_003258,DS1_IMG_003256,DS1_IMG_003258,IMG_3556_0fce9386,IMG_3556_0fce9386,2,2,Necklace,Necklace,train,1,positive,
DS1_IMG_003257__DS1_IMG_003258,DS1_IMG_003257,DS1_IMG_003258,IMG_3556_0fce9386,IMG_3556_0fce9386,2,2,Necklace,Necklace,train,1,positive,
DS1_IMG_003257__DS1_IMG_003905,DS1_IMG_003257,DS1_IMG_003905,IMG_3556_0fce9386,IMG_2907_4bcb0ae7,2,3,Necklace,Pendant,train,0,negative,cross_category
DS1_IMG_003258__DS1_IMG_004213,DS1_IMG_003258,DS1_IMG_004213,IMG_3556_0fce9386,ring_123,2,4,Necklace,Ring,train,0,negative,cross_category
DS1_IMG_003259__DS1_IMG_003260,DS1_IMG_003259,DS1_IMG_003260,IMG_3557_ce569c23,IMG_3557_ce569c23,2,2,Necklace,Necklace,train,1,positive,
DS1_IMG_003259__DS1_IMG_003261,DS1_IMG_003259,DS1_IMG_003261,IMG_3557_ce569c23,IMG_3557_ce569c23,2,2,Necklace,Necklace,train,1,positive,
DS1_IMG_003259__DS1_IMG_004128,DS1_IMG_003259,DS1_IMG_004128,IMG_3557_ce569c23,ring_080,2,4,Necklace,Ring,train,0,negative,cross_category
DS1_IMG_003259__DS1_IMG_004252,DS1_IMG_003259,DS1_IMG_004252,IMG_3557_ce569c23,ring_154,2,4,Necklace,Ring,train,0,negative,cross_category
DS1_IMG_003260__DS1_IMG_003261,DS1_IMG_003260,DS1_IMG_003261,IMG_3557_ce569c23,IMG_3557_ce569c23,2,2,Necklace,Necklace,train,1,positive,
DS1_IMG_003261__DS1_IMG_003705,DS1_IMG_003261,DS1_IMG_003705,IMG_3557_ce569c23,IMG_0702_fc96bc4c,2,3,Necklace,Pendant,train,0,negative,cross_category
DS1_IMG_003261__DS1_IMG_004104,DS1_IMG_003261,DS1_IMG_004104,IMG_3557_ce569c23,ring_065,2,4,Necklace,Ring,train,0,negative,cross_category
DS1_IMG_003262__DS1_IMG_003263,DS1_IMG_003262,DS1_IMG_003263,IMG_3558_d416ae4f,IMG_3558_d416ae4f,2,2,Necklace,Necklace,train,1,positive,
DS1_IMG_003262__DS1_IMG_003264,DS1_IMG_003262,DS1_IMG_003264,IMG_3558_d416ae4f,IMG_3558_d416ae4f,2,2,Necklace,Necklace,train,1,positive,
DS1_IMG_003263__DS1_IMG_003264,DS1_IMG_003263,DS1_IMG_003264,IMG_3558_d416ae4f,IMG_3558_d416ae4f,2,2,Necklace,Necklace,train,1,positive,
DS1_IMG_003263__DS1_IMG_004308,DS1_IMG_003263,DS1_IMG_004308,IMG_3558_d416ae4f,ring_184,2,4,Necklace,Ring,train,0,negative,cross_category
DS1_IMG_003264__DS1_IMG_004120,DS1_IMG_003264,DS1_IMG_004120,IMG_3558_d416ae4f,ring_076,2,4,Necklace,Ring,train,0,negative,cross_category
DS1_IMG_003265__DS1_IMG_003266,DS1_IMG_003265,DS1_IMG_003266,IMG_3568_63f8bc12,IMG_3568_63f8bc12,2,2,Necklace,Necklace,train,1,positive,
DS1_IMG_003265__DS1_IMG_003267,DS1_IMG_003265,DS1_IMG_003267,IMG_3568_63f8bc12,IMG_3568_63f8bc12,2,2,Necklace,Necklace,train,1,positive,
DS1_IMG_003266__DS1_IMG_003267,DS1_IMG_003266,DS1_IMG_003267,IMG_3568_63f8bc12,IMG_3568_63f8bc12,2,2,Necklace,Necklace,train,1,positive,
DS1_IMG_003267__DS1_IMG_004021,DS1_IMG_003267,DS1_IMG_004021,IMG_3568_63f8bc12,Screenshot_20181116-202936_1542450027786,2,4,Necklace,Ring,train,0,negative,cross_category
DS1_IMG_003268__DS1_IMG_003269,DS1_IMG_003268,DS1_IMG_003269,IMG_3569_cca2c3b5,IMG_3569_cca2c3b5,2,2,Necklace,Necklace,train,1,positive,
DS1_IMG_003268__DS1_IMG_003270,DS1_IMG_003268,DS1_IMG_003270,IMG_3569_cca2c3b5,IMG_3569_cca2c3b5,2,2,Necklace,Necklace,train,1,positive,
DS1_IMG_003269__DS1_IMG_003270,DS1_IMG_003269,DS1_IMG_003270,IMG_3569_cca2c3b5,IMG_3569_cca2c3b5,2,2,Necklace,Necklace,train,1,positive,
DS1_IMG_003274__DS1_IMG_003275,DS1_IMG_003274,DS1_IMG_003275,IMG_3571_ea276189,IMG_3571_ea276189,2,2,Necklace,Necklace,train,1,positive,
DS1_IMG_003274__DS1_IMG_003276,DS1_IMG_003274,DS1_IMG_003276,IMG_3571_ea276189,IMG_3571_ea276189,2,2,Necklace,Necklace,train,1,positive,
DS1_IMG_003275__DS1_IMG_003276,DS1_IMG_003275,DS1_IMG_003276,IMG_3571_ea276189,IMG_3571_ea276189,2,2,Necklace,Necklace,train,1,positive,
DS1_IMG_003275__DS1_IMG_003882,DS1_IMG_003275,DS1_IMG_003882,IMG_3571_ea276189,IMG_2870_451f1def,2,3,Necklace,Pendant,train,0,negative,cross_category
DS1_IMG_003277__DS1_IMG_003278,DS1_IMG_003277,DS1_IMG_003278,IMG_3572_1f326fc2,IMG_3572_1f326fc2,2,2,Necklace,Necklace,train,1,positive,
DS1_IMG_003277__DS1_IMG_003279,DS1_IMG_003277,DS1_IMG_003279,IMG_3572_1f326fc2,IMG_3572_1f326fc2,2,2,Necklace,Necklace,train,1,positive,
DS1_IMG_003278__DS1_IMG_003279,DS1_IMG_003278,DS1_IMG_003279,IMG_3572_1f326fc2,IMG_3572_1f326fc2,2,2,Necklace,Necklace,train,1,positive,
DS1_IMG_003278__DS1_IMG_004219,DS1_IMG_003278,DS1_IMG_004219,IMG_3572_1f326fc2,ring_128,2,4,Necklace,Ring,train,0,negative,cross_category
DS1_IMG_003280__DS1_IMG_003281,DS1_IMG_003280,DS1_IMG_003281,IMG_3573_5a273ac1,IMG_3573_5a273ac1,2,2,Necklace,Necklace,train,1,positive,
DS1_IMG_003280__DS1_IMG_003282,DS1_IMG_003280,DS1_IMG_003282,IMG_3573_5a273ac1,IMG_3573_5a273ac1,2,2,Necklace,Necklace,train,1,positive,
DS1_IMG_003281__DS1_IMG_003282,DS1_IMG_003281,DS1_IMG_003282,IMG_3573_5a273ac1,IMG_3573_5a273ac1,2,2,Necklace,Necklace,train,1,positive,
DS1_IMG_003283__DS1_IMG_003284,DS1_IMG_003283,DS1_IMG_003284,IMG_3576_ef2345f5,IMG_3576_ef2345f5,2,2,Necklace,Necklace,train,1,positive,
DS1_IMG_003283__DS1_IMG_003285,DS1_IMG_003283,DS1_IMG_003285,IMG_3576_ef2345f5,IMG_3576_ef2345f5,2,2,Necklace,Necklace,train,1,positive,
DS1_IMG_003283__DS1_IMG_004087,DS1_IMG_003283,DS1_IMG_004087,IMG_3576_ef2345f5,ring_055,2,4,Necklace,Ring,train,0,negative,cross_category
DS1_IMG_003284__DS1_IMG_003285,DS1_IMG_003284,DS1_IMG_003285,IMG_3576_ef2345f5,IMG_3576_ef2345f5,2,2,Necklace,Necklace,train,1,positive,
DS1_IMG_003284__DS1_IMG_003764,DS1_IMG_003284,DS1_IMG_003764,IMG_3576_ef2345f5,IMG_1372_c936a18b,2,3,Necklace,Pendant,train,0,negative,cross_category
DS1_IMG_003285__DS1_IMG_003755,DS1_IMG_003285,DS1_IMG_003755,IMG_3576_ef2345f5,IMG_0911_ecd59d89,2,3,Necklace,Pendant,train,0,negative,cross_category
DS1_IMG_003286__DS1_IMG_003287,DS1_IMG_003286,DS1_IMG_003287,IMG_3577_cef96435,IMG_3577_cef96435,2,2,Necklace,Necklace,train,1,positive,
DS1_IMG_003286__DS1_IMG_003288,DS1_IMG_003286,DS1_IMG_003288,IMG_3577_cef96435,IMG_3577_cef96435,2,2,Necklace,Necklace,train,1,positive,
DS1_IMG_003286__DS1_IMG_003842,DS1_IMG_003286,DS1_IMG_003842,IMG_3577_cef96435,IMG_2821_d4955818,2,3,Necklace,Pendant,train,0,negative,cross_category
DS1_IMG_003286__DS1_IMG_004048,DS1_IMG_003286,DS1_IMG_004048,IMG_3577_cef96435,Screenshot_20181116-204235_1542449500589,2,4,Necklace,Ring,train,0,negative,cross_category
DS1_IMG_003287__DS1_IMG_003288,DS1_IMG_003287,DS1_IMG_003288,IMG_3577_cef96435,IMG_3577_cef96435,2,2,Necklace,Necklace,train,1,positive,
DS1_IMG_003287__DS1_IMG_003828,DS1_IMG_003287,DS1_IMG_003828,IMG_3577_cef96435,IMG_2513_2e38170a,2,3,Necklace,Pendant,train,0,negative,cross_category
DS1_IMG_003289__DS1_IMG_003290,DS1_IMG_003289,DS1_IMG_003290,IMG_3578_a65f2d66,IMG_3578_a65f2d66,2,2,Necklace,Necklace,train,1,positive,
DS1_IMG_003289__DS1_IMG_003291,DS1_IMG_003289,DS1_IMG_003291,IMG_3578_a65f2d66,IMG_3578_a65f2d66,2,2,Necklace,Necklace,train,1,positive,
DS1_IMG_003289__DS1_IMG_003741,DS1_IMG_003289,DS1_IMG_003741,IMG_3578_a65f2d66,IMG_0862_36a7b364,2,3,Necklace,Pendant,train,0,negative,cross_category
DS1_IMG_003290__DS1_IMG_003291,DS1_IMG_003290,DS1_IMG_003291,IMG_3578_a65f2d66,IMG_3578_a65f2d66,2,2,Necklace,Necklace,train,1,positive,
DS1_IMG_003290__DS1_IMG_004006,DS1_IMG_003290,DS1_IMG_004006,IMG_3578_a65f2d66,other_20241125_122403_6020381c,2,3,Necklace,Pendant,train,0,negative,cross_category
DS1_IMG_003292__DS1_IMG_003293,DS1_IMG_003292,DS1_IMG_003293,IMG_3579_8d4406ca,IMG_3579_8d4406ca,2,2,Necklace,Necklace,train,1,positive,
DS1_IMG_003292__DS1_IMG_003294,DS1_IMG_003292,DS1_IMG_003294,IMG_3579_8d4406ca,IMG_3579_8d4406ca,2,2,Necklace,Necklace,train,1,positive,
DS1_IMG_003292__DS1_IMG_003737,DS1_IMG_003292,DS1_IMG_003737,IMG_3579_8d4406ca,IMG_0860_40d0505f,2,3,Necklace,Pendant,train,0,negative,cross_category
DS1_IMG_003293__DS1_IMG_003294,DS1_IMG_003293,DS1_IMG_003294,IMG_3579_8d4406ca,IMG_3579_8d4406ca,2,2,Necklace,Necklace,train,1,positive,
DS1_IMG_003295__DS1_IMG_003296,DS1_IMG_003295,DS1_IMG_003296,IMG_3582_8b546d7a,IMG_3582_8b546d7a,2,2,Necklace,Necklace,train,1,positive,
DS1_IMG_003295__DS1_IMG_003297,DS1_IMG_003295,DS1_IMG_003297,IMG_3582_8b546d7a,IMG_3582_8b546d7a,2,2,Necklace,Necklace,train,1,positive,
DS1_IMG_003295__DS1_IMG_004312,DS1_IMG_003295,DS1_IMG_004312,IMG_3582_8b546d7a,ring_185,2,4,Necklace,Ring,train,0,negative,cross_category
DS1_IMG_003296__DS1_IMG_003297,DS1_IMG_003296,DS1_IMG_003297,IMG_3582_8b546d7a,IMG_3582_8b546d7a,2,2,Necklace,Necklace,train,1,positive,
DS1_IMG_003297__DS1_IMG_003755,DS1_IMG_003297,DS1_IMG_003755,IMG_3582_8b546d7a,IMG_0911_ecd59d89,2,3,Necklace,Pendant,train,0,negative,cross_category
DS1_IMG_003298__DS1_IMG_003299,DS1_IMG_003298,DS1_IMG_003299,IMG_3586_074708cd,IMG_3586_074708cd,2,2,Necklace,Necklace,train,1,positive,
DS1_IMG_003298__DS1_IMG_003300,DS1_IMG_003298,DS1_IMG_003300,IMG_3586_074708cd,IMG_3586_074708cd,2,2,Necklace,Necklace,train,1,positive,
DS1_IMG_003298__DS1_IMG_004023,DS1_IMG_003298,DS1_IMG_004023,IMG_3586_074708cd,Screenshot_20181116-202936_1542450027786,2,4,Necklace,Ring,train,0,negative,cross_category
DS1_IMG_003299__DS1_IMG_003300,DS1_IMG_003299,DS1_IMG_003300,IMG_3586_074708cd,IMG_3586_074708cd,2,2,Necklace,Necklace,train,1,positive,
DS1_IMG_003299__DS1_IMG_004105,DS1_IMG_003299,DS1_IMG_004105,IMG_3586_074708cd,ring_067,2,4,Necklace,Ring,train,0,negative,cross_category
DS1_IMG_003300__DS1_IMG_003799,DS1_IMG_003300,DS1_IMG_003799,IMG_3586_074708cd,IMG_2371_c0acc0f4,2,3,Necklace,Pendant,train,0,negative,cross_category
DS1_IMG_003301__DS1_IMG_003302,DS1_IMG_003301,DS1_IMG_003302,IMG_3587_a47eb22e,IMG_3587_a47eb22e,2,2,Necklace,Necklace,train,1,positive,
DS1_IMG_003301__DS1_IMG_003303,DS1_IMG_003301,DS1_IMG_003303,IMG_3587_a47eb22e,IMG_3587_a47eb22e,2,2,Necklace,Necklace,train,1,positive,
DS1_IMG_003301__DS1_IMG_003689,DS1_IMG_003301,DS1_IMG_003689,IMG_3587_a47eb22e,IMG_0475_694c48a1,2,3,Necklace,Pendant,train,0,negative,cross_category
DS1_IMG_003302__DS1_IMG_003303,DS1_IMG_003302,DS1_IMG_003303,IMG_3587_a47eb22e,IMG_3587_a47eb22e,2,2,Necklace,Necklace,train,1,positive,
DS1_IMG_003303__DS1_IMG_003881,DS1_IMG_003303,DS1_IMG_003881,IMG_3587_a47eb22e,IMG_2870_451f1def,2,3,Necklace,Pendant,train,0,negative,cross_category
DS1_IMG_003303__DS1_IMG_003990,DS1_IMG_003303,DS1_IMG_003990,IMG_3587_a47eb22e,necklace_20241125_122545_6063e3a7,2,3,Necklace,Pendant,train,0,negative,cross_category
DS1_IMG_003304__DS1_IMG_003305,DS1_IMG_003304,DS1_IMG_003305,IMG_3588_55d96bb0,IMG_3588_55d96bb0,2,2,Necklace,Necklace,train,1,positive,
DS1_IMG_003304__DS1_IMG_003306,DS1_IMG_003304,DS1_IMG_003306,IMG_3588_55d96bb0,IMG_3588_55d96bb0,2,2,Necklace,Necklace,train,1,positive,
DS1_IMG_003304__DS1_IMG_004253,DS1_IMG_003304,DS1_IMG_004253,IMG_3588_55d96bb0,ring_154,2,4,Necklace,Ring,train,0,negative,cross_category
DS1_IMG_003305__DS1_IMG_003306,DS1_IMG_003305,DS1_IMG_003306,IMG_3588_55d96bb0,IMG_3588_55d96bb0,2,2,Necklace,Necklace,train,1,positive,
DS1_IMG_003305__DS1_IMG_004252,DS1_IMG_003305,DS1_IMG_004252,IMG_3588_55d96bb0,ring_154,2,4,Necklace,Ring,train,0,negative,cross_category
DS1_IMG_003307__DS1_IMG_003308,DS1_IMG_003307,DS1_IMG_003308,IMG_3590_e334bde9,IMG_3590_e334bde9,2,2,Necklace,Necklace,train,1,positive,
DS1_IMG_003307__DS1_IMG_003309,DS1_IMG_003307,DS1_IMG_003309,IMG_3590_e334bde9,IMG_3590_e334bde9,2,2,Necklace,Necklace,train,1,positive,
DS1_IMG_003308__DS1_IMG_003309,DS1_IMG_003308,DS1_IMG_003309,IMG_3590_e334bde9,IMG_3590_e334bde9,2,2,Necklace,Necklace,train,1,positive,
DS1_IMG_003310__DS1_IMG_003311,DS1_IMG_003310,DS1_IMG_003311,IMG_3591_bf00066a,IMG_3591_bf00066a,2,2,Necklace,Necklace,train,1,positive,
DS1_IMG_003310__DS1_IMG_003312,DS1_IMG_003310,DS1_IMG_003312,IMG_3591_bf00066a,IMG_3591_bf00066a,2,2,Necklace,Necklace,train,1,positive,
DS1_IMG_003311__DS1_IMG_003312,DS1_IMG_003311,DS1_IMG_003312,IMG_3591_bf00066a,IMG_3591_bf00066a,2,2,Necklace,Necklace,train,1,positive,
DS1_IMG_003311__DS1_IMG_004214,DS1_IMG_003311,DS1_IMG_004214,IMG_3591_bf00066a,ring_124,2,4,Necklace,Ring,train,0,negative,cross_category
DS1_IMG_003311__DS1_IMG_004220,DS1_IMG_003311,DS1_IMG_004220,IMG_3591_bf00066a,ring_130,2,4,Necklace,Ring,train,0,negative,cross_category
DS1_IMG_003313__DS1_IMG_003314,DS1_IMG_003313,DS1_IMG_003314,IMG_3593_885382d3,IMG_3593_885382d3,2,2,Necklace,Necklace,train,1,positive,
DS1_IMG_003313__DS1_IMG_003315,DS1_IMG_003313,DS1_IMG_003315,IMG_3593_885382d3,IMG_3593_885382d3,2,2,Necklace,Necklace,train,1,positive,
DS1_IMG_003314__DS1_IMG_003315,DS1_IMG_003314,DS1_IMG_003315,IMG_3593_885382d3,IMG_3593_885382d3,2,2,Necklace,Necklace,train,1,positive,
DS1_IMG_003316__DS1_IMG_003317,DS1_IMG_003316,DS1_IMG_003317,IMG_3596_dd2c482e,IMG_3596_dd2c482e,2,2,Necklace,Necklace,train,1,positive,
DS1_IMG_003316__DS1_IMG_003318,DS1_IMG_003316,DS1_IMG_003318,IMG_3596_dd2c482e,IMG_3596_dd2c482e,2,2,Necklace,Necklace,train,1,positive,
DS1_IMG_003317__DS1_IMG_003318,DS1_IMG_003317,DS1_IMG_003318,IMG_3596_dd2c482e,IMG_3596_dd2c482e,2,2,Necklace,Necklace,train,1,positive,
DS1_IMG_003319__DS1_IMG_003320,DS1_IMG_003319,DS1_IMG_003320,IMG_3597_040758e8,IMG_3597_040758e8,2,2,Necklace,Necklace,train,1,positive,
DS1_IMG_003319__DS1_IMG_003321,DS1_IMG_003319,DS1_IMG_003321,IMG_3597_040758e8,IMG_3597_040758e8,2,2,Necklace,Necklace,train,1,positive,
DS1_IMG_003320__DS1_IMG_003321,DS1_IMG_003320,DS1_IMG_003321,IMG_3597_040758e8,IMG_3597_040758e8,2,2,Necklace,Necklace,train,1,positive,
DS1_IMG_003321__DS1_IMG_003836,DS1_IMG_003321,DS1_IMG_003836,IMG_3597_040758e8,IMG_2809_3cfb570f,2,3,Necklace,Pendant,train,0,negative,cross_category
DS1_IMG_003322__DS1_IMG_003323,DS1_IMG_003322,DS1_IMG_003323,IMG_3598_a9e38dee,IMG_3598_a9e38dee,2,2,Necklace,Necklace,train,1,positive,
DS1_IMG_003322__DS1_IMG_003324,DS1_IMG_003322,DS1_IMG_003324,IMG_3598_a9e38dee,IMG_3598_a9e38dee,2,2,Necklace,Necklace,train,1,positive,
DS1_IMG_003323__DS1_IMG_003324,DS1_IMG_003323,DS1_IMG_003324,IMG_3598_a9e38dee,IMG_3598_a9e38dee,2,2,Necklace,Necklace,train,1,positive,
DS1_IMG_003324__DS1_IMG_003738,DS1_IMG_003324,DS1_IMG_003738,IMG_3598_a9e38dee,IMG_0860_40d0505f,2,3,Necklace,Pendant,train,0,negative,cross_category
DS1_IMG_003325__DS1_IMG_003326,DS1_IMG_003325,DS1_IMG_003326,IMG_3600_8fdd9107,IMG_3600_8fdd9107,2,2,Necklace,Necklace,train,1,positive,
DS1_IMG_003325__DS1_IMG_003327,DS1_IMG_003325,DS1_IMG_003327,IMG_3600_8fdd9107,IMG_3600_8fdd9107,2,2,Necklace,Necklace,train,1,positive,
DS1_IMG_003326__DS1_IMG_003327,DS1_IMG_003326,DS1_IMG_003327,IMG_3600_8fdd9107,IMG_3600_8fdd9107,2,2,Necklace,Necklace,train,1,positive,
DS1_IMG_003331__DS1_IMG_003332,DS1_IMG_003331,DS1_IMG_003332,IMG_3603_0f066e15,IMG_3603_0f066e15,2,2,Necklace,Necklace,train,1,positive,
DS1_IMG_003331__DS1_IMG_003333,DS1_IMG_003331,DS1_IMG_003333,IMG_3603_0f066e15,IMG_3603_0f066e15,2,2,Necklace,Necklace,train,1,positive,
DS1_IMG_003331__DS1_IMG_004125,DS1_IMG_003331,DS1_IMG_004125,IMG_3603_0f066e15,ring_078,2,4,Necklace,Ring,train,0,negative,cross_category
DS1_IMG_003332__DS1_IMG_003333,DS1_IMG_003332,DS1_IMG_003333,IMG_3603_0f066e15,IMG_3603_0f066e15,2,2,Necklace,Necklace,train,1,positive,
DS1_IMG_003333__DS1_IMG_003711,DS1_IMG_003333,DS1_IMG_003711,IMG_3603_0f066e15,IMG_0733_64e5db0c,2,3,Necklace,Pendant,train,0,negative,cross_category
DS1_IMG_003337__DS1_IMG_003338,DS1_IMG_003337,DS1_IMG_003338,IMG_3605_f361e5a3,IMG_3605_f361e5a3,2,2,Necklace,Necklace,train,1,positive,
DS1_IMG_003337__DS1_IMG_003339,DS1_IMG_003337,DS1_IMG_003339,IMG_3605_f361e5a3,IMG_3605_f361e5a3,2,2,Necklace,Necklace,train,1,positive,
DS1_IMG_003338__DS1_IMG_003339,DS1_IMG_003338,DS1_IMG_003339,IMG_3605_f361e5a3,IMG_3605_f361e5a3,2,2,Necklace,Necklace,train,1,positive,
DS1_IMG_003340__DS1_IMG_003341,DS1_IMG_003340,DS1_IMG_003341,IMG_3606_f3d57d9f,IMG_3606_f3d57d9f,2,2,Necklace,Necklace,train,1,positive,
DS1_IMG_003340__DS1_IMG_003342,DS1_IMG_003340,DS1_IMG_003342,IMG_3606_f3d57d9f,IMG_3606_f3d57d9f,2,2,Necklace,Necklace,train,1,positive,
DS1_IMG_003341__DS1_IMG_003342,DS1_IMG_003341,DS1_IMG_003342,IMG_3606_f3d57d9f,IMG_3606_f3d57d9f,2,2,Necklace,Necklace,train,1,positive,
DS1_IMG_003342__DS1_IMG_004057,DS1_IMG_003342,DS1_IMG_004057,IMG_3606_f3d57d9f,Screenshot_20181116-204417_1542449390654,2,4,Necklace,Ring,train,0,negative,cross_category
DS1_IMG_003343__DS1_IMG_003344,DS1_IMG_003343,DS1_IMG_003344,IMG_3608_30d814c2,IMG_3608_30d814c2,2,2,Necklace,Necklace,train,1,positive,
DS1_IMG_003343__DS1_IMG_003345,DS1_IMG_003343,DS1_IMG_003345,IMG_3608_30d814c2,IMG_3608_30d814c2,2,2,Necklace,Necklace,train,1,positive,
DS1_IMG_003344__DS1_IMG_003345,DS1_IMG_003344,DS1_IMG_003345,IMG_3608_30d814c2,IMG_3608_30d814c2,2,2,Necklace,Necklace,train,1,positive,
DS1_IMG_003346__DS1_IMG_003347,DS1_IMG_003346,DS1_IMG_003347,IMG_3610_6253060d,IMG_3610_6253060d,2,2,Necklace,Necklace,train,1,positive,
DS1_IMG_003346__DS1_IMG_003348,DS1_IMG_003346,DS1_IMG_003348,IMG_3610_6253060d,IMG_3610_6253060d,2,2,Necklace,Necklace,train,1,positive,
DS1_IMG_003347__DS1_IMG_003348,DS1_IMG_003347,DS1_IMG_003348,IMG_3610_6253060d,IMG_3610_6253060d,2,2,Necklace,Necklace,train,1,positive,
DS1_IMG_003348__DS1_IMG_003692,DS1_IMG_003348,DS1_IMG_003692,IMG_3610_6253060d,IMG_0479_27be300a,2,3,Necklace,Pendant,train,0,negative,cross_category
DS1_IMG_003352__DS1_IMG_003353,DS1_IMG_003352,DS1_IMG_003353,IMG_3615_818197d5,IMG_3615_818197d5,2,2,Necklace,Necklace,train,1,positive,
DS1_IMG_003352__DS1_IMG_003354,DS1_IMG_003352,DS1_IMG_003354,IMG_3615_818197d5,IMG_3615_818197d5,2,2,Necklace,Necklace,train,1,positive,
DS1_IMG_003353__DS1_IMG_003354,DS1_IMG_003353,DS1_IMG_003354,IMG_3615_818197d5,IMG_3615_818197d5,2,2,Necklace,Necklace,train,1,positive,
DS1_IMG_003353__DS1_IMG_004008,DS1_IMG_003353,DS1_IMG_004008,IMG_3615_818197d5,other_20241125_122403_8383c799,2,3,Necklace,Pendant,train,0,negative,cross_category
DS1_IMG_003354__DS1_IMG_003691,DS1_IMG_003354,DS1_IMG_003691,IMG_3615_818197d5,IMG_0475_694c48a1,2,3,Necklace,Pendant,train,0,negative,cross_category
DS1_IMG_003354__DS1_IMG_004176,DS1_IMG_003354,DS1_IMG_004176,IMG_3615_818197d5,ring_102,2,4,Necklace,Ring,train,0,negative,cross_category
DS1_IMG_003355__DS1_IMG_003356,DS1_IMG_003355,DS1_IMG_003356,IMG_3617_7f9e3e44,IMG_3617_7f9e3e44,2,2,Necklace,Necklace,train,1,positive,
DS1_IMG_003355__DS1_IMG_003357,DS1_IMG_003355,DS1_IMG_003357,IMG_3617_7f9e3e44,IMG_3617_7f9e3e44,2,2,Necklace,Necklace,train,1,positive,
DS1_IMG_003355__DS1_IMG_003816,DS1_IMG_003355,DS1_IMG_003816,IMG_3617_7f9e3e44,IMG_2506_cab336a0,2,3,Necklace,Pendant,train,0,negative,cross_category
DS1_IMG_003356__DS1_IMG_003357,DS1_IMG_003356,DS1_IMG_003357,IMG_3617_7f9e3e44,IMG_3617_7f9e3e44,2,2,Necklace,Necklace,train,1,positive,
DS1_IMG_003356__DS1_IMG_003687,DS1_IMG_003356,DS1_IMG_003687,IMG_3617_7f9e3e44,IMG_0471_02f2128e,2,3,Necklace,Pendant,train,0,negative,cross_category
DS1_IMG_003357__DS1_IMG_004109,DS1_IMG_003357,DS1_IMG_004109,IMG_3617_7f9e3e44,ring_069,2,4,Necklace,Ring,train,0,negative,cross_category
DS1_IMG_003358__DS1_IMG_003359,DS1_IMG_003358,DS1_IMG_003359,IMG_3618_c11dfd98,IMG_3618_c11dfd98,2,2,Necklace,Necklace,train,1,positive,
DS1_IMG_003358__DS1_IMG_003360,DS1_IMG_003358,DS1_IMG_003360,IMG_3618_c11dfd98,IMG_3618_c11dfd98,2,2,Necklace,Necklace,train,1,positive,
DS1_IMG_003358__DS1_IMG_003692,DS1_IMG_003358,DS1_IMG_003692,IMG_3618_c11dfd98,IMG_0479_27be300a,2,3,Necklace,Pendant,train,0,negative,cross_category
DS1_IMG_003358__DS1_IMG_004250,DS1_IMG_003358,DS1_IMG_004250,IMG_3618_c11dfd98,ring_153,2,4,Necklace,Ring,train,0,negative,cross_category
DS1_IMG_003359__DS1_IMG_003360,DS1_IMG_003359,DS1_IMG_003360,IMG_3618_c11dfd98,IMG_3618_c11dfd98,2,2,Necklace,Necklace,train,1,positive,
DS1_IMG_003361__DS1_IMG_003362,DS1_IMG_003361,DS1_IMG_003362,IMG_3620_87e29974,IMG_3620_87e29974,2,2,Necklace,Necklace,train,1,positive,
DS1_IMG_003361__DS1_IMG_003363,DS1_IMG_003361,DS1_IMG_003363,IMG_3620_87e29974,IMG_3620_87e29974,2,2,Necklace,Necklace,train,1,positive,
DS1_IMG_003362__DS1_IMG_003363,DS1_IMG_003362,DS1_IMG_003363,IMG_3620_87e29974,IMG_3620_87e29974,2,2,Necklace,Necklace,train,1,positive,
DS1_IMG_003363__DS1_IMG_004076,DS1_IMG_003363,DS1_IMG_004076,IMG_3620_87e29974,ring_049,2,4,Necklace,Ring,train,0,negative,cross_category
DS1_IMG_003363__DS1_IMG_004219,DS1_IMG_003363,DS1_IMG_004219,IMG_3620_87e29974,ring_128,2,4,Necklace,Ring,train,0,negative,cross_category
DS1_IMG_003372__DS1_IMG_003752,DS1_IMG_003372,DS1_IMG_003752,necklace_102,IMG_0901_5a140477,2,3,Necklace,Pendant,train,0,negative,cross_category
DS1_IMG_003372__DS1_IMG_004113,DS1_IMG_003372,DS1_IMG_004113,necklace_102,ring_071,2,4,Necklace,Ring,train,0,negative,cross_category
DS1_IMG_003375__DS1_IMG_003376,DS1_IMG_003375,DS1_IMG_003376,necklace_122,necklace_122,2,2,Necklace,Necklace,train,1,positive,
DS1_IMG_003378__DS1_IMG_003379,DS1_IMG_003378,DS1_IMG_003379,necklace_129,necklace_129,2,2,Necklace,Necklace,train,1,positive,
DS1_IMG_003378__DS1_IMG_003749,DS1_IMG_003378,DS1_IMG_003749,necklace_129,IMG_0885_67639274,2,3,Necklace,Pendant,train,0,negative,cross_category
DS1_IMG_003378__DS1_IMG_004322,DS1_IMG_003378,DS1_IMG_004322,necklace_129,ring_192,2,4,Necklace,Ring,train,0,negative,cross_category
DS1_IMG_003379__DS1_IMG_004193,DS1_IMG_003379,DS1_IMG_004193,necklace_129,ring_113,2,4,Necklace,Ring,train,0,negative,cross_category
DS1_IMG_003380__DS1_IMG_003381,DS1_IMG_003380,DS1_IMG_003381,necklace_130,necklace_130,2,2,Necklace,Necklace,train,1,positive,
DS1_IMG_003380__DS1_IMG_003382,DS1_IMG_003380,DS1_IMG_003382,necklace_130,necklace_130,2,2,Necklace,Necklace,train,1,positive,
DS1_IMG_003381__DS1_IMG_003382,DS1_IMG_003381,DS1_IMG_003382,necklace_130,necklace_130,2,2,Necklace,Necklace,train,1,positive,
DS1_IMG_003381__DS1_IMG_004317,DS1_IMG_003381,DS1_IMG_004317,necklace_130,ring_188,2,4,Necklace,Ring,train,0,negative,cross_category
DS1_IMG_003383__DS1_IMG_003384,DS1_IMG_003383,DS1_IMG_003384,necklace_132,necklace_132,2,2,Necklace,Necklace,train,1,positive,
DS1_IMG_003383__DS1_IMG_003385,DS1_IMG_003383,DS1_IMG_003385,necklace_132,necklace_132,2,2,Necklace,Necklace,train,1,positive,
DS1_IMG_003384__DS1_IMG_003385,DS1_IMG_003384,DS1_IMG_003385,necklace_132,necklace_132,2,2,Necklace,Necklace,train,1,positive,
DS1_IMG_003388__DS1_IMG_003389,DS1_IMG_003388,DS1_IMG_003389,necklace_135,necklace_135,2,2,Necklace,Necklace,train,1,positive,
DS1_IMG_003388__DS1_IMG_003390,DS1_IMG_003388,DS1_IMG_003390,necklace_135,necklace_135,2,2,Necklace,Necklace,train,1,positive,
DS1_IMG_003389__DS1_IMG_003390,DS1_IMG_003389,DS1_IMG_003390,necklace_135,necklace_135,2,2,Necklace,Necklace,train,1,positive,
DS1_IMG_003391__DS1_IMG_003392,DS1_IMG_003391,DS1_IMG_003392,necklace_139,necklace_139,2,2,Necklace,Necklace,train,1,positive,
DS1_IMG_003396__DS1_IMG_003397,DS1_IMG_003396,DS1_IMG_003397,necklace_147,necklace_147,2,2,Necklace,Necklace,train,1,positive,
DS1_IMG_003396__DS1_IMG_003398,DS1_IMG_003396,DS1_IMG_003398,necklace_147,necklace_147,2,2,Necklace,Necklace,train,1,positive,
DS1_IMG_003397__DS1_IMG_003398,DS1_IMG_003397,DS1_IMG_003398,necklace_147,necklace_147,2,2,Necklace,Necklace,train,1,positive,
DS1_IMG_003398__DS1_IMG_004097,DS1_IMG_003398,DS1_IMG_004097,necklace_147,ring_060,2,4,Necklace,Ring,train,0,negative,cross_category
DS1_IMG_003402__DS1_IMG_003403,DS1_IMG_003402,DS1_IMG_003403,necklace_154,necklace_154,2,2,Necklace,Necklace,train,1,positive,
DS1_IMG_003402__DS1_IMG_003801,DS1_IMG_003402,DS1_IMG_003801,necklace_154,IMG_2379_ad6a1bf5,2,3,Necklace,Pendant,train,0,negative,cross_category
DS1_IMG_003404__DS1_IMG_003914,DS1_IMG_003404,DS1_IMG_003914,necklace_162,IMG_2913_9f1d6820,2,3,Necklace,Pendant,train,0,negative,cross_category
DS1_IMG_003404__DS1_IMG_004019,DS1_IMG_003404,DS1_IMG_004019,necklace_162,Screenshot_20181116-202810_1542452183994,2,4,Necklace,Ring,train,0,negative,cross_category
DS1_IMG_003404__DS1_IMG_004099,DS1_IMG_003404,DS1_IMG_004099,necklace_162,ring_062,2,4,Necklace,Ring,train,0,negative,cross_category
DS1_IMG_003405__DS1_IMG_003406,DS1_IMG_003405,DS1_IMG_003406,necklace_165,necklace_165,2,2,Necklace,Necklace,train,1,positive,
DS1_IMG_003405__DS1_IMG_003407,DS1_IMG_003405,DS1_IMG_003407,necklace_165,necklace_165,2,2,Necklace,Necklace,train,1,positive,
DS1_IMG_003406__DS1_IMG_003407,DS1_IMG_003406,DS1_IMG_003407,necklace_165,necklace_165,2,2,Necklace,Necklace,train,1,positive,
DS1_IMG_003408__DS1_IMG_003409,DS1_IMG_003408,DS1_IMG_003409,necklace_171,necklace_171,2,2,Necklace,Necklace,train,1,positive,
DS1_IMG_003408__DS1_IMG_003410,DS1_IMG_003408,DS1_IMG_003410,necklace_171,necklace_171,2,2,Necklace,Necklace,train,1,positive,
DS1_IMG_003409__DS1_IMG_003410,DS1_IMG_003409,DS1_IMG_003410,necklace_171,necklace_171,2,2,Necklace,Necklace,train,1,positive,
DS1_IMG_003409__DS1_IMG_003761,DS1_IMG_003409,DS1_IMG_003761,necklace_171,IMG_1354_4b8275b6,2,3,Necklace,Pendant,train,0,negative,cross_category
DS1_IMG_003410__DS1_IMG_004233,DS1_IMG_003410,DS1_IMG_004233,necklace_171,ring_138,2,4,Necklace,Ring,train,0,negative,cross_category
DS1_IMG_003411__DS1_IMG_003412,DS1_IMG_003411,DS1_IMG_003412,necklace_174,necklace_174,2,2,Necklace,Necklace,train,1,positive,
DS1_IMG_003411__DS1_IMG_003413,DS1_IMG_003411,DS1_IMG_003413,necklace_174,necklace_174,2,2,Necklace,Necklace,train,1,positive,
DS1_IMG_003412__DS1_IMG_003413,DS1_IMG_003412,DS1_IMG_003413,necklace_174,necklace_174,2,2,Necklace,Necklace,train,1,positive,
DS1_IMG_003413__DS1_IMG_004121,DS1_IMG_003413,DS1_IMG_004121,necklace_174,ring_076,2,4,Necklace,Ring,train,0,negative,cross_category
DS1_IMG_003417__DS1_IMG_003418,DS1_IMG_003417,DS1_IMG_003418,necklace_177,necklace_177,2,2,Necklace,Necklace,train,1,positive,
DS1_IMG_003417__DS1_IMG_003419,DS1_IMG_003417,DS1_IMG_003419,necklace_177,necklace_177,2,2,Necklace,Necklace,train,1,positive,
DS1_IMG_003418__DS1_IMG_003419,DS1_IMG_003418,DS1_IMG_003419,necklace_177,necklace_177,2,2,Necklace,Necklace,train,1,positive,
DS1_IMG_003418__DS1_IMG_003976,DS1_IMG_003418,DS1_IMG_003976,necklace_177,necklace_20241125_122545_20212176,2,3,Necklace,Pendant,train,0,negative,cross_category
DS1_IMG_003420__DS1_IMG_003421,DS1_IMG_003420,DS1_IMG_003421,necklace_181,necklace_181,2,2,Necklace,Necklace,train,1,positive,
DS1_IMG_003420__DS1_IMG_003422,DS1_IMG_003420,DS1_IMG_003422,necklace_181,necklace_181,2,2,Necklace,Necklace,train,1,positive,
DS1_IMG_003420__DS1_IMG_003838,DS1_IMG_003420,DS1_IMG_003838,necklace_181,IMG_2809_3cfb570f,2,3,Necklace,Pendant,train,0,negative,cross_category
DS1_IMG_003421__DS1_IMG_003422,DS1_IMG_003421,DS1_IMG_003422,necklace_181,necklace_181,2,2,Necklace,Necklace,train,1,positive,
DS1_IMG_003421__DS1_IMG_004151,DS1_IMG_003421,DS1_IMG_004151,necklace_181,ring_088,2,4,Necklace,Ring,train,0,negative,cross_category
DS1_IMG_003423__DS1_IMG_003424,DS1_IMG_003423,DS1_IMG_003424,necklace_184,necklace_184,2,2,Necklace,Necklace,train,1,positive,
DS1_IMG_003425__DS1_IMG_003426,DS1_IMG_003425,DS1_IMG_003426,necklace_185,necklace_185,2,2,Necklace,Necklace,train,1,positive,
DS1_IMG_003425__DS1_IMG_003427,DS1_IMG_003425,DS1_IMG_003427,necklace_185,necklace_185,2,2,Necklace,Necklace,train,1,positive,
DS1_IMG_003426__DS1_IMG_003427,DS1_IMG_003426,DS1_IMG_003427,necklace_185,necklace_185,2,2,Necklace,Necklace,train,1,positive,
DS1_IMG_003428__DS1_IMG_003429,DS1_IMG_003428,DS1_IMG_003429,necklace_187,necklace_187,2,2,Necklace,Necklace,train,1,positive,
DS1_IMG_003428__DS1_IMG_003430,DS1_IMG_003428,DS1_IMG_003430,necklace_187,necklace_187,2,2,Necklace,Necklace,train,1,positive,
DS1_IMG_003429__DS1_IMG_003430,DS1_IMG_003429,DS1_IMG_003430,necklace_187,necklace_187,2,2,Necklace,Necklace,train,1,positive,
DS1_IMG_003431__DS1_IMG_003432,DS1_IMG_003431,DS1_IMG_003432,necklace_188,necklace_188,2,2,Necklace,Necklace,train,1,positive,
DS1_IMG_003433__DS1_IMG_003434,DS1_IMG_003433,DS1_IMG_003434,necklace_190,necklace_190,2,2,Necklace,Necklace,train,1,positive,
DS1_IMG_003435__DS1_IMG_003436,DS1_IMG_003435,DS1_IMG_003436,necklace_193,necklace_193,2,2,Necklace,Necklace,train,1,positive,
DS1_IMG_003435__DS1_IMG_004087,DS1_IMG_003435,DS1_IMG_004087,necklace_193,ring_055,2,4,Necklace,Ring,train,0,negative,cross_category
DS1_IMG_003436__DS1_IMG_003756,DS1_IMG_003436,DS1_IMG_003756,necklace_193,IMG_0911_ecd59d89,2,3,Necklace,Pendant,train,0,negative,cross_category
DS1_IMG_003437__DS1_IMG_003438,DS1_IMG_003437,DS1_IMG_003438,necklace_195,necklace_195,2,2,Necklace,Necklace,train,1,positive,
DS1_IMG_003437__DS1_IMG_003439,DS1_IMG_003437,DS1_IMG_003439,necklace_195,necklace_195,2,2,Necklace,Necklace,train,1,positive,
DS1_IMG_003438__DS1_IMG_003439,DS1_IMG_003438,DS1_IMG_003439,necklace_195,necklace_195,2,2,Necklace,Necklace,train,1,positive,
DS1_IMG_003440__DS1_IMG_003441,DS1_IMG_003440,DS1_IMG_003441,necklace_20241125_122545_0000123d,necklace_20241125_122545_0000123d,2,2,Necklace,Necklace,train,1,positive,
DS1_IMG_003440__DS1_IMG_003442,DS1_IMG_003440,DS1_IMG_003442,necklace_20241125_122545_0000123d,necklace_20241125_122545_0000123d,2,2,Necklace,Necklace,train,1,positive,
DS1_IMG_003441__DS1_IMG_003442,DS1_IMG_003441,DS1_IMG_003442,necklace_20241125_122545_0000123d,necklace_20241125_122545_0000123d,2,2,Necklace,Necklace,train,1,positive,
DS1_IMG_003443__DS1_IMG_003444,DS1_IMG_003443,DS1_IMG_003444,necklace_20241125_122545_00103fbf,necklace_20241125_122545_00103fbf,2,2,Necklace,Necklace,train,1,positive,
DS1_IMG_003443__DS1_IMG_003445,DS1_IMG_003443,DS1_IMG_003445,necklace_20241125_122545_00103fbf,necklace_20241125_122545_00103fbf,2,2,Necklace,Necklace,train,1,positive,
DS1_IMG_003444__DS1_IMG_003445,DS1_IMG_003444,DS1_IMG_003445,necklace_20241125_122545_00103fbf,necklace_20241125_122545_00103fbf,2,2,Necklace,Necklace,train,1,positive,
DS1_IMG_003444__DS1_IMG_004050,DS1_IMG_003444,DS1_IMG_004050,necklace_20241125_122545_00103fbf,Screenshot_20181116-204341_1542449441847,2,4,Necklace,Ring,train,0,negative,cross_category
DS1_IMG_003449__DS1_IMG_003450,DS1_IMG_003449,DS1_IMG_003450,necklace_20241125_122545_00183e3c,necklace_20241125_122545_00183e3c,2,2,Necklace,Necklace,train,1,positive,
DS1_IMG_003449__DS1_IMG_003451,DS1_IMG_003449,DS1_IMG_003451,necklace_20241125_122545_00183e3c,necklace_20241125_122545_00183e3c,2,2,Necklace,Necklace,train,1,positive,
DS1_IMG_003450__DS1_IMG_003451,DS1_IMG_003450,DS1_IMG_003451,necklace_20241125_122545_00183e3c,necklace_20241125_122545_00183e3c,2,2,Necklace,Necklace,train,1,positive,
DS1_IMG_003450__DS1_IMG_004112,DS1_IMG_003450,DS1_IMG_004112,necklace_20241125_122545_00183e3c,ring_071,2,4,Necklace,Ring,train,0,negative,cross_category
DS1_IMG_003452__DS1_IMG_003453,DS1_IMG_003452,DS1_IMG_003453,necklace_20241125_122545_00187c7e,necklace_20241125_122545_00187c7e,2,2,Necklace,Necklace,train,1,positive,
DS1_IMG_003452__DS1_IMG_003454,DS1_IMG_003452,DS1_IMG_003454,necklace_20241125_122545_00187c7e,necklace_20241125_122545_00187c7e,2,2,Necklace,Necklace,train,1,positive,
DS1_IMG_003452__DS1_IMG_003854,DS1_IMG_003452,DS1_IMG_003854,necklace_20241125_122545_00187c7e,IMG_2836_db94d1e7,2,3,Necklace,Pendant,train,0,negative,cross_category
DS1_IMG_003452__DS1_IMG_004308,DS1_IMG_003452,DS1_IMG_004308,necklace_20241125_122545_00187c7e,ring_184,2,4,Necklace,Ring,train,0,negative,cross_category
DS1_IMG_003453__DS1_IMG_003454,DS1_IMG_003453,DS1_IMG_003454,necklace_20241125_122545_00187c7e,necklace_20241125_122545_00187c7e,2,2,Necklace,Necklace,train,1,positive,
DS1_IMG_003453__DS1_IMG_003869,DS1_IMG_003453,DS1_IMG_003869,necklace_20241125_122545_00187c7e,IMG_2850_604c1d7b,2,3,Necklace,Pendant,train,0,negative,cross_category
DS1_IMG_003454__DS1_IMG_004017,DS1_IMG_003454,DS1_IMG_004017,necklace_20241125_122545_00187c7e,Screenshot_20181116-202757_1542453058358,2,4,Necklace,Ring,train,0,negative,cross_category
DS1_IMG_003455__DS1_IMG_003456,DS1_IMG_003455,DS1_IMG_003456,necklace_20241125_122545_00187e5f,necklace_20241125_122545_00187e5f,2,2,Necklace,Necklace,train,1,positive,
DS1_IMG_003455__DS1_IMG_003457,DS1_IMG_003455,DS1_IMG_003457,necklace_20241125_122545_00187e5f,necklace_20241125_122545_00187e5f,2,2,Necklace,Necklace,train,1,positive,
DS1_IMG_003456__DS1_IMG_003457,DS1_IMG_003456,DS1_IMG_003457,necklace_20241125_122545_00187e5f,necklace_20241125_122545_00187e5f,2,2,Necklace,Necklace,train,1,positive,
DS1_IMG_003456__DS1_IMG_004252,DS1_IMG_003456,DS1_IMG_004252,necklace_20241125_122545_00187e5f,ring_154,2,4,Necklace,Ring,train,0,negative,cross_category
DS1_IMG_003458__DS1_IMG_003459,DS1_IMG_003458,DS1_IMG_003459,necklace_20241125_122545_00187e7f,necklace_20241125_122545_00187e7f,2,2,Necklace,Necklace,train,1,positive,
DS1_IMG_003458__DS1_IMG_003460,DS1_IMG_003458,DS1_IMG_003460,necklace_20241125_122545_00187e7f,necklace_20241125_122545_00187e7f,2,2,Necklace,Necklace,train,1,positive,
DS1_IMG_003459__DS1_IMG_003460,DS1_IMG_003459,DS1_IMG_003460,necklace_20241125_122545_00187e7f,necklace_20241125_122545_00187e7f,2,2,Necklace,Necklace,train,1,positive,
DS1_IMG_003464__DS1_IMG_003465,DS1_IMG_003464,DS1_IMG_003465,necklace_20241125_122545_00197bf3,necklace_20241125_122545_00197bf3,2,2,Necklace,Necklace,train,1,positive,
DS1_IMG_003464__DS1_IMG_003466,DS1_IMG_003464,DS1_IMG_003466,necklace_20241125_122545_00197bf3,necklace_20241125_122545_00197bf3,2,2,Necklace,Necklace,train,1,positive,
DS1_IMG_003465__DS1_IMG_003466,DS1_IMG_003465,DS1_IMG_003466,necklace_20241125_122545_00197bf3,necklace_20241125_122545_00197bf3,2,2,Necklace,Necklace,train,1,positive,
DS1_IMG_003465__DS1_IMG_004031,DS1_IMG_003465,DS1_IMG_004031,necklace_20241125_122545_00197bf3,Screenshot_20181116-203329_1542449759369,2,4,Necklace,Ring,train,0,negative,cross_category
DS1_IMG_003466__DS1_IMG_003711,DS1_IMG_003466,DS1_IMG_003711,necklace_20241125_122545_00197bf3,IMG_0733_64e5db0c,2,3,Necklace,Pendant,train,0,negative,cross_category
DS1_IMG_003467__DS1_IMG_003468,DS1_IMG_003467,DS1_IMG_003468,necklace_20241125_122545_00818181,necklace_20241125_122545_00818181,2,2,Necklace,Necklace,train,1,positive,
DS1_IMG_003467__DS1_IMG_003469,DS1_IMG_003467,DS1_IMG_003469,necklace_20241125_122545_00818181,necklace_20241125_122545_00818181,2,2,Necklace,Necklace,train,1,positive,
DS1_IMG_003467__DS1_IMG_004106,DS1_IMG_003467,DS1_IMG_004106,necklace_20241125_122545_00818181,ring_067,2,4,Necklace,Ring,train,0,negative,cross_category
DS1_IMG_003468__DS1_IMG_003469,DS1_IMG_003468,DS1_IMG_003469,necklace_20241125_122545_00818181,necklace_20241125_122545_00818181,2,2,Necklace,Necklace,train,1,positive,
DS1_IMG_003470__DS1_IMG_003471,DS1_IMG_003470,DS1_IMG_003471,necklace_20241125_122545_0200e4fe,necklace_20241125_122545_0200e4fe,2,2,Necklace,Necklace,train,1,positive,
DS1_IMG_003470__DS1_IMG_003472,DS1_IMG_003470,DS1_IMG_003472,necklace_20241125_122545_0200e4fe,necklace_20241125_122545_0200e4fe,2,2,Necklace,Necklace,train,1,positive,
DS1_IMG_003471__DS1_IMG_003472,DS1_IMG_003471,DS1_IMG_003472,necklace_20241125_122545_0200e4fe,necklace_20241125_122545_0200e4fe,2,2,Necklace,Necklace,train,1,positive,
DS1_IMG_003471__DS1_IMG_003884,DS1_IMG_003471,DS1_IMG_003884,necklace_20241125_122545_0200e4fe,IMG_2871_08b05150,2,3,Necklace,Pendant,train,0,negative,cross_category
DS1_IMG_003471__DS1_IMG_003958,DS1_IMG_003471,DS1_IMG_003958,necklace_20241125_122545_0200e4fe,necklace_124,2,3,Necklace,Pendant,train,0,negative,cross_category
DS1_IMG_003476__DS1_IMG_003477,DS1_IMG_003476,DS1_IMG_003477,necklace_20241125_122545_0e0f0e0e,necklace_20241125_122545_0e0f0e0e,2,2,Necklace,Necklace,train,1,positive,
DS1_IMG_003476__DS1_IMG_003478,DS1_IMG_003476,DS1_IMG_003478,necklace_20241125_122545_0e0f0e0e,necklace_20241125_122545_0e0f0e0e,2,2,Necklace,Necklace,train,1,positive,
DS1_IMG_003476__DS1_IMG_004220,DS1_IMG_003476,DS1_IMG_004220,necklace_20241125_122545_0e0f0e0e,ring_130,2,4,Necklace,Ring,train,0,negative,cross_category
DS1_IMG_003477__DS1_IMG_003478,DS1_IMG_003477,DS1_IMG_003478,necklace_20241125_122545_0e0f0e0e,necklace_20241125_122545_0e0f0e0e,2,2,Necklace,Necklace,train,1,positive,
DS1_IMG_003477__DS1_IMG_003977,DS1_IMG_003477,DS1_IMG_003977,necklace_20241125_122545_0e0f0e0e,necklace_20241125_122545_24201818,2,3,Necklace,Pendant,train,0,negative,cross_category
DS1_IMG_003479__DS1_IMG_003480,DS1_IMG_003479,DS1_IMG_003480,necklace_20241125_122545_0e1b1e2e,necklace_20241125_122545_0e1b1e2e,2,2,Necklace,Necklace,train,1,positive,
DS1_IMG_003479__DS1_IMG_003481,DS1_IMG_003479,DS1_IMG_003481,necklace_20241125_122545_0e1b1e2e,necklace_20241125_122545_0e1b1e2e,2,2,Necklace,Necklace,train,1,positive,
DS1_IMG_003479__DS1_IMG_004280,DS1_IMG_003479,DS1_IMG_004280,necklace_20241125_122545_0e1b1e2e,ring_166,2,4,Necklace,Ring,train,0,negative,cross_category
DS1_IMG_003480__DS1_IMG_003481,DS1_IMG_003480,DS1_IMG_003481,necklace_20241125_122545_0e1b1e2e,necklace_20241125_122545_0e1b1e2e,2,2,Necklace,Necklace,train,1,positive,
DS1_IMG_003481__DS1_IMG_004156,DS1_IMG_003481,DS1_IMG_004156,necklace_20241125_122545_0e1b1e2e,ring_091,2,4,Necklace,Ring,train,0,negative,cross_category
DS1_IMG_003482__DS1_IMG_003483,DS1_IMG_003482,DS1_IMG_003483,necklace_20241125_122545_0e7efef6,necklace_20241125_122545_0e7efef6,2,2,Necklace,Necklace,train,1,positive,
DS1_IMG_003482__DS1_IMG_003484,DS1_IMG_003482,DS1_IMG_003484,necklace_20241125_122545_0e7efef6,necklace_20241125_122545_0e7efef6,2,2,Necklace,Necklace,train,1,positive,
DS1_IMG_003483__DS1_IMG_003484,DS1_IMG_003483,DS1_IMG_003484,necklace_20241125_122545_0e7efef6,necklace_20241125_122545_0e7efef6,2,2,Necklace,Necklace,train,1,positive,
DS1_IMG_003483__DS1_IMG_003879,DS1_IMG_003483,DS1_IMG_003879,necklace_20241125_122545_0e7efef6,IMG_2862_dc66ea02,2,3,Necklace,Pendant,train,0,negative,cross_category
DS1_IMG_003483__DS1_IMG_004012,DS1_IMG_003483,DS1_IMG_004012,necklace_20241125_122545_0e7efef6,Screenshot_20181116-202707_1542453179073,2,4,Necklace,Ring,train,0,negative,cross_category
DS1_IMG_003484__DS1_IMG_004281,DS1_IMG_003484,DS1_IMG_004281,necklace_20241125_122545_0e7efef6,ring_166,2,4,Necklace,Ring,train,0,negative,cross_category
DS1_IMG_003485__DS1_IMG_003486,DS1_IMG_003485,DS1_IMG_003486,necklace_20241125_122545_0e8efcc0,necklace_20241125_122545_0e8efcc0,2,2,Necklace,Necklace,train,1,positive,
DS1_IMG_003485__DS1_IMG_003487,DS1_IMG_003485,DS1_IMG_003487,necklace_20241125_122545_0e8efcc0,necklace_20241125_122545_0e8efcc0,2,2,Necklace,Necklace,train,1,positive,
DS1_IMG_003486__DS1_IMG_003487,DS1_IMG_003486,DS1_IMG_003487,necklace_20241125_122545_0e8efcc0,necklace_20241125_122545_0e8efcc0,2,2,Necklace,Necklace,train,1,positive,
DS1_IMG_003486__DS1_IMG_003955,DS1_IMG_003486,DS1_IMG_003955,necklace_20241125_122545_0e8efcc0,IMG_3515_3ed94d29,2,3,Necklace,Pendant,train,0,negative,cross_category
DS1_IMG_003487__DS1_IMG_004037,DS1_IMG_003487,DS1_IMG_004037,necklace_20241125_122545_0e8efcc0,Screenshot_20181116-203818_1542449673275,2,4,Necklace,Ring,train,0,negative,cross_category
DS1_IMG_003487__DS1_IMG_004159,DS1_IMG_003487,DS1_IMG_004159,necklace_20241125_122545_0e8efcc0,ring_092,2,4,Necklace,Ring,train,0,negative,cross_category
DS1_IMG_003487__DS1_IMG_004310,DS1_IMG_003487,DS1_IMG_004310,necklace_20241125_122545_0e8efcc0,ring_184,2,4,Necklace,Ring,train,0,negative,cross_category
DS1_IMG_003490__DS1_IMG_003491,DS1_IMG_003490,DS1_IMG_003491,necklace_20241125_122545_0efe8383,necklace_20241125_122545_0efe8383,2,2,Necklace,Necklace,train,1,positive,
DS1_IMG_003490__DS1_IMG_003492,DS1_IMG_003490,DS1_IMG_003492,necklace_20241125_122545_0efe8383,necklace_20241125_122545_0efe8383,2,2,Necklace,Necklace,train,1,positive,
DS1_IMG_003491__DS1_IMG_003492,DS1_IMG_003491,DS1_IMG_003492,necklace_20241125_122545_0efe8383,necklace_20241125_122545_0efe8383,2,2,Necklace,Necklace,train,1,positive,
DS1_IMG_003493__DS1_IMG_003494,DS1_IMG_003493,DS1_IMG_003494,necklace_20241125_122545_107e7eff,necklace_20241125_122545_107e7eff,2,2,Necklace,Necklace,train,1,positive,
DS1_IMG_003493__DS1_IMG_003495,DS1_IMG_003493,DS1_IMG_003495,necklace_20241125_122545_107e7eff,necklace_20241125_122545_107e7eff,2,2,Necklace,Necklace,train,1,positive,
DS1_IMG_003493__DS1_IMG_004216,DS1_IMG_003493,DS1_IMG_004216,necklace_20241125_122545_107e7eff,ring_124,2,4,Necklace,Ring,train,0,negative,cross_category
DS1_IMG_003493__DS1_IMG_004308,DS1_IMG_003493,DS1_IMG_004308,necklace_20241125_122545_107e7eff,ring_184,2,4,Necklace,Ring,train,0,negative,cross_category
DS1_IMG_003494__DS1_IMG_003495,DS1_IMG_003494,DS1_IMG_003495,necklace_20241125_122545_107e7eff,necklace_20241125_122545_107e7eff,2,2,Necklace,Necklace,train,1,positive,
DS1_IMG_003495__DS1_IMG_004060,DS1_IMG_003495,DS1_IMG_004060,necklace_20241125_122545_107e7eff,Screenshot_20181116-204603_1542447556990,2,4,Necklace,Ring,train,0,negative,cross_category
DS1_IMG_003496__DS1_IMG_003497,DS1_IMG_003496,DS1_IMG_003497,necklace_20241125_122545_189ddd9d,necklace_20241125_122545_189ddd9d,2,2,Necklace,Necklace,train,1,positive,
DS1_IMG_003496__DS1_IMG_003498,DS1_IMG_003496,DS1_IMG_003498,necklace_20241125_122545_189ddd9d,necklace_20241125_122545_189ddd9d,2,2,Necklace,Necklace,train,1,positive,
DS1_IMG_003497__DS1_IMG_003498,DS1_IMG_003497,DS1_IMG_003498,necklace_20241125_122545_189ddd9d,necklace_20241125_122545_189ddd9d,2,2,Necklace,Necklace,train,1,positive,
DS1_IMG_003498__DS1_IMG_003914,DS1_IMG_003498,DS1_IMG_003914,necklace_20241125_122545_189ddd9d,IMG_2913_9f1d6820,2,3,Necklace,Pendant,train,0,negative,cross_category
DS1_IMG_003499__DS1_IMG_003500,DS1_IMG_003499,DS1_IMG_003500,necklace_20241125_122545_383e3ebc,necklace_20241125_122545_383e3ebc,2,2,Necklace,Necklace,train,1,positive,
DS1_IMG_003499__DS1_IMG_003501,DS1_IMG_003499,DS1_IMG_003501,necklace_20241125_122545_383e3ebc,necklace_20241125_122545_383e3ebc,2,2,Necklace,Necklace,train,1,positive,
DS1_IMG_003500__DS1_IMG_003501,DS1_IMG_003500,DS1_IMG_003501,necklace_20241125_122545_383e3ebc,necklace_20241125_122545_383e3ebc,2,2,Necklace,Necklace,train,1,positive,
DS1_IMG_003501__DS1_IMG_003906,DS1_IMG_003501,DS1_IMG_003906,necklace_20241125_122545_383e3ebc,IMG_2907_4bcb0ae7,2,3,Necklace,Pendant,train,0,negative,cross_category
DS1_IMG_003502__DS1_IMG_003503,DS1_IMG_003502,DS1_IMG_003503,necklace_20241125_122545_387efea7,necklace_20241125_122545_387efea7,2,2,Necklace,Necklace,train,1,positive,
DS1_IMG_003502__DS1_IMG_003504,DS1_IMG_003502,DS1_IMG_003504,necklace_20241125_122545_387efea7,necklace_20241125_122545_387efea7,2,2,Necklace,Necklace,train,1,positive,
DS1_IMG_003502__DS1_IMG_004097,DS1_IMG_003502,DS1_IMG_004097,necklace_20241125_122545_387efea7,ring_060,2,4,Necklace,Ring,train,0,negative,cross_category
DS1_IMG_003503__DS1_IMG_003504,DS1_IMG_003503,DS1_IMG_003504,necklace_20241125_122545_387efea7,necklace_20241125_122545_387efea7,2,2,Necklace,Necklace,train,1,positive,
DS1_IMG_003503__DS1_IMG_004327,DS1_IMG_003503,DS1_IMG_004327,necklace_20241125_122545_387efea7,wedding-rings-jewellery-png-31,2,4,Necklace,Ring,train,0,negative,cross_category
DS1_IMG_003508__DS1_IMG_003509,DS1_IMG_003508,DS1_IMG_003509,necklace_20241125_122545_40474143,necklace_20241125_122545_40474143,2,2,Necklace,Necklace,train,1,positive,
DS1_IMG_003508__DS1_IMG_003510,DS1_IMG_003508,DS1_IMG_003510,necklace_20241125_122545_40474143,necklace_20241125_122545_40474143,2,2,Necklace,Necklace,train,1,positive,
DS1_IMG_003509__DS1_IMG_003510,DS1_IMG_003509,DS1_IMG_003510,necklace_20241125_122545_40474143,necklace_20241125_122545_40474143,2,2,Necklace,Necklace,train,1,positive,
DS1_IMG_003511__DS1_IMG_003512,DS1_IMG_003511,DS1_IMG_003512,necklace_20241125_122545_424280a5,necklace_20241125_122545_424280a5,2,2,Necklace,Necklace,train,1,positive,
DS1_IMG_003511__DS1_IMG_003513,DS1_IMG_003511,DS1_IMG_003513,necklace_20241125_122545_424280a5,necklace_20241125_122545_424280a5,2,2,Necklace,Necklace,train,1,positive,
DS1_IMG_003512__DS1_IMG_003513,DS1_IMG_003512,DS1_IMG_003513,necklace_20241125_122545_424280a5,necklace_20241125_122545_424280a5,2,2,Necklace,Necklace,train,1,positive,
DS1_IMG_003512__DS1_IMG_004111,DS1_IMG_003512,DS1_IMG_004111,necklace_20241125_122545_424280a5,ring_071,2,4,Necklace,Ring,train,0,negative,cross_category
DS1_IMG_003514__DS1_IMG_003515,DS1_IMG_003514,DS1_IMG_003515,necklace_20241125_122545_468283c3,necklace_20241125_122545_468283c3,2,2,Necklace,Necklace,train,1,positive,
DS1_IMG_003514__DS1_IMG_003516,DS1_IMG_003514,DS1_IMG_003516,necklace_20241125_122545_468283c3,necklace_20241125_122545_468283c3,2,2,Necklace,Necklace,train,1,positive,
DS1_IMG_003515__DS1_IMG_003516,DS1_IMG_003515,DS1_IMG_003516,necklace_20241125_122545_468283c3,necklace_20241125_122545_468283c3,2,2,Necklace,Necklace,train,1,positive,
DS1_IMG_003515__DS1_IMG_004129,DS1_IMG_003515,DS1_IMG_004129,necklace_20241125_122545_468283c3,ring_080,2,4,Necklace,Ring,train,0,negative,cross_category
DS1_IMG_003516__DS1_IMG_004234,DS1_IMG_003516,DS1_IMG_004234,necklace_20241125_122545_468283c3,ring_138,2,4,Necklace,Ring,train,0,negative,cross_category
DS1_IMG_003517__DS1_IMG_003518,DS1_IMG_003517,DS1_IMG_003518,necklace_20241125_122545_484f5fdf,necklace_20241125_122545_484f5fdf,2,2,Necklace,Necklace,train,1,positive,
DS1_IMG_003517__DS1_IMG_003519,DS1_IMG_003517,DS1_IMG_003519,necklace_20241125_122545_484f5fdf,necklace_20241125_122545_484f5fdf,2,2,Necklace,Necklace,train,1,positive,
DS1_IMG_003518__DS1_IMG_003519,DS1_IMG_003518,DS1_IMG_003519,necklace_20241125_122545_484f5fdf,necklace_20241125_122545_484f5fdf,2,2,Necklace,Necklace,train,1,positive,
DS1_IMG_003518__DS1_IMG_003813,DS1_IMG_003518,DS1_IMG_003813,necklace_20241125_122545_484f5fdf,IMG_2457_895e154f,2,3,Necklace,Pendant,train,0,negative,cross_category
DS1_IMG_003518__DS1_IMG_004168,DS1_IMG_003518,DS1_IMG_004168,necklace_20241125_122545_484f5fdf,ring_096,2,4,Necklace,Ring,train,0,negative,cross_category
DS1_IMG_003523__DS1_IMG_003524,DS1_IMG_003523,DS1_IMG_003524,necklace_20241125_122545_485f5f9f,necklace_20241125_122545_485f5f9f,2,2,Necklace,Necklace,train,1,positive,
DS1_IMG_003523__DS1_IMG_003525,DS1_IMG_003523,DS1_IMG_003525,necklace_20241125_122545_485f5f9f,necklace_20241125_122545_485f5f9f,2,2,Necklace,Necklace,train,1,positive,
DS1_IMG_003523__DS1_IMG_004287,DS1_IMG_003523,DS1_IMG_004287,necklace_20241125_122545_485f5f9f,ring_168,2,4,Necklace,Ring,train,0,negative,cross_category
DS1_IMG_003524__DS1_IMG_003525,DS1_IMG_003524,DS1_IMG_003525,necklace_20241125_122545_485f5f9f,necklace_20241125_122545_485f5f9f,2,2,Necklace,Necklace,train,1,positive,
DS1_IMG_003524__DS1_IMG_004166,DS1_IMG_003524,DS1_IMG_004166,necklace_20241125_122545_485f5f9f,ring_096,2,4,Necklace,Ring,train,0,negative,cross_category
DS1_IMG_003524__DS1_IMG_004262,DS1_IMG_003524,DS1_IMG_004262,necklace_20241125_122545_485f5f9f,ring_157,2,4,Necklace,Ring,train,0,negative,cross_category
DS1_IMG_003526__DS1_IMG_003527,DS1_IMG_003526,DS1_IMG_003527,necklace_20241125_122545_585b5bd8,necklace_20241125_122545_585b5bd8,2,2,Necklace,Necklace,train,1,positive,
DS1_IMG_003526__DS1_IMG_003528,DS1_IMG_003526,DS1_IMG_003528,necklace_20241125_122545_585b5bd8,necklace_20241125_122545_585b5bd8,2,2,Necklace,Necklace,train,1,positive,
DS1_IMG_003527__DS1_IMG_003528,DS1_IMG_003527,DS1_IMG_003528,necklace_20241125_122545_585b5bd8,necklace_20241125_122545_585b5bd8,2,2,Necklace,Necklace,train,1,positive,
DS1_IMG_003529__DS1_IMG_003530,DS1_IMG_003529,DS1_IMG_003530,necklace_20241125_122545_62602030,necklace_20241125_122545_62602030,2,2,Necklace,Necklace,train,1,positive,
DS1_IMG_003529__DS1_IMG_003531,DS1_IMG_003529,DS1_IMG_003531,necklace_20241125_122545_62602030,necklace_20241125_122545_62602030,2,2,Necklace,Necklace,train,1,positive,
DS1_IMG_003530__DS1_IMG_003531,DS1_IMG_003530,DS1_IMG_003531,necklace_20241125_122545_62602030,necklace_20241125_122545_62602030,2,2,Necklace,Necklace,train,1,positive,
DS1_IMG_003532__DS1_IMG_003533,DS1_IMG_003532,DS1_IMG_003533,necklace_20241125_122545_787767e7,necklace_20241125_122545_787767e7,2,2,Necklace,Necklace,train,1,positive,
DS1_IMG_003532__DS1_IMG_003534,DS1_IMG_003532,DS1_IMG_003534,necklace_20241125_122545_787767e7,necklace_20241125_122545_787767e7,2,2,Necklace,Necklace,train,1,positive,
DS1_IMG_003532__DS1_IMG_004020,DS1_IMG_003532,DS1_IMG_004020,necklace_20241125_122545_787767e7,Screenshot_20181116-202810_1542452183994,2,4,Necklace,Ring,train,0,negative,cross_category
DS1_IMG_003533__DS1_IMG_003534,DS1_IMG_003533,DS1_IMG_003534,necklace_20241125_122545_787767e7,necklace_20241125_122545_787767e7,2,2,Necklace,Necklace,train,1,positive,
DS1_IMG_003538__DS1_IMG_003539,DS1_IMG_003538,DS1_IMG_003539,necklace_20241125_122545_7c4f70fe,necklace_20241125_122545_7c4f70fe,2,2,Necklace,Necklace,train,1,positive,
DS1_IMG_003539__DS1_IMG_003782,DS1_IMG_003539,DS1_IMG_003782,necklace_20241125_122545_7c4f70fe,IMG_2181_9f77e4aa,2,3,Necklace,Pendant,train,0,negative,cross_category
DS1_IMG_003539__DS1_IMG_003917,DS1_IMG_003539,DS1_IMG_003917,necklace_20241125_122545_7c4f70fe,IMG_2918_dbac9ef3,2,3,Necklace,Pendant,train,0,negative,cross_category
DS1_IMG_003540__DS1_IMG_003541,DS1_IMG_003540,DS1_IMG_003541,necklace_20241125_122545_7c4fc781,necklace_20241125_122545_7c4fc781,2,2,Necklace,Necklace,train,1,positive,
DS1_IMG_003540__DS1_IMG_003542,DS1_IMG_003540,DS1_IMG_003542,necklace_20241125_122545_7c4fc781,necklace_20241125_122545_7c4fc781,2,2,Necklace,Necklace,train,1,positive,
DS1_IMG_003540__DS1_IMG_003766,DS1_IMG_003540,DS1_IMG_003766,necklace_20241125_122545_7c4fc781,IMG_1372_c936a18b,2,3,Necklace,Pendant,train,0,negative,cross_category
DS1_IMG_003541__DS1_IMG_003542,DS1_IMG_003541,DS1_IMG_003542,necklace_20241125_122545_7c4fc781,necklace_20241125_122545_7c4fc781,2,2,Necklace,Necklace,train,1,positive,
DS1_IMG_003543__DS1_IMG_003544,DS1_IMG_003543,DS1_IMG_003544,necklace_20241125_122545_7c7f1000,necklace_20241125_122545_7c7f1000,2,2,Necklace,Necklace,train,1,positive,
DS1_IMG_003543__DS1_IMG_003910,DS1_IMG_003543,DS1_IMG_003910,necklace_20241125_122545_7c7f1000,IMG_2911_4bf24190,2,3,Necklace,Pendant,train,0,negative,cross_category
DS1_IMG_003545__DS1_IMG_003546,DS1_IMG_003545,DS1_IMG_003546,necklace_20241125_122545_7c7f44b3,necklace_20241125_122545_7c7f44b3,2,2,Necklace,Necklace,train,1,positive,
DS1_IMG_003545__DS1_IMG_003547,DS1_IMG_003545,DS1_IMG_003547,necklace_20241125_122545_7c7f44b3,necklace_20241125_122545_7c7f44b3,2,2,Necklace,Necklace,train,1,positive,
DS1_IMG_003545__DS1_IMG_004265,DS1_IMG_003545,DS1_IMG_004265,necklace_20241125_122545_7c7f44b3,ring_158,2,4,Necklace,Ring,train,0,negative,cross_category
DS1_IMG_003546__DS1_IMG_003547,DS1_IMG_003546,DS1_IMG_003547,necklace_20241125_122545_7c7f44b3,necklace_20241125_122545_7c7f44b3,2,2,Necklace,Necklace,train,1,positive,
DS1_IMG_003546__DS1_IMG_003693,DS1_IMG_003546,DS1_IMG_003693,necklace_20241125_122545_7c7f44b3,IMG_0479_27be300a,2,3,Necklace,Pendant,train,0,negative,cross_category
DS1_IMG_003548__DS1_IMG_003549,DS1_IMG_003548,DS1_IMG_003549,necklace_20241125_122545_7c7f677f,necklace_20241125_122545_7c7f677f,2,2,Necklace,Necklace,train,1,positive,
DS1_IMG_003553__DS1_IMG_003554,DS1_IMG_003553,DS1_IMG_003554,necklace_20241125_122545_7c7f7f07,necklace_20241125_122545_7c7f7f07,2,2,Necklace,Necklace,train,1,positive,
DS1_IMG_003553__DS1_IMG_003555,DS1_IMG_003553,DS1_IMG_003555,necklace_20241125_122545_7c7f7f07,necklace_20241125_122545_7c7f7f07,2,2,Necklace,Necklace,train,1,positive,
DS1_IMG_003553__DS1_IMG_003693,DS1_IMG_003553,DS1_IMG_003693,necklace_20241125_122545_7c7f7f07,IMG_0479_27be300a,2,3,Necklace,Pendant,train,0,negative,cross_category
DS1_IMG_003554__DS1_IMG_003555,DS1_IMG_003554,DS1_IMG_003555,necklace_20241125_122545_7c7f7f07,necklace_20241125_122545_7c7f7f07,2,2,Necklace,Necklace,train,1,positive,
DS1_IMG_003555__DS1_IMG_004056,DS1_IMG_003555,DS1_IMG_004056,necklace_20241125_122545_7c7f7f07,Screenshot_20181116-204417_1542449390654,2,4,Necklace,Ring,train,0,negative,cross_category
DS1_IMG_003556__DS1_IMG_003557,DS1_IMG_003556,DS1_IMG_003557,necklace_20241125_122545_7c7f8180,necklace_20241125_122545_7c7f8180,2,2,Necklace,Necklace,train,1,positive,
DS1_IMG_003556__DS1_IMG_003558,DS1_IMG_003556,DS1_IMG_003558,necklace_20241125_122545_7c7f8180,necklace_20241125_122545_7c7f8180,2,2,Necklace,Necklace,train,1,positive,
DS1_IMG_003557__DS1_IMG_003558,DS1_IMG_003557,DS1_IMG_003558,necklace_20241125_122545_7c7f8180,necklace_20241125_122545_7c7f8180,2,2,Necklace,Necklace,train,1,positive,
DS1_IMG_003557__DS1_IMG_004250,DS1_IMG_003557,DS1_IMG_004250,necklace_20241125_122545_7c7f8180,ring_153,2,4,Necklace,Ring,train,0,negative,cross_category
DS1_IMG_003562__DS1_IMG_003563,DS1_IMG_003562,DS1_IMG_003563,necklace_20241125_122545_7c7fc783,necklace_20241125_122545_7c7fc783,2,2,Necklace,Necklace,train,1,positive,
DS1_IMG_003562__DS1_IMG_003564,DS1_IMG_003562,DS1_IMG_003564,necklace_20241125_122545_7c7fc783,necklace_20241125_122545_7c7fc783,2,2,Necklace,Necklace,train,1,positive,
DS1_IMG_003562__DS1_IMG_004014,DS1_IMG_003562,DS1_IMG_004014,necklace_20241125_122545_7c7fc783,Screenshot_20181116-202707_1542453179073,2,4,Necklace,Ring,train,0,negative,cross_category
DS1_IMG_003562__DS1_IMG_004265,DS1_IMG_003562,DS1_IMG_004265,necklace_20241125_122545_7c7fc783,ring_158,2,4,Necklace,Ring,train,0,negative,cross_category
DS1_IMG_003563__DS1_IMG_003564,DS1_IMG_003563,DS1_IMG_003564,necklace_20241125_122545_7c7fc783,necklace_20241125_122545_7c7fc783,2,2,Necklace,Necklace,train,1,positive,
DS1_IMG_003563__DS1_IMG_004019,DS1_IMG_003563,DS1_IMG_004019,necklace_20241125_122545_7c7fc783,Screenshot_20181116-202810_1542452183994,2,4,Necklace,Ring,train,0,negative,cross_category
DS1_IMG_003565__DS1_IMG_003566,DS1_IMG_003565,DS1_IMG_003566,necklace_20241125_122545_808181f9,necklace_20241125_122545_808181f9,2,2,Necklace,Necklace,train,1,positive,
DS1_IMG_003565__DS1_IMG_003567,DS1_IMG_003565,DS1_IMG_003567,necklace_20241125_122545_808181f9,necklace_20241125_122545_808181f9,2,2,Necklace,Necklace,train,1,positive,
DS1_IMG_003565__DS1_IMG_003806,DS1_IMG_003565,DS1_IMG_003806,necklace_20241125_122545_808181f9,IMG_2427_3a6bdae9,2,3,Necklace,Pendant,train,0,negative,cross_category
DS1_IMG_003566__DS1_IMG_003567,DS1_IMG_003566,DS1_IMG_003567,necklace_20241125_122545_808181f9,necklace_20241125_122545_808181f9,2,2,Necklace,Necklace,train,1,positive,
DS1_IMG_003566__DS1_IMG_004284,DS1_IMG_003566,DS1_IMG_004284,necklace_20241125_122545_808181f9,ring_167,2,4,Necklace,Ring,train,0,negative,cross_category
DS1_IMG_003571__DS1_IMG_003572,DS1_IMG_003571,DS1_IMG_003572,necklace_20241125_122545_81818191,necklace_20241125_122545_81818191,2,2,Necklace,Necklace,train,1,positive,
DS1_IMG_003571__DS1_IMG_003573,DS1_IMG_003571,DS1_IMG_003573,necklace_20241125_122545_81818191,necklace_20241125_122545_81818191,2,2,Necklace,Necklace,train,1,positive,
DS1_IMG_003572__DS1_IMG_003573,DS1_IMG_003572,DS1_IMG_003573,necklace_20241125_122545_81818191,necklace_20241125_122545_81818191,2,2,Necklace,Necklace,train,1,positive,
DS1_IMG_003574__DS1_IMG_003575,DS1_IMG_003574,DS1_IMG_003575,necklace_20241125_122545_81818199,necklace_20241125_122545_81818199,2,2,Necklace,Necklace,train,1,positive,
DS1_IMG_003579__DS1_IMG_003580,DS1_IMG_003579,DS1_IMG_003580,necklace_20241125_122545_81818993,necklace_20241125_122545_81818993,2,2,Necklace,Necklace,train,1,positive,
DS1_IMG_003579__DS1_IMG_003581,DS1_IMG_003579,DS1_IMG_003581,necklace_20241125_122545_81818993,necklace_20241125_122545_81818993,2,2,Necklace,Necklace,train,1,positive,
DS1_IMG_003579__DS1_IMG_004139,DS1_IMG_003579,DS1_IMG_004139,necklace_20241125_122545_81818993,ring_084,2,4,Necklace,Ring,train,0,negative,cross_category
DS1_IMG_003580__DS1_IMG_003581,DS1_IMG_003580,DS1_IMG_003581,necklace_20241125_122545_81818993,necklace_20241125_122545_81818993,2,2,Necklace,Necklace,train,1,positive,
DS1_IMG_003585__DS1_IMG_003586,DS1_IMG_003585,DS1_IMG_003586,necklace_20241125_122545_8181b1f9,necklace_20241125_122545_8181b1f9,2,2,Necklace,Necklace,train,1,positive,
DS1_IMG_003585__DS1_IMG_003587,DS1_IMG_003585,DS1_IMG_003587,necklace_20241125_122545_8181b1f9,necklace_20241125_122545_8181b1f9,2,2,Necklace,Necklace,train,1,positive,
DS1_IMG_003586__DS1_IMG_003587,DS1_IMG_003586,DS1_IMG_003587,necklace_20241125_122545_8181b1f9,necklace_20241125_122545_8181b1f9,2,2,Necklace,Necklace,train,1,positive,
DS1_IMG_003586__DS1_IMG_004285,DS1_IMG_003586,DS1_IMG_004285,necklace_20241125_122545_8181b1f9,ring_168,2,4,Necklace,Ring,train,0,negative,cross_category
DS1_IMG_003588__DS1_IMG_003589,DS1_IMG_003588,DS1_IMG_003589,necklace_20241125_122545_81c1c599,necklace_20241125_122545_81c1c599,2,2,Necklace,Necklace,train,1,positive,
DS1_IMG_003588__DS1_IMG_003590,DS1_IMG_003588,DS1_IMG_003590,necklace_20241125_122545_81c1c599,necklace_20241125_122545_81c1c599,2,2,Necklace,Necklace,train,1,positive,
DS1_IMG_003588__DS1_IMG_003922,DS1_IMG_003588,DS1_IMG_003922,necklace_20241125_122545_81c1c599,IMG_2922_996200cd,2,3,Necklace,Pendant,train,0,negative,cross_category
DS1_IMG_003589__DS1_IMG_003590,DS1_IMG_003589,DS1_IMG_003590,necklace_20241125_122545_81c1c599,necklace_20241125_122545_81c1c599,2,2,Necklace,Necklace,train,1,positive,
DS1_IMG_003597__DS1_IMG_003598,DS1_IMG_003597,DS1_IMG_003598,necklace_20241125_122545_9888989c,necklace_20241125_122545_9888989c,2,2,Necklace,Necklace,train,1,positive,
DS1_IMG_003597__DS1_IMG_003599,DS1_IMG_003597,DS1_IMG_003599,necklace_20241125_122545_9888989c,necklace_20241125_122545_9888989c,2,2,Necklace,Necklace,train,1,positive,
DS1_IMG_003598__DS1_IMG_003599,DS1_IMG_003598,DS1_IMG_003599,necklace_20241125_122545_9888989c,necklace_20241125_122545_9888989c,2,2,Necklace,Necklace,train,1,positive,
DS1_IMG_003599__DS1_IMG_004317,DS1_IMG_003599,DS1_IMG_004317,necklace_20241125_122545_9888989c,ring_188,2,4,Necklace,Ring,train,0,negative,cross_category
DS1_IMG_003600__DS1_IMG_003601,DS1_IMG_003600,DS1_IMG_003601,necklace_20241125_122545_bbb1b5a5,necklace_20241125_122545_bbb1b5a5,2,2,Necklace,Necklace,train,1,positive,
DS1_IMG_003600__DS1_IMG_003602,DS1_IMG_003600,DS1_IMG_003602,necklace_20241125_122545_bbb1b5a5,necklace_20241125_122545_bbb1b5a5,2,2,Necklace,Necklace,train,1,positive,
DS1_IMG_003600__DS1_IMG_003941,DS1_IMG_003600,DS1_IMG_003941,necklace_20241125_122545_bbb1b5a5,IMG_2943_c72380bb,2,3,Necklace,Pendant,train,0,negative,cross_category
DS1_IMG_003601__DS1_IMG_003602,DS1_IMG_003601,DS1_IMG_003602,necklace_20241125_122545_bbb1b5a5,necklace_20241125_122545_bbb1b5a5,2,2,Necklace,Necklace,train,1,positive,
DS1_IMG_003601__DS1_IMG_003711,DS1_IMG_003601,DS1_IMG_003711,necklace_20241125_122545_bbb1b5a5,IMG_0733_64e5db0c,2,3,Necklace,Pendant,train,0,negative,cross_category
DS1_IMG_003602__DS1_IMG_003834,DS1_IMG_003602,DS1_IMG_003834,necklace_20241125_122545_bbb1b5a5,IMG_2801_3215b841,2,3,Necklace,Pendant,train,0,negative,cross_category
DS1_IMG_003603__DS1_IMG_003604,DS1_IMG_003603,DS1_IMG_003604,necklace_20241125_122545_c1c14163,necklace_20241125_122545_c1c14163,2,2,Necklace,Necklace,train,1,positive,
DS1_IMG_003603__DS1_IMG_003605,DS1_IMG_003603,DS1_IMG_003605,necklace_20241125_122545_c1c14163,necklace_20241125_122545_c1c14163,2,2,Necklace,Necklace,train,1,positive,
DS1_IMG_003604__DS1_IMG_003605,DS1_IMG_003604,DS1_IMG_003605,necklace_20241125_122545_c1c14163,necklace_20241125_122545_c1c14163,2,2,Necklace,Necklace,train,1,positive,
DS1_IMG_003606__DS1_IMG_003607,DS1_IMG_003606,DS1_IMG_003607,necklace_20241125_122545_c1c3c3c3,necklace_20241125_122545_c1c3c3c3,2,2,Necklace,Necklace,train,1,positive,
DS1_IMG_003606__DS1_IMG_003608,DS1_IMG_003606,DS1_IMG_003608,necklace_20241125_122545_c1c3c3c3,necklace_20241125_122545_c1c3c3c3,2,2,Necklace,Necklace,train,1,positive,
DS1_IMG_003606__DS1_IMG_004138,DS1_IMG_003606,DS1_IMG_004138,necklace_20241125_122545_c1c3c3c3,ring_084,2,4,Necklace,Ring,train,0,negative,cross_category
DS1_IMG_003607__DS1_IMG_003608,DS1_IMG_003607,DS1_IMG_003608,necklace_20241125_122545_c1c3c3c3,necklace_20241125_122545_c1c3c3c3,2,2,Necklace,Necklace,train,1,positive,
DS1_IMG_003609__DS1_IMG_003610,DS1_IMG_003609,DS1_IMG_003610,necklace_57,necklace_57,2,2,Necklace,Necklace,train,1,positive,
DS1_IMG_003609__DS1_IMG_003611,DS1_IMG_003609,DS1_IMG_003611,necklace_57,necklace_57,2,2,Necklace,Necklace,train,1,positive,
DS1_IMG_003609__DS1_IMG_004227,DS1_IMG_003609,DS1_IMG_004227,necklace_57,ring_134,2,4,Necklace,Ring,train,0,negative,cross_category
DS1_IMG_003610__DS1_IMG_003611,DS1_IMG_003610,DS1_IMG_003611,necklace_57,necklace_57,2,2,Necklace,Necklace,train,1,positive,
DS1_IMG_003610__DS1_IMG_003800,DS1_IMG_003610,DS1_IMG_003800,necklace_57,IMG_2379_ad6a1bf5,2,3,Necklace,Pendant,train,0,negative,cross_category
DS1_IMG_003612__DS1_IMG_003613,DS1_IMG_003612,DS1_IMG_003613,necklace_59,necklace_59,2,2,Necklace,Necklace,train,1,positive,
DS1_IMG_003613__DS1_IMG_003833,DS1_IMG_003613,DS1_IMG_003833,necklace_59,IMG_2801_3215b841,2,3,Necklace,Pendant,train,0,negative,cross_category
DS1_IMG_003616__DS1_IMG_003617,DS1_IMG_003616,DS1_IMG_003617,necklace_62,necklace_62,2,2,Necklace,Necklace,train,1,positive,
DS1_IMG_003616__DS1_IMG_003618,DS1_IMG_003616,DS1_IMG_003618,necklace_62,necklace_62,2,2,Necklace,Necklace,train,1,positive,
DS1_IMG_003617__DS1_IMG_003618,DS1_IMG_003617,DS1_IMG_003618,necklace_62,necklace_62,2,2,Necklace,Necklace,train,1,positive,
DS1_IMG_003619__DS1_IMG_004287,DS1_IMG_003619,DS1_IMG_004287,necklace_67,ring_168,2,4,Necklace,Ring,train,0,negative,cross_category
DS1_IMG_003620__DS1_IMG_003621,DS1_IMG_003620,DS1_IMG_003621,necklace_69,necklace_69,2,2,Necklace,Necklace,train,1,positive,
DS1_IMG_003620__DS1_IMG_003622,DS1_IMG_003620,DS1_IMG_003622,necklace_69,necklace_69,2,2,Necklace,Necklace,train,1,positive,
DS1_IMG_003621__DS1_IMG_003622,DS1_IMG_003621,DS1_IMG_003622,necklace_69,necklace_69,2,2,Necklace,Necklace,train,1,positive,
DS1_IMG_003629__DS1_IMG_003630,DS1_IMG_003629,DS1_IMG_003630,necklace_77,necklace_77,2,2,Necklace,Necklace,train,1,positive,
DS1_IMG_003629__DS1_IMG_003631,DS1_IMG_003629,DS1_IMG_003631,necklace_77,necklace_77,2,2,Necklace,Necklace,train,1,positive,
DS1_IMG_003629__DS1_IMG_004070,DS1_IMG_003629,DS1_IMG_004070,necklace_77,ring_046,2,4,Necklace,Ring,train,0,negative,cross_category
DS1_IMG_003629__DS1_IMG_004156,DS1_IMG_003629,DS1_IMG_004156,necklace_77,ring_091,2,4,Necklace,Ring,train,0,negative,cross_category
DS1_IMG_003630__DS1_IMG_003631,DS1_IMG_003630,DS1_IMG_003631,necklace_77,necklace_77,2,2,Necklace,Necklace,train,1,positive,
DS1_IMG_003632__DS1_IMG_003633,DS1_IMG_003632,DS1_IMG_003633,necklace_80,necklace_80,2,2,Necklace,Necklace,train,1,positive,
DS1_IMG_003632__DS1_IMG_003634,DS1_IMG_003632,DS1_IMG_003634,necklace_80,necklace_80,2,2,Necklace,Necklace,train,1,positive,
DS1_IMG_003632__DS1_IMG_003947,DS1_IMG_003632,DS1_IMG_003947,necklace_80,IMG_3503_4d37f1fe,2,3,Necklace,Pendant,train,0,negative,cross_category
DS1_IMG_003633__DS1_IMG_003634,DS1_IMG_003633,DS1_IMG_003634,necklace_80,necklace_80,2,2,Necklace,Necklace,train,1,positive,
DS1_IMG_003634__DS1_IMG_004234,DS1_IMG_003634,DS1_IMG_004234,necklace_80,ring_138,2,4,Necklace,Ring,train,0,negative,cross_category
DS1_IMG_003636__DS1_IMG_003637,DS1_IMG_003636,DS1_IMG_003637,necklace_82,necklace_82,2,2,Necklace,Necklace,train,1,positive,
DS1_IMG_003636__DS1_IMG_003638,DS1_IMG_003636,DS1_IMG_003638,necklace_82,necklace_82,2,2,Necklace,Necklace,train,1,positive,
DS1_IMG_003637__DS1_IMG_003638,DS1_IMG_003637,DS1_IMG_003638,necklace_82,necklace_82,2,2,Necklace,Necklace,train,1,positive,
DS1_IMG_003639__DS1_IMG_003640,DS1_IMG_003639,DS1_IMG_003640,necklace_84,necklace_84,2,2,Necklace,Necklace,train,1,positive,
DS1_IMG_003639__DS1_IMG_003641,DS1_IMG_003639,DS1_IMG_003641,necklace_84,necklace_84,2,2,Necklace,Necklace,train,1,positive,
DS1_IMG_003640__DS1_IMG_003641,DS1_IMG_003640,DS1_IMG_003641,necklace_84,necklace_84,2,2,Necklace,Necklace,train,1,positive,
DS1_IMG_003642__DS1_IMG_003643,DS1_IMG_003642,DS1_IMG_003643,necklace_86,necklace_86,2,2,Necklace,Necklace,train,1,positive,
DS1_IMG_003642__DS1_IMG_003644,DS1_IMG_003642,DS1_IMG_003644,necklace_86,necklace_86,2,2,Necklace,Necklace,train,1,positive,
DS1_IMG_003643__DS1_IMG_003644,DS1_IMG_003643,DS1_IMG_003644,necklace_86,necklace_86,2,2,Necklace,Necklace,train,1,positive,
DS1_IMG_003645__DS1_IMG_003646,DS1_IMG_003645,DS1_IMG_003646,necklace_87,necklace_87,2,2,Necklace,Necklace,train,1,positive,
DS1_IMG_003645__DS1_IMG_003647,DS1_IMG_003645,DS1_IMG_003647,necklace_87,necklace_87,2,2,Necklace,Necklace,train,1,positive,
DS1_IMG_003645__DS1_IMG_004000,DS1_IMG_003645,DS1_IMG_004000,necklace_87,necklace_78,2,3,Necklace,Pendant,train,0,negative,cross_category
DS1_IMG_003646__DS1_IMG_003647,DS1_IMG_003646,DS1_IMG_003647,necklace_87,necklace_87,2,2,Necklace,Necklace,train,1,positive,
DS1_IMG_003647__DS1_IMG_004057,DS1_IMG_003647,DS1_IMG_004057,necklace_87,Screenshot_20181116-204417_1542449390654,2,4,Necklace,Ring,train,0,negative,cross_category
DS1_IMG_003648__DS1_IMG_003649,DS1_IMG_003648,DS1_IMG_003649,necklace_91,necklace_91,2,2,Necklace,Necklace,train,1,positive,
DS1_IMG_003648__DS1_IMG_003875,DS1_IMG_003648,DS1_IMG_003875,necklace_91,IMG_2860_b5be60fb,2,3,Necklace,Pendant,train,0,negative,cross_category
DS1_IMG_003650__DS1_IMG_003651,DS1_IMG_003650,DS1_IMG_003651,necklace_93,necklace_93,2,2,Necklace,Necklace,train,1,positive,
DS1_IMG_003650__DS1_IMG_003652,DS1_IMG_003650,DS1_IMG_003652,necklace_93,necklace_93,2,2,Necklace,Necklace,train,1,positive,
DS1_IMG_003650__DS1_IMG_003881,DS1_IMG_003650,DS1_IMG_003881,necklace_93,IMG_2870_451f1def,2,3,Necklace,Pendant,train,0,negative,cross_category
DS1_IMG_003651__DS1_IMG_003652,DS1_IMG_003651,DS1_IMG_003652,necklace_93,necklace_93,2,2,Necklace,Necklace,train,1,positive,
DS1_IMG_003651__DS1_IMG_003793,DS1_IMG_003651,DS1_IMG_003793,necklace_93,IMG_2275_5f527887,2,3,Necklace,Pendant,train,0,negative,cross_category
DS1_IMG_003652__DS1_IMG_004102,DS1_IMG_003652,DS1_IMG_004102,necklace_93,ring_065,2,4,Necklace,Ring,train,0,negative,cross_category
DS1_IMG_003653__DS1_IMG_003654,DS1_IMG_003653,DS1_IMG_003654,necklace_95,necklace_95,2,2,Necklace,Necklace,train,1,positive,
DS1_IMG_003653__DS1_IMG_003655,DS1_IMG_003653,DS1_IMG_003655,necklace_95,necklace_95,2,2,Necklace,Necklace,train,1,positive,
DS1_IMG_003654__DS1_IMG_003655,DS1_IMG_003654,DS1_IMG_003655,necklace_95,necklace_95,2,2,Necklace,Necklace,train,1,positive,
DS1_IMG_003654__DS1_IMG_003920,DS1_IMG_003654,DS1_IMG_003920,necklace_95,IMG_2922_996200cd,2,3,Necklace,Pendant,train,0,negative,cross_category
DS1_IMG_003654__DS1_IMG_004328,DS1_IMG_003654,DS1_IMG_004328,necklace_95,wedding-rings-jewellery-png-31,2,4,Necklace,Ring,train,0,negative,cross_category
DS1_IMG_003656__DS1_IMG_003657,DS1_IMG_003656,DS1_IMG_003657,necklace_96,necklace_96,2,2,Necklace,Necklace,train,1,positive,
DS1_IMG_003656__DS1_IMG_003658,DS1_IMG_003656,DS1_IMG_003658,necklace_96,necklace_96,2,2,Necklace,Necklace,train,1,positive,
DS1_IMG_003657__DS1_IMG_003658,DS1_IMG_003657,DS1_IMG_003658,necklace_96,necklace_96,2,2,Necklace,Necklace,train,1,positive,
DS1_IMG_003659__DS1_IMG_003660,DS1_IMG_003659,DS1_IMG_003660,necklace_97,necklace_97,2,2,Necklace,Necklace,train,1,positive,
DS1_IMG_003659__DS1_IMG_003661,DS1_IMG_003659,DS1_IMG_003661,necklace_97,necklace_97,2,2,Necklace,Necklace,train,1,positive,
DS1_IMG_003660__DS1_IMG_003661,DS1_IMG_003660,DS1_IMG_003661,necklace_97,necklace_97,2,2,Necklace,Necklace,train,1,positive,
DS1_IMG_003662__DS1_IMG_003663,DS1_IMG_003662,DS1_IMG_003663,necklace_99,necklace_99,2,2,Necklace,Necklace,train,1,positive,
DS1_IMG_003662__DS1_IMG_003664,DS1_IMG_003662,DS1_IMG_003664,necklace_99,necklace_99,2,2,Necklace,Necklace,train,1,positive,
DS1_IMG_003663__DS1_IMG_003664,DS1_IMG_003663,DS1_IMG_003664,necklace_99,necklace_99,2,2,Necklace,Necklace,train,1,positive,
DS1_IMG_003664__DS1_IMG_003930,DS1_IMG_003664,DS1_IMG_003930,necklace_99,IMG_2931_6b15625f,2,3,Necklace,Pendant,train,0,negative,cross_category
DS1_IMG_003664__DS1_IMG_004254,DS1_IMG_003664,DS1_IMG_004254,necklace_99,ring_154,2,4,Necklace,Ring,train,0,negative,cross_category
DS1_IMG_003665__DS1_IMG_003666,DS1_IMG_003665,DS1_IMG_003666,IMG_0255_bd4ecf03,IMG_0255_bd4ecf03,3,3,Pendant,Pendant,train,1,positive,
DS1_IMG_003665__DS1_IMG_003667,DS1_IMG_003665,DS1_IMG_003667,IMG_0255_bd4ecf03,IMG_0255_bd4ecf03,3,3,Pendant,Pendant,train,1,positive,
DS1_IMG_003665__DS1_IMG_004028,DS1_IMG_003665,DS1_IMG_004028,IMG_0255_bd4ecf03,Screenshot_20181116-203109_1542449890237,3,4,Pendant,Ring,train,0,negative,cross_category
DS1_IMG_003665__DS1_IMG_004052,DS1_IMG_003665,DS1_IMG_004052,IMG_0255_bd4ecf03,Screenshot_20181116-204341_1542449441847,3,4,Pendant,Ring,train,0,negative,cross_category
DS1_IMG_003665__DS1_IMG_004256,DS1_IMG_003665,DS1_IMG_004256,IMG_0255_bd4ecf03,ring_155,3,4,Pendant,Ring,train,0,negative,cross_category
DS1_IMG_003665__DS1_IMG_004307,DS1_IMG_003665,DS1_IMG_004307,IMG_0255_bd4ecf03,ring_183,3,4,Pendant,Ring,train,0,negative,cross_category
DS1_IMG_003666__DS1_IMG_003667,DS1_IMG_003666,DS1_IMG_003667,IMG_0255_bd4ecf03,IMG_0255_bd4ecf03,3,3,Pendant,Pendant,train,1,positive,
DS1_IMG_003666__DS1_IMG_004194,DS1_IMG_003666,DS1_IMG_004194,IMG_0255_bd4ecf03,ring_113,3,4,Pendant,Ring,train,0,negative,cross_category
DS1_IMG_003668__DS1_IMG_003669,DS1_IMG_003668,DS1_IMG_003669,IMG_0371_d1d4878f,IMG_0371_d1d4878f,3,3,Pendant,Pendant,train,1,positive,
DS1_IMG_003668__DS1_IMG_003670,DS1_IMG_003668,DS1_IMG_003670,IMG_0371_d1d4878f,IMG_0371_d1d4878f,3,3,Pendant,Pendant,train,1,positive,
DS1_IMG_003668__DS1_IMG_004128,DS1_IMG_003668,DS1_IMG_004128,IMG_0371_d1d4878f,ring_080,3,4,Pendant,Ring,train,0,negative,cross_category
DS1_IMG_003669__DS1_IMG_003670,DS1_IMG_003669,DS1_IMG_003670,IMG_0371_d1d4878f,IMG_0371_d1d4878f,3,3,Pendant,Pendant,train,1,positive,
DS1_IMG_003669__DS1_IMG_004088,DS1_IMG_003669,DS1_IMG_004088,IMG_0371_d1d4878f,ring_055,3,4,Pendant,Ring,train,0,negative,cross_category
DS1_IMG_003670__DS1_IMG_004082,DS1_IMG_003670,DS1_IMG_004082,IMG_0371_d1d4878f,ring_051,3,4,Pendant,Ring,train,0,negative,cross_category
DS1_IMG_003671__DS1_IMG_003672,DS1_IMG_003671,DS1_IMG_003672,IMG_0391_13077dff,IMG_0391_13077dff,3,3,Pendant,Pendant,train,1,positive,
DS1_IMG_003671__DS1_IMG_003673,DS1_IMG_003671,DS1_IMG_003673,IMG_0391_13077dff,IMG_0391_13077dff,3,3,Pendant,Pendant,train,1,positive,
DS1_IMG_003672__DS1_IMG_003673,DS1_IMG_003672,DS1_IMG_003673,IMG_0391_13077dff,IMG_0391_13077dff,3,3,Pendant,Pendant,train,1,positive,
DS1_IMG_003673__DS1_IMG_004265,DS1_IMG_003673,DS1_IMG_004265,IMG_0391_13077dff,ring_158,3,4,Pendant,Ring,train,0,negative,cross_category
DS1_IMG_003680__DS1_IMG_003681,DS1_IMG_003680,DS1_IMG_003681,IMG_0457_cb73a0c4,IMG_0457_cb73a0c4,3,3,Pendant,Pendant,train,1,positive,
DS1_IMG_003680__DS1_IMG_003682,DS1_IMG_003680,DS1_IMG_003682,IMG_0457_cb73a0c4,IMG_0457_cb73a0c4,3,3,Pendant,Pendant,train,1,positive,
DS1_IMG_003680__DS1_IMG_004030,DS1_IMG_003680,DS1_IMG_004030,IMG_0457_cb73a0c4,Screenshot_20181116-203329_1542449759369,3,4,Pendant,Ring,train,0,negative,cross_category
DS1_IMG_003680__DS1_IMG_004246,DS1_IMG_003680,DS1_IMG_004246,IMG_0457_cb73a0c4,ring_148,3,4,Pendant,Ring,train,0,negative,cross_category
DS1_IMG_003681__DS1_IMG_003682,DS1_IMG_003681,DS1_IMG_003682,IMG_0457_cb73a0c4,IMG_0457_cb73a0c4,3,3,Pendant,Pendant,train,1,positive,
DS1_IMG_003681__DS1_IMG_004167,DS1_IMG_003681,DS1_IMG_004167,IMG_0457_cb73a0c4,ring_096,3,4,Pendant,Ring,train,0,negative,cross_category
DS1_IMG_003682__DS1_IMG_004064,DS1_IMG_003682,DS1_IMG_004064,IMG_0457_cb73a0c4,ring_043,3,4,Pendant,Ring,train,0,negative,cross_category
DS1_IMG_003682__DS1_IMG_004150,DS1_IMG_003682,DS1_IMG_004150,IMG_0457_cb73a0c4,ring_088,3,4,Pendant,Ring,train,0,negative,cross_category
DS1_IMG_003686__DS1_IMG_003687,DS1_IMG_003686,DS1_IMG_003687,IMG_0471_02f2128e,IMG_0471_02f2128e,3,3,Pendant,Pendant,train,1,positive,
DS1_IMG_003686__DS1_IMG_003688,DS1_IMG_003686,DS1_IMG_003688,IMG_0471_02f2128e,IMG_0471_02f2128e,3,3,Pendant,Pendant,train,1,positive,
DS1_IMG_003687__DS1_IMG_003688,DS1_IMG_003687,DS1_IMG_003688,IMG_0471_02f2128e,IMG_0471_02f2128e,3,3,Pendant,Pendant,train,1,positive,
DS1_IMG_003687__DS1_IMG_004256,DS1_IMG_003687,DS1_IMG_004256,IMG_0471_02f2128e,ring_155,3,4,Pendant,Ring,train,0,negative,cross_category
DS1_IMG_003687__DS1_IMG_004257,DS1_IMG_003687,DS1_IMG_004257,IMG_0471_02f2128e,ring_155,3,4,Pendant,Ring,train,0,negative,cross_category
DS1_IMG_003688__DS1_IMG_004107,DS1_IMG_003688,DS1_IMG_004107,IMG_0471_02f2128e,ring_067,3,4,Pendant,Ring,train,0,negative,cross_category
DS1_IMG_003688__DS1_IMG_004131,DS1_IMG_003688,DS1_IMG_004131,IMG_0471_02f2128e,ring_082,3,4,Pendant,Ring,train,0,negative,cross_category
DS1_IMG_003689__DS1_IMG_003690,DS1_IMG_003689,DS1_IMG_003690,IMG_0475_694c48a1,IMG_0475_694c48a1,3,3,Pendant,Pendant,train,1,positive,
DS1_IMG_003689__DS1_IMG_003691,DS1_IMG_003689,DS1_IMG_003691,IMG_0475_694c48a1,IMG_0475_694c48a1,3,3,Pendant,Pendant,train,1,positive,
DS1_IMG_003689__DS1_IMG_004125,DS1_IMG_003689,DS1_IMG_004125,IMG_0475_694c48a1,ring_078,3,4,Pendant,Ring,train,0,negative,cross_category
DS1_IMG_003690__DS1_IMG_003691,DS1_IMG_003690,DS1_IMG_003691,IMG_0475_694c48a1,IMG_0475_694c48a1,3,3,Pendant,Pendant,train,1,positive,
DS1_IMG_003690__DS1_IMG_004320,DS1_IMG_003690,DS1_IMG_004320,IMG_0475_694c48a1,ring_192,3,4,Pendant,Ring,train,0,negative,cross_category
DS1_IMG_003692__DS1_IMG_003693,DS1_IMG_003692,DS1_IMG_003693,IMG_0479_27be300a,IMG_0479_27be300a,3,3,Pendant,Pendant,train,1,positive,
DS1_IMG_003692__DS1_IMG_003694,DS1_IMG_003692,DS1_IMG_003694,IMG_0479_27be300a,IMG_0479_27be300a,3,3,Pendant,Pendant,train,1,positive,
DS1_IMG_003692__DS1_IMG_004033,DS1_IMG_003692,DS1_IMG_004033,IMG_0479_27be300a,Screenshot_20181116-203347_1542449724585,3,4,Pendant,Ring,train,0,negative,cross_category
DS1_IMG_003692__DS1_IMG_004088,DS1_IMG_003692,DS1_IMG_004088,IMG_0479_27be300a,ring_055,3,4,Pendant,Ring,train,0,negative,cross_category
DS1_IMG_003692__DS1_IMG_004166,DS1_IMG_003692,DS1_IMG_004166,IMG_0479_27be300a,ring_096,3,4,Pendant,Ring,train,0,negative,cross_category
DS1_IMG_003693__DS1_IMG_003694,DS1_IMG_003693,DS1_IMG_003694,IMG_0479_27be300a,IMG_0479_27be300a,3,3,Pendant,Pendant,train,1,positive,
DS1_IMG_003693__DS1_IMG_004176,DS1_IMG_003693,DS1_IMG_004176,IMG_0479_27be300a,ring_102,3,4,Pendant,Ring,train,0,negative,cross_category
DS1_IMG_003693__DS1_IMG_004199,DS1_IMG_003693,DS1_IMG_004199,IMG_0479_27be300a,ring_116,3,4,Pendant,Ring,train,0,negative,cross_category
DS1_IMG_003694__DS1_IMG_004121,DS1_IMG_003694,DS1_IMG_004121,IMG_0479_27be300a,ring_076,3,4,Pendant,Ring,train,0,negative,cross_category
DS1_IMG_003694__DS1_IMG_004198,DS1_IMG_003694,DS1_IMG_004198,IMG_0479_27be300a,ring_114,3,4,Pendant,Ring,train,0,negative,cross_category
DS1_IMG_003695__DS1_IMG_003696,DS1_IMG_003695,DS1_IMG_003696,IMG_0602_6d616791,IMG_0602_6d616791,3,3,Pendant,Pendant,train,1,positive,
DS1_IMG_003695__DS1_IMG_003697,DS1_IMG_003695,DS1_IMG_003697,IMG_0602_6d616791,IMG_0602_6d616791,3,3,Pendant,Pendant,train,1,positive,
DS1_IMG_003696__DS1_IMG_003697,DS1_IMG_003696,DS1_IMG_003697,IMG_0602_6d616791,IMG_0602_6d616791,3,3,Pendant,Pendant,train,1,positive,
DS1_IMG_003696__DS1_IMG_004100,DS1_IMG_003696,DS1_IMG_004100,IMG_0602_6d616791,ring_062,3,4,Pendant,Ring,train,0,negative,cross_category
DS1_IMG_003697__DS1_IMG_004035,DS1_IMG_003697,DS1_IMG_004035,IMG_0602_6d616791,Screenshot_20181116-203818_1542449673275,3,4,Pendant,Ring,train,0,negative,cross_category
DS1_IMG_003697__DS1_IMG_004227,DS1_IMG_003697,DS1_IMG_004227,IMG_0602_6d616791,ring_134,3,4,Pendant,Ring,train,0,negative,cross_category
DS1_IMG_003698__DS1_IMG_003699,DS1_IMG_003698,DS1_IMG_003699,IMG_0669_957b4e82,IMG_0669_957b4e82,3,3,Pendant,Pendant,train,1,positive,
DS1_IMG_003698__DS1_IMG_003700,DS1_IMG_003698,DS1_IMG_003700,IMG_0669_957b4e82,IMG_0669_957b4e82,3,3,Pendant,Pendant,train,1,positive,
DS1_IMG_003699__DS1_IMG_003700,DS1_IMG_003699,DS1_IMG_003700,IMG_0669_957b4e82,IMG_0669_957b4e82,3,3,Pendant,Pendant,train,1,positive,
DS1_IMG_003700__DS1_IMG_004216,DS1_IMG_003700,DS1_IMG_004216,IMG_0669_957b4e82,ring_124,3,4,Pendant,Ring,train,0,negative,cross_category
DS1_IMG_003704__DS1_IMG_003705,DS1_IMG_003704,DS1_IMG_003705,IMG_0702_fc96bc4c,IMG_0702_fc96bc4c,3,3,Pendant,Pendant,train,1,positive,
DS1_IMG_003704__DS1_IMG_003706,DS1_IMG_003704,DS1_IMG_003706,IMG_0702_fc96bc4c,IMG_0702_fc96bc4c,3,3,Pendant,Pendant,train,1,positive,
DS1_IMG_003705__DS1_IMG_003706,DS1_IMG_003705,DS1_IMG_003706,IMG_0702_fc96bc4c,IMG_0702_fc96bc4c,3,3,Pendant,Pendant,train,1,positive,
DS1_IMG_003705__DS1_IMG_004290,DS1_IMG_003705,DS1_IMG_004290,IMG_0702_fc96bc4c,ring_170,3,4,Pendant,Ring,train,0,negative,cross_category
DS1_IMG_003707__DS1_IMG_003708,DS1_IMG_003707,DS1_IMG_003708,IMG_0726_46863f42,IMG_0726_46863f42,3,3,Pendant,Pendant,train,1,positive,
DS1_IMG_003707__DS1_IMG_003709,DS1_IMG_003707,DS1_IMG_003709,IMG_0726_46863f42,IMG_0726_46863f42,3,3,Pendant,Pendant,train,1,positive,
DS1_IMG_003708__DS1_IMG_003709,DS1_IMG_003708,DS1_IMG_003709,IMG_0726_46863f42,IMG_0726_46863f42,3,3,Pendant,Pendant,train,1,positive,
DS1_IMG_003708__DS1_IMG_004155,DS1_IMG_003708,DS1_IMG_004155,IMG_0726_46863f42,ring_091,3,4,Pendant,Ring,train,0,negative,cross_category
DS1_IMG_003710__DS1_IMG_003711,DS1_IMG_003710,DS1_IMG_003711,IMG_0733_64e5db0c,IMG_0733_64e5db0c,3,3,Pendant,Pendant,train,1,positive,
DS1_IMG_003710__DS1_IMG_003712,DS1_IMG_003710,DS1_IMG_003712,IMG_0733_64e5db0c,IMG_0733_64e5db0c,3,3,Pendant,Pendant,train,1,positive,
DS1_IMG_003711__DS1_IMG_003712,DS1_IMG_003711,DS1_IMG_003712,IMG_0733_64e5db0c,IMG_0733_64e5db0c,3,3,Pendant,Pendant,train,1,positive,
DS1_IMG_003711__DS1_IMG_004310,DS1_IMG_003711,DS1_IMG_004310,IMG_0733_64e5db0c,ring_184,3,4,Pendant,Ring,train,0,negative,cross_category
DS1_IMG_003713__DS1_IMG_003714,DS1_IMG_003713,DS1_IMG_003714,IMG_0753_2ca36338,IMG_0753_2ca36338,3,3,Pendant,Pendant,train,1,positive,
DS1_IMG_003713__DS1_IMG_003715,DS1_IMG_003713,DS1_IMG_003715,IMG_0753_2ca36338,IMG_0753_2ca36338,3,3,Pendant,Pendant,train,1,positive,
DS1_IMG_003714__DS1_IMG_003715,DS1_IMG_003714,DS1_IMG_003715,IMG_0753_2ca36338,IMG_0753_2ca36338,3,3,Pendant,Pendant,train,1,positive,
DS1_IMG_003714__DS1_IMG_004219,DS1_IMG_003714,DS1_IMG_004219,IMG_0753_2ca36338,ring_128,3,4,Pendant,Ring,train,0,negative,cross_category
DS1_IMG_003719__DS1_IMG_003720,DS1_IMG_003719,DS1_IMG_003720,IMG_0811_ccf24bcc,IMG_0811_ccf24bcc,3,3,Pendant,Pendant,train,1,positive,
DS1_IMG_003719__DS1_IMG_003721,DS1_IMG_003719,DS1_IMG_003721,IMG_0811_ccf24bcc,IMG_0811_ccf24bcc,3,3,Pendant,Pendant,train,1,positive,
DS1_IMG_003719__DS1_IMG_004132,DS1_IMG_003719,DS1_IMG_004132,IMG_0811_ccf24bcc,ring_082,3,4,Pendant,Ring,train,0,negative,cross_category
DS1_IMG_003719__DS1_IMG_004177,DS1_IMG_003719,DS1_IMG_004177,IMG_0811_ccf24bcc,ring_102,3,4,Pendant,Ring,train,0,negative,cross_category
DS1_IMG_003720__DS1_IMG_003721,DS1_IMG_003720,DS1_IMG_003721,IMG_0811_ccf24bcc,IMG_0811_ccf24bcc,3,3,Pendant,Pendant,train,1,positive,
DS1_IMG_003720__DS1_IMG_004130,DS1_IMG_003720,DS1_IMG_004130,IMG_0811_ccf24bcc,ring_080,3,4,Pendant,Ring,train,0,negative,cross_category
DS1_IMG_003722__DS1_IMG_003723,DS1_IMG_003722,DS1_IMG_003723,IMG_0841_55d04e95,IMG_0841_55d04e95,3,3,Pendant,Pendant,train,1,positive,
DS1_IMG_003722__DS1_IMG_003724,DS1_IMG_003722,DS1_IMG_003724,IMG_0841_55d04e95,IMG_0841_55d04e95,3,3,Pendant,Pendant,train,1,positive,
DS1_IMG_003722__DS1_IMG_004235,DS1_IMG_003722,DS1_IMG_004235,IMG_0841_55d04e95,ring_139,3,4,Pendant,Ring,train,0,negative,cross_category
DS1_IMG_003723__DS1_IMG_003724,DS1_IMG_003723,DS1_IMG_003724,IMG_0841_55d04e95,IMG_0841_55d04e95,3,3,Pendant,Pendant,train,1,positive,
DS1_IMG_003723__DS1_IMG_004253,DS1_IMG_003723,DS1_IMG_004253,IMG_0841_55d04e95,ring_154,3,4,Pendant,Ring,train,0,negative,cross_category
DS1_IMG_003724__DS1_IMG_004090,DS1_IMG_003724,DS1_IMG_004090,IMG_0841_55d04e95,ring_057,3,4,Pendant,Ring,train,0,negative,cross_category
DS1_IMG_003725__DS1_IMG_003726,DS1_IMG_003725,DS1_IMG_003726,IMG_0842_54be0d37,IMG_0842_54be0d37,3,3,Pendant,Pendant,train,1,positive,
DS1_IMG_003725__DS1_IMG_003727,DS1_IMG_003725,DS1_IMG_003727,IMG_0842_54be0d37,IMG_0842_54be0d37,3,3,Pendant,Pendant,train,1,positive,
DS1_IMG_003725__DS1_IMG_004191,DS1_IMG_003725,DS1_IMG_004191,IMG_0842_54be0d37,ring_112,3,4,Pendant,Ring,train,0,negative,cross_category
DS1_IMG_003725__DS1_IMG_004195,DS1_IMG_003725,DS1_IMG_004195,IMG_0842_54be0d37,ring_113,3,4,Pendant,Ring,train,0,negative,cross_category
DS1_IMG_003725__DS1_IMG_004246,DS1_IMG_003725,DS1_IMG_004246,IMG_0842_54be0d37,ring_148,3,4,Pendant,Ring,train,0,negative,cross_category
DS1_IMG_003726__DS1_IMG_003727,DS1_IMG_003726,DS1_IMG_003727,IMG_0842_54be0d37,IMG_0842_54be0d37,3,3,Pendant,Pendant,train,1,positive,
DS1_IMG_003726__DS1_IMG_004296,DS1_IMG_003726,DS1_IMG_004296,IMG_0842_54be0d37,ring_179,3,4,Pendant,Ring,train,0,negative,cross_category
DS1_IMG_003728__DS1_IMG_003729,DS1_IMG_003728,DS1_IMG_003729,IMG_0845_2d416634,IMG_0845_2d416634,3,3,Pendant,Pendant,train,1,positive,
DS1_IMG_003728__DS1_IMG_003730,DS1_IMG_003728,DS1_IMG_003730,IMG_0845_2d416634,IMG_0845_2d416634,3,3,Pendant,Pendant,train,1,positive,
DS1_IMG_003728__DS1_IMG_004143,DS1_IMG_003728,DS1_IMG_004143,IMG_0845_2d416634,ring_086,3,4,Pendant,Ring,train,0,negative,cross_category
DS1_IMG_003728__DS1_IMG_004274,DS1_IMG_003728,DS1_IMG_004274,IMG_0845_2d416634,ring_163,3,4,Pendant,Ring,train,0,negative,cross_category
DS1_IMG_003729__DS1_IMG_003730,DS1_IMG_003729,DS1_IMG_003730,IMG_0845_2d416634,IMG_0845_2d416634,3,3,Pendant,Pendant,train,1,positive,
DS1_IMG_003729__DS1_IMG_004217,DS1_IMG_003729,DS1_IMG_004217,IMG_0845_2d416634,ring_128,3,4,Pendant,Ring,train,0,negative,cross_category
DS1_IMG_003730__DS1_IMG_004196,DS1_IMG_003730,DS1_IMG_004196,IMG_0845_2d416634,ring_114,3,4,Pendant,Ring,train,0,negative,cross_category
DS1_IMG_003731__DS1_IMG_003732,DS1_IMG_003731,DS1_IMG_003732,IMG_0858_52572277,IMG_0858_52572277,3,3,Pendant,Pendant,train,1,positive,
DS1_IMG_003731__DS1_IMG_003733,DS1_IMG_003731,DS1_IMG_003733,IMG_0858_52572277,IMG_0858_52572277,3,3,Pendant,Pendant,train,1,positive,
DS1_IMG_003731__DS1_IMG_004071,DS1_IMG_003731,DS1_IMG_004071,IMG_0858_52572277,ring_047,3,4,Pendant,Ring,train,0,negative,cross_category
DS1_IMG_003732__DS1_IMG_003733,DS1_IMG_003732,DS1_IMG_003733,IMG_0858_52572277,IMG_0858_52572277,3,3,Pendant,Pendant,train,1,positive,
DS1_IMG_003733__DS1_IMG_004197,DS1_IMG_003733,DS1_IMG_004197,IMG_0858_52572277,ring_114,3,4,Pendant,Ring,train,0,negative,cross_category
DS1_IMG_003737__DS1_IMG_003738,DS1_IMG_003737,DS1_IMG_003738,IMG_0860_40d0505f,IMG_0860_40d0505f,3,3,Pendant,Pendant,train,1,positive,
DS1_IMG_003737__DS1_IMG_003739,DS1_IMG_003737,DS1_IMG_003739,IMG_0860_40d0505f,IMG_0860_40d0505f,3,3,Pendant,Pendant,train,1,positive,
DS1_IMG_003737__DS1_IMG_004213,DS1_IMG_003737,DS1_IMG_004213,IMG_0860_40d0505f,ring_123,3,4,Pendant,Ring,train,0,negative,cross_category
DS1_IMG_003738__DS1_IMG_003739,DS1_IMG_003738,DS1_IMG_003739,IMG_0860_40d0505f,IMG_0860_40d0505f,3,3,Pendant,Pendant,train,1,positive,
DS1_IMG_003739__DS1_IMG_004266,DS1_IMG_003739,DS1_IMG_004266,IMG_0860_40d0505f,ring_158,3,4,Pendant,Ring,train,0,negative,cross_category
DS1_IMG_003740__DS1_IMG_003741,DS1_IMG_003740,DS1_IMG_003741,IMG_0862_36a7b364,IMG_0862_36a7b364,3,3,Pendant,Pendant,train,1,positive,
DS1_IMG_003740__DS1_IMG_003742,DS1_IMG_003740,DS1_IMG_003742,IMG_0862_36a7b364,IMG_0862_36a7b364,3,3,Pendant,Pendant,train,1,positive,
DS1_IMG_003740__DS1_IMG_004098,DS1_IMG_003740,DS1_IMG_004098,IMG_0862_36a7b364,ring_060,3,4,Pendant,Ring,train,0,negative,cross_category
DS1_IMG_003740__DS1_IMG_004137,DS1_IMG_003740,DS1_IMG_004137,IMG_0862_36a7b364,ring_084,3,4,Pendant,Ring,train,0,negative,cross_category
DS1_IMG_003741__DS1_IMG_003742,DS1_IMG_003741,DS1_IMG_003742,IMG_0862_36a7b364,IMG_0862_36a7b364,3,3,Pendant,Pendant,train,1,positive,
DS1_IMG_003742__DS1_IMG_004036,DS1_IMG_003742,DS1_IMG_004036,IMG_0862_36a7b364,Screenshot_20181116-203818_1542449673275,3,4,Pendant,Ring,train,0,negative,cross_category
DS1_IMG_003743__DS1_IMG_003744,DS1_IMG_003743,DS1_IMG_003744,IMG_0863_4e8ef7be,IMG_0863_4e8ef7be,3,3,Pendant,Pendant,train,1,positive,
DS1_IMG_003743__DS1_IMG_003745,DS1_IMG_003743,DS1_IMG_003745,IMG_0863_4e8ef7be,IMG_0863_4e8ef7be,3,3,Pendant,Pendant,train,1,positive,
DS1_IMG_003743__DS1_IMG_004221,DS1_IMG_003743,DS1_IMG_004221,IMG_0863_4e8ef7be,ring_130,3,4,Pendant,Ring,train,0,negative,cross_category
DS1_IMG_003743__DS1_IMG_004328,DS1_IMG_003743,DS1_IMG_004328,IMG_0863_4e8ef7be,wedding-rings-jewellery-png-31,3,4,Pendant,Ring,train,0,negative,cross_category
DS1_IMG_003744__DS1_IMG_003745,DS1_IMG_003744,DS1_IMG_003745,IMG_0863_4e8ef7be,IMG_0863_4e8ef7be,3,3,Pendant,Pendant,train,1,positive,
DS1_IMG_003744__DS1_IMG_004243,DS1_IMG_003744,DS1_IMG_004243,IMG_0863_4e8ef7be,ring_147,3,4,Pendant,Ring,train,0,negative,cross_category
DS1_IMG_003744__DS1_IMG_004254,DS1_IMG_003744,DS1_IMG_004254,IMG_0863_4e8ef7be,ring_154,3,4,Pendant,Ring,train,0,negative,cross_category
DS1_IMG_003744__DS1_IMG_004258,DS1_IMG_003744,DS1_IMG_004258,IMG_0863_4e8ef7be,ring_156,3,4,Pendant,Ring,train,0,negative,cross_category
DS1_IMG_003744__DS1_IMG_004300,DS1_IMG_003744,DS1_IMG_004300,IMG_0863_4e8ef7be,ring_180,3,4,Pendant,Ring,train,0,negative,cross_category
DS1_IMG_003745__DS1_IMG_004255,DS1_IMG_003745,DS1_IMG_004255,IMG_0863_4e8ef7be,ring_155,3,4,Pendant,Ring,train,0,negative,cross_category
DS1_IMG_003745__DS1_IMG_004320,DS1_IMG_003745,DS1_IMG_004320,IMG_0863_4e8ef7be,ring_192,3,4,Pendant,Ring,train,0,negative,cross_category
DS1_IMG_003749__DS1_IMG_003750,DS1_IMG_003749,DS1_IMG_003750,IMG_0885_67639274,IMG_0885_67639274,3,3,Pendant,Pendant,train,1,positive,
DS1_IMG_003749__DS1_IMG_003751,DS1_IMG_003749,DS1_IMG_003751,IMG_0885_67639274,IMG_0885_67639274,3,3,Pendant,Pendant,train,1,positive,
DS1_IMG_003750__DS1_IMG_003751,DS1_IMG_003750,DS1_IMG_003751,IMG_0885_67639274,IMG_0885_67639274,3,3,Pendant,Pendant,train,1,positive,
DS1_IMG_003751__DS1_IMG_004019,DS1_IMG_003751,DS1_IMG_004019,IMG_0885_67639274,Screenshot_20181116-202810_1542452183994,3,4,Pendant,Ring,train,0,negative,cross_category
DS1_IMG_003751__DS1_IMG_004064,DS1_IMG_003751,DS1_IMG_004064,IMG_0885_67639274,ring_043,3,4,Pendant,Ring,train,0,negative,cross_category
DS1_IMG_003752__DS1_IMG_003753,DS1_IMG_003752,DS1_IMG_003753,IMG_0901_5a140477,IMG_0901_5a140477,3,3,Pendant,Pendant,train,1,positive,
DS1_IMG_003752__DS1_IMG_003754,DS1_IMG_003752,DS1_IMG_003754,IMG_0901_5a140477,IMG_0901_5a140477,3,3,Pendant,Pendant,train,1,positive,
DS1_IMG_003753__DS1_IMG_003754,DS1_IMG_003753,DS1_IMG_003754,IMG_0901_5a140477,IMG_0901_5a140477,3,3,Pendant,Pendant,train,1,positive,
DS1_IMG_003753__DS1_IMG_004192,DS1_IMG_003753,DS1_IMG_004192,IMG_0901_5a140477,ring_112,3,4,Pendant,Ring,train,0,negative,cross_category
DS1_IMG_003753__DS1_IMG_004253,DS1_IMG_003753,DS1_IMG_004253,IMG_0901_5a140477,ring_154,3,4,Pendant,Ring,train,0,negative,cross_category
DS1_IMG_003754__DS1_IMG_004034,DS1_IMG_003754,DS1_IMG_004034,IMG_0901_5a140477,Screenshot_20181116-203347_1542449724585,3,4,Pendant,Ring,train,0,negative,cross_category
DS1_IMG_003754__DS1_IMG_004143,DS1_IMG_003754,DS1_IMG_004143,IMG_0901_5a140477,ring_086,3,4,Pendant,Ring,train,0,negative,cross_category
DS1_IMG_003754__DS1_IMG_004234,DS1_IMG_003754,DS1_IMG_004234,IMG_0901_5a140477,ring_138,3,4,Pendant,Ring,train,0,negative,cross_category
DS1_IMG_003755__DS1_IMG_003756,DS1_IMG_003755,DS1_IMG_003756,IMG_0911_ecd59d89,IMG_0911_ecd59d89,3,3,Pendant,Pendant,train,1,positive,
DS1_IMG_003755__DS1_IMG_003757,DS1_IMG_003755,DS1_IMG_003757,IMG_0911_ecd59d89,IMG_0911_ecd59d89,3,3,Pendant,Pendant,train,1,positive,
DS1_IMG_003755__DS1_IMG_004106,DS1_IMG_003755,DS1_IMG_004106,IMG_0911_ecd59d89,ring_067,3,4,Pendant,Ring,train,0,negative,cross_category
DS1_IMG_003755__DS1_IMG_004110,DS1_IMG_003755,DS1_IMG_004110,IMG_0911_ecd59d89,ring_069,3,4,Pendant,Ring,train,0,negative,cross_category
DS1_IMG_003755__DS1_IMG_004129,DS1_IMG_003755,DS1_IMG_004129,IMG_0911_ecd59d89,ring_080,3,4,Pendant,Ring,train,0,negative,cross_category
DS1_IMG_003756__DS1_IMG_003757,DS1_IMG_003756,DS1_IMG_003757,IMG_0911_ecd59d89,IMG_0911_ecd59d89,3,3,Pendant,Pendant,train,1,positive,
DS1_IMG_003756__DS1_IMG_004096,DS1_IMG_003756,DS1_IMG_004096,IMG_0911_ecd59d89,ring_060,3,4,Pendant,Ring,train,0,negative,cross_category
DS1_IMG_003757__DS1_IMG_004028,DS1_IMG_003757,DS1_IMG_004028,IMG_0911_ecd59d89,Screenshot_20181116-203109_1542449890237,3,4,Pendant,Ring,train,0,negative,cross_category
DS1_IMG_003761__DS1_IMG_003762,DS1_IMG_003761,DS1_IMG_003762,IMG_1354_4b8275b6,IMG_1354_4b8275b6,3,3,Pendant,Pendant,train,1,positive,
DS1_IMG_003761__DS1_IMG_003763,DS1_IMG_003761,DS1_IMG_003763,IMG_1354_4b8275b6,IMG_1354_4b8275b6,3,3,Pendant,Pendant,train,1,positive,
DS1_IMG_003761__DS1_IMG_004021,DS1_IMG_003761,DS1_IMG_004021,IMG_1354_4b8275b6,Screenshot_20181116-202936_1542450027786,3,4,Pendant,Ring,train,0,negative,cross_category
DS1_IMG_003762__DS1_IMG_003763,DS1_IMG_003762,DS1_IMG_003763,IMG_1354_4b8275b6,IMG_1354_4b8275b6,3,3,Pendant,Pendant,train,1,positive,
DS1_IMG_003762__DS1_IMG_004185,DS1_IMG_003762,DS1_IMG_004185,IMG_1354_4b8275b6,ring_110,3,4,Pendant,Ring,train,0,negative,cross_category
DS1_IMG_003763__DS1_IMG_004133,DS1_IMG_003763,DS1_IMG_004133,IMG_1354_4b8275b6,ring_082,3,4,Pendant,Ring,train,0,negative,cross_category
DS1_IMG_003764__DS1_IMG_003765,DS1_IMG_003764,DS1_IMG_003765,IMG_1372_c936a18b,IMG_1372_c936a18b,3,3,Pendant,Pendant,train,1,positive,
DS1_IMG_003764__DS1_IMG_003766,DS1_IMG_003764,DS1_IMG_003766,IMG_1372_c936a18b,IMG_1372_c936a18b,3,3,Pendant,Pendant,train,1,positive,
DS1_IMG_003764__DS1_IMG_004014,DS1_IMG_003764,DS1_IMG_004014,IMG_1372_c936a18b,Screenshot_20181116-202707_1542453179073,3,4,Pendant,Ring,train,0,negative,cross_category
DS1_IMG_003764__DS1_IMG_004285,DS1_IMG_003764,DS1_IMG_004285,IMG_1372_c936a18b,ring_168,3,4,Pendant,Ring,train,0,negative,cross_category
DS1_IMG_003765__DS1_IMG_003766,DS1_IMG_003765,DS1_IMG_003766,IMG_1372_c936a18b,IMG_1372_c936a18b,3,3,Pendant,Pendant,train,1,positive,
DS1_IMG_003765__DS1_IMG_004010,DS1_IMG_003765,DS1_IMG_004010,IMG_1372_c936a18b,Screenshot_20181116-202630_1542453353168,3,4,Pendant,Ring,train,0,negative,cross_category
DS1_IMG_003765__DS1_IMG_004139,DS1_IMG_003765,DS1_IMG_004139,IMG_1372_c936a18b,ring_084,3,4,Pendant,Ring,train,0,negative,cross_category
DS1_IMG_003767__DS1_IMG_003768,DS1_IMG_003767,DS1_IMG_003768,IMG_1404_0cd245f2,IMG_1404_0cd245f2,3,3,Pendant,Pendant,train,1,positive,
DS1_IMG_003767__DS1_IMG_003769,DS1_IMG_003767,DS1_IMG_003769,IMG_1404_0cd245f2,IMG_1404_0cd245f2,3,3,Pendant,Pendant,train,1,positive,
DS1_IMG_003768__DS1_IMG_003769,DS1_IMG_003768,DS1_IMG_003769,IMG_1404_0cd245f2,IMG_1404_0cd245f2,3,3,Pendant,Pendant,train,1,positive,
DS1_IMG_003768__DS1_IMG_004033,DS1_IMG_003768,DS1_IMG_004033,IMG_1404_0cd245f2,Screenshot_20181116-203347_1542449724585,3,4,Pendant,Ring,train,0,negative,cross_category
DS1_IMG_003768__DS1_IMG_004299,DS1_IMG_003768,DS1_IMG_004299,IMG_1404_0cd245f2,ring_180,3,4,Pendant,Ring,train,0,negative,cross_category
DS1_IMG_003769__DS1_IMG_004318,DS1_IMG_003769,DS1_IMG_004318,IMG_1404_0cd245f2,ring_188,3,4,Pendant,Ring,train,0,negative,cross_category
DS1_IMG_003769__DS1_IMG_004322,DS1_IMG_003769,DS1_IMG_004322,IMG_1404_0cd245f2,ring_192,3,4,Pendant,Ring,train,0,negative,cross_category
DS1_IMG_003776__DS1_IMG_003777,DS1_IMG_003776,DS1_IMG_003777,IMG_1567_31c00736,IMG_1567_31c00736,3,3,Pendant,Pendant,train,1,positive,
DS1_IMG_003776__DS1_IMG_003778,DS1_IMG_003776,DS1_IMG_003778,IMG_1567_31c00736,IMG_1567_31c00736,3,3,Pendant,Pendant,train,1,positive,
DS1_IMG_003776__DS1_IMG_004283,DS1_IMG_003776,DS1_IMG_004283,IMG_1567_31c00736,ring_167,3,4,Pendant,Ring,train,0,negative,cross_category
DS1_IMG_003776__DS1_IMG_004311,DS1_IMG_003776,DS1_IMG_004311,IMG_1567_31c00736,ring_185,3,4,Pendant,Ring,train,0,negative,cross_category
DS1_IMG_003777__DS1_IMG_003778,DS1_IMG_003777,DS1_IMG_003778,IMG_1567_31c00736,IMG_1567_31c00736,3,3,Pendant,Pendant,train,1,positive,
DS1_IMG_003779__DS1_IMG_003780,DS1_IMG_003779,DS1_IMG_003780,IMG_1568_07ccbeb1,IMG_1568_07ccbeb1,3,3,Pendant,Pendant,train,1,positive,
DS1_IMG_003779__DS1_IMG_003781,DS1_IMG_003779,DS1_IMG_003781,IMG_1568_07ccbeb1,IMG_1568_07ccbeb1,3,3,Pendant,Pendant,train,1,positive,
DS1_IMG_003779__DS1_IMG_004013,DS1_IMG_003779,DS1_IMG_004013,IMG_1568_07ccbeb1,Screenshot_20181116-202707_1542453179073,3,4,Pendant,Ring,train,0,negative,cross_category
DS1_IMG_003779__DS1_IMG_004015,DS1_IMG_003779,DS1_IMG_004015,IMG_1568_07ccbeb1,Screenshot_20181116-202757_1542453058358,3,4,Pendant,Ring,train,0,negative,cross_category
DS1_IMG_003780__DS1_IMG_003781,DS1_IMG_003780,DS1_IMG_003781,IMG_1568_07ccbeb1,IMG_1568_07ccbeb1,3,3,Pendant,Pendant,train,1,positive,
DS1_IMG_003782__DS1_IMG_003783,DS1_IMG_003782,DS1_IMG_003783,IMG_2181_9f77e4aa,IMG_2181_9f77e4aa,3,3,Pendant,Pendant,train,1,positive,
DS1_IMG_003782__DS1_IMG_003784,DS1_IMG_003782,DS1_IMG_003784,IMG_2181_9f77e4aa,IMG_2181_9f77e4aa,3,3,Pendant,Pendant,train,1,positive,
DS1_IMG_003783__DS1_IMG_003784,DS1_IMG_003783,DS1_IMG_003784,IMG_2181_9f77e4aa,IMG_2181_9f77e4aa,3,3,Pendant,Pendant,train,1,positive,
DS1_IMG_003783__DS1_IMG_004027,DS1_IMG_003783,DS1_IMG_004027,IMG_2181_9f77e4aa,Screenshot_20181116-203109_1542449890237,3,4,Pendant,Ring,train,0,negative,cross_category
DS1_IMG_003784__DS1_IMG_004011,DS1_IMG_003784,DS1_IMG_004011,IMG_2181_9f77e4aa,Screenshot_20181116-202630_1542453353168,3,4,Pendant,Ring,train,0,negative,cross_category
DS1_IMG_003784__DS1_IMG_004243,DS1_IMG_003784,DS1_IMG_004243,IMG_2181_9f77e4aa,ring_147,3,4,Pendant,Ring,train,0,negative,cross_category
DS1_IMG_003785__DS1_IMG_003786,DS1_IMG_003785,DS1_IMG_003786,IMG_2186_10d4d23b,IMG_2186_10d4d23b,3,3,Pendant,Pendant,train,1,positive,
DS1_IMG_003785__DS1_IMG_003787,DS1_IMG_003785,DS1_IMG_003787,IMG_2186_10d4d23b,IMG_2186_10d4d23b,3,3,Pendant,Pendant,train,1,positive,
DS1_IMG_003785__DS1_IMG_004023,DS1_IMG_003785,DS1_IMG_004023,IMG_2186_10d4d23b,Screenshot_20181116-202936_1542450027786,3,4,Pendant,Ring,train,0,negative,cross_category
DS1_IMG_003785__DS1_IMG_004154,DS1_IMG_003785,DS1_IMG_004154,IMG_2186_10d4d23b,ring_091,3,4,Pendant,Ring,train,0,negative,cross_category
DS1_IMG_003785__DS1_IMG_004177,DS1_IMG_003785,DS1_IMG_004177,IMG_2186_10d4d23b,ring_102,3,4,Pendant,Ring,train,0,negative,cross_category
DS1_IMG_003785__DS1_IMG_004200,DS1_IMG_003785,DS1_IMG_004200,IMG_2186_10d4d23b,ring_116,3,4,Pendant,Ring,train,0,negative,cross_category
DS1_IMG_003786__DS1_IMG_003787,DS1_IMG_003786,DS1_IMG_003787,IMG_2186_10d4d23b,IMG_2186_10d4d23b,3,3,Pendant,Pendant,train,1,positive,
DS1_IMG_003786__DS1_IMG_004231,DS1_IMG_003786,DS1_IMG_004231,IMG_2186_10d4d23b,ring_135,3,4,Pendant,Ring,train,0,negative,cross_category
DS1_IMG_003787__DS1_IMG_004012,DS1_IMG_003787,DS1_IMG_004012,IMG_2186_10d4d23b,Screenshot_20181116-202707_1542453179073,3,4,Pendant,Ring,train,0,negative,cross_category
DS1_IMG_003787__DS1_IMG_004068,DS1_IMG_003787,DS1_IMG_004068,IMG_2186_10d4d23b,ring_044,3,4,Pendant,Ring,train,0,negative,cross_category
DS1_IMG_003787__DS1_IMG_004127,DS1_IMG_003787,DS1_IMG_004127,IMG_2186_10d4d23b,ring_078,3,4,Pendant,Ring,train,0,negative,cross_category
DS1_IMG_003787__DS1_IMG_004177,DS1_IMG_003787,DS1_IMG_004177,IMG_2186_10d4d23b,ring_102,3,4,Pendant,Ring,train,0,negative,cross_category
DS1_IMG_003788__DS1_IMG_003789,DS1_IMG_003788,DS1_IMG_003789,IMG_2269_56abfe73,IMG_2269_56abfe73,3,3,Pendant,Pendant,train,1,positive,
DS1_IMG_003788__DS1_IMG_003790,DS1_IMG_003788,DS1_IMG_003790,IMG_2269_56abfe73,IMG_2269_56abfe73,3,3,Pendant,Pendant,train,1,positive,
DS1_IMG_003789__DS1_IMG_003790,DS1_IMG_003789,DS1_IMG_003790,IMG_2269_56abfe73,IMG_2269_56abfe73,3,3,Pendant,Pendant,train,1,positive,
DS1_IMG_003791__DS1_IMG_003792,DS1_IMG_003791,DS1_IMG_003792,IMG_2275_5f527887,IMG_2275_5f527887,3,3,Pendant,Pendant,train,1,positive,
DS1_IMG_003791__DS1_IMG_003793,DS1_IMG_003791,DS1_IMG_003793,IMG_2275_5f527887,IMG_2275_5f527887,3,3,Pendant,Pendant,train,1,positive,
DS1_IMG_003791__DS1_IMG_004192,DS1_IMG_003791,DS1_IMG_004192,IMG_2275_5f527887,ring_112,3,4,Pendant,Ring,train,0,negative,cross_category
DS1_IMG_003792__DS1_IMG_003793,DS1_IMG_003792,DS1_IMG_003793,IMG_2275_5f527887,IMG_2275_5f527887,3,3,Pendant,Pendant,train,1,positive,
DS1_IMG_003792__DS1_IMG_004121,DS1_IMG_003792,DS1_IMG_004121,IMG_2275_5f527887,ring_076,3,4,Pendant,Ring,train,0,negative,cross_category
DS1_IMG_003793__DS1_IMG_004172,DS1_IMG_003793,DS1_IMG_004172,IMG_2275_5f527887,ring_099,3,4,Pendant,Ring,train,0,negative,cross_category
DS1_IMG_003797__DS1_IMG_003798,DS1_IMG_003797,DS1_IMG_003798,IMG_2371_c0acc0f4,IMG_2371_c0acc0f4,3,3,Pendant,Pendant,train,1,positive,
DS1_IMG_003797__DS1_IMG_003799,DS1_IMG_003797,DS1_IMG_003799,IMG_2371_c0acc0f4,IMG_2371_c0acc0f4,3,3,Pendant,Pendant,train,1,positive,
DS1_IMG_003797__DS1_IMG_004069,DS1_IMG_003797,DS1_IMG_004069,IMG_2371_c0acc0f4,ring_046,3,4,Pendant,Ring,train,0,negative,cross_category
DS1_IMG_003797__DS1_IMG_004213,DS1_IMG_003797,DS1_IMG_004213,IMG_2371_c0acc0f4,ring_123,3,4,Pendant,Ring,train,0,negative,cross_category
DS1_IMG_003798__DS1_IMG_003799,DS1_IMG_003798,DS1_IMG_003799,IMG_2371_c0acc0f4,IMG_2371_c0acc0f4,3,3,Pendant,Pendant,train,1,positive,
DS1_IMG_003798__DS1_IMG_004031,DS1_IMG_003798,DS1_IMG_004031,IMG_2371_c0acc0f4,Screenshot_20181116-203329_1542449759369,3,4,Pendant,Ring,train,0,negative,cross_category
DS1_IMG_003798__DS1_IMG_004245,DS1_IMG_003798,DS1_IMG_004245,IMG_2371_c0acc0f4,ring_147,3,4,Pendant,Ring,train,0,negative,cross_category
DS1_IMG_003800__DS1_IMG_003801,DS1_IMG_003800,DS1_IMG_003801,IMG_2379_ad6a1bf5,IMG_2379_ad6a1bf5,3,3,Pendant,Pendant,train,1,positive,
DS1_IMG_003800__DS1_IMG_003802,DS1_IMG_003800,DS1_IMG_003802,IMG_2379_ad6a1bf5,IMG_2379_ad6a1bf5,3,3,Pendant,Pendant,train,1,positive,
DS1_IMG_003800__DS1_IMG_004035,DS1_IMG_003800,DS1_IMG_004035,IMG_2379_ad6a1bf5,Screenshot_20181116-203818_1542449673275,3,4,Pendant,Ring,train,0,negative,cross_category
DS1_IMG_003801__DS1_IMG_003802,DS1_IMG_003801,DS1_IMG_003802,IMG_2379_ad6a1bf5,IMG_2379_ad6a1bf5,3,3,Pendant,Pendant,train,1,positive,
DS1_IMG_003801__DS1_IMG_004133,DS1_IMG_003801,DS1_IMG_004133,IMG_2379_ad6a1bf5,ring_082,3,4,Pendant,Ring,train,0,negative,cross_category
DS1_IMG_003803__DS1_IMG_003804,DS1_IMG_003803,DS1_IMG_003804,IMG_2426_f8412daf,IMG_2426_f8412daf,3,3,Pendant,Pendant,train,1,positive,
DS1_IMG_003803__DS1_IMG_003805,DS1_IMG_003803,DS1_IMG_003805,IMG_2426_f8412daf,IMG_2426_f8412daf,3,3,Pendant,Pendant,train,1,positive,
DS1_IMG_003803__DS1_IMG_004199,DS1_IMG_003803,DS1_IMG_004199,IMG_2426_f8412daf,ring_116,3,4,Pendant,Ring,train,0,negative,cross_category
DS1_IMG_003804__DS1_IMG_003805,DS1_IMG_003804,DS1_IMG_003805,IMG_2426_f8412daf,IMG_2426_f8412daf,3,3,Pendant,Pendant,train,1,positive,
DS1_IMG_003805__DS1_IMG_004029,DS1_IMG_003805,DS1_IMG_004029,IMG_2426_f8412daf,Screenshot_20181116-203109_1542449890237,3,4,Pendant,Ring,train,0,negative,cross_category
DS1_IMG_003805__DS1_IMG_004152,DS1_IMG_003805,DS1_IMG_004152,IMG_2426_f8412daf,ring_089,3,4,Pendant,Ring,train,0,negative,cross_category
DS1_IMG_003806__DS1_IMG_003807,DS1_IMG_003806,DS1_IMG_003807,IMG_2427_3a6bdae9,IMG_2427_3a6bdae9,3,3,Pendant,Pendant,train,1,positive,
DS1_IMG_003806__DS1_IMG_003808,DS1_IMG_003806,DS1_IMG_003808,IMG_2427_3a6bdae9,IMG_2427_3a6bdae9,3,3,Pendant,Pendant,train,1,positive,
DS1_IMG_003806__DS1_IMG_004036,DS1_IMG_003806,DS1_IMG_004036,IMG_2427_3a6bdae9,Screenshot_20181116-203818_1542449673275,3,4,Pendant,Ring,train,0,negative,cross_category
DS1_IMG_003807__DS1_IMG_003808,DS1_IMG_003807,DS1_IMG_003808,IMG_2427_3a6bdae9,IMG_2427_3a6bdae9,3,3,Pendant,Pendant,train,1,positive,
DS1_IMG_003809__DS1_IMG_003810,DS1_IMG_003809,DS1_IMG_003810,IMG_2456_13fd8ff6,IMG_2456_13fd8ff6,3,3,Pendant,Pendant,train,1,positive,
DS1_IMG_003809__DS1_IMG_003811,DS1_IMG_003809,DS1_IMG_003811,IMG_2456_13fd8ff6,IMG_2456_13fd8ff6,3,3,Pendant,Pendant,train,1,positive,
DS1_IMG_003809__DS1_IMG_004047,DS1_IMG_003809,DS1_IMG_004047,IMG_2456_13fd8ff6,Screenshot_20181116-204235_1542449500589,3,4,Pendant,Ring,train,0,negative,cross_category
DS1_IMG_003809__DS1_IMG_004077,DS1_IMG_003809,DS1_IMG_004077,IMG_2456_13fd8ff6,ring_049,3,4,Pendant,Ring,train,0,negative,cross_category
DS1_IMG_003809__DS1_IMG_004090,DS1_IMG_003809,DS1_IMG_004090,IMG_2456_13fd8ff6,ring_057,3,4,Pendant,Ring,train,0,negative,cross_category
DS1_IMG_003809__DS1_IMG_004106,DS1_IMG_003809,DS1_IMG_004106,IMG_2456_13fd8ff6,ring_067,3,4,Pendant,Ring,train,0,negative,cross_category
DS1_IMG_003809__DS1_IMG_004108,DS1_IMG_003809,DS1_IMG_004108,IMG_2456_13fd8ff6,ring_069,3,4,Pendant,Ring,train,0,negative,cross_category
DS1_IMG_003809__DS1_IMG_004198,DS1_IMG_003809,DS1_IMG_004198,IMG_2456_13fd8ff6,ring_114,3,4,Pendant,Ring,train,0,negative,cross_category
DS1_IMG_003810__DS1_IMG_003811,DS1_IMG_003810,DS1_IMG_003811,IMG_2456_13fd8ff6,IMG_2456_13fd8ff6,3,3,Pendant,Pendant,train,1,positive,
DS1_IMG_003810__DS1_IMG_004064,DS1_IMG_003810,DS1_IMG_004064,IMG_2456_13fd8ff6,ring_043,3,4,Pendant,Ring,train,0,negative,cross_category
DS1_IMG_003811__DS1_IMG_004077,DS1_IMG_003811,DS1_IMG_004077,IMG_2456_13fd8ff6,ring_049,3,4,Pendant,Ring,train,0,negative,cross_category
DS1_IMG_003812__DS1_IMG_003813,DS1_IMG_003812,DS1_IMG_003813,IMG_2457_895e154f,IMG_2457_895e154f,3,3,Pendant,Pendant,train,1,positive,
DS1_IMG_003812__DS1_IMG_003814,DS1_IMG_003812,DS1_IMG_003814,IMG_2457_895e154f,IMG_2457_895e154f,3,3,Pendant,Pendant,train,1,positive,
DS1_IMG_003812__DS1_IMG_004101,DS1_IMG_003812,DS1_IMG_004101,IMG_2457_895e154f,ring_062,3,4,Pendant,Ring,train,0,negative,cross_category
DS1_IMG_003813__DS1_IMG_003814,DS1_IMG_003813,DS1_IMG_003814,IMG_2457_895e154f,IMG_2457_895e154f,3,3,Pendant,Pendant,train,1,positive,
DS1_IMG_003813__DS1_IMG_004052,DS1_IMG_003813,DS1_IMG_004052,IMG_2457_895e154f,Screenshot_20181116-204341_1542449441847,3,4,Pendant,Ring,train,0,negative,cross_category
DS1_IMG_003813__DS1_IMG_004055,DS1_IMG_003813,DS1_IMG_004055,IMG_2457_895e154f,Screenshot_20181116-204417_1542449390654,3,4,Pendant,Ring,train,0,negative,cross_category
DS1_IMG_003814__DS1_IMG_004261,DS1_IMG_003814,DS1_IMG_004261,IMG_2457_895e154f,ring_157,3,4,Pendant,Ring,train,0,negative,cross_category
DS1_IMG_003815__DS1_IMG_003816,DS1_IMG_003815,DS1_IMG_003816,IMG_2506_cab336a0,IMG_2506_cab336a0,3,3,Pendant,Pendant,train,1,positive,
DS1_IMG_003815__DS1_IMG_003817,DS1_IMG_003815,DS1_IMG_003817,IMG_2506_cab336a0,IMG_2506_cab336a0,3,3,Pendant,Pendant,train,1,positive,
DS1_IMG_003815__DS1_IMG_004104,DS1_IMG_003815,DS1_IMG_004104,IMG_2506_cab336a0,ring_065,3,4,Pendant,Ring,train,0,negative,cross_category
DS1_IMG_003815__DS1_IMG_004231,DS1_IMG_003815,DS1_IMG_004231,IMG_2506_cab336a0,ring_135,3,4,Pendant,Ring,train,0,negative,cross_category
DS1_IMG_003816__DS1_IMG_003817,DS1_IMG_003816,DS1_IMG_003817,IMG_2506_cab336a0,IMG_2506_cab336a0,3,3,Pendant,Pendant,train,1,positive,
DS1_IMG_003816__DS1_IMG_004078,DS1_IMG_003816,DS1_IMG_004078,IMG_2506_cab336a0,ring_049,3,4,Pendant,Ring,train,0,negative,cross_category
DS1_IMG_003816__DS1_IMG_004286,DS1_IMG_003816,DS1_IMG_004286,IMG_2506_cab336a0,ring_168,3,4,Pendant,Ring,train,0,negative,cross_category
DS1_IMG_003817__DS1_IMG_004172,DS1_IMG_003817,DS1_IMG_004172,IMG_2506_cab336a0,ring_099,3,4,Pendant,Ring,train,0,negative,cross_category
DS1_IMG_003817__DS1_IMG_004247,DS1_IMG_003817,DS1_IMG_004247,IMG_2506_cab336a0,ring_148,3,4,Pendant,Ring,train,0,negative,cross_category
DS1_IMG_003824__DS1_IMG_003825,DS1_IMG_003824,DS1_IMG_003825,IMG_2512_be8d407f,IMG_2512_be8d407f,3,3,Pendant,Pendant,train,1,positive,
DS1_IMG_003824__DS1_IMG_003826,DS1_IMG_003824,DS1_IMG_003826,IMG_2512_be8d407f,IMG_2512_be8d407f,3,3,Pendant,Pendant,train,1,positive,
DS1_IMG_003824__DS1_IMG_004089,DS1_IMG_003824,DS1_IMG_004089,IMG_2512_be8d407f,ring_055,3,4,Pendant,Ring,train,0,negative,cross_category
DS1_IMG_003824__DS1_IMG_004139,DS1_IMG_003824,DS1_IMG_004139,IMG_2512_be8d407f,ring_084,3,4,Pendant,Ring,train,0,negative,cross_category
DS1_IMG_003824__DS1_IMG_004176,DS1_IMG_003824,DS1_IMG_004176,IMG_2512_be8d407f,ring_102,3,4,Pendant,Ring,train,0,negative,cross_category
DS1_IMG_003825__DS1_IMG_003826,DS1_IMG_003825,DS1_IMG_003826,IMG_2512_be8d407f,IMG_2512_be8d407f,3,3,Pendant,Pendant,train,1,positive,
DS1_IMG_003826__DS1_IMG_004191,DS1_IMG_003826,DS1_IMG_004191,IMG_2512_be8d407f,ring_112,3,4,Pendant,Ring,train,0,negative,cross_category
DS1_IMG_003826__DS1_IMG_004212,DS1_IMG_003826,DS1_IMG_004212,IMG_2512_be8d407f,ring_123,3,4,Pendant,Ring,train,0,negative,cross_category
DS1_IMG_003827__DS1_IMG_003828,DS1_IMG_003827,DS1_IMG_003828,IMG_2513_2e38170a,IMG_2513_2e38170a,3,3,Pendant,Pendant,train,1,positive,
DS1_IMG_003827__DS1_IMG_003829,DS1_IMG_003827,DS1_IMG_003829,IMG_2513_2e38170a,IMG_2513_2e38170a,3,3,Pendant,Pendant,train,1,positive,
DS1_IMG_003827__DS1_IMG_004229,DS1_IMG_003827,DS1_IMG_004229,IMG_2513_2e38170a,ring_135,3,4,Pendant,Ring,train,0,negative,cross_category
DS1_IMG_003828__DS1_IMG_003829,DS1_IMG_003828,DS1_IMG_003829,IMG_2513_2e38170a,IMG_2513_2e38170a,3,3,Pendant,Pendant,train,1,positive,
DS1_IMG_003828__DS1_IMG_004220,DS1_IMG_003828,DS1_IMG_004220,IMG_2513_2e38170a,ring_130,3,4,Pendant,Ring,train,0,negative,cross_category
DS1_IMG_003828__DS1_IMG_004264,DS1_IMG_003828,DS1_IMG_004264,IMG_2513_2e38170a,ring_158,3,4,Pendant,Ring,train,0,negative,cross_category
DS1_IMG_003830__DS1_IMG_003831,DS1_IMG_003830,DS1_IMG_003831,IMG_2750_393840e9,IMG_2750_393840e9,3,3,Pendant,Pendant,train,1,positive,
DS1_IMG_003830__DS1_IMG_003832,DS1_IMG_003830,DS1_IMG_003832,IMG_2750_393840e9,IMG_2750_393840e9,3,3,Pendant,Pendant,train,1,positive,
DS1_IMG_003830__DS1_IMG_004020,DS1_IMG_003830,DS1_IMG_004020,IMG_2750_393840e9,Screenshot_20181116-202810_1542452183994,3,4,Pendant,Ring,train,0,negative,cross_category
DS1_IMG_003830__DS1_IMG_004086,DS1_IMG_003830,DS1_IMG_004086,IMG_2750_393840e9,ring_054,3,4,Pendant,Ring,train,0,negative,cross_category
DS1_IMG_003831__DS1_IMG_003832,DS1_IMG_003831,DS1_IMG_003832,IMG_2750_393840e9,IMG_2750_393840e9,3,3,Pendant,Pendant,train,1,positive,
DS1_IMG_003832__DS1_IMG_004189,DS1_IMG_003832,DS1_IMG_004189,IMG_2750_393840e9,ring_111,3,4,Pendant,Ring,train,0,negative,cross_category
DS1_IMG_003833__DS1_IMG_003834,DS1_IMG_003833,DS1_IMG_003834,IMG_2801_3215b841,IMG_2801_3215b841,3,3,Pendant,Pendant,train,1,positive,
DS1_IMG_003833__DS1_IMG_003835,DS1_IMG_003833,DS1_IMG_003835,IMG_2801_3215b841,IMG_2801_3215b841,3,3,Pendant,Pendant,train,1,positive,
DS1_IMG_003833__DS1_IMG_004205,DS1_IMG_003833,DS1_IMG_004205,IMG_2801_3215b841,ring_121,3,4,Pendant,Ring,train,0,negative,cross_category
DS1_IMG_003834__DS1_IMG_003835,DS1_IMG_003834,DS1_IMG_003835,IMG_2801_3215b841,IMG_2801_3215b841,3,3,Pendant,Pendant,train,1,positive,
DS1_IMG_003834__DS1_IMG_004055,DS1_IMG_003834,DS1_IMG_004055,IMG_2801_3215b841,Screenshot_20181116-204417_1542449390654,3,4,Pendant,Ring,train,0,negative,cross_category
DS1_IMG_003834__DS1_IMG_004172,DS1_IMG_003834,DS1_IMG_004172,IMG_2801_3215b841,ring_099,3,4,Pendant,Ring,train,0,negative,cross_category
DS1_IMG_003834__DS1_IMG_004192,DS1_IMG_003834,DS1_IMG_004192,IMG_2801_3215b841,ring_112,3,4,Pendant,Ring,train,0,negative,cross_category
DS1_IMG_003834__DS1_IMG_004296,DS1_IMG_003834,DS1_IMG_004296,IMG_2801_3215b841,ring_179,3,4,Pendant,Ring,train,0,negative,cross_category
DS1_IMG_003836__DS1_IMG_003837,DS1_IMG_003836,DS1_IMG_003837,IMG_2809_3cfb570f,IMG_2809_3cfb570f,3,3,Pendant,Pendant,train,1,positive,
DS1_IMG_003836__DS1_IMG_003838,DS1_IMG_003836,DS1_IMG_003838,IMG_2809_3cfb570f,IMG_2809_3cfb570f,3,3,Pendant,Pendant,train,1,positive,
DS1_IMG_003837__DS1_IMG_003838,DS1_IMG_003837,DS1_IMG_003838,IMG_2809_3cfb570f,IMG_2809_3cfb570f,3,3,Pendant,Pendant,train,1,positive,
DS1_IMG_003837__DS1_IMG_004188,DS1_IMG_003837,DS1_IMG_004188,IMG_2809_3cfb570f,ring_111,3,4,Pendant,Ring,train,0,negative,cross_category
DS1_IMG_003838__DS1_IMG_004232,DS1_IMG_003838,DS1_IMG_004232,IMG_2809_3cfb570f,ring_138,3,4,Pendant,Ring,train,0,negative,cross_category
DS1_IMG_003842__DS1_IMG_003843,DS1_IMG_003842,DS1_IMG_003843,IMG_2821_d4955818,IMG_2821_d4955818,3,3,Pendant,Pendant,train,1,positive,
DS1_IMG_003842__DS1_IMG_003844,DS1_IMG_003842,DS1_IMG_003844,IMG_2821_d4955818,IMG_2821_d4955818,3,3,Pendant,Pendant,train,1,positive,
DS1_IMG_003842__DS1_IMG_004010,DS1_IMG_003842,DS1_IMG_004010,IMG_2821_d4955818,Screenshot_20181116-202630_1542453353168,3,4,Pendant,Ring,train,0,negative,cross_category
DS1_IMG_003843__DS1_IMG_003844,DS1_IMG_003843,DS1_IMG_003844,IMG_2821_d4955818,IMG_2821_d4955818,3,3,Pendant,Pendant,train,1,positive,
DS1_IMG_003844__DS1_IMG_004274,DS1_IMG_003844,DS1_IMG_004274,IMG_2821_d4955818,ring_163,3,4,Pendant,Ring,train,0,negative,cross_category
DS1_IMG_003845__DS1_IMG_003846,DS1_IMG_003845,DS1_IMG_003846,IMG_2822_df249f8d,IMG_2822_df249f8d,3,3,Pendant,Pendant,train,1,positive,
DS1_IMG_003845__DS1_IMG_003847,DS1_IMG_003845,DS1_IMG_003847,IMG_2822_df249f8d,IMG_2822_df249f8d,3,3,Pendant,Pendant,train,1,positive,
DS1_IMG_003845__DS1_IMG_004081,DS1_IMG_003845,DS1_IMG_004081,IMG_2822_df249f8d,ring_050,3,4,Pendant,Ring,train,0,negative,cross_category
DS1_IMG_003845__DS1_IMG_004249,DS1_IMG_003845,DS1_IMG_004249,IMG_2822_df249f8d,ring_153,3,4,Pendant,Ring,train,0,negative,cross_category
DS1_IMG_003846__DS1_IMG_003847,DS1_IMG_003846,DS1_IMG_003847,IMG_2822_df249f8d,IMG_2822_df249f8d,3,3,Pendant,Pendant,train,1,positive,
DS1_IMG_003846__DS1_IMG_004217,DS1_IMG_003846,DS1_IMG_004217,IMG_2822_df249f8d,ring_128,3,4,Pendant,Ring,train,0,negative,cross_category
DS1_IMG_003846__DS1_IMG_004296,DS1_IMG_003846,DS1_IMG_004296,IMG_2822_df249f8d,ring_179,3,4,Pendant,Ring,train,0,negative,cross_category
DS1_IMG_003851__DS1_IMG_003852,DS1_IMG_003851,DS1_IMG_003852,IMG_2828_c95edb5d,IMG_2828_c95edb5d,3,3,Pendant,Pendant,train,1,positive,
DS1_IMG_003851__DS1_IMG_003853,DS1_IMG_003851,DS1_IMG_003853,IMG_2828_c95edb5d,IMG_2828_c95edb5d,3,3,Pendant,Pendant,train,1,positive,
DS1_IMG_003851__DS1_IMG_004299,DS1_IMG_003851,DS1_IMG_004299,IMG_2828_c95edb5d,ring_180,3,4,Pendant,Ring,train,0,negative,cross_category
DS1_IMG_003851__DS1_IMG_004301,DS1_IMG_003851,DS1_IMG_004301,IMG_2828_c95edb5d,ring_180,3,4,Pendant,Ring,train,0,negative,cross_category
DS1_IMG_003852__DS1_IMG_003853,DS1_IMG_003852,DS1_IMG_003853,IMG_2828_c95edb5d,IMG_2828_c95edb5d,3,3,Pendant,Pendant,train,1,positive,
DS1_IMG_003852__DS1_IMG_004304,DS1_IMG_003852,DS1_IMG_004304,IMG_2828_c95edb5d,ring_181,3,4,Pendant,Ring,train,0,negative,cross_category
DS1_IMG_003854__DS1_IMG_003855,DS1_IMG_003854,DS1_IMG_003855,IMG_2836_db94d1e7,IMG_2836_db94d1e7,3,3,Pendant,Pendant,train,1,positive,
DS1_IMG_003854__DS1_IMG_003856,DS1_IMG_003854,DS1_IMG_003856,IMG_2836_db94d1e7,IMG_2836_db94d1e7,3,3,Pendant,Pendant,train,1,positive,
DS1_IMG_003855__DS1_IMG_003856,DS1_IMG_003855,DS1_IMG_003856,IMG_2836_db94d1e7,IMG_2836_db94d1e7,3,3,Pendant,Pendant,train,1,positive,
DS1_IMG_003855__DS1_IMG_004132,DS1_IMG_003855,DS1_IMG_004132,IMG_2836_db94d1e7,ring_082,3,4,Pendant,Ring,train,0,negative,cross_category
DS1_IMG_003856__DS1_IMG_004184,DS1_IMG_003856,DS1_IMG_004184,IMG_2836_db94d1e7,ring_110,3,4,Pendant,Ring,train,0,negative,cross_category
DS1_IMG_003856__DS1_IMG_004269,DS1_IMG_003856,DS1_IMG_004269,IMG_2836_db94d1e7,ring_159,3,4,Pendant,Ring,train,0,negative,cross_category
DS1_IMG_003866__DS1_IMG_003867,DS1_IMG_003866,DS1_IMG_003867,IMG_2846_3025b335,IMG_2846_3025b335,3,3,Pendant,Pendant,train,1,positive,
DS1_IMG_003866__DS1_IMG_003868,DS1_IMG_003866,DS1_IMG_003868,IMG_2846_3025b335,IMG_2846_3025b335,3,3,Pendant,Pendant,train,1,positive,
DS1_IMG_003866__DS1_IMG_004165,DS1_IMG_003866,DS1_IMG_004165,IMG_2846_3025b335,ring_095,3,4,Pendant,Ring,train,0,negative,cross_category
DS1_IMG_003867__DS1_IMG_003868,DS1_IMG_003867,DS1_IMG_003868,IMG_2846_3025b335,IMG_2846_3025b335,3,3,Pendant,Pendant,train,1,positive,
DS1_IMG_003868__DS1_IMG_004015,DS1_IMG_003868,DS1_IMG_004015,IMG_2846_3025b335,Screenshot_20181116-202757_1542453058358,3,4,Pendant,Ring,train,0,negative,cross_category
DS1_IMG_003869__DS1_IMG_003870,DS1_IMG_003869,DS1_IMG_003870,IMG_2850_604c1d7b,IMG_2850_604c1d7b,3,3,Pendant,Pendant,train,1,positive,
DS1_IMG_003869__DS1_IMG_003871,DS1_IMG_003869,DS1_IMG_003871,IMG_2850_604c1d7b,IMG_2850_604c1d7b,3,3,Pendant,Pendant,train,1,positive,
DS1_IMG_003869__DS1_IMG_004307,DS1_IMG_003869,DS1_IMG_004307,IMG_2850_604c1d7b,ring_183,3,4,Pendant,Ring,train,0,negative,cross_category
DS1_IMG_003870__DS1_IMG_003871,DS1_IMG_003870,DS1_IMG_003871,IMG_2850_604c1d7b,IMG_2850_604c1d7b,3,3,Pendant,Pendant,train,1,positive,
DS1_IMG_003870__DS1_IMG_004166,DS1_IMG_003870,DS1_IMG_004166,IMG_2850_604c1d7b,ring_096,3,4,Pendant,Ring,train,0,negative,cross_category
DS1_IMG_003871__DS1_IMG_004012,DS1_IMG_003871,DS1_IMG_004012,IMG_2850_604c1d7b,Screenshot_20181116-202707_1542453179073,3,4,Pendant,Ring,train,0,negative,cross_category
DS1_IMG_003871__DS1_IMG_004020,DS1_IMG_003871,DS1_IMG_004020,IMG_2850_604c1d7b,Screenshot_20181116-202810_1542452183994,3,4,Pendant,Ring,train,0,negative,cross_category
DS1_IMG_003871__DS1_IMG_004127,DS1_IMG_003871,DS1_IMG_004127,IMG_2850_604c1d7b,ring_078,3,4,Pendant,Ring,train,0,negative,cross_category
DS1_IMG_003872__DS1_IMG_003873,DS1_IMG_003872,DS1_IMG_003873,IMG_2856_b3d7e108,IMG_2856_b3d7e108,3,3,Pendant,Pendant,train,1,positive,
DS1_IMG_003872__DS1_IMG_003874,DS1_IMG_003872,DS1_IMG_003874,IMG_2856_b3d7e108,IMG_2856_b3d7e108,3,3,Pendant,Pendant,train,1,positive,
DS1_IMG_003873__DS1_IMG_003874,DS1_IMG_003873,DS1_IMG_003874,IMG_2856_b3d7e108,IMG_2856_b3d7e108,3,3,Pendant,Pendant,train,1,positive,
DS1_IMG_003873__DS1_IMG_004035,DS1_IMG_003873,DS1_IMG_004035,IMG_2856_b3d7e108,Screenshot_20181116-203818_1542449673275,3,4,Pendant,Ring,train,0,negative,cross_category
DS1_IMG_003875__DS1_IMG_003876,DS1_IMG_003875,DS1_IMG_003876,IMG_2860_b5be60fb,IMG_2860_b5be60fb,3,3,Pendant,Pendant,train,1,positive,
DS1_IMG_003875__DS1_IMG_003877,DS1_IMG_003875,DS1_IMG_003877,IMG_2860_b5be60fb,IMG_2860_b5be60fb,3,3,Pendant,Pendant,train,1,positive,
DS1_IMG_003875__DS1_IMG_004286,DS1_IMG_003875,DS1_IMG_004286,IMG_2860_b5be60fb,ring_168,3,4,Pendant,Ring,train,0,negative,cross_category
DS1_IMG_003876__DS1_IMG_003877,DS1_IMG_003876,DS1_IMG_003877,IMG_2860_b5be60fb,IMG_2860_b5be60fb,3,3,Pendant,Pendant,train,1,positive,
DS1_IMG_003878__DS1_IMG_003879,DS1_IMG_003878,DS1_IMG_003879,IMG_2862_dc66ea02,IMG_2862_dc66ea02,3,3,Pendant,Pendant,train,1,positive,
DS1_IMG_003878__DS1_IMG_003880,DS1_IMG_003878,DS1_IMG_003880,IMG_2862_dc66ea02,IMG_2862_dc66ea02,3,3,Pendant,Pendant,train,1,positive,
DS1_IMG_003879__DS1_IMG_003880,DS1_IMG_003879,DS1_IMG_003880,IMG_2862_dc66ea02,IMG_2862_dc66ea02,3,3,Pendant,Pendant,train,1,positive,
DS1_IMG_003879__DS1_IMG_004070,DS1_IMG_003879,DS1_IMG_004070,IMG_2862_dc66ea02,ring_046,3,4,Pendant,Ring,train,0,negative,cross_category
DS1_IMG_003879__DS1_IMG_004153,DS1_IMG_003879,DS1_IMG_004153,IMG_2862_dc66ea02,ring_089,3,4,Pendant,Ring,train,0,negative,cross_category
DS1_IMG_003879__DS1_IMG_004220,DS1_IMG_003879,DS1_IMG_004220,IMG_2862_dc66ea02,ring_130,3,4,Pendant,Ring,train,0,negative,cross_category
DS1_IMG_003879__DS1_IMG_004260,DS1_IMG_003879,DS1_IMG_004260,IMG_2862_dc66ea02,ring_156,3,4,Pendant,Ring,train,0,negative,cross_category
DS1_IMG_003881__DS1_IMG_003882,DS1_IMG_003881,DS1_IMG_003882,IMG_2870_451f1def,IMG_2870_451f1def,3,3,Pendant,Pendant,train,1,positive,
DS1_IMG_003881__DS1_IMG_003883,DS1_IMG_003881,DS1_IMG_003883,IMG_2870_451f1def,IMG_2870_451f1def,3,3,Pendant,Pendant,train,1,positive,
DS1_IMG_003881__DS1_IMG_004132,DS1_IMG_003881,DS1_IMG_004132,IMG_2870_451f1def,ring_082,3,4,Pendant,Ring,train,0,negative,cross_category
DS1_IMG_003881__DS1_IMG_004321,DS1_IMG_003881,DS1_IMG_004321,IMG_2870_451f1def,ring_192,3,4,Pendant,Ring,train,0,negative,cross_category
DS1_IMG_003882__DS1_IMG_003883,DS1_IMG_003882,DS1_IMG_003883,IMG_2870_451f1def,IMG_2870_451f1def,3,3,Pendant,Pendant,train,1,positive,
DS1_IMG_003882__DS1_IMG_004190,DS1_IMG_003882,DS1_IMG_004190,IMG_2870_451f1def,ring_112,3,4,Pendant,Ring,train,0,negative,cross_category
DS1_IMG_003883__DS1_IMG_004083,DS1_IMG_003883,DS1_IMG_004083,IMG_2870_451f1def,ring_051,3,4,Pendant,Ring,train,0,negative,cross_category
DS1_IMG_003884__DS1_IMG_003885,DS1_IMG_003884,DS1_IMG_003885,IMG_2871_08b05150,IMG_2871_08b05150,3,3,Pendant,Pendant,train,1,positive,
DS1_IMG_003884__DS1_IMG_003886,DS1_IMG_003884,DS1_IMG_003886,IMG_2871_08b05150,IMG_2871_08b05150,3,3,Pendant,Pendant,train,1,positive,
DS1_IMG_003885__DS1_IMG_003886,DS1_IMG_003885,DS1_IMG_003886,IMG_2871_08b05150,IMG_2871_08b05150,3,3,Pendant,Pendant,train,1,positive,
DS1_IMG_003886__DS1_IMG_004023,DS1_IMG_003886,DS1_IMG_004023,IMG_2871_08b05150,Screenshot_20181116-202936_1542450027786,3,4,Pendant,Ring,train,0,negative,cross_category
DS1_IMG_003887__DS1_IMG_003888,DS1_IMG_003887,DS1_IMG_003888,IMG_2877_c118c42c,IMG_2877_c118c42c,3,3,Pendant,Pendant,train,1,positive,
DS1_IMG_003887__DS1_IMG_003889,DS1_IMG_003887,DS1_IMG_003889,IMG_2877_c118c42c,IMG_2877_c118c42c,3,3,Pendant,Pendant,train,1,positive,
DS1_IMG_003887__DS1_IMG_004266,DS1_IMG_003887,DS1_IMG_004266,IMG_2877_c118c42c,ring_158,3,4,Pendant,Ring,train,0,negative,cross_category
DS1_IMG_003888__DS1_IMG_003889,DS1_IMG_003888,DS1_IMG_003889,IMG_2877_c118c42c,IMG_2877_c118c42c,3,3,Pendant,Pendant,train,1,positive,
DS1_IMG_003888__DS1_IMG_004099,DS1_IMG_003888,DS1_IMG_004099,IMG_2877_c118c42c,ring_062,3,4,Pendant,Ring,train,0,negative,cross_category
DS1_IMG_003896__DS1_IMG_003897,DS1_IMG_003896,DS1_IMG_003897,IMG_2894_945d19e5,IMG_2894_945d19e5,3,3,Pendant,Pendant,train,1,positive,
DS1_IMG_003896__DS1_IMG_003898,DS1_IMG_003896,DS1_IMG_003898,IMG_2894_945d19e5,IMG_2894_945d19e5,3,3,Pendant,Pendant,train,1,positive,
DS1_IMG_003896__DS1_IMG_004199,DS1_IMG_003896,DS1_IMG_004199,IMG_2894_945d19e5,ring_116,3,4,Pendant,Ring,train,0,negative,cross_category
DS1_IMG_003896__DS1_IMG_004322,DS1_IMG_003896,DS1_IMG_004322,IMG_2894_945d19e5,ring_192,3,4,Pendant,Ring,train,0,negative,cross_category
DS1_IMG_003897__DS1_IMG_003898,DS1_IMG_003897,DS1_IMG_003898,IMG_2894_945d19e5,IMG_2894_945d19e5,3,3,Pendant,Pendant,train,1,positive,
DS1_IMG_003897__DS1_IMG_004015,DS1_IMG_003897,DS1_IMG_004015,IMG_2894_945d19e5,Screenshot_20181116-202757_1542453058358,3,4,Pendant,Ring,train,0,negative,cross_category
DS1_IMG_003898__DS1_IMG_004107,DS1_IMG_003898,DS1_IMG_004107,IMG_2894_945d19e5,ring_067,3,4,Pendant,Ring,train,0,negative,cross_category
DS1_IMG_003899__DS1_IMG_003900,DS1_IMG_003899,DS1_IMG_003900,IMG_2900_b470bf1b,IMG_2900_b470bf1b,3,3,Pendant,Pendant,train,1,positive,
DS1_IMG_003899__DS1_IMG_003901,DS1_IMG_003899,DS1_IMG_003901,IMG_2900_b470bf1b,IMG_2900_b470bf1b,3,3,Pendant,Pendant,train,1,positive,
DS1_IMG_003899__DS1_IMG_004052,DS1_IMG_003899,DS1_IMG_004052,IMG_2900_b470bf1b,Screenshot_20181116-204341_1542449441847,3,4,Pendant,Ring,train,0,negative,cross_category
DS1_IMG_003900__DS1_IMG_003901,DS1_IMG_003900,DS1_IMG_003901,IMG_2900_b470bf1b,IMG_2900_b470bf1b,3,3,Pendant,Pendant,train,1,positive,
DS1_IMG_003900__DS1_IMG_004137,DS1_IMG_003900,DS1_IMG_004137,IMG_2900_b470bf1b,ring_084,3,4,Pendant,Ring,train,0,negative,cross_category
DS1_IMG_003901__DS1_IMG_004105,DS1_IMG_003901,DS1_IMG_004105,IMG_2900_b470bf1b,ring_067,3,4,Pendant,Ring,train,0,negative,cross_category
DS1_IMG_003901__DS1_IMG_004112,DS1_IMG_003901,DS1_IMG_004112,IMG_2900_b470bf1b,ring_071,3,4,Pendant,Ring,train,0,negative,cross_category
DS1_IMG_003901__DS1_IMG_004254,DS1_IMG_003901,DS1_IMG_004254,IMG_2900_b470bf1b,ring_154,3,4,Pendant,Ring,train,0,negative,cross_category
DS1_IMG_003902__DS1_IMG_003903,DS1_IMG_003902,DS1_IMG_003903,IMG_2901_79d86e58,IMG_2901_79d86e58,3,3,Pendant,Pendant,train,1,positive,
DS1_IMG_003902__DS1_IMG_003904,DS1_IMG_003902,DS1_IMG_003904,IMG_2901_79d86e58,IMG_2901_79d86e58,3,3,Pendant,Pendant,train,1,positive,
DS1_IMG_003902__DS1_IMG_004077,DS1_IMG_003902,DS1_IMG_004077,IMG_2901_79d86e58,ring_049,3,4,Pendant,Ring,train,0,negative,cross_category
DS1_IMG_003903__DS1_IMG_003904,DS1_IMG_003903,DS1_IMG_003904,IMG_2901_79d86e58,IMG_2901_79d86e58,3,3,Pendant,Pendant,train,1,positive,
DS1_IMG_003904__DS1_IMG_004035,DS1_IMG_003904,DS1_IMG_004035,IMG_2901_79d86e58,Screenshot_20181116-203818_1542449673275,3,4,Pendant,Ring,train,0,negative,cross_category
DS1_IMG_003904__DS1_IMG_004252,DS1_IMG_003904,DS1_IMG_004252,IMG_2901_79d86e58,ring_154,3,4,Pendant,Ring,train,0,negative,cross_category
DS1_IMG_003905__DS1_IMG_003906,DS1_IMG_003905,DS1_IMG_003906,IMG_2907_4bcb0ae7,IMG_2907_4bcb0ae7,3,3,Pendant,Pendant,train,1,positive,
DS1_IMG_003905__DS1_IMG_003907,DS1_IMG_003905,DS1_IMG_003907,IMG_2907_4bcb0ae7,IMG_2907_4bcb0ae7,3,3,Pendant,Pendant,train,1,positive,
DS1_IMG_003906__DS1_IMG_003907,DS1_IMG_003906,DS1_IMG_003907,IMG_2907_4bcb0ae7,IMG_2907_4bcb0ae7,3,3,Pendant,Pendant,train,1,positive,
DS1_IMG_003906__DS1_IMG_004138,DS1_IMG_003906,DS1_IMG_004138,IMG_2907_4bcb0ae7,ring_084,3,4,Pendant,Ring,train,0,negative,cross_category
DS1_IMG_003907__DS1_IMG_004077,DS1_IMG_003907,DS1_IMG_004077,IMG_2907_4bcb0ae7,ring_049,3,4,Pendant,Ring,train,0,negative,cross_category
DS1_IMG_003907__DS1_IMG_004182,DS1_IMG_003907,DS1_IMG_004182,IMG_2907_4bcb0ae7,ring_105,3,4,Pendant,Ring,train,0,negative,cross_category
DS1_IMG_003907__DS1_IMG_004213,DS1_IMG_003907,DS1_IMG_004213,IMG_2907_4bcb0ae7,ring_123,3,4,Pendant,Ring,train,0,negative,cross_category
DS1_IMG_003907__DS1_IMG_004268,DS1_IMG_003907,DS1_IMG_004268,IMG_2907_4bcb0ae7,ring_159,3,4,Pendant,Ring,train,0,negative,cross_category
DS1_IMG_003908__DS1_IMG_003909,DS1_IMG_003908,DS1_IMG_003909,IMG_2911_4bf24190,IMG_2911_4bf24190,3,3,Pendant,Pendant,train,1,positive,
DS1_IMG_003908__DS1_IMG_003910,DS1_IMG_003908,DS1_IMG_003910,IMG_2911_4bf24190,IMG_2911_4bf24190,3,3,Pendant,Pendant,train,1,positive,
DS1_IMG_003908__DS1_IMG_004221,DS1_IMG_003908,DS1_IMG_004221,IMG_2911_4bf24190,ring_130,3,4,Pendant,Ring,train,0,negative,cross_category
DS1_IMG_003908__DS1_IMG_004257,DS1_IMG_003908,DS1_IMG_004257,IMG_2911_4bf24190,ring_155,3,4,Pendant,Ring,train,0,negative,cross_category
DS1_IMG_003909__DS1_IMG_003910,DS1_IMG_003909,DS1_IMG_003910,IMG_2911_4bf24190,IMG_2911_4bf24190,3,3,Pendant,Pendant,train,1,positive,
DS1_IMG_003909__DS1_IMG_004212,DS1_IMG_003909,DS1_IMG_004212,IMG_2911_4bf24190,ring_123,3,4,Pendant,Ring,train,0,negative,cross_category
DS1_IMG_003909__DS1_IMG_004317,DS1_IMG_003909,DS1_IMG_004317,IMG_2911_4bf24190,ring_188,3,4,Pendant,Ring,train,0,negative,cross_category
DS1_IMG_003911__DS1_IMG_003912,DS1_IMG_003911,DS1_IMG_003912,IMG_2912_9176f0b9,IMG_2912_9176f0b9,3,3,Pendant,Pendant,train,1,positive,
DS1_IMG_003911__DS1_IMG_003913,DS1_IMG_003911,DS1_IMG_003913,IMG_2912_9176f0b9,IMG_2912_9176f0b9,3,3,Pendant,Pendant,train,1,positive,
DS1_IMG_003912__DS1_IMG_003913,DS1_IMG_003912,DS1_IMG_003913,IMG_2912_9176f0b9,IMG_2912_9176f0b9,3,3,Pendant,Pendant,train,1,positive,
DS1_IMG_003912__DS1_IMG_004156,DS1_IMG_003912,DS1_IMG_004156,IMG_2912_9176f0b9,ring_091,3,4,Pendant,Ring,train,0,negative,cross_category
DS1_IMG_003913__DS1_IMG_004031,DS1_IMG_003913,DS1_IMG_004031,IMG_2912_9176f0b9,Screenshot_20181116-203329_1542449759369,3,4,Pendant,Ring,train,0,negative,cross_category
DS1_IMG_003913__DS1_IMG_004287,DS1_IMG_003913,DS1_IMG_004287,IMG_2912_9176f0b9,ring_168,3,4,Pendant,Ring,train,0,negative,cross_category
DS1_IMG_003914__DS1_IMG_003915,DS1_IMG_003914,DS1_IMG_003915,IMG_2913_9f1d6820,IMG_2913_9f1d6820,3,3,Pendant,Pendant,train,1,positive,
DS1_IMG_003914__DS1_IMG_003916,DS1_IMG_003914,DS1_IMG_003916,IMG_2913_9f1d6820,IMG_2913_9f1d6820,3,3,Pendant,Pendant,train,1,positive,
DS1_IMG_003914__DS1_IMG_004228,DS1_IMG_003914,DS1_IMG_004228,IMG_2913_9f1d6820,ring_134,3,4,Pendant,Ring,train,0,negative,cross_category
DS1_IMG_003915__DS1_IMG_003916,DS1_IMG_003915,DS1_IMG_003916,IMG_2913_9f1d6820,IMG_2913_9f1d6820,3,3,Pendant,Pendant,train,1,positive,
DS1_IMG_003915__DS1_IMG_004127,DS1_IMG_003915,DS1_IMG_004127,IMG_2913_9f1d6820,ring_078,3,4,Pendant,Ring,train,0,negative,cross_category
DS1_IMG_003915__DS1_IMG_004165,DS1_IMG_003915,DS1_IMG_004165,IMG_2913_9f1d6820,ring_095,3,4,Pendant,Ring,train,0,negative,cross_category
DS1_IMG_003916__DS1_IMG_004215,DS1_IMG_003916,DS1_IMG_004215,IMG_2913_9f1d6820,ring_124,3,4,Pendant,Ring,train,0,negative,cross_category
DS1_IMG_003917__DS1_IMG_003918,DS1_IMG_003917,DS1_IMG_003918,IMG_2918_dbac9ef3,IMG_2918_dbac9ef3,3,3,Pendant,Pendant,train,1,positive,
DS1_IMG_003917__DS1_IMG_003919,DS1_IMG_003917,DS1_IMG_003919,IMG_2918_dbac9ef3,IMG_2918_dbac9ef3,3,3,Pendant,Pendant,train,1,positive,
DS1_IMG_003917__DS1_IMG_004105,DS1_IMG_003917,DS1_IMG_004105,IMG_2918_dbac9ef3,ring_067,3,4,Pendant,Ring,train,0,negative,cross_category
DS1_IMG_003917__DS1_IMG_004227,DS1_IMG_003917,DS1_IMG_004227,IMG_2918_dbac9ef3,ring_134,3,4,Pendant,Ring,train,0,negative,cross_category
DS1_IMG_003918__DS1_IMG_003919,DS1_IMG_003918,DS1_IMG_003919,IMG_2918_dbac9ef3,IMG_2918_dbac9ef3,3,3,Pendant,Pendant,train,1,positive,
DS1_IMG_003918__DS1_IMG_004317,DS1_IMG_003918,DS1_IMG_004317,IMG_2918_dbac9ef3,ring_188,3,4,Pendant,Ring,train,0,negative,cross_category
DS1_IMG_003919__DS1_IMG_004257,DS1_IMG_003919,DS1_IMG_004257,IMG_2918_dbac9ef3,ring_155,3,4,Pendant,Ring,train,0,negative,cross_category
DS1_IMG_003920__DS1_IMG_003921,DS1_IMG_003920,DS1_IMG_003921,IMG_2922_996200cd,IMG_2922_996200cd,3,3,Pendant,Pendant,train,1,positive,
DS1_IMG_003920__DS1_IMG_003922,DS1_IMG_003920,DS1_IMG_003922,IMG_2922_996200cd,IMG_2922_996200cd,3,3,Pendant,Pendant,train,1,positive,
DS1_IMG_003920__DS1_IMG_004152,DS1_IMG_003920,DS1_IMG_004152,IMG_2922_996200cd,ring_089,3,4,Pendant,Ring,train,0,negative,cross_category
DS1_IMG_003920__DS1_IMG_004157,DS1_IMG_003920,DS1_IMG_004157,IMG_2922_996200cd,ring_092,3,4,Pendant,Ring,train,0,negative,cross_category
DS1_IMG_003920__DS1_IMG_004246,DS1_IMG_003920,DS1_IMG_004246,IMG_2922_996200cd,ring_148,3,4,Pendant,Ring,train,0,negative,cross_category
DS1_IMG_003921__DS1_IMG_003922,DS1_IMG_003921,DS1_IMG_003922,IMG_2922_996200cd,IMG_2922_996200cd,3,3,Pendant,Pendant,train,1,positive,
DS1_IMG_003922__DS1_IMG_004077,DS1_IMG_003922,DS1_IMG_004077,IMG_2922_996200cd,ring_049,3,4,Pendant,Ring,train,0,negative,cross_category
DS1_IMG_003926__DS1_IMG_003927,DS1_IMG_003926,DS1_IMG_003927,IMG_2926_bb65e3e0,IMG_2926_bb65e3e0,3,3,Pendant,Pendant,train,1,positive,
DS1_IMG_003926__DS1_IMG_003928,DS1_IMG_003926,DS1_IMG_003928,IMG_2926_bb65e3e0,IMG_2926_bb65e3e0,3,3,Pendant,Pendant,train,1,positive,
DS1_IMG_003926__DS1_IMG_004280,DS1_IMG_003926,DS1_IMG_004280,IMG_2926_bb65e3e0,ring_166,3,4,Pendant,Ring,train,0,negative,cross_category
DS1_IMG_003927__DS1_IMG_003928,DS1_IMG_003927,DS1_IMG_003928,IMG_2926_bb65e3e0,IMG_2926_bb65e3e0,3,3,Pendant,Pendant,train,1,positive,
DS1_IMG_003928__DS1_IMG_004051,DS1_IMG_003928,DS1_IMG_004051,IMG_2926_bb65e3e0,Screenshot_20181116-204341_1542449441847,3,4,Pendant,Ring,train,0,negative,cross_category
DS1_IMG_003929__DS1_IMG_003930,DS1_IMG_003929,DS1_IMG_003930,IMG_2931_6b15625f,IMG_2931_6b15625f,3,3,Pendant,Pendant,train,1,positive,
DS1_IMG_003929__DS1_IMG_003931,DS1_IMG_003929,DS1_IMG_003931,IMG_2931_6b15625f,IMG_2931_6b15625f,3,3,Pendant,Pendant,train,1,positive,
DS1_IMG_003929__DS1_IMG_004305,DS1_IMG_003929,DS1_IMG_004305,IMG_2931_6b15625f,ring_183,3,4,Pendant,Ring,train,0,negative,cross_category
DS1_IMG_003930__DS1_IMG_003931,DS1_IMG_003930,DS1_IMG_003931,IMG_2931_6b15625f,IMG_2931_6b15625f,3,3,Pendant,Pendant,train,1,positive,
DS1_IMG_003930__DS1_IMG_004170,DS1_IMG_003930,DS1_IMG_004170,IMG_2931_6b15625f,ring_097,3,4,Pendant,Ring,train,0,negative,cross_category
DS1_IMG_003931__DS1_IMG_004304,DS1_IMG_003931,DS1_IMG_004304,IMG_2931_6b15625f,ring_181,3,4,Pendant,Ring,train,0,negative,cross_category
DS1_IMG_003935__DS1_IMG_003936,DS1_IMG_003935,DS1_IMG_003936,IMG_2936_bba41476,IMG_2936_bba41476,3,3,Pendant,Pendant,train,1,positive,
DS1_IMG_003935__DS1_IMG_003937,DS1_IMG_003935,DS1_IMG_003937,IMG_2936_bba41476,IMG_2936_bba41476,3,3,Pendant,Pendant,train,1,positive,
DS1_IMG_003935__DS1_IMG_004200,DS1_IMG_003935,DS1_IMG_004200,IMG_2936_bba41476,ring_116,3,4,Pendant,Ring,train,0,negative,cross_category
DS1_IMG_003935__DS1_IMG_004206,DS1_IMG_003935,DS1_IMG_004206,IMG_2936_bba41476,ring_121,3,4,Pendant,Ring,train,0,negative,cross_category
DS1_IMG_003936__DS1_IMG_003937,DS1_IMG_003936,DS1_IMG_003937,IMG_2936_bba41476,IMG_2936_bba41476,3,3,Pendant,Pendant,train,1,positive,
DS1_IMG_003936__DS1_IMG_004159,DS1_IMG_003936,DS1_IMG_004159,IMG_2936_bba41476,ring_092,3,4,Pendant,Ring,train,0,negative,cross_category
DS1_IMG_003936__DS1_IMG_004214,DS1_IMG_003936,DS1_IMG_004214,IMG_2936_bba41476,ring_124,3,4,Pendant,Ring,train,0,negative,cross_category
DS1_IMG_003938__DS1_IMG_003939,DS1_IMG_003938,DS1_IMG_003939,IMG_2937_71e488de,IMG_2937_71e488de,3,3,Pendant,Pendant,train,1,positive,
DS1_IMG_003938__DS1_IMG_003940,DS1_IMG_003938,DS1_IMG_003940,IMG_2937_71e488de,IMG_2937_71e488de,3,3,Pendant,Pendant,train,1,positive,
DS1_IMG_003938__DS1_IMG_004236,DS1_IMG_003938,DS1_IMG_004236,IMG_2937_71e488de,ring_139,3,4,Pendant,Ring,train,0,negative,cross_category
DS1_IMG_003939__DS1_IMG_003940,DS1_IMG_003939,DS1_IMG_003940,IMG_2937_71e488de,IMG_2937_71e488de,3,3,Pendant,Pendant,train,1,positive,
DS1_IMG_003939__DS1_IMG_004055,DS1_IMG_003939,DS1_IMG_004055,IMG_2937_71e488de,Screenshot_20181116-204417_1542449390654,3,4,Pendant,Ring,train,0,negative,cross_category
DS1_IMG_003939__DS1_IMG_004298,DS1_IMG_003939,DS1_IMG_004298,IMG_2937_71e488de,ring_179,3,4,Pendant,Ring,train,0,negative,cross_category
DS1_IMG_003941__DS1_IMG_003942,DS1_IMG_003941,DS1_IMG_003942,IMG_2943_c72380bb,IMG_2943_c72380bb,3,3,Pendant,Pendant,train,1,positive,
DS1_IMG_003941__DS1_IMG_003943,DS1_IMG_003941,DS1_IMG_003943,IMG_2943_c72380bb,IMG_2943_c72380bb,3,3,Pendant,Pendant,train,1,positive,
DS1_IMG_003941__DS1_IMG_004068,DS1_IMG_003941,DS1_IMG_004068,IMG_2943_c72380bb,ring_044,3,4,Pendant,Ring,train,0,negative,cross_category
DS1_IMG_003941__DS1_IMG_004092,DS1_IMG_003941,DS1_IMG_004092,IMG_2943_c72380bb,ring_057,3,4,Pendant,Ring,train,0,negative,cross_category
DS1_IMG_003941__DS1_IMG_004189,DS1_IMG_003941,DS1_IMG_004189,IMG_2943_c72380bb,ring_111,3,4,Pendant,Ring,train,0,negative,cross_category
DS1_IMG_003942__DS1_IMG_003943,DS1_IMG_003942,DS1_IMG_003943,IMG_2943_c72380bb,IMG_2943_c72380bb,3,3,Pendant,Pendant,train,1,positive,
DS1_IMG_003942__DS1_IMG_004105,DS1_IMG_003942,DS1_IMG_004105,IMG_2943_c72380bb,ring_067,3,4,Pendant,Ring,train,0,negative,cross_category
DS1_IMG_003942__DS1_IMG_004234,DS1_IMG_003942,DS1_IMG_004234,IMG_2943_c72380bb,ring_138,3,4,Pendant,Ring,train,0,negative,cross_category
DS1_IMG_003943__DS1_IMG_004089,DS1_IMG_003943,DS1_IMG_004089,IMG_2943_c72380bb,ring_055,3,4,Pendant,Ring,train,0,negative,cross_category
DS1_IMG_003944__DS1_IMG_003945,DS1_IMG_003944,DS1_IMG_003945,IMG_3467_d962189e,IMG_3467_d962189e,3,3,Pendant,Pendant,train,1,positive,
DS1_IMG_003944__DS1_IMG_003946,DS1_IMG_003944,DS1_IMG_003946,IMG_3467_d962189e,IMG_3467_d962189e,3,3,Pendant,Pendant,train,1,positive,
DS1_IMG_003944__DS1_IMG_004135,DS1_IMG_003944,DS1_IMG_004135,IMG_3467_d962189e,ring_083,3,4,Pendant,Ring,train,0,negative,cross_category
DS1_IMG_003945__DS1_IMG_003946,DS1_IMG_003945,DS1_IMG_003946,IMG_3467_d962189e,IMG_3467_d962189e,3,3,Pendant,Pendant,train,1,positive,
DS1_IMG_003946__DS1_IMG_004162,DS1_IMG_003946,DS1_IMG_004162,IMG_3467_d962189e,ring_093,3,4,Pendant,Ring,train,0,negative,cross_category
DS1_IMG_003946__DS1_IMG_004280,DS1_IMG_003946,DS1_IMG_004280,IMG_3467_d962189e,ring_166,3,4,Pendant,Ring,train,0,negative,cross_category
DS1_IMG_003947__DS1_IMG_003948,DS1_IMG_003947,DS1_IMG_003948,IMG_3503_4d37f1fe,IMG_3503_4d37f1fe,3,3,Pendant,Pendant,train,1,positive,
DS1_IMG_003947__DS1_IMG_003949,DS1_IMG_003947,DS1_IMG_003949,IMG_3503_4d37f1fe,IMG_3503_4d37f1fe,3,3,Pendant,Pendant,train,1,positive,
DS1_IMG_003947__DS1_IMG_004036,DS1_IMG_003947,DS1_IMG_004036,IMG_3503_4d37f1fe,Screenshot_20181116-203818_1542449673275,3,4,Pendant,Ring,train,0,negative,cross_category
DS1_IMG_003948__DS1_IMG_003949,DS1_IMG_003948,DS1_IMG_003949,IMG_3503_4d37f1fe,IMG_3503_4d37f1fe,3,3,Pendant,Pendant,train,1,positive,
DS1_IMG_003948__DS1_IMG_004183,DS1_IMG_003948,DS1_IMG_004183,IMG_3503_4d37f1fe,ring_105,3,4,Pendant,Ring,train,0,negative,cross_category
DS1_IMG_003950__DS1_IMG_003951,DS1_IMG_003950,DS1_IMG_003951,IMG_3508_c0ed2d28,IMG_3508_c0ed2d28,3,3,Pendant,Pendant,train,1,positive,
DS1_IMG_003950__DS1_IMG_003952,DS1_IMG_003950,DS1_IMG_003952,IMG_3508_c0ed2d28,IMG_3508_c0ed2d28,3,3,Pendant,Pendant,train,1,positive,
DS1_IMG_003950__DS1_IMG_004051,DS1_IMG_003950,DS1_IMG_004051,IMG_3508_c0ed2d28,Screenshot_20181116-204341_1542449441847,3,4,Pendant,Ring,train,0,negative,cross_category
DS1_IMG_003951__DS1_IMG_003952,DS1_IMG_003951,DS1_IMG_003952,IMG_3508_c0ed2d28,IMG_3508_c0ed2d28,3,3,Pendant,Pendant,train,1,positive,
DS1_IMG_003951__DS1_IMG_004079,DS1_IMG_003951,DS1_IMG_004079,IMG_3508_c0ed2d28,ring_050,3,4,Pendant,Ring,train,0,negative,cross_category
DS1_IMG_003951__DS1_IMG_004304,DS1_IMG_003951,DS1_IMG_004304,IMG_3508_c0ed2d28,ring_181,3,4,Pendant,Ring,train,0,negative,cross_category
DS1_IMG_003952__DS1_IMG_004079,DS1_IMG_003952,DS1_IMG_004079,IMG_3508_c0ed2d28,ring_050,3,4,Pendant,Ring,train,0,negative,cross_category
DS1_IMG_003953__DS1_IMG_003954,DS1_IMG_003953,DS1_IMG_003954,IMG_3515_3ed94d29,IMG_3515_3ed94d29,3,3,Pendant,Pendant,train,1,positive,
DS1_IMG_003953__DS1_IMG_003955,DS1_IMG_003953,DS1_IMG_003955,IMG_3515_3ed94d29,IMG_3515_3ed94d29,3,3,Pendant,Pendant,train,1,positive,
DS1_IMG_003953__DS1_IMG_004087,DS1_IMG_003953,DS1_IMG_004087,IMG_3515_3ed94d29,ring_055,3,4,Pendant,Ring,train,0,negative,cross_category
DS1_IMG_003953__DS1_IMG_004188,DS1_IMG_003953,DS1_IMG_004188,IMG_3515_3ed94d29,ring_111,3,4,Pendant,Ring,train,0,negative,cross_category
DS1_IMG_003953__DS1_IMG_004311,DS1_IMG_003953,DS1_IMG_004311,IMG_3515_3ed94d29,ring_185,3,4,Pendant,Ring,train,0,negative,cross_category
DS1_IMG_003954__DS1_IMG_003955,DS1_IMG_003954,DS1_IMG_003955,IMG_3515_3ed94d29,IMG_3515_3ed94d29,3,3,Pendant,Pendant,train,1,positive,
DS1_IMG_003954__DS1_IMG_004018,DS1_IMG_003954,DS1_IMG_004018,IMG_3515_3ed94d29,Screenshot_20181116-202810_1542452183994,3,4,Pendant,Ring,train,0,negative,cross_category
DS1_IMG_003956__DS1_IMG_003957,DS1_IMG_003956,DS1_IMG_003957,necklace_124,necklace_124,3,3,Pendant,Pendant,train,1,positive,
DS1_IMG_003956__DS1_IMG_003958,DS1_IMG_003956,DS1_IMG_003958,necklace_124,necklace_124,3,3,Pendant,Pendant,train,1,positive,
DS1_IMG_003956__DS1_IMG_004133,DS1_IMG_003956,DS1_IMG_004133,necklace_124,ring_082,3,4,Pendant,Ring,train,0,negative,cross_category
DS1_IMG_003956__DS1_IMG_004253,DS1_IMG_003956,DS1_IMG_004253,necklace_124,ring_154,3,4,Pendant,Ring,train,0,negative,cross_category
DS1_IMG_003956__DS1_IMG_004301,DS1_IMG_003956,DS1_IMG_004301,necklace_124,ring_180,3,4,Pendant,Ring,train,0,negative,cross_category
DS1_IMG_003957__DS1_IMG_003958,DS1_IMG_003957,DS1_IMG_003958,necklace_124,necklace_124,3,3,Pendant,Pendant,train,1,positive,
DS1_IMG_003958__DS1_IMG_004023,DS1_IMG_003958,DS1_IMG_004023,necklace_124,Screenshot_20181116-202936_1542450027786,3,4,Pendant,Ring,train,0,negative,cross_category
DS1_IMG_003958__DS1_IMG_004143,DS1_IMG_003958,DS1_IMG_004143,necklace_124,ring_086,3,4,Pendant,Ring,train,0,negative,cross_category
DS1_IMG_003958__DS1_IMG_004156,DS1_IMG_003958,DS1_IMG_004156,necklace_124,ring_091,3,4,Pendant,Ring,train,0,negative,cross_category
DS1_IMG_003958__DS1_IMG_004222,DS1_IMG_003958,DS1_IMG_004222,necklace_124,ring_130,3,4,Pendant,Ring,train,0,negative,cross_category
DS1_IMG_003959__DS1_IMG_003960,DS1_IMG_003959,DS1_IMG_003960,necklace_20241125_122545_00801018,necklace_20241125_122545_00801018,3,3,Pendant,Pendant,train,1,positive,
DS1_IMG_003959__DS1_IMG_003961,DS1_IMG_003959,DS1_IMG_003961,necklace_20241125_122545_00801018,necklace_20241125_122545_00801018,3,3,Pendant,Pendant,train,1,positive,
DS1_IMG_003960__DS1_IMG_003961,DS1_IMG_003960,DS1_IMG_003961,necklace_20241125_122545_00801018,necklace_20241125_122545_00801018,3,3,Pendant,Pendant,train,1,positive,
DS1_IMG_003960__DS1_IMG_004105,DS1_IMG_003960,DS1_IMG_004105,necklace_20241125_122545_00801018,ring_067,3,4,Pendant,Ring,train,0,negative,cross_category
DS1_IMG_003960__DS1_IMG_004198,DS1_IMG_003960,DS1_IMG_004198,necklace_20241125_122545_00801018,ring_114,3,4,Pendant,Ring,train,0,negative,cross_category
DS1_IMG_003961__DS1_IMG_004246,DS1_IMG_003961,DS1_IMG_004246,necklace_20241125_122545_00801018,ring_148,3,4,Pendant,Ring,train,0,negative,cross_category
DS1_IMG_003962__DS1_IMG_003963,DS1_IMG_003962,DS1_IMG_003963,necklace_20241125_122545_01000080,necklace_20241125_122545_01000080,3,3,Pendant,Pendant,train,1,positive,
DS1_IMG_003962__DS1_IMG_003964,DS1_IMG_003962,DS1_IMG_003964,necklace_20241125_122545_01000080,necklace_20241125_122545_01000080,3,3,Pendant,Pendant,train,1,positive,
DS1_IMG_003962__DS1_IMG_004262,DS1_IMG_003962,DS1_IMG_004262,necklace_20241125_122545_01000080,ring_157,3,4,Pendant,Ring,train,0,negative,cross_category
DS1_IMG_003963__DS1_IMG_003964,DS1_IMG_003963,DS1_IMG_003964,necklace_20241125_122545_01000080,necklace_20241125_122545_01000080,3,3,Pendant,Pendant,train,1,positive,
DS1_IMG_003963__DS1_IMG_004274,DS1_IMG_003963,DS1_IMG_004274,necklace_20241125_122545_01000080,ring_163,3,4,Pendant,Ring,train,0,negative,cross_category
DS1_IMG_003965__DS1_IMG_003966,DS1_IMG_003965,DS1_IMG_003966,necklace_20241125_122545_02020381,necklace_20241125_122545_02020381,3,3,Pendant,Pendant,train,1,positive,
DS1_IMG_003965__DS1_IMG_003967,DS1_IMG_003965,DS1_IMG_003967,necklace_20241125_122545_02020381,necklace_20241125_122545_02020381,3,3,Pendant,Pendant,train,1,positive,
DS1_IMG_003966__DS1_IMG_003967,DS1_IMG_003966,DS1_IMG_003967,necklace_20241125_122545_02020381,necklace_20241125_122545_02020381,3,3,Pendant,Pendant,train,1,positive,
DS1_IMG_003966__DS1_IMG_004108,DS1_IMG_003966,DS1_IMG_004108,necklace_20241125_122545_02020381,ring_069,3,4,Pendant,Ring,train,0,negative,cross_category
DS1_IMG_003966__DS1_IMG_004138,DS1_IMG_003966,DS1_IMG_004138,necklace_20241125_122545_02020381,ring_084,3,4,Pendant,Ring,train,0,negative,cross_category
DS1_IMG_003968__DS1_IMG_003969,DS1_IMG_003968,DS1_IMG_003969,necklace_20241125_122545_08081c1c,necklace_20241125_122545_08081c1c,3,3,Pendant,Pendant,train,1,positive,
DS1_IMG_003968__DS1_IMG_003970,DS1_IMG_003968,DS1_IMG_003970,necklace_20241125_122545_08081c1c,necklace_20241125_122545_08081c1c,3,3,Pendant,Pendant,train,1,positive,
DS1_IMG_003968__DS1_IMG_004049,DS1_IMG_003968,DS1_IMG_004049,necklace_20241125_122545_08081c1c,Screenshot_20181116-204235_1542449500589,3,4,Pendant,Ring,train,0,negative,cross_category
DS1_IMG_003969__DS1_IMG_003970,DS1_IMG_003969,DS1_IMG_003970,necklace_20241125_122545_08081c1c,necklace_20241125_122545_08081c1c,3,3,Pendant,Pendant,train,1,positive,
DS1_IMG_003969__DS1_IMG_004228,DS1_IMG_003969,DS1_IMG_004228,necklace_20241125_122545_08081c1c,ring_134,3,4,Pendant,Ring,train,0,negative,cross_category
DS1_IMG_003970__DS1_IMG_004164,DS1_IMG_003970,DS1_IMG_004164,necklace_20241125_122545_08081c1c,ring_095,3,4,Pendant,Ring,train,0,negative,cross_category
DS1_IMG_003974__DS1_IMG_003975,DS1_IMG_003974,DS1_IMG_003975,necklace_20241125_122545_20212176,necklace_20241125_122545_20212176,3,3,Pendant,Pendant,train,1,positive,
DS1_IMG_003974__DS1_IMG_003976,DS1_IMG_003974,DS1_IMG_003976,necklace_20241125_122545_20212176,necklace_20241125_122545_20212176,3,3,Pendant,Pendant,train,1,positive,
DS1_IMG_003975__DS1_IMG_003976,DS1_IMG_003975,DS1_IMG_003976,necklace_20241125_122545_20212176,necklace_20241125_122545_20212176,3,3,Pendant,Pendant,train,1,positive,
DS1_IMG_003975__DS1_IMG_004303,DS1_IMG_003975,DS1_IMG_004303,necklace_20241125_122545_20212176,ring_181,3,4,Pendant,Ring,train,0,negative,cross_category
DS1_IMG_003976__DS1_IMG_004205,DS1_IMG_003976,DS1_IMG_004205,necklace_20241125_122545_20212176,ring_121,3,4,Pendant,Ring,train,0,negative,cross_category
DS1_IMG_003976__DS1_IMG_004216,DS1_IMG_003976,DS1_IMG_004216,necklace_20241125_122545_20212176,ring_124,3,4,Pendant,Ring,train,0,negative,cross_category
DS1_IMG_003976__DS1_IMG_004269,DS1_IMG_003976,DS1_IMG_004269,necklace_20241125_122545_20212176,ring_159,3,4,Pendant,Ring,train,0,negative,cross_category
DS1_IMG_003976__DS1_IMG_004298,DS1_IMG_003976,DS1_IMG_004298,necklace_20241125_122545_20212176,ring_179,3,4,Pendant,Ring,train,0,negative,cross_category
DS1_IMG_003977__DS1_IMG_003978,DS1_IMG_003977,DS1_IMG_003978,necklace_20241125_122545_24201818,necklace_20241125_122545_24201818,3,3,Pendant,Pendant,train,1,positive,
DS1_IMG_003977__DS1_IMG_003979,DS1_IMG_003977,DS1_IMG_003979,necklace_20241125_122545_24201818,necklace_20241125_122545_24201818,3,3,Pendant,Pendant,train,1,positive,
DS1_IMG_003977__DS1_IMG_004060,DS1_IMG_003977,DS1_IMG_004060,necklace_20241125_122545_24201818,Screenshot_20181116-204603_1542447556990,3,4,Pendant,Ring,train,0,negative,cross_category
DS1_IMG_003977__DS1_IMG_004274,DS1_IMG_003977,DS1_IMG_004274,necklace_20241125_122545_24201818,ring_163,3,4,Pendant,Ring,train,0,negative,cross_category
DS1_IMG_003978__DS1_IMG_003979,DS1_IMG_003978,DS1_IMG_003979,necklace_20241125_122545_24201818,necklace_20241125_122545_24201818,3,3,Pendant,Pendant,train,1,positive,
DS1_IMG_003978__DS1_IMG_004021,DS1_IMG_003978,DS1_IMG_004021,necklace_20241125_122545_24201818,Screenshot_20181116-202936_1542450027786,3,4,Pendant,Ring,train,0,negative,cross_category
DS1_IMG_003978__DS1_IMG_004271,DS1_IMG_003978,DS1_IMG_004271,necklace_20241125_122545_24201818,ring_162,3,4,Pendant,Ring,train,0,negative,cross_category
DS1_IMG_003978__DS1_IMG_004279,DS1_IMG_003978,DS1_IMG_004279,necklace_20241125_122545_24201818,ring_166,3,4,Pendant,Ring,train,0,negative,cross_category
DS1_IMG_003980__DS1_IMG_003981,DS1_IMG_003980,DS1_IMG_003981,necklace_20241125_122545_3ef84081,necklace_20241125_122545_3ef84081,3,3,Pendant,Pendant,train,1,positive,
DS1_IMG_003980__DS1_IMG_003982,DS1_IMG_003980,DS1_IMG_003982,necklace_20241125_122545_3ef84081,necklace_20241125_122545_3ef84081,3,3,Pendant,Pendant,train,1,positive,
DS1_IMG_003980__DS1_IMG_004031,DS1_IMG_003980,DS1_IMG_004031,necklace_20241125_122545_3ef84081,Screenshot_20181116-203329_1542449759369,3,4,Pendant,Ring,train,0,negative,cross_category
DS1_IMG_003981__DS1_IMG_003982,DS1_IMG_003981,DS1_IMG_003982,necklace_20241125_122545_3ef84081,necklace_20241125_122545_3ef84081,3,3,Pendant,Pendant,train,1,positive,
DS1_IMG_003981__DS1_IMG_004320,DS1_IMG_003981,DS1_IMG_004320,necklace_20241125_122545_3ef84081,ring_192,3,4,Pendant,Ring,train,0,negative,cross_category
DS1_IMG_003982__DS1_IMG_004014,DS1_IMG_003982,DS1_IMG_004014,necklace_20241125_122545_3ef84081,Screenshot_20181116-202707_1542453179073,3,4,Pendant,Ring,train,0,negative,cross_category
DS1_IMG_003982__DS1_IMG_004198,DS1_IMG_003982,DS1_IMG_004198,necklace_20241125_122545_3ef84081,ring_114,3,4,Pendant,Ring,train,0,negative,cross_category
DS1_IMG_003983__DS1_IMG_003984,DS1_IMG_003983,DS1_IMG_003984,necklace_20241125_122545_3efef2e3,necklace_20241125_122545_3efef2e3,3,3,Pendant,Pendant,train,1,positive,
DS1_IMG_003983__DS1_IMG_003985,DS1_IMG_003983,DS1_IMG_003985,necklace_20241125_122545_3efef2e3,necklace_20241125_122545_3efef2e3,3,3,Pendant,Pendant,train,1,positive,
DS1_IMG_003984__DS1_IMG_003985,DS1_IMG_003984,DS1_IMG_003985,necklace_20241125_122545_3efef2e3,necklace_20241125_122545_3efef2e3,3,3,Pendant,Pendant,train,1,positive,
DS1_IMG_003984__DS1_IMG_004096,DS1_IMG_003984,DS1_IMG_004096,necklace_20241125_122545_3efef2e3,ring_060,3,4,Pendant,Ring,train,0,negative,cross_category
DS1_IMG_003984__DS1_IMG_004264,DS1_IMG_003984,DS1_IMG_004264,necklace_20241125_122545_3efef2e3,ring_158,3,4,Pendant,Ring,train,0,negative,cross_category
DS1_IMG_003984__DS1_IMG_004308,DS1_IMG_003984,DS1_IMG_004308,necklace_20241125_122545_3efef2e3,ring_184,3,4,Pendant,Ring,train,0,negative,cross_category
DS1_IMG_003985__DS1_IMG_004205,DS1_IMG_003985,DS1_IMG_004205,necklace_20241125_122545_3efef2e3,ring_121,3,4,Pendant,Ring,train,0,negative,cross_category
DS1_IMG_003986__DS1_IMG_003987,DS1_IMG_003986,DS1_IMG_003987,necklace_20241125_122545_586d69f7,necklace_20241125_122545_586d69f7,3,3,Pendant,Pendant,train,1,positive,
DS1_IMG_003986__DS1_IMG_003988,DS1_IMG_003986,DS1_IMG_003988,necklace_20241125_122545_586d69f7,necklace_20241125_122545_586d69f7,3,3,Pendant,Pendant,train,1,positive,
DS1_IMG_003987__DS1_IMG_003988,DS1_IMG_003987,DS1_IMG_003988,necklace_20241125_122545_586d69f7,necklace_20241125_122545_586d69f7,3,3,Pendant,Pendant,train,1,positive,
DS1_IMG_003987__DS1_IMG_004184,DS1_IMG_003987,DS1_IMG_004184,necklace_20241125_122545_586d69f7,ring_110,3,4,Pendant,Ring,train,0,negative,cross_category
DS1_IMG_003988__DS1_IMG_004036,DS1_IMG_003988,DS1_IMG_004036,necklace_20241125_122545_586d69f7,Screenshot_20181116-203818_1542449673275,3,4,Pendant,Ring,train,0,negative,cross_category
DS1_IMG_003988__DS1_IMG_004214,DS1_IMG_003988,DS1_IMG_004214,necklace_20241125_122545_586d69f7,ring_124,3,4,Pendant,Ring,train,0,negative,cross_category
DS1_IMG_003989__DS1_IMG_003990,DS1_IMG_003989,DS1_IMG_003990,necklace_20241125_122545_6063e3a7,necklace_20241125_122545_6063e3a7,3,3,Pendant,Pendant,train,1,positive,
DS1_IMG_003989__DS1_IMG_003991,DS1_IMG_003989,DS1_IMG_003991,necklace_20241125_122545_6063e3a7,necklace_20241125_122545_6063e3a7,3,3,Pendant,Pendant,train,1,positive,
DS1_IMG_003989__DS1_IMG_004178,DS1_IMG_003989,DS1_IMG_004178,necklace_20241125_122545_6063e3a7,ring_104,3,4,Pendant,Ring,train,0,negative,cross_category
DS1_IMG_003990__DS1_IMG_003991,DS1_IMG_003990,DS1_IMG_003991,necklace_20241125_122545_6063e3a7,necklace_20241125_122545_6063e3a7,3,3,Pendant,Pendant,train,1,positive,
DS1_IMG_003992__DS1_IMG_003993,DS1_IMG_003992,DS1_IMG_003993,necklace_20241125_122545_8181cfe3,necklace_20241125_122545_8181cfe3,3,3,Pendant,Pendant,train,1,positive,
DS1_IMG_003992__DS1_IMG_003994,DS1_IMG_003992,DS1_IMG_003994,necklace_20241125_122545_8181cfe3,necklace_20241125_122545_8181cfe3,3,3,Pendant,Pendant,train,1,positive,
DS1_IMG_003993__DS1_IMG_003994,DS1_IMG_003993,DS1_IMG_003994,necklace_20241125_122545_8181cfe3,necklace_20241125_122545_8181cfe3,3,3,Pendant,Pendant,train,1,positive,
DS1_IMG_003993__DS1_IMG_004272,DS1_IMG_003993,DS1_IMG_004272,necklace_20241125_122545_8181cfe3,ring_162,3,4,Pendant,Ring,train,0,negative,cross_category
DS1_IMG_003994__DS1_IMG_004032,DS1_IMG_003994,DS1_IMG_004032,necklace_20241125_122545_8181cfe3,Screenshot_20181116-203347_1542449724585,3,4,Pendant,Ring,train,0,negative,cross_category
DS1_IMG_003995__DS1_IMG_003996,DS1_IMG_003995,DS1_IMG_003996,necklace_20241125_122545_94000018,necklace_20241125_122545_94000018,3,3,Pendant,Pendant,train,1,positive,
DS1_IMG_003995__DS1_IMG_003997,DS1_IMG_003995,DS1_IMG_003997,necklace_20241125_122545_94000018,necklace_20241125_122545_94000018,3,3,Pendant,Pendant,train,1,positive,
DS1_IMG_003995__DS1_IMG_004092,DS1_IMG_003995,DS1_IMG_004092,necklace_20241125_122545_94000018,ring_057,3,4,Pendant,Ring,train,0,negative,cross_category
DS1_IMG_003995__DS1_IMG_004309,DS1_IMG_003995,DS1_IMG_004309,necklace_20241125_122545_94000018,ring_184,3,4,Pendant,Ring,train,0,negative,cross_category
DS1_IMG_003996__DS1_IMG_003997,DS1_IMG_003996,DS1_IMG_003997,necklace_20241125_122545_94000018,necklace_20241125_122545_94000018,3,3,Pendant,Pendant,train,1,positive,
DS1_IMG_003996__DS1_IMG_004296,DS1_IMG_003996,DS1_IMG_004296,necklace_20241125_122545_94000018,ring_179,3,4,Pendant,Ring,train,0,negative,cross_category
DS1_IMG_003997__DS1_IMG_004255,DS1_IMG_003997,DS1_IMG_004255,necklace_20241125_122545_94000018,ring_155,3,4,Pendant,Ring,train,0,negative,cross_category
DS1_IMG_003998__DS1_IMG_003999,DS1_IMG_003998,DS1_IMG_003999,necklace_78,necklace_78,3,3,Pendant,Pendant,train,1,positive,
DS1_IMG_003998__DS1_IMG_004000,DS1_IMG_003998,DS1_IMG_004000,necklace_78,necklace_78,3,3,Pendant,Pendant,train,1,positive,
DS1_IMG_003998__DS1_IMG_004110,DS1_IMG_003998,DS1_IMG_004110,necklace_78,ring_069,3,4,Pendant,Ring,train,0,negative,cross_category
DS1_IMG_003999__DS1_IMG_004000,DS1_IMG_003999,DS1_IMG_004000,necklace_78,necklace_78,3,3,Pendant,Pendant,train,1,positive,
DS1_IMG_003999__DS1_IMG_004053,DS1_IMG_003999,DS1_IMG_004053,necklace_78,Screenshot_20181116-204359_1542449415504,3,4,Pendant,Ring,train,0,negative,cross_category
DS1_IMG_003999__DS1_IMG_004059,DS1_IMG_003999,DS1_IMG_004059,necklace_78,Screenshot_20181116-204603_1542447556990,3,4,Pendant,Ring,train,0,negative,cross_category
DS1_IMG_004001__DS1_IMG_004002,DS1_IMG_004001,DS1_IMG_004002,necklace_79,necklace_79,3,3,Pendant,Pendant,train,1,positive,
DS1_IMG_004001__DS1_IMG_004003,DS1_IMG_004001,DS1_IMG_004003,necklace_79,necklace_79,3,3,Pendant,Pendant,train,1,positive,
DS1_IMG_004002__DS1_IMG_004003,DS1_IMG_004002,DS1_IMG_004003,necklace_79,necklace_79,3,3,Pendant,Pendant,train,1,positive,
DS1_IMG_004002__DS1_IMG_004106,DS1_IMG_004002,DS1_IMG_004106,necklace_79,ring_067,3,4,Pendant,Ring,train,0,negative,cross_category
DS1_IMG_004002__DS1_IMG_004216,DS1_IMG_004002,DS1_IMG_004216,necklace_79,ring_124,3,4,Pendant,Ring,train,0,negative,cross_category
DS1_IMG_004003__DS1_IMG_004233,DS1_IMG_004003,DS1_IMG_004233,necklace_79,ring_138,3,4,Pendant,Ring,train,0,negative,cross_category
DS1_IMG_004003__DS1_IMG_004321,DS1_IMG_004003,DS1_IMG_004321,necklace_79,ring_192,3,4,Pendant,Ring,train,0,negative,cross_category
DS1_IMG_004004__DS1_IMG_004005,DS1_IMG_004004,DS1_IMG_004005,other_20241125_122403_6020381c,other_20241125_122403_6020381c,3,3,Pendant,Pendant,train,1,positive,
DS1_IMG_004004__DS1_IMG_004006,DS1_IMG_004004,DS1_IMG_004006,other_20241125_122403_6020381c,other_20241125_122403_6020381c,3,3,Pendant,Pendant,train,1,positive,
DS1_IMG_004005__DS1_IMG_004006,DS1_IMG_004005,DS1_IMG_004006,other_20241125_122403_6020381c,other_20241125_122403_6020381c,3,3,Pendant,Pendant,train,1,positive,
DS1_IMG_004005__DS1_IMG_004022,DS1_IMG_004005,DS1_IMG_004022,other_20241125_122403_6020381c,Screenshot_20181116-202936_1542450027786,3,4,Pendant,Ring,train,0,negative,cross_category
DS1_IMG_004005__DS1_IMG_004105,DS1_IMG_004005,DS1_IMG_004105,other_20241125_122403_6020381c,ring_067,3,4,Pendant,Ring,train,0,negative,cross_category
DS1_IMG_004005__DS1_IMG_004121,DS1_IMG_004005,DS1_IMG_004121,other_20241125_122403_6020381c,ring_076,3,4,Pendant,Ring,train,0,negative,cross_category
DS1_IMG_004005__DS1_IMG_004222,DS1_IMG_004005,DS1_IMG_004222,other_20241125_122403_6020381c,ring_130,3,4,Pendant,Ring,train,0,negative,cross_category
DS1_IMG_004005__DS1_IMG_004271,DS1_IMG_004005,DS1_IMG_004271,other_20241125_122403_6020381c,ring_162,3,4,Pendant,Ring,train,0,negative,cross_category
DS1_IMG_004007__DS1_IMG_004008,DS1_IMG_004007,DS1_IMG_004008,other_20241125_122403_8383c799,other_20241125_122403_8383c799,3,3,Pendant,Pendant,train,1,positive,
DS1_IMG_004007__DS1_IMG_004009,DS1_IMG_004007,DS1_IMG_004009,other_20241125_122403_8383c799,other_20241125_122403_8383c799,3,3,Pendant,Pendant,train,1,positive,
DS1_IMG_004007__DS1_IMG_004090,DS1_IMG_004007,DS1_IMG_004090,other_20241125_122403_8383c799,ring_057,3,4,Pendant,Ring,train,0,negative,cross_category
DS1_IMG_004008__DS1_IMG_004009,DS1_IMG_004008,DS1_IMG_004009,other_20241125_122403_8383c799,other_20241125_122403_8383c799,3,3,Pendant,Pendant,train,1,positive,
DS1_IMG_004009__DS1_IMG_004047,DS1_IMG_004009,DS1_IMG_004047,other_20241125_122403_8383c799,Screenshot_20181116-204235_1542449500589,3,4,Pendant,Ring,train,0,negative,cross_category
DS1_IMG_004009__DS1_IMG_004092,DS1_IMG_004009,DS1_IMG_004092,other_20241125_122403_8383c799,ring_057,3,4,Pendant,Ring,train,0,negative,cross_category
DS1_IMG_004009__DS1_IMG_004138,DS1_IMG_004009,DS1_IMG_004138,other_20241125_122403_8383c799,ring_084,3,4,Pendant,Ring,train,0,negative,cross_category
DS1_IMG_004009__DS1_IMG_004318,DS1_IMG_004009,DS1_IMG_004318,other_20241125_122403_8383c799,ring_188,3,4,Pendant,Ring,train,0,negative,cross_category
DS1_IMG_004010__DS1_IMG_004011,DS1_IMG_004010,DS1_IMG_004011,Screenshot_20181116-202630_1542453353168,Screenshot_20181116-202630_1542453353168,4,4,Ring,Ring,train,1,positive,
DS1_IMG_004012__DS1_IMG_004013,DS1_IMG_004012,DS1_IMG_004013,Screenshot_20181116-202707_1542453179073,Screenshot_20181116-202707_1542453179073,4,4,Ring,Ring,train,1,positive,
DS1_IMG_004012__DS1_IMG_004014,DS1_IMG_004012,DS1_IMG_004014,Screenshot_20181116-202707_1542453179073,Screenshot_20181116-202707_1542453179073,4,4,Ring,Ring,train,1,positive,
DS1_IMG_004013__DS1_IMG_004014,DS1_IMG_004013,DS1_IMG_004014,Screenshot_20181116-202707_1542453179073,Screenshot_20181116-202707_1542453179073,4,4,Ring,Ring,train,1,positive,
DS1_IMG_004015__DS1_IMG_004016,DS1_IMG_004015,DS1_IMG_004016,Screenshot_20181116-202757_1542453058358,Screenshot_20181116-202757_1542453058358,4,4,Ring,Ring,train,1,positive,
DS1_IMG_004015__DS1_IMG_004017,DS1_IMG_004015,DS1_IMG_004017,Screenshot_20181116-202757_1542453058358,Screenshot_20181116-202757_1542453058358,4,4,Ring,Ring,train,1,positive,
DS1_IMG_004016__DS1_IMG_004017,DS1_IMG_004016,DS1_IMG_004017,Screenshot_20181116-202757_1542453058358,Screenshot_20181116-202757_1542453058358,4,4,Ring,Ring,train,1,positive,
DS1_IMG_004018__DS1_IMG_004019,DS1_IMG_004018,DS1_IMG_004019,Screenshot_20181116-202810_1542452183994,Screenshot_20181116-202810_1542452183994,4,4,Ring,Ring,train,1,positive,
DS1_IMG_004018__DS1_IMG_004020,DS1_IMG_004018,DS1_IMG_004020,Screenshot_20181116-202810_1542452183994,Screenshot_20181116-202810_1542452183994,4,4,Ring,Ring,train,1,positive,
DS1_IMG_004019__DS1_IMG_004020,DS1_IMG_004019,DS1_IMG_004020,Screenshot_20181116-202810_1542452183994,Screenshot_20181116-202810_1542452183994,4,4,Ring,Ring,train,1,positive,
DS1_IMG_004021__DS1_IMG_004022,DS1_IMG_004021,DS1_IMG_004022,Screenshot_20181116-202936_1542450027786,Screenshot_20181116-202936_1542450027786,4,4,Ring,Ring,train,1,positive,
DS1_IMG_004021__DS1_IMG_004023,DS1_IMG_004021,DS1_IMG_004023,Screenshot_20181116-202936_1542450027786,Screenshot_20181116-202936_1542450027786,4,4,Ring,Ring,train,1,positive,
DS1_IMG_004022__DS1_IMG_004023,DS1_IMG_004022,DS1_IMG_004023,Screenshot_20181116-202936_1542450027786,Screenshot_20181116-202936_1542450027786,4,4,Ring,Ring,train,1,positive,
DS1_IMG_004027__DS1_IMG_004028,DS1_IMG_004027,DS1_IMG_004028,Screenshot_20181116-203109_1542449890237,Screenshot_20181116-203109_1542449890237,4,4,Ring,Ring,train,1,positive,
DS1_IMG_004027__DS1_IMG_004029,DS1_IMG_004027,DS1_IMG_004029,Screenshot_20181116-203109_1542449890237,Screenshot_20181116-203109_1542449890237,4,4,Ring,Ring,train,1,positive,
DS1_IMG_004028__DS1_IMG_004029,DS1_IMG_004028,DS1_IMG_004029,Screenshot_20181116-203109_1542449890237,Screenshot_20181116-203109_1542449890237,4,4,Ring,Ring,train,1,positive,
DS1_IMG_004030__DS1_IMG_004031,DS1_IMG_004030,DS1_IMG_004031,Screenshot_20181116-203329_1542449759369,Screenshot_20181116-203329_1542449759369,4,4,Ring,Ring,train,1,positive,
DS1_IMG_004032__DS1_IMG_004033,DS1_IMG_004032,DS1_IMG_004033,Screenshot_20181116-203347_1542449724585,Screenshot_20181116-203347_1542449724585,4,4,Ring,Ring,train,1,positive,
DS1_IMG_004032__DS1_IMG_004034,DS1_IMG_004032,DS1_IMG_004034,Screenshot_20181116-203347_1542449724585,Screenshot_20181116-203347_1542449724585,4,4,Ring,Ring,train,1,positive,
DS1_IMG_004033__DS1_IMG_004034,DS1_IMG_004033,DS1_IMG_004034,Screenshot_20181116-203347_1542449724585,Screenshot_20181116-203347_1542449724585,4,4,Ring,Ring,train,1,positive,
DS1_IMG_004035__DS1_IMG_004036,DS1_IMG_004035,DS1_IMG_004036,Screenshot_20181116-203818_1542449673275,Screenshot_20181116-203818_1542449673275,4,4,Ring,Ring,train,1,positive,
DS1_IMG_004035__DS1_IMG_004037,DS1_IMG_004035,DS1_IMG_004037,Screenshot_20181116-203818_1542449673275,Screenshot_20181116-203818_1542449673275,4,4,Ring,Ring,train,1,positive,
DS1_IMG_004036__DS1_IMG_004037,DS1_IMG_004036,DS1_IMG_004037,Screenshot_20181116-203818_1542449673275,Screenshot_20181116-203818_1542449673275,4,4,Ring,Ring,train,1,positive,
DS1_IMG_004047__DS1_IMG_004048,DS1_IMG_004047,DS1_IMG_004048,Screenshot_20181116-204235_1542449500589,Screenshot_20181116-204235_1542449500589,4,4,Ring,Ring,train,1,positive,
DS1_IMG_004047__DS1_IMG_004049,DS1_IMG_004047,DS1_IMG_004049,Screenshot_20181116-204235_1542449500589,Screenshot_20181116-204235_1542449500589,4,4,Ring,Ring,train,1,positive,
DS1_IMG_004048__DS1_IMG_004049,DS1_IMG_004048,DS1_IMG_004049,Screenshot_20181116-204235_1542449500589,Screenshot_20181116-204235_1542449500589,4,4,Ring,Ring,train,1,positive,
DS1_IMG_004050__DS1_IMG_004051,DS1_IMG_004050,DS1_IMG_004051,Screenshot_20181116-204341_1542449441847,Screenshot_20181116-204341_1542449441847,4,4,Ring,Ring,train,1,positive,
DS1_IMG_004050__DS1_IMG_004052,DS1_IMG_004050,DS1_IMG_004052,Screenshot_20181116-204341_1542449441847,Screenshot_20181116-204341_1542449441847,4,4,Ring,Ring,train,1,positive,
DS1_IMG_004051__DS1_IMG_004052,DS1_IMG_004051,DS1_IMG_004052,Screenshot_20181116-204341_1542449441847,Screenshot_20181116-204341_1542449441847,4,4,Ring,Ring,train,1,positive,
DS1_IMG_004053__DS1_IMG_004054,DS1_IMG_004053,DS1_IMG_004054,Screenshot_20181116-204359_1542449415504,Screenshot_20181116-204359_1542449415504,4,4,Ring,Ring,train,1,positive,
DS1_IMG_004055__DS1_IMG_004056,DS1_IMG_004055,DS1_IMG_004056,Screenshot_20181116-204417_1542449390654,Screenshot_20181116-204417_1542449390654,4,4,Ring,Ring,train,1,positive,
DS1_IMG_004055__DS1_IMG_004057,DS1_IMG_004055,DS1_IMG_004057,Screenshot_20181116-204417_1542449390654,Screenshot_20181116-204417_1542449390654,4,4,Ring,Ring,train,1,positive,
DS1_IMG_004056__DS1_IMG_004057,DS1_IMG_004056,DS1_IMG_004057,Screenshot_20181116-204417_1542449390654,Screenshot_20181116-204417_1542449390654,4,4,Ring,Ring,train,1,positive,
DS1_IMG_004058__DS1_IMG_004059,DS1_IMG_004058,DS1_IMG_004059,Screenshot_20181116-204603_1542447556990,Screenshot_20181116-204603_1542447556990,4,4,Ring,Ring,train,1,positive,
DS1_IMG_004058__DS1_IMG_004060,DS1_IMG_004058,DS1_IMG_004060,Screenshot_20181116-204603_1542447556990,Screenshot_20181116-204603_1542447556990,4,4,Ring,Ring,train,1,positive,
DS1_IMG_004059__DS1_IMG_004060,DS1_IMG_004059,DS1_IMG_004060,Screenshot_20181116-204603_1542447556990,Screenshot_20181116-204603_1542447556990,4,4,Ring,Ring,train,1,positive,
DS1_IMG_004064__DS1_IMG_004065,DS1_IMG_004064,DS1_IMG_004065,ring_043,ring_043,4,4,Ring,Ring,train,1,positive,
DS1_IMG_004066__DS1_IMG_004067,DS1_IMG_004066,DS1_IMG_004067,ring_044,ring_044,4,4,Ring,Ring,train,1,positive,
DS1_IMG_004066__DS1_IMG_004068,DS1_IMG_004066,DS1_IMG_004068,ring_044,ring_044,4,4,Ring,Ring,train,1,positive,
DS1_IMG_004067__DS1_IMG_004068,DS1_IMG_004067,DS1_IMG_004068,ring_044,ring_044,4,4,Ring,Ring,train,1,positive,
DS1_IMG_004069__DS1_IMG_004070,DS1_IMG_004069,DS1_IMG_004070,ring_046,ring_046,4,4,Ring,Ring,train,1,positive,
DS1_IMG_004071__DS1_IMG_004072,DS1_IMG_004071,DS1_IMG_004072,ring_047,ring_047,4,4,Ring,Ring,train,1,positive,
DS1_IMG_004076__DS1_IMG_004077,DS1_IMG_004076,DS1_IMG_004077,ring_049,ring_049,4,4,Ring,Ring,train,1,positive,
DS1_IMG_004076__DS1_IMG_004078,DS1_IMG_004076,DS1_IMG_004078,ring_049,ring_049,4,4,Ring,Ring,train,1,positive,
DS1_IMG_004077__DS1_IMG_004078,DS1_IMG_004077,DS1_IMG_004078,ring_049,ring_049,4,4,Ring,Ring,train,1,positive,
DS1_IMG_004079__DS1_IMG_004080,DS1_IMG_004079,DS1_IMG_004080,ring_050,ring_050,4,4,Ring,Ring,train,1,positive,
DS1_IMG_004079__DS1_IMG_004081,DS1_IMG_004079,DS1_IMG_004081,ring_050,ring_050,4,4,Ring,Ring,train,1,positive,
DS1_IMG_004080__DS1_IMG_004081,DS1_IMG_004080,DS1_IMG_004081,ring_050,ring_050,4,4,Ring,Ring,train,1,positive,
DS1_IMG_004082__DS1_IMG_004083,DS1_IMG_004082,DS1_IMG_004083,ring_051,ring_051,4,4,Ring,Ring,train,1,positive,
DS1_IMG_004082__DS1_IMG_004084,DS1_IMG_004082,DS1_IMG_004084,ring_051,ring_051,4,4,Ring,Ring,train,1,positive,
DS1_IMG_004083__DS1_IMG_004084,DS1_IMG_004083,DS1_IMG_004084,ring_051,ring_051,4,4,Ring,Ring,train,1,positive,
DS1_IMG_004085__DS1_IMG_004086,DS1_IMG_004085,DS1_IMG_004086,ring_054,ring_054,4,4,Ring,Ring,train,1,positive,
DS1_IMG_004087__DS1_IMG_004088,DS1_IMG_004087,DS1_IMG_004088,ring_055,ring_055,4,4,Ring,Ring,train,1,positive,
DS1_IMG_004087__DS1_IMG_004089,DS1_IMG_004087,DS1_IMG_004089,ring_055,ring_055,4,4,Ring,Ring,train,1,positive,
DS1_IMG_004088__DS1_IMG_004089,DS1_IMG_004088,DS1_IMG_004089,ring_055,ring_055,4,4,Ring,Ring,train,1,positive,
DS1_IMG_004090__DS1_IMG_004091,DS1_IMG_004090,DS1_IMG_004091,ring_057,ring_057,4,4,Ring,Ring,train,1,positive,
DS1_IMG_004090__DS1_IMG_004092,DS1_IMG_004090,DS1_IMG_004092,ring_057,ring_057,4,4,Ring,Ring,train,1,positive,
DS1_IMG_004091__DS1_IMG_004092,DS1_IMG_004091,DS1_IMG_004092,ring_057,ring_057,4,4,Ring,Ring,train,1,positive,
DS1_IMG_004096__DS1_IMG_004097,DS1_IMG_004096,DS1_IMG_004097,ring_060,ring_060,4,4,Ring,Ring,train,1,positive,
DS1_IMG_004096__DS1_IMG_004098,DS1_IMG_004096,DS1_IMG_004098,ring_060,ring_060,4,4,Ring,Ring,train,1,positive,
DS1_IMG_004097__DS1_IMG_004098,DS1_IMG_004097,DS1_IMG_004098,ring_060,ring_060,4,4,Ring,Ring,train,1,positive,
DS1_IMG_004099__DS1_IMG_004100,DS1_IMG_004099,DS1_IMG_004100,ring_062,ring_062,4,4,Ring,Ring,train,1,positive,
DS1_IMG_004099__DS1_IMG_004101,DS1_IMG_004099,DS1_IMG_004101,ring_062,ring_062,4,4,Ring,Ring,train,1,positive,
DS1_IMG_004100__DS1_IMG_004101,DS1_IMG_004100,DS1_IMG_004101,ring_062,ring_062,4,4,Ring,Ring,train,1,positive,
DS1_IMG_004102__DS1_IMG_004103,DS1_IMG_004102,DS1_IMG_004103,ring_065,ring_065,4,4,Ring,Ring,train,1,positive,
DS1_IMG_004102__DS1_IMG_004104,DS1_IMG_004102,DS1_IMG_004104,ring_065,ring_065,4,4,Ring,Ring,train,1,positive,
DS1_IMG_004103__DS1_IMG_004104,DS1_IMG_004103,DS1_IMG_004104,ring_065,ring_065,4,4,Ring,Ring,train,1,positive,
DS1_IMG_004105__DS1_IMG_004106,DS1_IMG_004105,DS1_IMG_004106,ring_067,ring_067,4,4,Ring,Ring,train,1,positive,
DS1_IMG_004105__DS1_IMG_004107,DS1_IMG_004105,DS1_IMG_004107,ring_067,ring_067,4,4,Ring,Ring,train,1,positive,
DS1_IMG_004106__DS1_IMG_004107,DS1_IMG_004106,DS1_IMG_004107,ring_067,ring_067,4,4,Ring,Ring,train,1,positive,
DS1_IMG_004108__DS1_IMG_004109,DS1_IMG_004108,DS1_IMG_004109,ring_069,ring_069,4,4,Ring,Ring,train,1,positive,
DS1_IMG_004108__DS1_IMG_004110,DS1_IMG_004108,DS1_IMG_004110,ring_069,ring_069,4,4,Ring,Ring,train,1,positive,
DS1_IMG_004109__DS1_IMG_004110,DS1_IMG_004109,DS1_IMG_004110,ring_069,ring_069,4,4,Ring,Ring,train,1,positive,
DS1_IMG_004111__DS1_IMG_004112,DS1_IMG_004111,DS1_IMG_004112,ring_071,ring_071,4,4,Ring,Ring,train,1,positive,
DS1_IMG_004111__DS1_IMG_004113,DS1_IMG_004111,DS1_IMG_004113,ring_071,ring_071,4,4,Ring,Ring,train,1,positive,
DS1_IMG_004112__DS1_IMG_004113,DS1_IMG_004112,DS1_IMG_004113,ring_071,ring_071,4,4,Ring,Ring,train,1,positive,
DS1_IMG_004120__DS1_IMG_004121,DS1_IMG_004120,DS1_IMG_004121,ring_076,ring_076,4,4,Ring,Ring,train,1,positive,
DS1_IMG_004125__DS1_IMG_004126,DS1_IMG_004125,DS1_IMG_004126,ring_078,ring_078,4,4,Ring,Ring,train,1,positive,
DS1_IMG_004125__DS1_IMG_004127,DS1_IMG_004125,DS1_IMG_004127,ring_078,ring_078,4,4,Ring,Ring,train,1,positive,
DS1_IMG_004126__DS1_IMG_004127,DS1_IMG_004126,DS1_IMG_004127,ring_078,ring_078,4,4,Ring,Ring,train,1,positive,
DS1_IMG_004128__DS1_IMG_004129,DS1_IMG_004128,DS1_IMG_004129,ring_080,ring_080,4,4,Ring,Ring,train,1,positive,
DS1_IMG_004128__DS1_IMG_004130,DS1_IMG_004128,DS1_IMG_004130,ring_080,ring_080,4,4,Ring,Ring,train,1,positive,
DS1_IMG_004129__DS1_IMG_004130,DS1_IMG_004129,DS1_IMG_004130,ring_080,ring_080,4,4,Ring,Ring,train,1,positive,
DS1_IMG_004131__DS1_IMG_004132,DS1_IMG_004131,DS1_IMG_004132,ring_082,ring_082,4,4,Ring,Ring,train,1,positive,
DS1_IMG_004131__DS1_IMG_004133,DS1_IMG_004131,DS1_IMG_004133,ring_082,ring_082,4,4,Ring,Ring,train,1,positive,
DS1_IMG_004132__DS1_IMG_004133,DS1_IMG_004132,DS1_IMG_004133,ring_082,ring_082,4,4,Ring,Ring,train,1,positive,
DS1_IMG_004134__DS1_IMG_004135,DS1_IMG_004134,DS1_IMG_004135,ring_083,ring_083,4,4,Ring,Ring,train,1,positive,
DS1_IMG_004134__DS1_IMG_004136,DS1_IMG_004134,DS1_IMG_004136,ring_083,ring_083,4,4,Ring,Ring,train,1,positive,
DS1_IMG_004135__DS1_IMG_004136,DS1_IMG_004135,DS1_IMG_004136,ring_083,ring_083,4,4,Ring,Ring,train,1,positive,
DS1_IMG_004137__DS1_IMG_004138,DS1_IMG_004137,DS1_IMG_004138,ring_084,ring_084,4,4,Ring,Ring,train,1,positive,
DS1_IMG_004137__DS1_IMG_004139,DS1_IMG_004137,DS1_IMG_004139,ring_084,ring_084,4,4,Ring,Ring,train,1,positive,
DS1_IMG_004138__DS1_IMG_004139,DS1_IMG_004138,DS1_IMG_004139,ring_084,ring_084,4,4,Ring,Ring,train,1,positive,
DS1_IMG_004143__DS1_IMG_004144,DS1_IMG_004143,DS1_IMG_004144,ring_086,ring_086,4,4,Ring,Ring,train,1,positive,
DS1_IMG_004143__DS1_IMG_004145,DS1_IMG_004143,DS1_IMG_004145,ring_086,ring_086,4,4,Ring,Ring,train,1,positive,
DS1_IMG_004144__DS1_IMG_004145,DS1_IMG_004144,DS1_IMG_004145,ring_086,ring_086,4,4,Ring,Ring,train,1,positive,
DS1_IMG_004149__DS1_IMG_004150,DS1_IMG_004149,DS1_IMG_004150,ring_088,ring_088,4,4,Ring,Ring,train,1,positive,
DS1_IMG_004149__DS1_IMG_004151,DS1_IMG_004149,DS1_IMG_004151,ring_088,ring_088,4,4,Ring,Ring,train,1,positive,
DS1_IMG_004150__DS1_IMG_004151,DS1_IMG_004150,DS1_IMG_004151,ring_088,ring_088,4,4,Ring,Ring,train,1,positive,
DS1_IMG_004152__DS1_IMG_004153,DS1_IMG_004152,DS1_IMG_004153,ring_089,ring_089,4,4,Ring,Ring,train,1,positive,
DS1_IMG_004154__DS1_IMG_004155,DS1_IMG_004154,DS1_IMG_004155,ring_091,ring_091,4,4,Ring,Ring,train,1,positive,
DS1_IMG_004154__DS1_IMG_004156,DS1_IMG_004154,DS1_IMG_004156,ring_091,ring_091,4,4,Ring,Ring,train,1,positive,
DS1_IMG_004155__DS1_IMG_004156,DS1_IMG_004155,DS1_IMG_004156,ring_091,ring_091,4,4,Ring,Ring,train,1,positive,
DS1_IMG_004157__DS1_IMG_004158,DS1_IMG_004157,DS1_IMG_004158,ring_092,ring_092,4,4,Ring,Ring,train,1,positive,
DS1_IMG_004157__DS1_IMG_004159,DS1_IMG_004157,DS1_IMG_004159,ring_092,ring_092,4,4,Ring,Ring,train,1,positive,
DS1_IMG_004158__DS1_IMG_004159,DS1_IMG_004158,DS1_IMG_004159,ring_092,ring_092,4,4,Ring,Ring,train,1,positive,
DS1_IMG_004160__DS1_IMG_004161,DS1_IMG_004160,DS1_IMG_004161,ring_093,ring_093,4,4,Ring,Ring,train,1,positive,
DS1_IMG_004160__DS1_IMG_004162,DS1_IMG_004160,DS1_IMG_004162,ring_093,ring_093,4,4,Ring,Ring,train,1,positive,
DS1_IMG_004161__DS1_IMG_004162,DS1_IMG_004161,DS1_IMG_004162,ring_093,ring_093,4,4,Ring,Ring,train,1,positive,
DS1_IMG_004163__DS1_IMG_004164,DS1_IMG_004163,DS1_IMG_004164,ring_095,ring_095,4,4,Ring,Ring,train,1,positive,
DS1_IMG_004163__DS1_IMG_004165,DS1_IMG_004163,DS1_IMG_004165,ring_095,ring_095,4,4,Ring,Ring,train,1,positive,
DS1_IMG_004164__DS1_IMG_004165,DS1_IMG_004164,DS1_IMG_004165,ring_095,ring_095,4,4,Ring,Ring,train,1,positive,
DS1_IMG_004166__DS1_IMG_004167,DS1_IMG_004166,DS1_IMG_004167,ring_096,ring_096,4,4,Ring,Ring,train,1,positive,
DS1_IMG_004166__DS1_IMG_004168,DS1_IMG_004166,DS1_IMG_004168,ring_096,ring_096,4,4,Ring,Ring,train,1,positive,
DS1_IMG_004167__DS1_IMG_004168,DS1_IMG_004167,DS1_IMG_004168,ring_096,ring_096,4,4,Ring,Ring,train,1,positive,
DS1_IMG_004169__DS1_IMG_004170,DS1_IMG_004169,DS1_IMG_004170,ring_097,ring_097,4,4,Ring,Ring,train,1,positive,
DS1_IMG_004169__DS1_IMG_004171,DS1_IMG_004169,DS1_IMG_004171,ring_097,ring_097,4,4,Ring,Ring,train,1,positive,
DS1_IMG_004170__DS1_IMG_004171,DS1_IMG_004170,DS1_IMG_004171,ring_097,ring_097,4,4,Ring,Ring,train,1,positive,
DS1_IMG_004172__DS1_IMG_004173,DS1_IMG_004172,DS1_IMG_004173,ring_099,ring_099,4,4,Ring,Ring,train,1,positive,
DS1_IMG_004172__DS1_IMG_004174,DS1_IMG_004172,DS1_IMG_004174,ring_099,ring_099,4,4,Ring,Ring,train,1,positive,
DS1_IMG_004173__DS1_IMG_004174,DS1_IMG_004173,DS1_IMG_004174,ring_099,ring_099,4,4,Ring,Ring,train,1,positive,
DS1_IMG_004175__DS1_IMG_004176,DS1_IMG_004175,DS1_IMG_004176,ring_102,ring_102,4,4,Ring,Ring,train,1,positive,
DS1_IMG_004175__DS1_IMG_004177,DS1_IMG_004175,DS1_IMG_004177,ring_102,ring_102,4,4,Ring,Ring,train,1,positive,
DS1_IMG_004176__DS1_IMG_004177,DS1_IMG_004176,DS1_IMG_004177,ring_102,ring_102,4,4,Ring,Ring,train,1,positive,
DS1_IMG_004178__DS1_IMG_004179,DS1_IMG_004178,DS1_IMG_004179,ring_104,ring_104,4,4,Ring,Ring,train,1,positive,
DS1_IMG_004178__DS1_IMG_004180,DS1_IMG_004178,DS1_IMG_004180,ring_104,ring_104,4,4,Ring,Ring,train,1,positive,
DS1_IMG_004179__DS1_IMG_004180,DS1_IMG_004179,DS1_IMG_004180,ring_104,ring_104,4,4,Ring,Ring,train,1,positive,
DS1_IMG_004181__DS1_IMG_004182,DS1_IMG_004181,DS1_IMG_004182,ring_105,ring_105,4,4,Ring,Ring,train,1,positive,
DS1_IMG_004181__DS1_IMG_004183,DS1_IMG_004181,DS1_IMG_004183,ring_105,ring_105,4,4,Ring,Ring,train,1,positive,
DS1_IMG_004182__DS1_IMG_004183,DS1_IMG_004182,DS1_IMG_004183,ring_105,ring_105,4,4,Ring,Ring,train,1,positive,
DS1_IMG_004184__DS1_IMG_004185,DS1_IMG_004184,DS1_IMG_004185,ring_110,ring_110,4,4,Ring,Ring,train,1,positive,
DS1_IMG_004184__DS1_IMG_004186,DS1_IMG_004184,DS1_IMG_004186,ring_110,ring_110,4,4,Ring,Ring,train,1,positive,
DS1_IMG_004185__DS1_IMG_004186,DS1_IMG_004185,DS1_IMG_004186,ring_110,ring_110,4,4,Ring,Ring,train,1,positive,
DS1_IMG_004187__DS1_IMG_004188,DS1_IMG_004187,DS1_IMG_004188,ring_111,ring_111,4,4,Ring,Ring,train,1,positive,
DS1_IMG_004187__DS1_IMG_004189,DS1_IMG_004187,DS1_IMG_004189,ring_111,ring_111,4,4,Ring,Ring,train,1,positive,
DS1_IMG_004188__DS1_IMG_004189,DS1_IMG_004188,DS1_IMG_004189,ring_111,ring_111,4,4,Ring,Ring,train,1,positive,
DS1_IMG_004190__DS1_IMG_004191,DS1_IMG_004190,DS1_IMG_004191,ring_112,ring_112,4,4,Ring,Ring,train,1,positive,
DS1_IMG_004190__DS1_IMG_004192,DS1_IMG_004190,DS1_IMG_004192,ring_112,ring_112,4,4,Ring,Ring,train,1,positive,
DS1_IMG_004191__DS1_IMG_004192,DS1_IMG_004191,DS1_IMG_004192,ring_112,ring_112,4,4,Ring,Ring,train,1,positive,
DS1_IMG_004193__DS1_IMG_004194,DS1_IMG_004193,DS1_IMG_004194,ring_113,ring_113,4,4,Ring,Ring,train,1,positive,
DS1_IMG_004193__DS1_IMG_004195,DS1_IMG_004193,DS1_IMG_004195,ring_113,ring_113,4,4,Ring,Ring,train,1,positive,
DS1_IMG_004194__DS1_IMG_004195,DS1_IMG_004194,DS1_IMG_004195,ring_113,ring_113,4,4,Ring,Ring,train,1,positive,
DS1_IMG_004196__DS1_IMG_004197,DS1_IMG_004196,DS1_IMG_004197,ring_114,ring_114,4,4,Ring,Ring,train,1,positive,
DS1_IMG_004196__DS1_IMG_004198,DS1_IMG_004196,DS1_IMG_004198,ring_114,ring_114,4,4,Ring,Ring,train,1,positive,
DS1_IMG_004197__DS1_IMG_004198,DS1_IMG_004197,DS1_IMG_004198,ring_114,ring_114,4,4,Ring,Ring,train,1,positive,
DS1_IMG_004199__DS1_IMG_004200,DS1_IMG_004199,DS1_IMG_004200,ring_116,ring_116,4,4,Ring,Ring,train,1,positive,
DS1_IMG_004199__DS1_IMG_004201,DS1_IMG_004199,DS1_IMG_004201,ring_116,ring_116,4,4,Ring,Ring,train,1,positive,
DS1_IMG_004200__DS1_IMG_004201,DS1_IMG_004200,DS1_IMG_004201,ring_116,ring_116,4,4,Ring,Ring,train,1,positive,
DS1_IMG_004205__DS1_IMG_004206,DS1_IMG_004205,DS1_IMG_004206,ring_121,ring_121,4,4,Ring,Ring,train,1,positive,
DS1_IMG_004205__DS1_IMG_004207,DS1_IMG_004205,DS1_IMG_004207,ring_121,ring_121,4,4,Ring,Ring,train,1,positive,
DS1_IMG_004206__DS1_IMG_004207,DS1_IMG_004206,DS1_IMG_004207,ring_121,ring_121,4,4,Ring,Ring,train,1,positive,
DS1_IMG_004211__DS1_IMG_004212,DS1_IMG_004211,DS1_IMG_004212,ring_123,ring_123,4,4,Ring,Ring,train,1,positive,
DS1_IMG_004211__DS1_IMG_004213,DS1_IMG_004211,DS1_IMG_004213,ring_123,ring_123,4,4,Ring,Ring,train,1,positive,
DS1_IMG_004212__DS1_IMG_004213,DS1_IMG_004212,DS1_IMG_004213,ring_123,ring_123,4,4,Ring,Ring,train,1,positive,
DS1_IMG_004214__DS1_IMG_004215,DS1_IMG_004214,DS1_IMG_004215,ring_124,ring_124,4,4,Ring,Ring,train,1,positive,
DS1_IMG_004214__DS1_IMG_004216,DS1_IMG_004214,DS1_IMG_004216,ring_124,ring_124,4,4,Ring,Ring,train,1,positive,
DS1_IMG_004215__DS1_IMG_004216,DS1_IMG_004215,DS1_IMG_004216,ring_124,ring_124,4,4,Ring,Ring,train,1,positive,
DS1_IMG_004217__DS1_IMG_004218,DS1_IMG_004217,DS1_IMG_004218,ring_128,ring_128,4,4,Ring,Ring,train,1,positive,
DS1_IMG_004217__DS1_IMG_004219,DS1_IMG_004217,DS1_IMG_004219,ring_128,ring_128,4,4,Ring,Ring,train,1,positive,
DS1_IMG_004218__DS1_IMG_004219,DS1_IMG_004218,DS1_IMG_004219,ring_128,ring_128,4,4,Ring,Ring,train,1,positive,
DS1_IMG_004220__DS1_IMG_004221,DS1_IMG_004220,DS1_IMG_004221,ring_130,ring_130,4,4,Ring,Ring,train,1,positive,
DS1_IMG_004220__DS1_IMG_004222,DS1_IMG_004220,DS1_IMG_004222,ring_130,ring_130,4,4,Ring,Ring,train,1,positive,
DS1_IMG_004221__DS1_IMG_004222,DS1_IMG_004221,DS1_IMG_004222,ring_130,ring_130,4,4,Ring,Ring,train,1,positive,
DS1_IMG_004226__DS1_IMG_004227,DS1_IMG_004226,DS1_IMG_004227,ring_134,ring_134,4,4,Ring,Ring,train,1,positive,
DS1_IMG_004226__DS1_IMG_004228,DS1_IMG_004226,DS1_IMG_004228,ring_134,ring_134,4,4,Ring,Ring,train,1,positive,
DS1_IMG_004227__DS1_IMG_004228,DS1_IMG_004227,DS1_IMG_004228,ring_134,ring_134,4,4,Ring,Ring,train,1,positive,
DS1_IMG_004229__DS1_IMG_004230,DS1_IMG_004229,DS1_IMG_004230,ring_135,ring_135,4,4,Ring,Ring,train,1,positive,
DS1_IMG_004229__DS1_IMG_004231,DS1_IMG_004229,DS1_IMG_004231,ring_135,ring_135,4,4,Ring,Ring,train,1,positive,
DS1_IMG_004230__DS1_IMG_004231,DS1_IMG_004230,DS1_IMG_004231,ring_135,ring_135,4,4,Ring,Ring,train,1,positive,
DS1_IMG_004232__DS1_IMG_004233,DS1_IMG_004232,DS1_IMG_004233,ring_138,ring_138,4,4,Ring,Ring,train,1,positive,
DS1_IMG_004232__DS1_IMG_004234,DS1_IMG_004232,DS1_IMG_004234,ring_138,ring_138,4,4,Ring,Ring,train,1,positive,
DS1_IMG_004233__DS1_IMG_004234,DS1_IMG_004233,DS1_IMG_004234,ring_138,ring_138,4,4,Ring,Ring,train,1,positive,
DS1_IMG_004235__DS1_IMG_004236,DS1_IMG_004235,DS1_IMG_004236,ring_139,ring_139,4,4,Ring,Ring,train,1,positive,
DS1_IMG_004243__DS1_IMG_004244,DS1_IMG_004243,DS1_IMG_004244,ring_147,ring_147,4,4,Ring,Ring,train,1,positive,
DS1_IMG_004243__DS1_IMG_004245,DS1_IMG_004243,DS1_IMG_004245,ring_147,ring_147,4,4,Ring,Ring,train,1,positive,
DS1_IMG_004244__DS1_IMG_004245,DS1_IMG_004244,DS1_IMG_004245,ring_147,ring_147,4,4,Ring,Ring,train,1,positive,
DS1_IMG_004246__DS1_IMG_004247,DS1_IMG_004246,DS1_IMG_004247,ring_148,ring_148,4,4,Ring,Ring,train,1,positive,
DS1_IMG_004246__DS1_IMG_004248,DS1_IMG_004246,DS1_IMG_004248,ring_148,ring_148,4,4,Ring,Ring,train,1,positive,
DS1_IMG_004247__DS1_IMG_004248,DS1_IMG_004247,DS1_IMG_004248,ring_148,ring_148,4,4,Ring,Ring,train,1,positive,
DS1_IMG_004249__DS1_IMG_004250,DS1_IMG_004249,DS1_IMG_004250,ring_153,ring_153,4,4,Ring,Ring,train,1,positive,
DS1_IMG_004249__DS1_IMG_004251,DS1_IMG_004249,DS1_IMG_004251,ring_153,ring_153,4,4,Ring,Ring,train,1,positive,
DS1_IMG_004250__DS1_IMG_004251,DS1_IMG_004250,DS1_IMG_004251,ring_153,ring_153,4,4,Ring,Ring,train,1,positive,
DS1_IMG_004252__DS1_IMG_004253,DS1_IMG_004252,DS1_IMG_004253,ring_154,ring_154,4,4,Ring,Ring,train,1,positive,
DS1_IMG_004252__DS1_IMG_004254,DS1_IMG_004252,DS1_IMG_004254,ring_154,ring_154,4,4,Ring,Ring,train,1,positive,
DS1_IMG_004253__DS1_IMG_004254,DS1_IMG_004253,DS1_IMG_004254,ring_154,ring_154,4,4,Ring,Ring,train,1,positive,
DS1_IMG_004255__DS1_IMG_004256,DS1_IMG_004255,DS1_IMG_004256,ring_155,ring_155,4,4,Ring,Ring,train,1,positive,
DS1_IMG_004255__DS1_IMG_004257,DS1_IMG_004255,DS1_IMG_004257,ring_155,ring_155,4,4,Ring,Ring,train,1,positive,
DS1_IMG_004256__DS1_IMG_004257,DS1_IMG_004256,DS1_IMG_004257,ring_155,ring_155,4,4,Ring,Ring,train,1,positive,
DS1_IMG_004258__DS1_IMG_004259,DS1_IMG_004258,DS1_IMG_004259,ring_156,ring_156,4,4,Ring,Ring,train,1,positive,
DS1_IMG_004258__DS1_IMG_004260,DS1_IMG_004258,DS1_IMG_004260,ring_156,ring_156,4,4,Ring,Ring,train,1,positive,
DS1_IMG_004259__DS1_IMG_004260,DS1_IMG_004259,DS1_IMG_004260,ring_156,ring_156,4,4,Ring,Ring,train,1,positive,
DS1_IMG_004261__DS1_IMG_004262,DS1_IMG_004261,DS1_IMG_004262,ring_157,ring_157,4,4,Ring,Ring,train,1,positive,
DS1_IMG_004261__DS1_IMG_004263,DS1_IMG_004261,DS1_IMG_004263,ring_157,ring_157,4,4,Ring,Ring,train,1,positive,
DS1_IMG_004262__DS1_IMG_004263,DS1_IMG_004262,DS1_IMG_004263,ring_157,ring_157,4,4,Ring,Ring,train,1,positive,
DS1_IMG_004264__DS1_IMG_004265,DS1_IMG_004264,DS1_IMG_004265,ring_158,ring_158,4,4,Ring,Ring,train,1,positive,
DS1_IMG_004264__DS1_IMG_004266,DS1_IMG_004264,DS1_IMG_004266,ring_158,ring_158,4,4,Ring,Ring,train,1,positive,
DS1_IMG_004265__DS1_IMG_004266,DS1_IMG_004265,DS1_IMG_004266,ring_158,ring_158,4,4,Ring,Ring,train,1,positive,
DS1_IMG_004267__DS1_IMG_004268,DS1_IMG_004267,DS1_IMG_004268,ring_159,ring_159,4,4,Ring,Ring,train,1,positive,
DS1_IMG_004267__DS1_IMG_004269,DS1_IMG_004267,DS1_IMG_004269,ring_159,ring_159,4,4,Ring,Ring,train,1,positive,
DS1_IMG_004268__DS1_IMG_004269,DS1_IMG_004268,DS1_IMG_004269,ring_159,ring_159,4,4,Ring,Ring,train,1,positive,
DS1_IMG_004270__DS1_IMG_004271,DS1_IMG_004270,DS1_IMG_004271,ring_162,ring_162,4,4,Ring,Ring,train,1,positive,
DS1_IMG_004270__DS1_IMG_004272,DS1_IMG_004270,DS1_IMG_004272,ring_162,ring_162,4,4,Ring,Ring,train,1,positive,
DS1_IMG_004271__DS1_IMG_004272,DS1_IMG_004271,DS1_IMG_004272,ring_162,ring_162,4,4,Ring,Ring,train,1,positive,
DS1_IMG_004273__DS1_IMG_004274,DS1_IMG_004273,DS1_IMG_004274,ring_163,ring_163,4,4,Ring,Ring,train,1,positive,
DS1_IMG_004273__DS1_IMG_004275,DS1_IMG_004273,DS1_IMG_004275,ring_163,ring_163,4,4,Ring,Ring,train,1,positive,
DS1_IMG_004274__DS1_IMG_004275,DS1_IMG_004274,DS1_IMG_004275,ring_163,ring_163,4,4,Ring,Ring,train,1,positive,
DS1_IMG_004279__DS1_IMG_004280,DS1_IMG_004279,DS1_IMG_004280,ring_166,ring_166,4,4,Ring,Ring,train,1,positive,
DS1_IMG_004279__DS1_IMG_004281,DS1_IMG_004279,DS1_IMG_004281,ring_166,ring_166,4,4,Ring,Ring,train,1,positive,
DS1_IMG_004280__DS1_IMG_004281,DS1_IMG_004280,DS1_IMG_004281,ring_166,ring_166,4,4,Ring,Ring,train,1,positive,
DS1_IMG_004282__DS1_IMG_004283,DS1_IMG_004282,DS1_IMG_004283,ring_167,ring_167,4,4,Ring,Ring,train,1,positive,
DS1_IMG_004282__DS1_IMG_004284,DS1_IMG_004282,DS1_IMG_004284,ring_167,ring_167,4,4,Ring,Ring,train,1,positive,
DS1_IMG_004283__DS1_IMG_004284,DS1_IMG_004283,DS1_IMG_004284,ring_167,ring_167,4,4,Ring,Ring,train,1,positive,
DS1_IMG_004285__DS1_IMG_004286,DS1_IMG_004285,DS1_IMG_004286,ring_168,ring_168,4,4,Ring,Ring,train,1,positive,
DS1_IMG_004285__DS1_IMG_004287,DS1_IMG_004285,DS1_IMG_004287,ring_168,ring_168,4,4,Ring,Ring,train,1,positive,
DS1_IMG_004286__DS1_IMG_004287,DS1_IMG_004286,DS1_IMG_004287,ring_168,ring_168,4,4,Ring,Ring,train,1,positive,
DS1_IMG_004288__DS1_IMG_004289,DS1_IMG_004288,DS1_IMG_004289,ring_170,ring_170,4,4,Ring,Ring,train,1,positive,
DS1_IMG_004288__DS1_IMG_004290,DS1_IMG_004288,DS1_IMG_004290,ring_170,ring_170,4,4,Ring,Ring,train,1,positive,
DS1_IMG_004289__DS1_IMG_004290,DS1_IMG_004289,DS1_IMG_004290,ring_170,ring_170,4,4,Ring,Ring,train,1,positive,
DS1_IMG_004296__DS1_IMG_004297,DS1_IMG_004296,DS1_IMG_004297,ring_179,ring_179,4,4,Ring,Ring,train,1,positive,
DS1_IMG_004296__DS1_IMG_004298,DS1_IMG_004296,DS1_IMG_004298,ring_179,ring_179,4,4,Ring,Ring,train,1,positive,
DS1_IMG_004297__DS1_IMG_004298,DS1_IMG_004297,DS1_IMG_004298,ring_179,ring_179,4,4,Ring,Ring,train,1,positive,
DS1_IMG_004299__DS1_IMG_004300,DS1_IMG_004299,DS1_IMG_004300,ring_180,ring_180,4,4,Ring,Ring,train,1,positive,
DS1_IMG_004299__DS1_IMG_004301,DS1_IMG_004299,DS1_IMG_004301,ring_180,ring_180,4,4,Ring,Ring,train,1,positive,
DS1_IMG_004300__DS1_IMG_004301,DS1_IMG_004300,DS1_IMG_004301,ring_180,ring_180,4,4,Ring,Ring,train,1,positive,
DS1_IMG_004302__DS1_IMG_004303,DS1_IMG_004302,DS1_IMG_004303,ring_181,ring_181,4,4,Ring,Ring,train,1,positive,
DS1_IMG_004302__DS1_IMG_004304,DS1_IMG_004302,DS1_IMG_004304,ring_181,ring_181,4,4,Ring,Ring,train,1,positive,
DS1_IMG_004303__DS1_IMG_004304,DS1_IMG_004303,DS1_IMG_004304,ring_181,ring_181,4,4,Ring,Ring,train,1,positive,
DS1_IMG_004305__DS1_IMG_004306,DS1_IMG_004305,DS1_IMG_004306,ring_183,ring_183,4,4,Ring,Ring,train,1,positive,
DS1_IMG_004305__DS1_IMG_004307,DS1_IMG_004305,DS1_IMG_004307,ring_183,ring_183,4,4,Ring,Ring,train,1,positive,
DS1_IMG_004306__DS1_IMG_004307,DS1_IMG_004306,DS1_IMG_004307,ring_183,ring_183,4,4,Ring,Ring,train,1,positive,
DS1_IMG_004308__DS1_IMG_004309,DS1_IMG_004308,DS1_IMG_004309,ring_184,ring_184,4,4,Ring,Ring,train,1,positive,
DS1_IMG_004308__DS1_IMG_004310,DS1_IMG_004308,DS1_IMG_004310,ring_184,ring_184,4,4,Ring,Ring,train,1,positive,
DS1_IMG_004309__DS1_IMG_004310,DS1_IMG_004309,DS1_IMG_004310,ring_184,ring_184,4,4,Ring,Ring,train,1,positive,
DS1_IMG_004311__DS1_IMG_004312,DS1_IMG_004311,DS1_IMG_004312,ring_185,ring_185,4,4,Ring,Ring,train,1,positive,
DS1_IMG_004311__DS1_IMG_004313,DS1_IMG_004311,DS1_IMG_004313,ring_185,ring_185,4,4,Ring,Ring,train,1,positive,
DS1_IMG_004312__DS1_IMG_004313,DS1_IMG_004312,DS1_IMG_004313,ring_185,ring_185,4,4,Ring,Ring,train,1,positive,
DS1_IMG_004317__DS1_IMG_004318,DS1_IMG_004317,DS1_IMG_004318,ring_188,ring_188,4,4,Ring,Ring,train,1,positive,
DS1_IMG_004317__DS1_IMG_004319,DS1_IMG_004317,DS1_IMG_004319,ring_188,ring_188,4,4,Ring,Ring,train,1,positive,
DS1_IMG_004318__DS1_IMG_004319,DS1_IMG_004318,DS1_IMG_004319,ring_188,ring_188,4,4,Ring,Ring,train,1,positive,
DS1_IMG_004320__DS1_IMG_004321,DS1_IMG_004320,DS1_IMG_004321,ring_192,ring_192,4,4,Ring,Ring,train,1,positive,
DS1_IMG_004320__DS1_IMG_004322,DS1_IMG_004320,DS1_IMG_004322,ring_192,ring_192,4,4,Ring,Ring,train,1,positive,
DS1_IMG_004321__DS1_IMG_004322,DS1_IMG_004321,DS1_IMG_004322,ring_192,ring_192,4,4,Ring,Ring,train,1,positive,
DS1_IMG_004326__DS1_IMG_004327,DS1_IMG_004326,DS1_IMG_004327,wedding-rings-jewellery-png-31,wedding-rings-jewellery-png-31,4,4,Ring,Ring,train,1,positive,
DS1_IMG_004326__DS1_IMG_004328,DS1_IMG_004326,DS1_IMG_004328,wedding-rings-jewellery-png-31,wedding-rings-jewellery-png-31,4,4,Ring,Ring,train,1,positive,
DS1_IMG_004327__DS1_IMG_004328,DS1_IMG_004327,DS1_IMG_004328,wedding-rings-jewellery-png-31,wedding-rings-jewellery-png-31,4,4,Ring,Ring,train,1,positive,
